aggregation,crit_value_method,exclusion_unit,role,verification_status,dropped_source_paper,n_models_dropped,n_models_remaining,n_effect_sizes_dropped,n_effect_sizes_remaining,pct_of_effect_sizes_dropped,metric,effect_estimator,se_source,se_method,spec_role,geometric_mean,ci_lower,ci_upper,raw_median,raw_q1,raw_q3,raw_min,raw_max,arithmetic_mean_unweighted,arithmetic_mean_kweighted,n_unit,summary_dominated_by_offset,weighting,summary_all_28_papers,abs_change,pct_change,influence_rank
meta_analysis_level,z_1.96,source_paper,influence_check,two_derivations,MA01,3,45,52,5688,0.9059233449477352,power,uncorrected_beta0,se_beta0,NA,reference_uncorrected,0.8206025579432613,0.7120626696966095,0.9456872081075899,0.8835729172885957,0.32060776159319526,0.9995707411634385,0.0539316785204883,1,0.6907076539192945,0.8846649028370358,45,FALSE,k_effect_sizes,0.8220737046105893,-0.0014711466673279494,-0.1789555679833854,22
meta_analysis_level,z_1.96,source_paper,influence_check,two_derivations,MA01,3,45,52,5688,0.9059233449477352,power,uncorrected_beta0,se_beta0,NA,reference_uncorrected,0.5483613840768583,0.4288016423618093,0.7012571264663355,0.8835729172885957,0.32060776159319526,0.9995707411634385,0.0539316785204883,1,0.6907076539192945,0.6907076539192946,45,FALSE,equal_per_meta_analysis,0.5693445724590971,-0.020983188382238782,-3.68549897500714,3
meta_analysis_level,z_1.96,source_paper,influence_check,two_derivations,MA05,3,45,37,5703,0.6445993031358885,power,uncorrected_beta0,se_beta0,NA,reference_uncorrected,0.8268887311076095,0.7197056162316388,0.9500342337368781,0.9388691098542964,0.3762976314504807,0.9999121730776179,0.0539316785204883,1,0.7249483786412492,0.8886568261812477,45,FALSE,k_effect_sizes,0.8220737046105893,0.004815026497020258,0.5857171285269525,12
meta_analysis_level,z_1.96,source_paper,influence_check,two_derivations,MA05,3,45,37,5703,0.6445993031358885,power,uncorrected_beta0,se_beta0,NA,reference_uncorrected,0.5831026182642791,0.45768625997665874,0.742885887472343,0.9388691098542964,0.3762976314504807,0.9999121730776179,0.0539316785204883,1,0.7249483786412492,0.7249483786412493,45,FALSE,equal_per_meta_analysis,0.5693445724590971,0.013758045805182029,2.416470880851418,9
meta_analysis_level,z_1.96,source_paper,influence_check,two_derivations,MA06,2,46,46,5694,0.8013937282229965,power,uncorrected_beta0,se_beta0,NA,reference_uncorrected,0.826635259254163,0.7197832713035227,0.9493494487649022,0.9287312495977567,0.37891038068629623,0.999908108147364,0.0539316785204883,1,0.7150157405220414,0.8890654116264999,46,FALSE,k_effect_sizes,0.8220737046105893,0.004561554643573773,0.5548839012840867,15
meta_analysis_level,z_1.96,source_paper,influence_check,two_derivations,MA06,2,46,46,5694,0.8013937282229965,power,uncorrected_beta0,se_beta0,NA,reference_uncorrected,0.5715316850983393,0.4486041995679866,0.7281440240325777,0.9287312495977567,0.37891038068629623,0.999908108147364,0.0539316785204883,1,0.7150157405220414,0.7150157405220413,46,FALSE,equal_per_meta_analysis,0.5693445724590971,0.0021871126392422058,0.3841456905078866,28
meta_analysis_level,z_1.96,source_paper,influence_check,two_derivations,MA08,1,47,531,5209,9.250871080139373,power,uncorrected_beta0,se_beta0,NA,reference_uncorrected,0.8058177859077919,0.6980147962699123,0.9302701139794242,0.9072582284218831,0.34845269652183797,0.9998021454824398,0.0539316785204883,1,0.7038690304054113,0.8740591228720241,47,FALSE,k_effect_sizes,0.8220737046105893,-0.01625591870279741,-1.977428375536927,6
meta_analysis_level,z_1.96,source_paper,influence_check,two_derivations,MA08,1,47,531,5209,9.250871080139373,power,uncorrected_beta0,se_beta0,NA,reference_uncorrected,0.5625620111522053,0.443496456240014,0.713593112050351,0.9072582284218831,0.34845269652183797,0.9998021454824398,0.0539316785204883,1,0.7038690304054113,0.7038690304054114,47,FALSE,equal_per_meta_analysis,0.5693445724590971,-0.00678256130689181,-1.1912928716606097,13
meta_analysis_level,z_1.96,source_paper,influence_check,two_derivations,MA09,1,47,1297,4443,22.59581881533101,power,uncorrected_beta0,se_beta0,NA,reference_uncorrected,0.7763948585980257,0.6663689715967359,0.9045874015007949,0.9072582284218831,0.34845269652183797,0.9998021454824398,0.0539316785204883,1,0.7038708989121542,0.8523717935596893,47,FALSE,k_effect_sizes,0.8220737046105893,-0.045678846012563556,-5.556539000867488,2
meta_analysis_level,z_1.96,source_paper,influence_check,two_derivations,MA09,1,47,1297,4443,22.59581881533101,power,uncorrected_beta0,se_beta0,NA,reference_uncorrected,0.5625630623502645,0.44349710839762685,0.7135947295448052,0.9072582284218831,0.34845269652183797,0.9998021454824398,0.0539316785204883,1,0.7038708989121542,0.7038708989121542,47,FALSE,equal_per_meta_analysis,0.5693445724590971,-0.006781510108832545,-1.1911082386439564,17
meta_analysis_level,z_1.96,source_paper,influence_check,two_derivations,MA10,1,47,32,5708,0.5574912891986062,power,uncorrected_beta0,se_beta0,NA,reference_uncorrected,0.8221740756277708,0.7158705722792301,0.9442631626582811,0.918593389341217,0.34845269652183797,0.9999040432171102,0.0539316785204883,1,0.7080314846078961,0.8861657846207576,47,FALSE,k_effect_sizes,0.8220737046105893,1.0037101718152197e-4,0.012209491268078132,28
meta_analysis_level,z_1.96,source_paper,influence_check,two_derivations,MA10,1,47,32,5708,0.5574912891986062,power,uncorrected_beta0,se_beta0,NA,reference_uncorrected,0.5651738254820038,0.4452014692606498,0.7174761878940532,0.918593389341217,0.34845269652183797,0.9999040432171102,0.0539316785204883,1,0.7080314846078961,0.7080314846078963,47,FALSE,equal_per_meta_analysis,0.5693445724590971,-0.004170746977093298,-0.7325523380470877,26
meta_analysis_level,z_1.96,source_paper,influence_check,two_derivations,MA12,1,47,70,5670,1.2195121951219512,power,uncorrected_beta0,se_beta0,NA,reference_uncorrected,0.8204142941155153,0.7140827429589456,0.9425793027850221,0.9072582284218831,0.34845269652183797,0.9999040432171102,0.0539316785204883,1,0.7045443793620373,0.8846906288945422,47,FALSE,k_effect_sizes,0.8220737046105893,-0.0016594104950740096,-0.20185665661938135,21
meta_analysis_level,z_1.96,source_paper,influence_check,two_derivations,MA12,1,47,70,5670,1.2195121951219512,power,uncorrected_beta0,se_beta0,NA,reference_uncorrected,0.5629482297349278,0.44373791826916226,0.7141844235395215,0.9072582284218831,0.34845269652183797,0.9999040432171102,0.0539316785204883,1,0.7045443793620373,0.7045443793620374,47,FALSE,equal_per_meta_analysis,0.5693445724590971,-0.006396342724169335,-1.1234572231965667,22
meta_analysis_level,z_1.96,source_paper,influence_check,two_derivations,MA13,3,45,94,5646,1.637630662020906,power,uncorrected_beta0,se_beta0,NA,reference_uncorrected,0.8268286395525729,0.7183824444399585,0.9516457486893625,0.918593389341217,0.3762976314504807,0.9999121730776179,0.0539316785204883,1,0.7109396247184994,0.8897048674653207,45,FALSE,k_effect_sizes,0.8220737046105893,0.004754934941983646,0.5784073758004382,14
meta_analysis_level,z_1.96,source_paper,influence_check,two_derivations,MA13,3,45,94,5646,1.637630662020906,power,uncorrected_beta0,se_beta0,NA,reference_uncorrected,0.5655243096087819,0.44168729726593337,0.7240818260750926,0.918593389341217,0.3762976314504807,0.9999121730776179,0.0539316785204883,1,0.7109396247184994,0.7109396247184995,45,FALSE,equal_per_meta_analysis,0.5693445724590971,-0.003820262850315226,-0.670993109465301,27
meta_analysis_level,z_1.96,source_paper,influence_check,two_derivations,MA14,2,46,271,5469,4.7212543554006965,power,uncorrected_beta0,se_beta0,NA,reference_uncorrected,0.8143072828104463,0.7061624147192191,0.9390139393099665,0.8954155728552393,0.3345302290575166,0.999908108147364,0.0539316785204883,1,0.6976716960006891,0.8802615806104755,46,FALSE,k_effect_sizes,0.8220737046105893,-0.007766421800142975,-0.9447354606509251,9
meta_analysis_level,z_1.96,source_paper,influence_check,two_derivations,MA14,2,46,271,5469,4.7212543554006965,power,uncorrected_beta0,se_beta0,NA,reference_uncorrected,0.555704891879987,0.4363158815437261,0.7077622885666156,0.8954155728552393,0.3345302290575166,0.999908108147364,0.0539316785204883,1,0.6976716960006891,0.6976716960006892,46,FALSE,equal_per_meta_analysis,0.5693445724590971,-0.013639680579110136,-2.3956811461639194,10
meta_analysis_level,z_1.96,source_paper,influence_check,two_derivations,MA15,4,44,36,5704,0.627177700348432,power,uncorrected_beta0,se_beta0,NA,reference_uncorrected,0.8263557357832803,0.7194644163984225,0.949127971443375,0.9129258088815501,0.3623751639861593,0.9998999782868563,0.054894750365632516,1,0.718790900223021,0.8873383533240158,44,FALSE,k_effect_sizes,0.8220737046105893,0.004282031172690992,0.5208816616655287,16
meta_analysis_level,z_1.96,source_paper,influence_check,two_derivations,MA15,4,44,36,5704,0.627177700348432,power,uncorrected_beta0,se_beta0,NA,reference_uncorrected,0.5901576640223775,0.46994695719285134,0.7411178284561672,0.9129258088815501,0.3623751639861593,0.9998999782868563,0.054894750365632516,1,0.718790900223021,0.718790900223021,44,FALSE,equal_per_meta_analysis,0.5693445724590971,0.020813091563280373,3.655623074333536,4
meta_analysis_level,z_1.96,source_paper,influence_check,two_derivations,MA17,1,47,66,5674,1.1498257839721255,power,uncorrected_beta0,se_beta0,NA,reference_uncorrected,0.8295802772124693,0.7236805166477832,0.9509768751655745,0.918593389341217,0.35367819499346914,0.9999040432171102,0.0539316785204883,1,0.7171392934148593,0.8916352350355378,47,FALSE,k_effect_sizes,0.8220737046105893,0.007506572601880035,0.913126470264114,10
meta_analysis_level,z_1.96,source_paper,influence_check,two_derivations,MA17,1,47,66,5674,1.1498257839721255,power,uncorrected_beta0,se_beta0,NA,reference_uncorrected,0.5743830912266,0.45255037141437415,0.7290148375216774,0.918593389341217,0.35367819499346914,0.9999040432171102,0.0539316785204883,1,0.7171392934148593,0.7171392934148594,47,FALSE,equal_per_meta_analysis,0.5693445724590971,0.005038518767502942,0.884968261968444,24
meta_analysis_level,z_1.96,source_paper,influence_check,two_derivations,MA18,1,47,23,5717,0.40069686411149824,power,uncorrected_beta0,se_beta0,NA,reference_uncorrected,0.8214259821941372,0.7153318897910609,0.9432553669887218,0.9072582284218831,0.34845269652183797,0.9998021454824398,0.0539316785204883,1,0.703869036719498,0.8852499517677673,47,FALSE,k_effect_sizes,0.8220737046105893,-6.477224164520567e-4,-0.07879128268174496,25
meta_analysis_level,z_1.96,source_paper,influence_check,two_derivations,MA18,1,47,23,5717,0.40069686411149824,power,uncorrected_beta0,se_beta0,NA,reference_uncorrected,0.562562014704271,0.44349645844365004,0.713593117516043,0.9072582284218831,0.34845269652183797,0.9998021454824398,0.0539316785204883,1,0.703869036719498,0.7038690367194981,47,FALSE,equal_per_meta_analysis,0.5693445724590971,-0.006782557754826057,-1.1912922477737897,15
meta_analysis_level,z_1.96,source_paper,influence_check,two_derivations,MA20,1,47,29,5711,0.5052264808362369,power,uncorrected_beta0,se_beta0,NA,reference_uncorrected,0.8268561357215736,0.7215119707598143,0.9475810476996349,0.918593389341217,0.38152312992211185,0.9999040432171102,0.0539316785204883,1,0.7195647175739213,0.8888753614225373,47,FALSE,k_effect_sizes,0.8220737046105893,0.004782431110984309,0.5817521086201927,13
meta_analysis_level,z_1.96,source_paper,influence_check,two_derivations,MA20,1,47,29,5711,0.5052264808362369,power,uncorrected_beta0,se_beta0,NA,reference_uncorrected,0.5788103661007892,0.4568276761397157,0.7333650245027339,0.918593389341217,0.38152312992211185,0.9999040432171102,0.0539316785204883,1,0.7195647175739213,0.7195647175739214,47,FALSE,equal_per_meta_analysis,0.5693445724590971,0.009465793641692088,1.6625773037244773,12
meta_analysis_level,z_1.96,source_paper,influence_check,two_derivations,MA21,1,47,11,5729,0.1916376306620209,power,uncorrected_beta0,se_beta0,NA,reference_uncorrected,0.8251420913163862,0.7203114197574246,0.9452293163577341,0.918593389341217,0.38152312992211185,0.9999040432171102,0.0539316785204883,1,0.7226329466933115,0.8871836118112022,47,FALSE,k_effect_sizes,0.8220737046105893,0.0030683867057968994,0.3732495868178143,19
meta_analysis_level,z_1.96,source_paper,influence_check,two_derivations,MA21,1,47,11,5729,0.1916376306620209,power,uncorrected_beta0,se_beta0,NA,reference_uncorrected,0.5887217544037076,0.468242636232335,0.7402002237493917,0.918593389341217,0.38152312992211185,0.9999040432171102,0.0539316785204883,1,0.7226329466933115,0.7226329466933115,47,FALSE,equal_per_meta_analysis,0.5693445724590971,0.019377181944610467,3.403419103640015,5
meta_analysis_level,z_1.96,source_paper,influence_check,two_derivations,MA22,3,45,276,5464,4.808362369337979,power,uncorrected_beta0,se_beta0,NA,reference_uncorrected,0.8729313679216231,0.7754551797326054,0.9826604980113413,0.9388691098542964,0.40158217139414853,0.9999121730776179,0.0539316785204883,1,0.7405832765738032,0.9177267652751872,45,FALSE,k_effect_sizes,0.8220737046105893,0.05085766331103381,6.186508949963887,1
meta_analysis_level,z_1.96,source_paper,influence_check,two_derivations,MA22,3,45,276,5464,4.808362369337979,power,uncorrected_beta0,se_beta0,NA,reference_uncorrected,0.6013758381447107,0.4725879843923554,0.7652604607991879,0.9388691098542964,0.40158217139414853,0.9999121730776179,0.0539316785204883,1,0.7405832765738032,0.7405832765738034,45,FALSE,equal_per_meta_analysis,0.5693445724590971,0.03203126568561365,5.625989468427717,2
meta_analysis_level,z_1.96,source_paper,influence_check,two_derivations,MA23,1,47,24,5716,0.4181184668989547,power,uncorrected_beta0,se_beta0,NA,reference_uncorrected,0.8218671576489913,0.7156755304923151,0.9438154527336954,0.918593389341217,0.34845269652183797,0.9999040432171102,0.0539316785204883,1,0.7065759556900003,0.8857640621341707,47,FALSE,k_effect_sizes,0.8220737046105893,-2.0654696159794206e-4,-0.02512511474817014,27
meta_analysis_level,z_1.96,source_paper,influence_check,two_derivations,MA23,1,47,24,5716,0.4181184668989547,power,uncorrected_beta0,se_beta0,NA,reference_uncorrected,0.5641931445148618,0.44454146703928515,0.7160499704056578,0.918593389341217,0.34845269652183797,0.9999040432171102,0.0539316785204883,1,0.7065759556900003,0.7065759556900004,47,FALSE,equal_per_meta_analysis,0.5693445724590971,-0.005151427944235287,-0.9047996930901414,23
meta_analysis_level,z_1.96,source_paper,influence_check,two_derivations,MA24,1,47,139,5601,2.421602787456446,power,uncorrected_beta0,se_beta0,NA,reference_uncorrected,0.8180921790643514,0.711597342059956,0.9405246111639758,0.9072582284218831,0.34845269652183797,0.9999040432171102,0.0539316785204883,1,0.7038752349859699,0.8828806468094664,47,FALSE,k_effect_sizes,0.8220737046105893,-0.003981525546237874,-0.4843270772325603,18
meta_analysis_level,z_1.96,source_paper,influence_check,two_derivations,MA24,1,47,139,5601,2.421602787456446,power,uncorrected_beta0,se_beta0,NA,reference_uncorrected,0.5625655021334139,0.44349862213218544,0.7135984835062078,0.9072582284218831,0.34845269652183797,0.9999040432171102,0.0539316785204883,1,0.7038752349859699,0.70387523498597,47,FALSE,equal_per_meta_analysis,0.5693445724590971,-0.006779070325683145,-1.190679713763354,18
meta_analysis_level,z_1.96,source_paper,influence_check,two_derivations,MA25,1,47,43,5697,0.7491289198606271,power,uncorrected_beta0,se_beta0,NA,reference_uncorrected,0.8208785103613676,0.7147106227140406,0.9428172848673404,0.9072582284218831,0.34845269652183797,0.9999040432171102,0.0539316785204883,1,0.7039362267706823,0.8848709446071827,47,FALSE,k_effect_sizes,0.8220737046105893,-0.0011951942492216538,-0.1453877240590984,23
meta_analysis_level,z_1.96,source_paper,influence_check,two_derivations,MA25,1,47,43,5697,0.7491289198606271,power,uncorrected_beta0,se_beta0,NA,reference_uncorrected,0.5625998743688636,0.44351996375977715,0.7136513449286277,0.9072582284218831,0.34845269652183797,0.9999040432171102,0.0539316785204883,1,0.7039362267706823,0.7039362267706826,47,FALSE,equal_per_meta_analysis,0.5693445724590971,-0.006744698090233481,-1.1846425550527284,19
meta_analysis_level,z_1.96,source_paper,influence_check,two_derivations,MA26,1,47,459,5281,7.996515679442509,power,uncorrected_beta0,se_beta0,NA,reference_uncorrected,0.8101536004054742,0.7021171395265904,0.9348138925828001,0.9072582284218831,0.34845269652183797,0.9999040432171102,0.0539316785204883,1,0.7044539133501372,0.8781654327391316,47,FALSE,k_effect_sizes,0.8220737046105893,-0.011920104205115023,-1.450004316919673,8
meta_analysis_level,z_1.96,source_paper,influence_check,two_derivations,MA26,1,47,459,5281,7.996515679442509,power,uncorrected_beta0,se_beta0,NA,reference_uncorrected,0.5628957501388375,0.4437048901169708,0.7141044252201846,0.9072582284218831,0.34845269652183797,0.9999040432171102,0.0539316785204883,1,0.7044539133501372,0.7044539133501373,47,FALSE,equal_per_meta_analysis,0.5693445724590971,-0.006448822320259562,-1.132674768884856,21
meta_analysis_level,z_1.96,source_paper,influence_check,two_derivations,MA28,2,46,168,5572,2.926829268292683,power,uncorrected_beta0,se_beta0,NA,reference_uncorrected,0.8172317896292696,0.7094824518390265,0.9413450554689553,0.8954155728552393,0.3345302290575166,0.9996739684970676,0.0539316785204883,1,0.6974314004785058,0.8822638132219337,46,FALSE,k_effect_sizes,0.8220737046105893,-0.004841914981319695,-0.5889879403956022,11
meta_analysis_level,z_1.96,source_paper,influence_check,two_derivations,MA28,2,46,168,5572,2.926829268292683,power,uncorrected_beta0,se_beta0,NA,reference_uncorrected,0.5555706869050724,0.4362333861182031,0.7075542541453691,0.8954155728552393,0.3345302290575166,0.9996739684970676,0.0539316785204883,1,0.6974314004785058,0.6974314004785059,46,FALSE,equal_per_meta_analysis,0.5693445724590971,-0.0137738855540247,-2.4192529832211984,7
meta_analysis_level,z_1.96,source_paper,influence_check,two_derivations,MA31,1,47,734,5006,12.787456445993032,power,uncorrected_beta0,se_beta0,NA,reference_uncorrected,0.7987937069974068,0.6903473224615714,0.9242758906683203,0.9072582284218831,0.34845269652183797,0.9998021454824398,0.0539316785204883,1,0.7038690327703443,0.8689520683316507,47,FALSE,k_effect_sizes,0.8220737046105893,-0.023279997613182446,-2.831862579062794,3
meta_analysis_level,z_1.96,source_paper,influence_check,two_derivations,MA31,1,47,734,5006,12.787456445993032,power,uncorrected_beta0,se_beta0,NA,reference_uncorrected,0.5625620124826268,0.4434964570653829,0.7135931140975188,0.9072582284218831,0.34845269652183797,0.9998021454824398,0.0539316785204883,1,0.7038690327703443,0.7038690327703445,47,FALSE,equal_per_meta_analysis,0.5693445724590971,-0.006782559976470259,-1.19129263798462,14
meta_analysis_level,z_1.96,source_paper,influence_check,two_derivations,MA32,1,47,13,5727,0.2264808362369338,power,uncorrected_beta0,se_beta0,NA,reference_uncorrected,0.8217179308066412,0.7156561398651456,0.9434983090292258,0.9072582284218831,0.34845269652183797,0.9999040432171102,0.0539316785204883,1,0.7039800050250127,0.8854621569499423,47,FALSE,k_effect_sizes,0.8220737046105893,-3.5577380394802294e-4,-0.04327760417984772,26
meta_analysis_level,z_1.96,source_paper,influence_check,two_derivations,MA32,1,47,13,5727,0.2264808362369338,power,uncorrected_beta0,se_beta0,NA,reference_uncorrected,0.5626246081202506,0.44353533910984605,0.7136893540383028,0.9072582284218831,0.34845269652183797,0.9999040432171102,0.0539316785204883,1,0.7039800050250127,0.7039800050250128,47,FALSE,equal_per_meta_analysis,0.5693445724590971,-0.006719964338846474,-1.180298305088212,20
meta_analysis_level,z_1.96,source_paper,influence_check,two_derivations,MA34,1,47,555,5185,9.668989547038327,power,uncorrected_beta0,se_beta0,NA,reference_uncorrected,0.8050139719941725,0.6971331629690625,0.9295892514219604,0.9072582284218831,0.34845269652183797,0.9998021454824398,0.0539316785204883,1,0.7038692932191762,0.8734774979186049,47,FALSE,k_effect_sizes,0.8220737046105893,-0.0170597326164168,-2.075207188934214,5
meta_analysis_level,z_1.96,source_paper,influence_check,two_derivations,MA34,1,47,555,5185,9.668989547038327,power,uncorrected_beta0,se_beta0,NA,reference_uncorrected,0.562562159002179,0.44349654796367527,0.713593339552023,0.9072582284218831,0.34845269652183797,0.9998021454824398,0.0539316785204883,1,0.7038692932191762,0.7038692932191764,47,FALSE,equal_per_meta_analysis,0.5693445724590971,-0.006782413456918102,-1.19126690320831,16
meta_analysis_level,z_1.96,source_paper,influence_check,two_derivations,MA39,2,46,52,5688,0.9059233449477352,power,uncorrected_beta0,se_beta0,NA,reference_uncorrected,0.8364998779942374,0.7357769113297764,0.9510111490448129,0.9287312495977567,0.39045701414384437,0.999908108147364,0.0539316785204883,1,0.7360247284768502,0.8925575766580357,46,FALSE,k_effect_sizes,0.8220737046105893,0.014426173383648155,1.7548515787257468,7
meta_analysis_level,z_1.96,source_paper,influence_check,two_derivations,MA39,2,46,52,5688,0.9059233449477352,power,uncorrected_beta0,se_beta0,NA,reference_uncorrected,0.6150078176127123,0.49669871913066177,0.7614970628205961,0.9287312495977567,0.39045701414384437,0.999908108147364,0.0539316785204883,1,0.7360247284768502,0.7360247284768503,46,FALSE,equal_per_meta_analysis,0.5693445724590971,0.045663245153615195,8.020317987117686,1
meta_analysis_level,z_1.96,source_paper,influence_check,two_derivations,MA41,4,44,527,5213,9.181184668989546,power,uncorrected_beta0,se_beta0,NA,reference_uncorrected,0.8438374218951333,0.7313256977600393,0.9736586541011514,0.9535638508937043,0.3173426813564876,0.9999310399701082,0.0539316785204883,1,0.7082833667326838,0.9066878942878517,44,FALSE,k_effect_sizes,0.8220737046105893,0.02176371728454407,2.6474167903051127,4
meta_analysis_level,z_1.96,source_paper,influence_check,two_derivations,MA41,4,44,527,5213,9.181184668989546,power,uncorrected_beta0,se_beta0,NA,reference_uncorrected,0.559455225657325,0.4342707061769213,0.7207259091240124,0.9535638508937043,0.3173426813564876,0.9999310399701082,0.0539316785204883,1,0.7082833667326838,0.7082833667326838,44,FALSE,equal_per_meta_analysis,0.5693445724590971,-0.009889346801772114,-1.736970418293149,11
meta_analysis_level,z_1.96,source_paper,influence_check,two_derivations,MA43,1,47,13,5727,0.2264808362369338,power,uncorrected_beta0,se_beta0,NA,reference_uncorrected,0.8250941079632045,0.7199479966793093,0.9455964738225948,0.918593389341217,0.38152312992211185,0.9999040432171102,0.0539316785204883,1,0.7216690277160817,0.8873493566817815,47,FALSE,k_effect_sizes,0.8220737046105893,0.0030204033526152196,0.3674127192823784,20
meta_analysis_level,z_1.96,source_paper,influence_check,two_derivations,MA43,1,47,13,5727,0.2264808362369338,power,uncorrected_beta0,se_beta0,NA,reference_uncorrected,0.5846685225677953,0.463256413572017,0.7379008066953987,0.918593389341217,0.38152312992211185,0.9999040432171102,0.0539316785204883,1,0.7216690277160817,0.7216690277160818,47,FALSE,equal_per_meta_analysis,0.5693445724590971,0.015323950108698248,2.6915071908934607,6
meta_analysis_level,z_1.96,source_paper,influence_check,two_derivations,MA45,2,46,39,5701,0.6794425087108014,power,uncorrected_beta0,se_beta0,NA,reference_uncorrected,0.8209727773612301,0.7136705874635529,0.9444081247115047,0.8954155728552393,0.3345302290575166,0.9996739684970676,0.0539316785204883,0.9999999999998812,0.6974336632302666,0.8849281024768374,46,FALSE,k_effect_sizes,0.8220737046105893,-0.0011009272493591737,-0.1339207473958437,24
meta_analysis_level,z_1.96,source_paper,influence_check,two_derivations,MA45,2,46,39,5701,0.6794425087108014,power,uncorrected_beta0,se_beta0,NA,reference_uncorrected,0.5555719440904741,0.43623415698635193,0.7075562060357544,0.8954155728552393,0.3345302290575166,0.9996739684970676,0.0539316785204883,0.9999999999998812,0.6974336632302666,0.6974336632302666,46,FALSE,equal_per_meta_analysis,0.5693445724590971,-0.01377262836862303,-2.419032170472213,8
meta_analysis_level,z_1.96,source_paper,influence_check,two_derivations,MA47,2,46,103,5637,1.7944250871080138,power,uncorrected_beta0,se_beta0,NA,reference_uncorrected,0.8261410362473731,0.7183594515338417,0.950094009781022,0.9129258088815501,0.3345302290575166,0.999908108147364,0.0539316785204883,1,0.7089272755093652,0.8896747971886868,46,FALSE,k_effect_sizes,0.8220737046105893,0.004067331636783855,0.49476483847765707,17
meta_analysis_level,z_1.96,source_paper,influence_check,two_derivations,MA47,2,46,103,5637,1.7944250871080138,power,uncorrected_beta0,se_beta0,NA,reference_uncorrected,0.5646091787278803,0.4427517242669794,0.7200051569116982,0.9129258088815501,0.3345302290575166,0.999908108147364,0.0539316785204883,1,0.7089272755093652,0.7089272755093653,46,FALSE,equal_per_meta_analysis,0.5693445724590971,-0.004735393731216786,-0.8317272106000417,25
meta_analysis_level,z_1.96,source_paper,influence_check,two_derivations,MA01,3,45,52,5688,0.9059233449477352,type_M,uncorrected_beta0,se_beta0,NA,reference_uncorrected,1.109605829264051,1.0225922334020328,1.2040235160408317,1.0702859912770393,1.0002916217812952,1.7477419340778297,1,12.687025813993051,1.8440716697974793,1.1779578116022142,45,FALSE,k_effect_sizes,1.1085608464203045,0.0010449828437464337,0.09426481614616122,22
meta_analysis_level,z_1.96,source_paper,influence_check,two_derivations,MA01,3,45,52,5688,0.9059233449477352,type_M,uncorrected_beta0,se_beta0,NA,reference_uncorrected,1.419848749191034,1.195645872456053,1.6860932798088533,1.0702859912770393,1.0002916217812952,1.7477419340778297,1,12.687025813993051,1.8440716697974793,1.844071669797479,45,FALSE,equal_per_meta_analysis,1.3890790233316204,0.030769725859413732,2.2151170194489422,4
meta_analysis_level,z_1.96,source_paper,influence_check,two_derivations,MA05,3,45,37,5703,0.6445993031358885,type_M,uncorrected_beta0,se_beta0,NA,reference_uncorrected,1.1051885090625224,1.0200261169702634,1.1974611436340796,1.036728895322657,1.0000613504845264,1.6135592522425084,1,12.687025813993051,1.7946914343871212,1.1715047751948802,45,FALSE,k_effect_sizes,1.1085608464203045,-0.0033723373577820848,-0.30420859339131967,13
meta_analysis_level,z_1.96,source_paper,influence_check,two_derivations,MA05,3,45,37,5703,0.6445993031358885,type_M,uncorrected_beta0,se_beta0,NA,reference_uncorrected,1.375229243277928,1.1591170748369684,1.6316345541133457,1.036728895322657,1.0000613504845264,1.6135592522425084,1,12.687025813993051,1.7946914343871212,1.7946914343871208,45,FALSE,equal_per_meta_analysis,1.3890790233316204,-0.013849780053692307,-0.9970476712314325,11
meta_analysis_level,z_1.96,source_paper,influence_check,two_derivations,MA06,2,46,46,5694,0.8013937282229965,type_M,uncorrected_beta0,se_beta0,NA,reference_uncorrected,1.1055926772095204,1.0206219606200588,1.197637533839375,1.0427987888847716,1.000064141241869,1.6081795408811173,1,12.687025813993051,1.8071254006193311,1.1730593046454643,46,FALSE,k_effect_sizes,1.1085608464203045,-0.002968169210784133,-0.2677497784960292,16
meta_analysis_level,z_1.96,source_paper,influence_check,two_derivations,MA06,2,46,46,5694,0.8013937282229965,type_M,uncorrected_beta0,se_beta0,NA,reference_uncorrected,1.3893762564310397,1.1730725693250392,1.6455643345620312,1.0427987888847716,1.000064141241869,1.6081795408811173,1,12.687025813993051,1.8071254006193311,1.807125400619331,46,FALSE,equal_per_meta_analysis,1.3890790233316204,2.97233099419314e-4,0.0213978538605053,28
meta_analysis_level,z_1.96,source_paper,influence_check,two_derivations,MA08,1,47,531,5209,9.250871080139373,type_M,uncorrected_beta0,se_beta0,NA,reference_uncorrected,1.120268889284428,1.0312652728552607,1.2169539858777991,1.0557295363775228,1.0001360501918768,1.680650593160169,1,12.687025813993051,1.808153726358473,1.1943221404416566,47,FALSE,k_effect_sizes,1.1085608464203045,0.011708042864123414,1.056147968957255,7
meta_analysis_level,z_1.96,source_paper,influence_check,two_derivations,MA08,1,47,531,5209,9.250871080139373,type_M,uncorrected_beta0,se_beta0,NA,reference_uncorrected,1.3988260022697967,1.1853371319111414,1.6507659567462076,1.0557295363775228,1.0001360501918768,1.680650593160169,1,12.687025813993051,1.808153726358473,1.8081537263584728,47,FALSE,equal_per_meta_analysis,1.3890790233316204,0.009746978938176332,0.7016864249233867,13
meta_analysis_level,z_1.96,source_paper,influence_check,two_derivations,MA09,1,47,1297,4443,22.59581881533101,type_M,uncorrected_beta0,se_beta0,NA,reference_uncorrected,1.1423993723035446,1.0458018063172445,1.2479193647937123,1.0557295363775228,1.0001360501918768,1.680650593160169,1,12.687025813993051,1.8081524211446687,1.2278065408211853,47,FALSE,k_effect_sizes,1.1085608464203045,0.0338385258832401,3.052473483301288,1
meta_analysis_level,z_1.96,source_paper,influence_check,two_derivations,MA09,1,47,1297,4443,22.59581881533101,type_M,uncorrected_beta0,se_beta0,NA,reference_uncorrected,1.3988241765599885,1.1853353086930276,1.6507641867905152,1.0557295363775228,1.0001360501918768,1.680650593160169,1,12.687025813993051,1.8081524211446687,1.8081524211446685,47,FALSE,equal_per_meta_analysis,1.3890790233316204,0.009745153228368109,0.7015549918099717,17
meta_analysis_level,z_1.96,source_paper,influence_check,two_derivations,MA10,1,47,32,5708,0.5574912891986062,type_M,uncorrected_beta0,se_beta0,NA,reference_uncorrected,1.1084864774197276,1.0235846687734638,1.2004305145511487,1.0488686824468862,1.0000669319992115,1.680650593160169,1,12.687025813993051,1.8055599699661018,1.1766508448946897,47,FALSE,k_effect_sizes,1.1085608464203045,-7.436900057689044e-5,-0.006708607905203667,28
meta_analysis_level,z_1.96,source_paper,influence_check,two_derivations,MA10,1,47,32,5708,0.5574912891986062,type_M,uncorrected_beta0,se_beta0,NA,reference_uncorrected,1.3954066505094886,1.1820139809654888,1.6473237640519593,1.0488686824468862,1.0000669319992115,1.680650593160169,1,12.687025813993051,1.8055599699661018,1.8055599699661014,47,FALSE,equal_per_meta_analysis,1.3890790233316204,0.006327627177868278,0.45552679664631057,26
meta_analysis_level,z_1.96,source_paper,influence_check,two_derivations,MA12,1,47,70,5670,1.2195121951219512,type_M,uncorrected_beta0,se_beta0,NA,reference_uncorrected,1.1097103699405488,1.024490955123915,1.2020185234379561,1.0557295363775228,1.0000669319992115,1.680650593160169,1,12.687025813993051,1.807743153417188,1.178284523296231,47,FALSE,k_effect_sizes,1.1085608464203045,0.0011495235202443332,0.10369512182901719,21
meta_analysis_level,z_1.96,source_paper,influence_check,two_derivations,MA12,1,47,70,5670,1.2195121951219512,type_M,uncorrected_beta0,se_beta0,NA,reference_uncorrected,1.3982572688518426,1.1847717059505474,1.6502110744857892,1.0557295363775228,1.0000669319992115,1.680650593160169,1,12.687025813993051,1.807743153417188,1.8077431534171877,47,FALSE,equal_per_meta_analysis,1.3890790233316204,0.009178245520222283,0.6607432238238564,22
meta_analysis_level,z_1.96,source_paper,influence_check,two_derivations,MA13,3,45,94,5646,1.637630662020906,type_M,uncorrected_beta0,se_beta0,NA,reference_uncorrected,1.1054724175122335,1.0192108951018208,1.1990347353559787,1.0488686824468862,1.0000613504845264,1.6135592522425084,1,12.687025813993051,1.8243152782961713,1.1734939788017469,45,FALSE,k_effect_sizes,1.1085608464203045,-0.003088428908071039,-0.278598050620682,15
meta_analysis_level,z_1.96,source_paper,influence_check,two_derivations,MA13,3,45,94,5646,1.637630662020906,type_M,uncorrected_beta0,se_beta0,NA,reference_uncorrected,1.3981242265409881,1.1762811819281318,1.6618061930028116,1.0488686824468862,1.0000613504845264,1.6135592522425084,1,12.687025813993051,1.8243152782961713,1.8243152782961711,45,FALSE,equal_per_meta_analysis,1.3890790233316204,0.009045203209367747,0.6511654886036222,23
meta_analysis_level,z_1.96,source_paper,influence_check,two_derivations,MA14,2,46,271,5469,4.7212543554006965,type_M,uncorrected_beta0,se_beta0,NA,reference_uncorrected,1.1140861257776222,1.0263051536856207,1.209375097838001,1.063007763827281,1.000064141241869,1.7141962636189993,1,12.687025813993051,1.825571142181784,1.1849483615774106,46,FALSE,k_effect_sizes,1.1085608464203045,0.005525279357317725,0.49841913280264105,9
meta_analysis_level,z_1.96,source_paper,influence_check,two_derivations,MA14,2,46,271,5469,4.7212543554006965,type_M,uncorrected_beta0,se_beta0,NA,reference_uncorrected,1.4088574109635077,1.1901403042554781,1.6677690834682628,1.063007763827281,1.000064141241869,1.7141962636189993,1,12.687025813993051,1.825571142181784,1.8255711421817835,46,FALSE,equal_per_meta_analysis,1.3890790233316204,0.01977838763188733,1.423848989127352,8
meta_analysis_level,z_1.96,source_paper,influence_check,two_derivations,MA15,4,44,36,5704,0.627177700348432,type_M,uncorrected_beta0,se_beta0,NA,reference_uncorrected,1.1034278014373038,1.0230248434058895,1.1901498979548168,1.0522991094122045,1.0000697227565538,1.6471049227013388,1,11.384810283199581,1.5848360749021664,1.1544263288569085,44,FALSE,k_effect_sizes,1.1085608464203045,-0.005133044983000712,-0.463036828296437,10
meta_analysis_level,z_1.96,source_paper,influence_check,two_derivations,MA15,4,44,36,5704,0.627177700348432,type_M,uncorrected_beta0,se_beta0,NA,reference_uncorrected,1.3372539209828407,1.158674834631687,1.5433562512405992,1.0522991094122045,1.0000697227565538,1.6471049227013388,1,11.384810283199581,1.5848360749021664,1.584836074902166,44,FALSE,equal_per_meta_analysis,1.3890790233316204,-0.051825102348779684,-3.730896621308155,2
meta_analysis_level,z_1.96,source_paper,influence_check,two_derivations,MA17,1,47,66,5674,1.1498257839721255,type_M,uncorrected_beta0,se_beta0,NA,reference_uncorrected,1.1037309563650188,1.019886812478283,1.1944678655842307,1.0488686824468862,1.0000669319992115,1.6698911704373867,1,12.687025813993051,1.7950992742987544,1.1712599791679508,47,FALSE,k_effect_sizes,1.1085608464203045,-0.004829890055285668,-0.43569011758641807,11
meta_analysis_level,z_1.96,source_paper,influence_check,two_derivations,MA17,1,47,66,5674,1.1498257839721255,type_M,uncorrected_beta0,se_beta0,NA,reference_uncorrected,1.3846587071450445,1.1727529095278286,1.6348539574670657,1.0488686824468862,1.0000669319992115,1.6698911704373867,1,12.687025813993051,1.7950992742987544,1.795099274298754,47,FALSE,equal_per_meta_analysis,1.3890790233316204,-0.004420316186575901,-0.31821920224337497,27
meta_analysis_level,z_1.96,source_paper,influence_check,two_derivations,MA18,1,47,23,5717,0.40069686411149824,type_M,uncorrected_beta0,se_beta0,NA,reference_uncorrected,1.1090205834911937,1.0241659773431915,1.2009055971549887,1.0557295363775228,1.0001360501918768,1.680650593160169,1,12.687025813993051,1.8081537216585912,1.1770551035930321,47,FALSE,k_effect_sizes,1.1085608464203045,4.59737070889199e-4,0.041471523405656185,25
meta_analysis_level,z_1.96,source_paper,influence_check,two_derivations,MA18,1,47,23,5717,0.40069686411149824,type_M,uncorrected_beta0,se_beta0,NA,reference_uncorrected,1.3988259956954803,1.1853371253457037,1.6507659503727903,1.0557295363775228,1.0001360501918768,1.680650593160169,1,12.687025813993051,1.8081537216585912,1.808153721658591,47,FALSE,equal_per_meta_analysis,1.3890790233316204,0.009746972363859907,0.7016859516373986,15
meta_analysis_level,z_1.96,source_paper,influence_check,two_derivations,MA20,1,47,29,5711,0.5052264808362369,type_M,uncorrected_beta0,se_beta0,NA,reference_uncorrected,1.105415190672163,1.0216769162755024,1.1960167879913897,1.0488686824468862,1.0000669319992115,1.6027998295197259,1,12.687025813993051,1.7881545050950265,1.1724680605335747,47,FALSE,k_effect_sizes,1.1085608464203045,-0.003145655748141518,-0.28376031485319864,14
meta_analysis_level,z_1.96,source_paper,influence_check,two_derivations,MA20,1,47,29,5711,0.5052264808362369,type_M,uncorrected_beta0,se_beta0,NA,reference_uncorrected,1.3792418613588686,1.1687660352919427,1.6276209734735356,1.0488686824468862,1.0000669319992115,1.6027998295197259,1,12.687025813993051,1.7881545050950265,1.7881545050950263,47,FALSE,equal_per_meta_analysis,1.3890790233316204,-0.009837161972751751,-0.7081787146391405,12
meta_analysis_level,z_1.96,source_paper,influence_check,two_derivations,MA21,1,47,11,5729,0.1916376306620209,type_M,uncorrected_beta0,se_beta0,NA,reference_uncorrected,1.1062941246720293,1.022956202961811,1.1964213978470217,1.0488686824468862,1.0000669319992115,1.6027998295197259,1,12.687025813993051,1.760939499237515,1.1724235079360499,47,FALSE,k_effect_sizes,1.1085608464203045,-0.0022667217482752466,-0.20447427451499856,19
meta_analysis_level,z_1.96,source_paper,influence_check,two_derivations,MA21,1,47,11,5729,0.1916376306620209,type_M,uncorrected_beta0,se_beta0,NA,reference_uncorrected,1.364460367613495,1.160263875246422,1.6045936915794665,1.0488686824468862,1.0000669319992115,1.6027998295197259,1,12.687025813993051,1.760939499237515,1.7609394992375145,47,FALSE,equal_per_meta_analysis,1.3890790233316204,-0.024618655718125382,-1.7723005894278776,5
meta_analysis_level,z_1.96,source_paper,influence_check,two_derivations,MA22,3,45,276,5464,4.808362369337979,type_M,uncorrected_beta0,se_beta0,NA,reference_uncorrected,1.0762704857236978,1.0009763803101472,1.1572282635490494,1.036728895322657,1.0000613504845264,1.563093947622144,1,12.687025813993051,1.7778525631550544,1.135079965343111,45,FALSE,k_effect_sizes,1.1085608464203045,-0.032290360696606735,-2.912818074071144,2
meta_analysis_level,z_1.96,source_paper,influence_check,two_derivations,MA22,3,45,276,5464,4.808362369337979,type_M,uncorrected_beta0,se_beta0,NA,reference_uncorrected,1.3561705113951787,1.14255131429324,1.6097294125608292,1.036728895322657,1.0000613504845264,1.563093947622144,1,12.687025813993051,1.7778525631550544,1.777852563155054,45,FALSE,equal_per_meta_analysis,1.3890790233316204,-0.03290851193644162,-2.3690885387868454,3
meta_analysis_level,z_1.96,source_paper,influence_check,two_derivations,MA23,1,47,24,5716,0.4181184668989547,type_M,uncorrected_beta0,se_beta0,NA,reference_uncorrected,1.1086951344179892,1.0238359848122098,1.2005877106454521,1.0488686824468862,1.0000669319992115,1.680650593160169,1,12.687025813993051,1.8065146463519095,1.1767626224753494,47,FALSE,k_effect_sizes,1.1085608464203045,1.3428799768466781e-4,0.012113723673201626,27
meta_analysis_level,z_1.96,source_paper,influence_check,two_derivations,MA23,1,47,24,5716,0.4181184668989547,type_M,uncorrected_beta0,se_beta0,NA,reference_uncorrected,1.3966189831705123,1.1831712824988923,1.6485732987303652,1.0488686824468862,1.0000669319992115,1.680650593160169,1,12.687025813993051,1.8065146463519095,1.8065146463519093,47,FALSE,equal_per_meta_analysis,1.3890790233316204,0.007539959838891885,0.5428028004344831,25
meta_analysis_level,z_1.96,source_paper,influence_check,two_derivations,MA24,1,47,139,5601,2.421602787456446,type_M,uncorrected_beta0,se_beta0,NA,reference_uncorrected,1.111394343022677,1.0256434414209392,1.2043146144351586,1.0557295363775228,1.0000669319992115,1.680650593160169,1,12.687025813993051,1.8081494799449809,1.1807170665724065,47,FALSE,k_effect_sizes,1.1085608464203045,0.0028334966023724206,0.2556013602250218,17
meta_analysis_level,z_1.96,source_paper,influence_check,two_derivations,MA24,1,47,139,5601,2.421602787456446,type_M,uncorrected_beta0,se_beta0,NA,reference_uncorrected,1.3988200628815062,1.185331200820728,1.650760198470264,1.0557295363775228,1.0000669319992115,1.680650593160169,1,12.687025813993051,1.8081494799449809,1.8081494799449807,47,FALSE,equal_per_meta_analysis,1.3890790233316204,0.00974103954988581,0.7012588475004522,18
meta_analysis_level,z_1.96,source_paper,influence_check,two_derivations,MA25,1,47,43,5697,0.7491289198606271,type_M,uncorrected_beta0,se_beta0,NA,reference_uncorrected,1.1094063881486822,1.0243987991765593,1.2014681538619942,1.0557295363775228,1.0000669319992115,1.680650593160169,1,12.687025813993051,1.8081101241276414,1.1776612097779025,47,FALSE,k_effect_sizes,1.1085608464203045,8.455417283776967e-4,0.07627382214590028,23
meta_analysis_level,z_1.96,source_paper,influence_check,two_derivations,MA25,1,47,43,5697,0.7491289198606271,type_M,uncorrected_beta0,se_beta0,NA,reference_uncorrected,1.3987650740731188,1.1852763151515922,1.6507068499015298,1.0557295363775228,1.0000669319992115,1.680650593160169,1,12.687025813993051,1.8081101241276414,1.8081101241276412,47,FALSE,equal_per_meta_analysis,1.3890790233316204,0.00968605074149842,0.6973001952233826,19
meta_analysis_level,z_1.96,source_paper,influence_check,two_derivations,MA26,1,47,459,5281,7.996515679442509,type_M,uncorrected_beta0,se_beta0,NA,reference_uncorrected,1.1169197274587996,1.0285053301087672,1.2129345770670064,1.0557295363775228,1.0000669319992115,1.680650593160169,1,12.687025813993051,1.8077968610704611,1.1902149924434162,47,FALSE,k_effect_sizes,1.1085608464203045,0.008358881038495136,0.7540299718763466,8
meta_analysis_level,z_1.96,source_paper,influence_check,two_derivations,MA26,1,47,459,5281,7.996515679442509,type_M,uncorrected_beta0,se_beta0,NA,reference_uncorrected,1.3983310375832576,1.1848447591468823,1.6502834447920047,1.0557295363775228,1.0000669319992115,1.680650593160169,1,12.687025813993051,1.8077968610704611,1.807796861070461,47,FALSE,equal_per_meta_analysis,1.3890790233316204,0.009252014251637242,0.6660538454786202,21
meta_analysis_level,z_1.96,source_paper,influence_check,two_derivations,MA28,2,46,168,5572,2.926829268292683,type_M,uncorrected_beta0,se_beta0,NA,reference_uncorrected,1.1120109641202174,1.0250697135298352,1.206326133727474,1.063007763827281,1.0002225955977169,1.7141962636189993,1,12.687025813993051,1.8257222857442372,1.1816626045303011,46,FALSE,k_effect_sizes,1.1085608464203045,0.00345011769991288,0.31122492834325666,12
meta_analysis_level,z_1.96,source_paper,influence_check,two_derivations,MA28,2,46,168,5572,2.926829268292683,type_M,uncorrected_beta0,se_beta0,NA,reference_uncorrected,1.409069688935219,1.190352179517974,1.6679747577561477,1.063007763827281,1.0002225955977169,1.7141962636189993,1,12.687025813993051,1.8257222857442372,1.8257222857442368,46,FALSE,equal_per_meta_analysis,1.3890790233316204,0.019990665603598634,1.4391309110443729,6
meta_analysis_level,z_1.96,source_paper,influence_check,two_derivations,MA31,1,47,734,5006,12.787456445993032,type_M,uncorrected_beta0,se_beta0,NA,reference_uncorrected,1.1254400199479198,1.0345994531530338,1.2242566286307723,1.0557295363775228,1.0001360501918768,1.680650593160169,1,12.687025813993051,1.808153724585911,1.2022021508804002,47,FALSE,k_effect_sizes,1.1085608464203045,0.016879173527615254,1.5226203940108762,3
meta_analysis_level,z_1.96,source_paper,influence_check,two_derivations,MA31,1,47,734,5006,12.787456445993032,type_M,uncorrected_beta0,se_beta0,NA,reference_uncorrected,1.3988259997902905,1.185337129434984,1.650765954342471,1.0557295363775228,1.0001360501918768,1.680650593160169,1,12.687025813993051,1.808153724585911,1.8081537245859107,47,FALSE,equal_per_meta_analysis,1.3890790233316204,0.009746976458670176,0.701686246423372,14
meta_analysis_level,z_1.96,source_paper,influence_check,two_derivations,MA32,1,47,13,5727,0.2264808362369338,type_M,uncorrected_beta0,se_beta0,NA,reference_uncorrected,1.1088118329468692,1.024032937714709,1.200609507372622,1.0557295363775228,1.0000669319992115,1.680650593160169,1,12.687025813993051,1.8080826996226727,1.1767383682627413,47,FALSE,k_effect_sizes,1.1085608464203045,2.5098652656474485e-4,0.022640753313196704,26
meta_analysis_level,z_1.96,source_paper,influence_check,two_derivations,MA32,1,47,13,5727,0.2264808362369338,type_M,uncorrected_beta0,se_beta0,NA,reference_uncorrected,1.3987268172085146,1.185238158059183,1.6506696952635318,1.0557295363775228,1.0000669319992115,1.680650593160169,1,12.687025813993051,1.8080826996226727,1.8080826996226724,47,FALSE,equal_per_meta_analysis,1.3890790233316204,0.009647793876894184,0.694546078001701,20
meta_analysis_level,z_1.96,source_paper,influence_check,two_derivations,MA34,1,47,555,5185,9.668989547038327,type_M,uncorrected_beta0,se_beta0,NA,reference_uncorrected,1.1208568832523622,1.0316418454506124,1.2177871208640725,1.0557295363775228,1.0001360501918768,1.680650593160169,1,12.687025813993051,1.8081535377520144,1.1952206575951123,47,FALSE,k_effect_sizes,1.1085608464203045,0.01229603683205771,1.1091891682593058,6
meta_analysis_level,z_1.96,source_paper,influence_check,two_derivations,MA34,1,47,555,5185,9.668989547038327,type_M,uncorrected_beta0,se_beta0,NA,reference_uncorrected,1.3988257384433738,1.185336868441547,1.6507657009810979,1.0557295363775228,1.0001360501918768,1.680650593160169,1,12.687025813993051,1.8081535377520144,1.8081535377520142,47,FALSE,equal_per_meta_analysis,1.3890790233316204,0.009746715111753401,0.7016674320210026,16
meta_analysis_level,z_1.96,source_paper,influence_check,two_derivations,MA39,2,46,52,5688,0.9059233449477352,type_M,uncorrected_beta0,se_beta0,NA,reference_uncorrected,1.0959784203938778,1.0223618187255608,1.1748958890761325,1.0427987888847716,1.000064141241869,1.5848037920032434,1,12.687025813993051,1.5675011616791337,1.1408575080022378,46,FALSE,k_effect_sizes,1.1085608464203045,-0.012582426026426674,-1.1350234916790547,5
meta_analysis_level,z_1.96,source_paper,influence_check,two_derivations,MA39,2,46,52,5688,0.9059233449477352,type_M,uncorrected_beta0,se_beta0,NA,reference_uncorrected,1.3102166148544776,1.1405038190474168,1.5051835418442867,1.0427987888847716,1.000064141241869,1.5848037920032434,1,12.687025813993051,1.5675011616791337,1.5675011616791332,46,FALSE,equal_per_meta_analysis,1.3890790233316204,-0.07886240847714276,-5.677316203940375,1
meta_analysis_level,z_1.96,source_paper,influence_check,two_derivations,MA41,4,44,527,5213,9.181184668989546,type_M,uncorrected_beta0,se_beta0,NA,reference_uncorrected,1.0947675422701686,1.0069624952671232,1.19022900777484,1.0280129144993932,1.0000482303482152,1.757099131687793,1,12.687025813993051,1.8429669352867732,1.1662740589680731,44,FALSE,k_effect_sizes,1.1085608464203045,-0.01379330415013591,-1.2442532310857235,4
meta_analysis_level,z_1.96,source_paper,influence_check,two_derivations,MA41,4,44,527,5213,9.181184668989546,type_M,uncorrected_beta0,se_beta0,NA,reference_uncorrected,1.407145750160471,1.1791109589024957,1.679281451202602,1.0280129144993932,1.0000482303482152,1.757099131687793,1,12.687025813993051,1.8429669352867732,1.8429669352867732,44,FALSE,equal_per_meta_analysis,1.3890790233316204,0.018066726828850577,1.300626280103101,9
meta_analysis_level,z_1.96,source_paper,influence_check,two_derivations,MA43,1,47,13,5727,0.2264808362369338,type_M,uncorrected_beta0,se_beta0,NA,reference_uncorrected,1.1064613931264673,1.0227523934796325,1.197021705629226,1.0488686824468862,1.0000669319992115,1.6027998295197259,1,12.687025813993051,1.7750622411001218,1.1732154941301627,47,FALSE,k_effect_sizes,1.1085608464203045,-0.0020994532938372057,-0.18938548124053378,20
meta_analysis_level,z_1.96,source_paper,influence_check,two_derivations,MA43,1,47,13,5727,0.2264808362369338,type_M,uncorrected_beta0,se_beta0,NA,reference_uncorrected,1.371180792088678,1.1636900434402337,1.6156679995599676,1.0488686824468862,1.0000669319992115,1.6027998295197259,1,12.687025813993051,1.7750622411001218,1.7750622411001216,47,FALSE,equal_per_meta_analysis,1.3890790233316204,-0.01789823124294232,-1.288496258478844,10
meta_analysis_level,z_1.96,source_paper,influence_check,two_derivations,MA45,2,46,39,5701,0.6794425087108014,type_M,uncorrected_beta0,se_beta0,NA,reference_uncorrected,1.1093425484652804,1.0234148455287309,1.202484891842322,1.063007763827281,1.0002225955977169,1.7141962636189993,1.0000000000000955,12.687025813993051,1.8257207093645667,1.177551874197212,46,FALSE,k_effect_sizes,1.1085608464203045,7.817020449758516e-4,0.0705150328464299,24
meta_analysis_level,z_1.96,source_paper,influence_check,two_derivations,MA45,2,46,39,5701,0.6794425087108014,type_M,uncorrected_beta0,se_beta0,NA,reference_uncorrected,1.409067467788688,1.1903499592946571,1.6679726103043828,1.063007763827281,1.0002225955977169,1.7141962636189993,1.0000000000000955,12.687025813993051,1.8257207093645667,1.8257207093645662,46,FALSE,equal_per_meta_analysis,1.3890790233316204,0.01998844445706771,1.438971010384038,7
meta_analysis_level,z_1.96,source_paper,influence_check,two_derivations,MA47,2,46,103,5637,1.7944250871080138,type_M,uncorrected_beta0,se_beta0,NA,reference_uncorrected,1.1059997168446738,1.0202971615628387,1.198901084647545,1.0522991094122045,1.000064141241869,1.7141962636189993,1,12.687025813993051,1.8161595909399901,1.1745234752208296,46,FALSE,k_effect_sizes,1.1085608464203045,-0.002561129575630705,-0.23103193513472897,18
meta_analysis_level,z_1.96,source_paper,influence_check,two_derivations,MA47,2,46,103,5637,1.7944250871080138,type_M,uncorrected_beta0,se_beta0,NA,reference_uncorrected,1.3978932533880029,1.180100803037904,1.6558801950115534,1.0522991094122045,1.000064141241869,1.7141962636189993,1,12.687025813993051,1.8161595909399901,1.81615959093999,46,FALSE,equal_per_meta_analysis,1.3890790233316204,0.008814230056382488,0.6345376978799999,24
meta_analysis_level,z_1.96,source_paper,influence_check,two_derivations,MA01,3,45,52,5688,0.9059233449477352,type_S,uncorrected_beta0,se_beta0,NA,reference_uncorrected,5.88442781056929e-4,-7.552402665387606e-4,0.0020065948748401174,1.794641993221186e-7,2.0370792797041127e-13,8.640979599358836e-4,7.970070141940813e-93,0.2962281539428636,0.014360252922386537,0.0016405596268433181,45,TRUE,k_effect_sizes,5.830502574538377e-4,5.392523603091337e-6,0.9248814376037418,19
meta_analysis_level,z_1.96,source_paper,influence_check,two_derivations,MA01,3,45,52,5688,0.9059233449477352,type_S,uncorrected_beta0,se_beta0,NA,reference_uncorrected,0.00445627333049739,9.499151956625027e-5,0.00957550634533822,1.794641993221186e-7,2.0370792797041127e-13,8.640979599358836e-4,7.970070141940813e-93,0.2962281539428636,0.014360252922386537,0.014360252922386537,45,TRUE,equal_per_meta_analysis,0.004155831997191987,3.004413333054026e-4,7.229390733513896,5
meta_analysis_level,z_1.96,source_paper,influence_check,two_derivations,MA05,3,45,37,5703,0.6445993031358885,type_S,uncorrected_beta0,se_beta0,NA,reference_uncorrected,5.520352126693953e-4,-7.763693767322659e-4,0.0019532884505906734,2.4613873802517442e-8,8.49344235505365e-15,4.158936032265545e-4,7.970070141940813e-93,0.2962281539428636,0.014038136025416571,0.0015930769864588579,45,TRUE,k_effect_sizes,5.830502574538377e-4,-3.1015044784442336e-5,-5.319446203468647,11
meta_analysis_level,z_1.96,source_paper,influence_check,two_derivations,MA05,3,45,37,5703,0.6445993031358885,type_S,uncorrected_beta0,se_beta0,NA,reference_uncorrected,0.004158204973850072,-1.489044626222756e-4,0.009211808329266429,2.4613873802517442e-8,8.49344235505365e-15,4.158936032265545e-4,7.970070141940813e-93,0.2962281539428636,0.014038136025416571,0.014038136025416575,45,TRUE,equal_per_meta_analysis,0.004155831997191987,2.3729766580847522e-6,0.05709991789100144,28
meta_analysis_level,z_1.96,source_paper,influence_check,two_derivations,MA06,2,46,46,5694,0.8013937282229965,type_S,uncorrected_beta0,se_beta0,NA,reference_uncorrected,5.81815103219873e-4,-7.454536221358846e-4,0.0019817152537056973,4.123881804167424e-8,9.331935041717038e-15,4.029025183848999e-4,7.970070141940813e-93,0.2962281539428636,0.014025627276741797,0.0016328474469825814,46,TRUE,k_effect_sizes,5.830502574538377e-4,-1.2351542339646138e-6,-0.21184352775325266,28
meta_analysis_level,z_1.96,source_paper,influence_check,two_derivations,MA06,2,46,46,5694,0.8013937282229965,type_S,uncorrected_beta0,se_beta0,NA,reference_uncorrected,0.0043256101563210955,6.83915634932114e-5,0.009305807329614155,4.123881804167424e-8,9.331935041717038e-15,4.029025183848999e-4,7.970070141940813e-93,0.2962281539428636,0.014025627276741797,0.014025627276741798,46,TRUE,equal_per_meta_analysis,0.004155831997191987,1.697781591291081e-4,4.0852989063038025,11
meta_analysis_level,z_1.96,source_paper,influence_check,two_derivations,MA08,1,47,531,5209,9.250871080139373,type_S,uncorrected_beta0,se_beta0,NA,reference_uncorrected,6.432442454691115e-4,-7.294328361826391e-4,0.002093556198929751,8.660375753074583e-8,5.218531961347454e-14,6.39995781581219e-4,7.970070141940813e-93,0.2962281539428636,0.013749178329944559,0.0017914193045660957,47,TRUE,k_effect_sizes,5.830502574538377e-4,6.0193988015273814e-5,10.323979321806508,7
meta_analysis_level,z_1.96,source_paper,influence_check,two_derivations,MA08,1,47,531,5209,9.250871080139373,type_S,uncorrected_beta0,se_beta0,NA,reference_uncorrected,0.004251383093844412,8.962035638259563e-5,0.009103481868157404,8.660375753074583e-8,5.218531961347454e-14,6.39995781581219e-4,7.970070141940813e-93,0.2962281539428636,0.013749178329944559,0.013749178329944557,47,TRUE,equal_per_meta_analysis,0.004155831997191987,9.555109665242492e-5,2.299204989927084,14
meta_analysis_level,z_1.96,source_paper,influence_check,two_derivations,MA09,1,47,1297,4443,22.59581881533101,type_S,uncorrected_beta0,se_beta0,NA,reference_uncorrected,7.558043763133751e-4,-7.313175754772999e-4,0.0023340533065206066,8.660375753074583e-8,5.218531961347454e-14,6.39995781581219e-4,7.970070141940813e-93,0.2962281539428636,0.013749178329944378,0.0021002707984410928,47,TRUE,k_effect_sizes,5.830502574538377e-4,1.7275411885953745e-4,29.62937013593807,2
meta_analysis_level,z_1.96,source_paper,influence_check,two_derivations,MA09,1,47,1297,4443,22.59581881533101,type_S,uncorrected_beta0,se_beta0,NA,reference_uncorrected,0.0042513830938442285,8.962035638242563e-5,0.009103481868157202,8.660375753074583e-8,5.218531961347454e-14,6.39995781581219e-4,7.970070141940813e-93,0.2962281539428636,0.013749178329944378,0.013749178329944378,47,TRUE,equal_per_meta_analysis,0.004155831997191987,9.555109665224104e-5,2.299204989922665,18
meta_analysis_level,z_1.96,source_paper,influence_check,two_derivations,MA10,1,47,32,5708,0.5574912891986062,type_S,uncorrected_beta0,se_beta0,NA,reference_uncorrected,5.863506329829675e-4,-7.246875243044071e-4,0.0019681941012868083,5.786376228083103e-8,1.0170427728380425e-14,6.39995781581219e-4,7.970070141940813e-93,0.2962281539428636,0.013749154825513291,0.001634805151860576,47,TRUE,k_effect_sizes,5.830502574538377e-4,3.3003755291298453e-6,0.5660533525090106,23
meta_analysis_level,z_1.96,source_paper,influence_check,two_derivations,MA10,1,47,32,5708,0.5574912891986062,type_S,uncorrected_beta0,se_beta0,NA,reference_uncorrected,0.004251355592979993,8.959464240781284e-5,0.00910345269511486,5.786376228083103e-8,1.0170427728380425e-14,6.39995781581219e-4,7.970070141940813e-93,0.2962281539428636,0.013749154825513291,0.013749154825513291,47,TRUE,equal_per_meta_analysis,0.004155831997191987,9.552359578800587e-5,2.298543248440965,25
meta_analysis_level,z_1.96,source_paper,influence_check,two_derivations,MA12,1,47,70,5670,1.2195121951219512,type_S,uncorrected_beta0,se_beta0,NA,reference_uncorrected,5.903326877501891e-4,-7.251076823390976e-4,0.0019770559020480874,8.660375753074583e-8,1.0170427728380425e-14,6.39995781581219e-4,7.970070141940813e-93,0.2962281539428636,0.013749178245758012,0.0016457677037938377,47,TRUE,k_effect_sizes,5.830502574538377e-4,7.28243029635145e-6,1.2490227391637854,17
meta_analysis_level,z_1.96,source_paper,influence_check,two_derivations,MA12,1,47,70,5670,1.2195121951219512,type_S,uncorrected_beta0,se_beta0,NA,reference_uncorrected,0.004251382995341509,8.962026427888903e-5,0.009103481763666571,8.660375753074583e-8,1.0170427728380425e-14,6.39995781581219e-4,7.970070141940813e-93,0.2962281539428636,0.013749178245758012,0.013749178245758014,47,TRUE,equal_per_meta_analysis,0.004155831997191987,9.555099814952117e-5,2.2992026196940296,23
meta_analysis_level,z_1.96,source_paper,influence_check,two_derivations,MA13,3,45,94,5646,1.637630662020906,type_S,uncorrected_beta0,se_beta0,NA,reference_uncorrected,5.871680329613271e-4,-7.612772061890045e-4,0.0020106297892134375,5.786376228083103e-8,8.49344235505365e-15,4.158936032265545e-4,7.970070141940813e-93,0.2962281539428636,0.014341035591449731,0.0016470958065327708,45,TRUE,k_effect_sizes,5.830502574538377e-4,4.117775507489485e-6,0.706247095314172,21
meta_analysis_level,z_1.96,source_paper,influence_check,two_derivations,MA13,3,45,94,5646,1.637630662020906,type_S,uncorrected_beta0,se_beta0,NA,reference_uncorrected,0.004434021123419805,7.443304947699417e-5,0.009551592763210812,5.786376228083103e-8,8.49344235505365e-15,4.158936032265545e-4,7.970070141940813e-93,0.2962281539428636,0.014341035591449731,0.014341035591449731,45,TRUE,equal_per_meta_analysis,0.004155831997191987,2.78189126227818e-4,6.693945434170212,6
meta_analysis_level,z_1.96,source_paper,influence_check,two_derivations,MA14,2,46,271,5469,4.7212543554006965,type_S,uncorrected_beta0,se_beta0,NA,reference_uncorrected,6.12292583597674e-4,-7.423944680810847e-4,0.002042633310391697,1.3303397842643222e-7,9.331935041717038e-15,7.520468707585513e-4,7.970070141940813e-93,0.2962281539428636,0.014048073505683305,0.0017062540010773274,46,TRUE,k_effect_sizes,5.830502574538377e-4,2.92423261438364e-5,5.015404035929372,12
meta_analysis_level,z_1.96,source_paper,influence_check,two_derivations,MA14,2,46,271,5469,4.7212543554006965,type_S,uncorrected_beta0,se_beta0,NA,reference_uncorrected,0.004351422459380305,9.223072242773092e-5,0.009333575596329524,1.3303397842643222e-7,9.331935041717038e-15,7.520468707585513e-4,7.970070141940813e-93,0.2962281539428636,0.014048073505683305,0.014048073505683309,46,TRUE,equal_per_meta_analysis,0.004155831997191987,1.9559046218831783e-4,4.706409265833522,9
meta_analysis_level,z_1.96,source_paper,influence_check,two_derivations,MA15,4,44,36,5704,0.627177700348432,type_S,uncorrected_beta0,se_beta0,NA,reference_uncorrected,4.6082780869062187e-4,-5.976958601173858e-4,0.0015652681397533043,7.223375990578843e-8,1.1008920415043813e-14,5.279446924038867e-4,7.970070141940813e-93,0.2758249671651442,0.00794731045524354,0.001064425951339894,44,TRUE,k_effect_sizes,5.830502574538377e-4,-1.2222244876321578e-4,-20.96259236672966,3
meta_analysis_level,z_1.96,source_paper,influence_check,two_derivations,MA15,4,44,36,5704,0.627177700348432,type_S,uncorrected_beta0,se_beta0,NA,reference_uncorrected,0.0028918177508367136,-2.582025257982269e-4,0.006442885192842626,7.223375990578843e-8,1.1008920415043813e-14,5.279446924038867e-4,7.970070141940813e-93,0.2758249671651442,0.00794731045524354,0.007947310455243542,44,TRUE,equal_per_meta_analysis,0.004155831997191987,-0.0012640142463552738,-30.4154317886128,2
meta_analysis_level,z_1.96,source_paper,influence_check,two_derivations,MA17,1,47,66,5674,1.1498257839721255,type_S,uncorrected_beta0,se_beta0,NA,reference_uncorrected,5.850010789134469e-4,-7.29837934636237e-4,0.0019710716576622524,5.786376228083103e-8,1.0170427728380425e-14,6.140136118979098e-4,7.970070141940813e-93,0.2962281539428636,0.013740329529875906,0.0016397698589481566,47,TRUE,k_effect_sizes,5.830502574538377e-4,1.950821459609231e-6,0.3345889028723459,26
meta_analysis_level,z_1.96,source_paper,influence_check,two_derivations,MA17,1,47,66,5674,1.1498257839721255,type_S,uncorrected_beta0,se_beta0,NA,reference_uncorrected,0.004241116486765881,8.006351067978146e-5,0.009092533020441135,5.786376228083103e-8,1.0170427728380425e-14,6.140136118979098e-4,7.970070141940813e-93,0.2962281539428636,0.013740329529875906,0.013740329529875908,47,TRUE,equal_per_meta_analysis,0.004155831997191987,8.528448957389329e-5,2.052164034338211,26
meta_analysis_level,z_1.96,source_paper,influence_check,two_derivations,MA18,1,47,23,5717,0.40069686411149824,type_S,uncorrected_beta0,se_beta0,NA,reference_uncorrected,5.854231731855127e-4,-7.245789817954713e-4,0.001966118464436631,8.660375753074583e-8,5.218531961347454e-14,6.39995781581219e-4,7.970070141940813e-93,0.2962281539428636,0.013749178329944559,0.0016322377396335128,47,TRUE,k_effect_sizes,5.830502574538377e-4,2.3729157316750016e-6,0.4069830518620199,25
meta_analysis_level,z_1.96,source_paper,influence_check,two_derivations,MA18,1,47,23,5717,0.40069686411149824,type_S,uncorrected_beta0,se_beta0,NA,reference_uncorrected,0.004251383093844412,8.962035638259563e-5,0.009103481868157404,8.660375753074583e-8,5.218531961347454e-14,6.39995781581219e-4,7.970070141940813e-93,0.2962281539428636,0.013749178329944559,0.013749178329944557,47,TRUE,equal_per_meta_analysis,0.004155831997191987,9.555109665242492e-5,2.299204989927084,14
meta_analysis_level,z_1.96,source_paper,influence_check,two_derivations,MA20,1,47,29,5711,0.5052264808362369,type_S,uncorrected_beta0,se_beta0,NA,reference_uncorrected,5.762205603063557e-4,-7.337371023542552e-4,0.0019568932352126145,5.786376228083103e-8,1.0170427728380425e-14,3.8991143354324525e-4,7.970070141940813e-93,0.2962281539428636,0.013707386809131063,0.0016239785177054804,47,TRUE,k_effect_sizes,5.830502574538377e-4,-6.829697147481967e-6,-1.1713736612186776,18
meta_analysis_level,z_1.96,source_paper,influence_check,two_derivations,MA20,1,47,29,5711,0.5052264808362369,type_S,uncorrected_beta0,se_beta0,NA,reference_uncorrected,0.0042043484469301735,4.653886183797126e-5,0.009052368389678794,5.786376228083103e-8,1.0170427728380425e-14,3.8991143354324525e-4,7.970070141940813e-93,0.2962281539428636,0.013707386809131063,0.013707386809131064,47,TRUE,equal_per_meta_analysis,0.004155831997191987,4.851644973818611e-5,1.1674304873480867,27
meta_analysis_level,z_1.96,source_paper,influence_check,two_derivations,MA21,1,47,11,5729,0.1916376306620209,type_S,uncorrected_beta0,se_beta0,NA,reference_uncorrected,5.475258070292525e-4,-7.385814619827354e-4,0.0019018101245025058,5.786376228083103e-8,1.0170427728380425e-14,3.8991143354324525e-4,7.970070141940813e-93,0.2962281539428636,0.01315867036316547,0.0015755298548891614,47,TRUE,k_effect_sizes,5.830502574538377e-4,-3.55244504245851e-5,-6.092862488341789,10
meta_analysis_level,z_1.96,source_paper,influence_check,two_derivations,MA21,1,47,11,5729,0.1916376306620209,type_S,uncorrected_beta0,se_beta0,NA,reference_uncorrected,0.003790294030907637,-2.549712850087073e-4,0.008496870823348636,5.786376228083103e-8,1.0170427728380425e-14,3.8991143354324525e-4,7.970070141940813e-93,0.2962281539428636,0.01315867036316547,0.013158670363165472,47,TRUE,equal_per_meta_analysis,0.004155831997191987,-3.6553796628435026e-4,-8.795783047325711,4
meta_analysis_level,z_1.96,source_paper,influence_check,two_derivations,MA22,3,45,276,5464,4.808362369337979,type_S,uncorrected_beta0,se_beta0,NA,reference_uncorrected,4.90957016952509e-4,-8.677016941894024e-4,0.0019261087943564653,2.4613873802517442e-8,8.49344235505365e-15,3.0156753357032777e-4,7.970070141940813e-93,0.2962281539428636,0.01419432853719076,0.001582096669614619,45,TRUE,k_effect_sizes,5.830502574538377e-4,-9.209324050132861e-5,-15.795077581047112,4
meta_analysis_level,z_1.96,source_paper,influence_check,two_derivations,MA22,3,45,276,5464,4.808362369337979,type_S,uncorrected_beta0,se_beta0,NA,reference_uncorrected,0.004271383794213275,-7.234938877498376e-5,0.009372028178311557,2.4613873802517442e-8,8.49344235505365e-15,3.0156753357032777e-4,7.970070141940813e-93,0.2962281539428636,0.01419432853719076,0.014194328537190761,45,TRUE,equal_per_meta_analysis,0.004155831997191987,1.155517970212877e-4,2.7804732505877006,13
meta_analysis_level,z_1.96,source_paper,influence_check,two_derivations,MA23,1,47,24,5716,0.4181184668989547,type_S,uncorrected_beta0,se_beta0,NA,reference_uncorrected,5.855257470031919e-4,-7.245913922556968e-4,0.00196634846927881,5.786376228083103e-8,1.0170427728380425e-14,6.39995781581219e-4,7.970070141940813e-93,0.2962281539428636,0.013749173207038803,0.0016325222846128586,47,TRUE,k_effect_sizes,5.830502574538377e-4,2.475489549354226e-6,0.42457567211522385,24
meta_analysis_level,z_1.96,source_paper,influence_check,two_derivations,MA23,1,47,24,5716,0.4181184668989547,type_S,uncorrected_beta0,se_beta0,NA,reference_uncorrected,0.004251377099790725,8.961475174476541e-5,0.009103475509708997,5.786376228083103e-8,1.0170427728380425e-14,6.39995781581219e-4,7.970070141940813e-93,0.2962281539428636,0.013749173207038803,0.013749173207038803,47,TRUE,equal_per_meta_analysis,0.004155831997191987,9.55451025987375e-5,2.299060757588256,24
meta_analysis_level,z_1.96,source_paper,influence_check,two_derivations,MA24,1,47,139,5601,2.421602787456446,type_S,uncorrected_beta0,se_beta0,NA,reference_uncorrected,5.976914348487863e-4,-7.258579469114866e-4,0.0019934074440485297,8.660375753074583e-8,1.0170427728380425e-14,6.39995781581219e-4,7.970070141940813e-93,0.2962281539428636,0.013749178329942588,0.0016660423419874901,47,TRUE,k_effect_sizes,5.830502574538377e-4,1.464117739494869e-5,2.5111347105627235,15
meta_analysis_level,z_1.96,source_paper,influence_check,two_derivations,MA24,1,47,139,5601,2.421602787456446,type_S,uncorrected_beta0,se_beta0,NA,reference_uncorrected,0.004251383093842112,8.962035638044458e-5,0.009103481868154961,8.660375753074583e-8,1.0170427728380425e-14,6.39995781581219e-4,7.970070141940813e-93,0.2962281539428636,0.013749178329942588,0.01374917832994259,47,TRUE,equal_per_meta_analysis,0.004155831997191987,9.555109665012468e-5,2.2992049898717504,19
meta_analysis_level,z_1.96,source_paper,influence_check,two_derivations,MA25,1,47,43,5697,0.7491289198606271,type_S,uncorrected_beta0,se_beta0,NA,reference_uncorrected,5.875023331797825e-4,-7.248056268630877e-4,0.0019707531724235533,8.660375753074583e-8,1.0170427728380425e-14,6.39995781581219e-4,7.970070141940813e-93,0.2962281539428636,0.01374917832963349,0.0016379679053635462,47,TRUE,k_effect_sizes,5.830502574538377e-4,4.452075725944887e-6,0.7635835280112913,20
meta_analysis_level,z_1.96,source_paper,influence_check,two_derivations,MA25,1,47,43,5697,0.7491289198606271,type_S,uncorrected_beta0,se_beta0,NA,reference_uncorrected,0.004251383093480464,8.962035604228452e-5,0.009103481867771344,8.660375753074583e-8,1.0170427728380425e-14,6.39995781581219e-4,7.970070141940813e-93,0.2962281539428636,0.01374917832963349,0.013749178329633491,47,TRUE,equal_per_meta_analysis,0.004155831997191987,9.555109628847647e-5,2.299204981169556,20
meta_analysis_level,z_1.96,source_paper,influence_check,two_derivations,MA26,1,47,459,5281,7.996515679442509,type_S,uncorrected_beta0,se_beta0,NA,reference_uncorrected,6.343638235141447e-4,-7.288755374582102e-4,0.0020741724245385007,8.660375753074583e-8,1.0170427728380425e-14,6.39995781581219e-4,7.970070141940813e-93,0.2962281539428636,0.013749178272487944,0.001766995250515677,47,TRUE,k_effect_sizes,5.830502574538377e-4,5.1313566060307014e-5,8.80088215454904,8
meta_analysis_level,z_1.96,source_paper,influence_check,two_derivations,MA26,1,47,459,5281,7.996515679442509,type_S,uncorrected_beta0,se_beta0,NA,reference_uncorrected,0.004251383026617005,8.962029352259371e-5,0.009103481796843275,8.660375753074583e-8,1.0170427728380425e-14,6.39995781581219e-4,7.970070141940813e-93,0.2962281539428636,0.013749178272487944,0.013749178272487946,47,TRUE,equal_per_meta_analysis,0.004155831997191987,9.555102942501725e-5,2.299203372262859,22
meta_analysis_level,z_1.96,source_paper,influence_check,two_derivations,MA28,2,46,168,5572,2.926829268292683,type_S,uncorrected_beta0,se_beta0,NA,reference_uncorrected,6.008392623051521e-4,-7.412195177381523e-4,0.0020171442218053434,1.3303397842643222e-7,1.2031940158653423e-13,7.520468707585513e-4,7.970070141940813e-93,0.2962281539428636,0.014048073511030308,0.001674713416634026,46,TRUE,k_effect_sizes,5.830502574538377e-4,1.7789004851314488e-5,3.051024268302105,14
meta_analysis_level,z_1.96,source_paper,influence_check,two_derivations,MA28,2,46,168,5572,2.926829268292683,type_S,uncorrected_beta0,se_beta0,NA,reference_uncorrected,0.004351422465658002,9.223072828961829e-5,0.009333575602995296,1.3303397842643222e-7,1.2031940158653423e-13,7.520468707585513e-4,7.970070141940813e-93,0.2962281539428636,0.014048073511030308,0.01404807351103031,46,TRUE,equal_per_meta_analysis,0.004155831997191987,1.9559046846601494e-4,4.706409416891044,7
meta_analysis_level,z_1.96,source_paper,influence_check,two_derivations,MA31,1,47,734,5006,12.787456445993032,type_S,uncorrected_beta0,se_beta0,NA,reference_uncorrected,6.696750038031017e-4,-7.307153111179611e-4,0.002150870874358158,8.660375753074583e-8,5.218531961347454e-14,6.39995781581219e-4,7.970070141940813e-93,0.2962281539428636,0.013749178329944559,0.0018640637549909695,47,TRUE,k_effect_sizes,5.830502574538377e-4,8.662474634926406e-5,14.857166297730773,5
meta_analysis_level,z_1.96,source_paper,influence_check,two_derivations,MA31,1,47,734,5006,12.787456445993032,type_S,uncorrected_beta0,se_beta0,NA,reference_uncorrected,0.004251383093844412,8.962035638259563e-5,0.009103481868157404,8.660375753074583e-8,5.218531961347454e-14,6.39995781581219e-4,7.970070141940813e-93,0.2962281539428636,0.013749178329944559,0.013749178329944557,47,TRUE,equal_per_meta_analysis,0.004155831997191987,9.555109665242492e-5,2.299204989927084,14
meta_analysis_level,z_1.96,source_paper,influence_check,two_derivations,MA32,1,47,13,5727,0.2264808362369338,type_S,uncorrected_beta0,se_beta0,NA,reference_uncorrected,5.843891016179582e-4,-7.244647392245056e-4,0.001963811865381599,8.660375753074583e-8,1.0170427728380425e-14,6.39995781581219e-4,7.970070141940813e-93,0.2962281539428636,0.013749178328970865,0.0016293876649013214,47,TRUE,k_effect_sizes,5.830502574538377e-4,1.338844164120584e-6,0.2296275744679832,27
meta_analysis_level,z_1.96,source_paper,influence_check,two_derivations,MA32,1,47,13,5727,0.2264808362369338,type_S,uncorrected_beta0,se_beta0,NA,reference_uncorrected,0.004251383092705157,8.962035531735052e-5,0.009103481866948891,8.660375753074583e-8,1.0170427728380425e-14,6.39995781581219e-4,7.970070141940813e-93,0.2962281539428636,0.013749178328970865,0.013749178328970869,47,TRUE,equal_per_meta_analysis,0.004155831997191987,9.555109551316956e-5,2.299204962513679,21
meta_analysis_level,z_1.96,source_paper,influence_check,two_derivations,MA34,1,47,555,5185,9.668989547038327,type_S,uncorrected_beta0,se_beta0,NA,reference_uncorrected,6.462598106970092e-4,-7.296074101302528e-4,0.0021001237348053335,8.660375753074583e-8,5.218531961347454e-14,6.39995781581219e-4,7.970070141940813e-93,0.2962281539428636,0.013749178329944555,0.0017997113129189356,47,TRUE,k_effect_sizes,5.830502574538377e-4,6.32095532431716e-5,10.841184346475675,6
meta_analysis_level,z_1.96,source_paper,influence_check,two_derivations,MA34,1,47,555,5185,9.668989547038327,type_S,uncorrected_beta0,se_beta0,NA,reference_uncorrected,0.004251383093844412,8.962035638259563e-5,0.009103481868157404,8.660375753074583e-8,5.218531961347454e-14,6.39995781581219e-4,7.970070141940813e-93,0.2962281539428636,0.013749178329944555,0.013749178329944553,47,TRUE,equal_per_meta_analysis,0.004155831997191987,9.555109665242492e-5,2.299204989927084,14
meta_analysis_level,z_1.96,source_paper,influence_check,two_derivations,MA39,2,46,52,5688,0.9059233449477352,type_S,uncorrected_beta0,se_beta0,NA,reference_uncorrected,3.6989004502893663e-4,-5.430440978067483e-4,0.0013169023761922388,4.123881804167424e-8,9.331935041717038e-15,3.4833883128753394e-4,7.970070141940813e-93,0.2962281539428636,0.007854255060151574,8.540389296277004e-4,46,TRUE,k_effect_sizes,5.830502574538377e-4,-2.1316021242490102e-4,-36.55949203345953,1
meta_analysis_level,z_1.96,source_paper,influence_check,two_derivations,MA39,2,46,52,5688,0.9059233449477352,type_S,uncorrected_beta0,se_beta0,NA,reference_uncorrected,0.002619422786893741,-4.3037301230193503e-4,0.006047785766675785,4.123881804167424e-8,9.331935041717038e-15,3.4833883128753394e-4,7.970070141940813e-93,0.2962281539428636,0.007854255060151574,0.007854255060151576,46,TRUE,equal_per_meta_analysis,0.004155831997191987,-0.0015364092102982466,-36.969954784899095,1
meta_analysis_level,z_1.96,source_paper,influence_check,two_derivations,MA41,4,44,527,5213,9.181184668989546,type_S,uncorrected_beta0,se_beta0,NA,reference_uncorrected,6.295152036235978e-4,-7.906045583356662e-4,0.002132938992862963,1.4285320702082166e-8,6.4206141914899524e-15,9.0616029821996e-4,7.970070141940813e-93,0.2962281539428636,0.014678214579643403,0.0017770511950201517,44,TRUE,k_effect_sizes,5.830502574538377e-4,4.646494616976013e-5,7.969286622506799,9
meta_analysis_level,z_1.96,source_paper,influence_check,two_derivations,MA41,4,44,527,5213,9.181184668989546,type_S,uncorrected_beta0,se_beta0,NA,reference_uncorrected,0.00455641941335997,8.876030137565036e-5,0.009819653025683474,1.4285320702082166e-8,6.4206141914899524e-15,9.0616029821996e-4,7.970070141940813e-93,0.2962281539428636,0.014678214579643403,0.014678214579643405,44,TRUE,equal_per_meta_analysis,0.004155831997191987,4.005874161679829e-4,9.639162902606557,3
meta_analysis_level,z_1.96,source_paper,influence_check,two_derivations,MA43,1,47,13,5727,0.2264808362369338,type_S,uncorrected_beta0,se_beta0,NA,reference_uncorrected,5.643791996755784e-4,-7.386783902921662e-4,0.0019374230463727674,5.786376228083103e-8,1.0170427728380425e-14,3.8991143354324525e-4,7.970070141940813e-93,0.2962281539428636,0.01353027055867074,0.0016060329158785558,47,TRUE,k_effect_sizes,5.830502574538377e-4,-1.8671057778259226e-5,-3.2023067547890527,13
meta_analysis_level,z_1.96,source_paper,influence_check,two_derivations,MA43,1,47,13,5727,0.2264808362369338,type_S,uncorrected_beta0,se_beta0,NA,reference_uncorrected,0.004037645630973263,-9.171938203030028e-5,0.008851588422433214,5.786376228083103e-8,1.0170427728380425e-14,3.8991143354324525e-4,7.970070141940813e-93,0.2962281539428636,0.01353027055867074,0.013530270558670739,47,TRUE,equal_per_meta_analysis,0.004155831997191987,-1.1818636621872478e-4,-2.8438677573727977,12
meta_analysis_level,z_1.96,source_paper,influence_check,two_derivations,MA45,2,46,39,5701,0.6794425087108014,type_S,uncorrected_beta0,se_beta0,NA,reference_uncorrected,5.870853206834635e-4,-7.396488609173434e-4,0.001986375071597213,1.3303397842643222e-7,1.2031940158653423e-13,7.520468707585513e-4,1.2157121939156583e-29,0.2962281539428636,0.014048073511030053,0.0016368186559348645,46,TRUE,k_effect_sizes,5.830502574538377e-4,4.0350632296258515e-6,0.6920609635345798,22
meta_analysis_level,z_1.96,source_paper,influence_check,two_derivations,MA45,2,46,39,5701,0.6794425087108014,type_S,uncorrected_beta0,se_beta0,NA,reference_uncorrected,0.004351422465657704,9.223072828934073e-5,0.009333575602994977,1.3303397842643222e-7,1.2031940158653423e-13,7.520468707585513e-4,1.2157121939156583e-29,0.2962281539428636,0.014048073511030053,0.014048073511030051,46,TRUE,equal_per_meta_analysis,0.004155831997191987,1.9559046846571657e-4,4.706409416883872,8
meta_analysis_level,z_1.96,source_paper,influence_check,two_derivations,MA47,2,46,103,5637,1.7944250871080138,type_S,uncorrected_beta0,se_beta0,NA,reference_uncorrected,5.924994110806832e-4,-7.417467474837951e-4,0.0020001314310719095,7.223375990578843e-8,9.331935041717038e-15,7.520468707585513e-4,7.970070141940813e-93,0.2962281539428636,0.01404561873490316,0.0016541002983181457,46,TRUE,k_effect_sizes,5.830502574538377e-4,9.449153626845536e-6,1.6206413608510717,16
meta_analysis_level,z_1.96,source_paper,influence_check,two_derivations,MA47,2,46,103,5637,1.7944250871080138,type_S,uncorrected_beta0,se_beta0,NA,reference_uncorrected,0.004348547048909988,8.9549035525157e-5,0.009330517964371787,7.223375990578843e-8,9.331935041717038e-15,7.520468707585513e-4,7.970070141940813e-93,0.2962281539428636,0.01404561873490316,0.014045618734903162,46,TRUE,equal_per_meta_analysis,0.004155831997191987,1.9271505171800096e-4,4.637219498964695,10
meta_analysis_level,z_1.96,source_paper,influence_check,two_derivations,MA01,3,45,52,5688,0.9059233449477352,power,yang2023_gated_beta0_c3,se_beta0,NA,primary,0.3934155268636787,0.2959245962795703,0.5230243741929574,0.28977723593975846,0.09406961644090739,0.685131495575072,0.05000003450386037,1,0.4207702473126683,0.5367119920178877,45,FALSE,k_effect_sizes,0.3903771039959561,0.003038422867722601,0.7783301931954645,18
meta_analysis_level,z_1.96,source_paper,influence_check,two_derivations,MA01,3,45,52,5688,0.9059233449477352,power,yang2023_gated_beta0_c3,se_beta0,NA,primary,0.25944055645748554,0.1874151995569842,0.3591459096918342,0.28977723593975846,0.09406961644090739,0.685131495575072,0.05000003450386037,1,0.4207702473126683,0.4207702473126683,45,FALSE,equal_per_meta_analysis,0.2504743908406155,0.008966165616870025,3.5796735892953846,6
meta_analysis_level,z_1.96,source_paper,influence_check,two_derivations,MA05,3,45,37,5703,0.6445993031358885,power,yang2023_gated_beta0_c3,se_beta0,NA,primary,0.39077099818888816,0.29369287061913296,0.5199376229447773,0.2329969458894059,0.09144584850906934,0.6531840839467097,0.05000003450386037,1,0.40072761287040914,0.5343678435489704,45,FALSE,k_effect_sizes,0.3903771039959561,3.9389419293206496e-4,0.10090094652071002,28
meta_analysis_level,z_1.96,source_paper,influence_check,two_derivations,MA05,3,45,37,5703,0.6445993031358885,power,yang2023_gated_beta0_c3,se_beta0,NA,primary,0.24286168952158016,0.1752400207529107,0.33657722695913755,0.2329969458894059,0.09144584850906934,0.6531840839467097,0.05000003450386037,1,0.40072761287040914,0.4007276128704091,45,FALSE,equal_per_meta_analysis,0.2504743908406155,-0.007612701319035353,-3.0393132381663523,9
meta_analysis_level,z_1.96,source_paper,influence_check,two_derivations,MA06,2,46,46,5694,0.8013937282229965,power,yang2023_gated_beta0_c3,se_beta0,NA,primary,0.39513703645340525,0.29862141722570995,0.52284688428482,0.2979483173352407,0.100076194171487,0.6771446426679815,0.05000003450386037,1,0.42024555160200416,0.5372934543285779,46,FALSE,k_effect_sizes,0.3903771039959561,0.004759932457449156,1.2193165041509468,12
meta_analysis_level,z_1.96,source_paper,influence_check,two_derivations,MA06,2,46,46,5694,0.8013937282229965,power,yang2023_gated_beta0_c3,se_beta0,NA,primary,0.2635805932830041,0.19208875486524696,0.36168035554271744,0.2979483173352407,0.100076194171487,0.6771446426679815,0.05000003450386037,1,0.42024555160200416,0.42024555160200416,46,FALSE,equal_per_meta_analysis,0.2504743908406155,0.013106202442388581,5.232551878219138,3
meta_analysis_level,z_1.96,source_paper,influence_check,two_derivations,MA08,1,47,531,5209,9.250871080139373,power,yang2023_gated_beta0_c3,se_beta0,NA,primary,0.36342376831560325,0.27354912947878707,0.482826743511737,0.2329969458894059,0.09275773247498836,0.640777958093695,0.05000003450386037,1,0.3979648593987708,0.5078265896275663,47,FALSE,k_effect_sizes,0.3903771039959561,-0.026953335680352852,-6.904435584068491,3
meta_analysis_level,z_1.96,source_paper,influence_check,two_derivations,MA08,1,47,531,5209,9.250871080139373,power,yang2023_gated_beta0_c3,se_beta0,NA,primary,0.2444430938828612,0.17849107958759583,0.33476421502454606,0.2329969458894059,0.09275773247498836,0.640777958093695,0.05000003450386037,1,0.3979648593987708,0.39796485939877085,47,FALSE,equal_per_meta_analysis,0.2504743908406155,-0.006031296957754312,-2.4079495462640765,16
meta_analysis_level,z_1.96,source_paper,influence_check,two_derivations,MA09,1,47,1297,4443,22.59581881533101,power,yang2023_gated_beta0_c3,se_beta0,NA,primary,0.3805950253088695,0.27737675618023644,0.522223185838021,0.2329969458894059,0.09275773247498836,0.6691577897608909,0.05000003450386037,1,0.4056612260667408,0.5651945437914361,47,FALSE,k_effect_sizes,0.3903771039959561,-0.009782078687086582,-2.505802360577969,7
meta_analysis_level,z_1.96,source_paper,influence_check,two_derivations,MA09,1,47,1297,4443,22.59581881533101,power,yang2023_gated_beta0_c3,se_beta0,NA,primary,0.24766212735622423,0.1802779972088626,0.34023303052090526,0.2329969458894059,0.09275773247498836,0.6691577897608909,0.05000003450386037,1,0.4056612260667408,0.4056612260667409,47,FALSE,equal_per_meta_analysis,0.2504743908406155,-0.0028122634843912864,-1.1227748573229612,24
meta_analysis_level,z_1.96,source_paper,influence_check,two_derivations,MA10,1,47,32,5708,0.5574912891986062,power,yang2023_gated_beta0_c3,se_beta0,NA,primary,0.3935664042205523,0.2981709476509861,0.5194822491975364,0.28977723593975846,0.09770932614986227,0.6691577897608909,0.05000003450386037,1,0.4127758322074892,0.5361838879052565,47,FALSE,k_effect_sizes,0.3903771039959561,0.003189300224596181,0.8169793238256062,16
meta_analysis_level,z_1.96,source_paper,influence_check,two_derivations,MA10,1,47,32,5708,0.5574912891986062,power,yang2023_gated_beta0_c3,se_beta0,NA,primary,0.2559021609143564,0.18668980092156265,0.3507739342876633,0.28977723593975846,0.09770932614986227,0.6691577897608909,0.05000003450386037,1,0.4127758322074892,0.41277583220748926,47,FALSE,equal_per_meta_analysis,0.2504743908406155,0.005427770073740901,2.1669960172474356,18
meta_analysis_level,z_1.96,source_paper,influence_check,two_derivations,MA12,1,47,70,5670,1.2195121951219512,power,yang2023_gated_beta0_c3,se_beta0,NA,primary,0.3860236216032989,0.2921091650322986,0.5101320132124247,0.2329969458894059,0.09275773247498836,0.640777958093695,0.05000003450386037,1,0.3941202419218713,0.5283396468924474,47,FALSE,k_effect_sizes,0.3903771039959561,-0.004353482392657204,-1.1151992132976907,14
meta_analysis_level,z_1.96,source_paper,influence_check,two_derivations,MA12,1,47,70,5670,1.2195121951219512,power,yang2023_gated_beta0_c3,se_beta0,NA,primary,0.24337116197784167,0.17798831107595506,0.33277197881364884,0.2329969458894059,0.09275773247498836,0.640777958093695,0.05000003450386037,1,0.3941202419218713,0.3941202419218713,47,FALSE,equal_per_meta_analysis,0.2504743908406155,-0.007103228862773842,-2.835910225765892,13
meta_analysis_level,z_1.96,source_paper,influence_check,two_derivations,MA13,3,45,94,5646,1.637630662020906,power,yang2023_gated_beta0_c3,se_beta0,NA,primary,0.39506274025105903,0.29699922047982963,0.525504977698335,0.28977723593975846,0.09406961644090739,0.685131495575072,0.05000003450386037,1,0.4208479461221324,0.5389643459581637,45,FALSE,k_effect_sizes,0.3903771039959561,0.004685636255102932,1.2002845984408594,13
meta_analysis_level,z_1.96,source_paper,influence_check,two_derivations,MA13,3,45,94,5646,1.637630662020906,power,yang2023_gated_beta0_c3,se_beta0,NA,primary,0.2597687022681368,0.1877459567629094,0.3594206759045532,0.28977723593975846,0.09406961644090739,0.685131495575072,0.05000003450386037,1,0.4208479461221324,0.42084794612213244,45,FALSE,equal_per_meta_analysis,0.2504743908406155,0.009294311427521296,3.7106833143015994,5
meta_analysis_level,z_1.96,source_paper,influence_check,two_derivations,MA14,2,46,271,5469,4.7212543554006965,power,yang2023_gated_beta0_c3,se_beta0,NA,primary,0.3727842231188455,0.28126229713848555,0.4940871151951705,0.23290987009397995,0.09210179049202885,0.6281370753590446,0.05000003450386037,1,0.3808147437602483,0.5110897861941992,46,FALSE,k_effect_sizes,0.3903771039959561,-0.017592880877110584,-4.506637478742304,6
meta_analysis_level,z_1.96,source_paper,influence_check,two_derivations,MA14,2,46,271,5469,4.7212543554006965,power,yang2023_gated_beta0_c3,se_beta0,NA,primary,0.23597556462354718,0.17245859399629648,0.32288600880393187,0.23290987009397995,0.09210179049202885,0.6281370753590446,0.05000003450386037,1,0.3808147437602483,0.3808147437602483,46,FALSE,equal_per_meta_analysis,0.2504743908406155,-0.014498826217068328,-5.788546353345314,2
meta_analysis_level,z_1.96,source_paper,influence_check,two_derivations,MA15,4,44,36,5704,0.627177700348432,power,yang2023_gated_beta0_c3,se_beta0,NA,primary,0.39188323296001615,0.29391463679189433,0.5225070447373839,0.2613870909145822,0.09952918100433972,0.6611709368538004,0.05000003450386037,1,0.40996198955754753,0.534452983622988,44,FALSE,k_effect_sizes,0.3903771039959561,0.0015061289640600495,0.38581385758618136,23
meta_analysis_level,z_1.96,source_paper,influence_check,two_derivations,MA15,4,44,36,5704,0.627177700348432,power,yang2023_gated_beta0_c3,se_beta0,NA,primary,0.2577364262278971,0.18710502013217026,0.35503090915360647,0.2613870909145822,0.09952918100433972,0.6611709368538004,0.05000003450386037,1,0.40996198955754753,0.40996198955754753,44,FALSE,equal_per_meta_analysis,0.2504743908406155,0.007262035387281596,2.8993125256875585,11
meta_analysis_level,z_1.96,source_paper,influence_check,two_derivations,MA17,1,47,66,5674,1.1498257839721255,power,yang2023_gated_beta0_c3,se_beta0,NA,primary,0.3932675926412581,0.2973584360386779,0.5201110198256953,0.28977723593975846,0.09275773247498836,0.6691577897608909,0.05000003450386037,1,0.41031639745169446,0.5375042838740607,47,FALSE,k_effect_sizes,0.3903771039959561,0.002890488645302003,0.7404349834338575,19
meta_analysis_level,z_1.96,source_paper,influence_check,two_derivations,MA17,1,47,66,5674,1.1498257839721255,power,yang2023_gated_beta0_c3,se_beta0,NA,primary,0.25149139423532835,0.18293024483678422,0.3457488477690555,0.28977723593975846,0.09275773247498836,0.6691577897608909,0.05000003450386037,1,0.41031639745169446,0.4103163974516945,47,FALSE,equal_per_meta_analysis,0.2504743908406155,0.0010170033947128343,0.4060308885470043,25
meta_analysis_level,z_1.96,source_paper,influence_check,two_derivations,MA18,1,47,23,5717,0.40069686411149824,power,yang2023_gated_beta0_c3,se_beta0,NA,primary,0.3890753604768276,0.29440959460560057,0.5141803762644549,0.2329969458894059,0.09275773247498836,0.640777958093695,0.05000003450386037,1,0.3956687445807221,0.5322490612340827,47,FALSE,k_effect_sizes,0.3903771039959561,-0.0013017435191284843,-0.3334579579088115,25
meta_analysis_level,z_1.96,source_paper,influence_check,two_derivations,MA18,1,47,23,5717,0.40069686411149824,power,yang2023_gated_beta0_c3,se_beta0,NA,primary,0.24377611839239643,0.17817271728914655,0.33353476785126,0.2329969458894059,0.09275773247498836,0.640777958093695,0.05000003450386037,1,0.3956687445807221,0.3956687445807222,47,FALSE,equal_per_meta_analysis,0.2504743908406155,-0.006698272448219078,-2.6742344499727344,14
meta_analysis_level,z_1.96,source_paper,influence_check,two_derivations,MA20,1,47,29,5711,0.5052264808362369,power,yang2023_gated_beta0_c3,se_beta0,NA,primary,0.3935083608287051,0.29818487059531207,0.5193047847563357,0.28977723593975846,0.09770932614986227,0.6691577897608909,0.05000003450386037,1,0.4129991862200502,0.5360035722689287,47,FALSE,k_effect_sizes,0.3903771039959561,0.0031312568327490076,0.8021107797299143,17
meta_analysis_level,z_1.96,source_paper,influence_check,two_derivations,MA20,1,47,29,5711,0.5052264808362369,power,yang2023_gated_beta0_c3,se_beta0,NA,primary,0.25656693878895326,0.18732304911058445,0.35140680440597766,0.28977723593975846,0.09770932614986227,0.6691577897608909,0.05000003450386037,1,0.4129991862200502,0.4129991862200503,47,FALSE,equal_per_meta_analysis,0.2504743908406155,0.006092547948337745,2.432403539495831,15
meta_analysis_level,z_1.96,source_paper,influence_check,two_derivations,MA21,1,47,11,5729,0.1916376306620209,power,yang2023_gated_beta0_c3,se_beta0,NA,primary,0.3912743024085345,0.2961586871041359,0.5169376634609862,0.28977723593975846,0.09275773247498836,0.6691577897608909,0.05000003450386037,1,0.41220880925314546,0.5345025037728223,47,FALSE,k_effect_sizes,0.3903771039959561,8.971984125784038e-4,0.2298286460436616,26
meta_analysis_level,z_1.96,source_paper,influence_check,two_derivations,MA21,1,47,11,5729,0.1916376306620209,power,yang2023_gated_beta0_c3,se_beta0,NA,primary,0.25451345236191303,0.18542385521985963,0.349346082554333,0.28977723593975846,0.09275773247498836,0.6691577897608909,0.05000003450386037,1,0.41220880925314546,0.41220880925314557,47,FALSE,equal_per_meta_analysis,0.2504743908406155,0.004039061521297516,1.6125646648913028,22
meta_analysis_level,z_1.96,source_paper,influence_check,two_derivations,MA22,3,45,276,5464,4.808362369337979,power,yang2023_gated_beta0_c3,se_beta0,NA,primary,0.3992239815331567,0.2985240387951434,0.5338926408554914,0.3061193987307229,0.09144584850906934,0.685131495575072,0.05000003450386037,1,0.4163625108029632,0.5479408816822373,45,FALSE,k_effect_sizes,0.3903771039959561,0.008846877537200593,2.2662388358955177,8
meta_analysis_level,z_1.96,source_paper,influence_check,two_derivations,MA22,3,45,276,5464,4.808362369337979,power,yang2023_gated_beta0_c3,se_beta0,NA,primary,0.25047246833504383,0.17952473881910602,0.3494585637975193,0.3061193987307229,0.09144584850906934,0.685131495575072,0.05000003450386037,1,0.4163625108029632,0.4163625108029632,45,FALSE,equal_per_meta_analysis,0.2504743908406155,-1.922505571683164e-6,-7.675457619593651e-4,28
meta_analysis_level,z_1.96,source_paper,influence_check,two_derivations,MA23,1,47,24,5716,0.4181184668989547,power,yang2023_gated_beta0_c3,se_beta0,NA,primary,0.3927166426445305,0.2974283074197326,0.5185328953654256,0.28977723593975846,0.09639744218394325,0.6691577897608909,0.05000003450386037,1,0.4127200073578756,0.5355504248637006,47,FALSE,k_effect_sizes,0.3903771039959561,0.0023395386485743908,0.5993022194761277,20
meta_analysis_level,z_1.96,source_paper,influence_check,two_derivations,MA23,1,47,24,5716,0.4181184668989547,power,yang2023_gated_beta0_c3,se_beta0,NA,primary,0.2557481861095928,0.18654565785025484,0.3506226596324798,0.28977723593975846,0.09639744218394325,0.6691577897608909,0.05000003450386037,1,0.4127200073578756,0.4127200073578757,47,FALSE,equal_per_meta_analysis,0.2504743908406155,0.0052737952689773104,2.105522744771604,19
meta_analysis_level,z_1.96,source_paper,influence_check,two_derivations,MA24,1,47,139,5601,2.421602787456446,power,yang2023_gated_beta0_c3,se_beta0,NA,primary,0.38542197019824387,0.2909860576880467,0.5105058857175556,0.2329969458894059,0.09275773247498836,0.6567516639078761,0.05000003450386037,1,0.4008239548577522,0.5307393879033926,47,FALSE,k_effect_sizes,0.3903771039959561,-0.00495513379771223,-1.2693197800257128,11
meta_analysis_level,z_1.96,source_paper,influence_check,two_derivations,MA24,1,47,139,5601,2.421602787456446,power,yang2023_gated_beta0_c3,se_beta0,NA,primary,0.24541803379544985,0.17898882733198995,0.336501513585032,0.2329969458894059,0.09275773247498836,0.6567516639078761,0.05000003450386037,1,0.4008239548577522,0.4008239548577522,47,FALSE,equal_per_meta_analysis,0.2504743908406155,-0.00505635704516566,-2.0187121837869526,20
meta_analysis_level,z_1.96,source_paper,influence_check,two_derivations,MA25,1,47,43,5697,0.7491289198606271,power,yang2023_gated_beta0_c3,se_beta0,NA,primary,0.3921268077487979,0.2965677325259419,0.5184766125620643,0.28977723593975846,0.09275773247498836,0.6691577897608909,0.05000003450386037,1,0.4101287882744249,0.5361035724137058,47,FALSE,k_effect_sizes,0.3903771039959561,0.0017497037528417803,0.4482086000771046,22
meta_analysis_level,z_1.96,source_paper,influence_check,two_derivations,MA25,1,47,43,5697,0.7491289198606271,power,yang2023_gated_beta0_c3,se_beta0,NA,primary,0.25126832293773277,0.18276021412927565,0.3454568622210171,0.28977723593975846,0.09275773247498836,0.6691577897608909,0.05000003450386037,1,0.4101287882744249,0.4101287882744249,47,FALSE,equal_per_meta_analysis,0.2504743908406155,7.939320971172559e-4,0.31697136559660777,27
meta_analysis_level,z_1.96,source_paper,influence_check,two_derivations,MA26,1,47,459,5281,7.996515679442509,power,yang2023_gated_beta0_c3,se_beta0,NA,primary,0.4666367048628181,0.3736884040923708,0.5827042314949756,0.28977723593975846,0.09770932614986227,0.6691577897608909,0.05000003450386037,1,0.4136554400405011,0.5757367988319252,47,FALSE,k_effect_sizes,0.3903771039959561,0.07625960086686201,19.534854909844302,1
meta_analysis_level,z_1.96,source_paper,influence_check,two_derivations,MA26,1,47,459,5281,7.996515679442509,power,yang2023_gated_beta0_c3,se_beta0,NA,primary,0.2591989853654675,0.19000755837071284,0.35358653408623236,0.28977723593975846,0.09770932614986227,0.6691577897608909,0.05000003450386037,1,0.4136554400405011,0.41365544004050114,47,FALSE,equal_per_meta_analysis,0.2504743908406155,0.00872459452485197,3.483228163794072,7
meta_analysis_level,z_1.96,source_paper,influence_check,two_derivations,MA28,2,46,168,5572,2.926829268292683,power,yang2023_gated_beta0_c3,se_beta0,NA,primary,0.38693676670322763,0.29079700657840435,0.5148610819223843,0.23290987009397995,0.09210179049202885,0.6771446426679815,0.05000003450386037,1,0.40075732232264294,0.5338603294939444,46,FALSE,k_effect_sizes,0.3903771039959561,-0.003440337292728468,-0.8812856229304167,15
meta_analysis_level,z_1.96,source_paper,influence_check,two_derivations,MA28,2,46,168,5572,2.926829268292683,power,yang2023_gated_beta0_c3,se_beta0,NA,primary,0.24257190874913087,0.17578093937484976,0.3347412473926937,0.23290987009397995,0.09210179049202885,0.6771446426679815,0.05000003450386037,1,0.40075732232264294,0.40075732232264294,46,FALSE,equal_per_meta_analysis,0.2504743908406155,-0.007902482091484642,-3.155006012775663,8
meta_analysis_level,z_1.96,source_paper,influence_check,two_derivations,MA31,1,47,734,5006,12.787456445993032,power,yang2023_gated_beta0_c3,se_beta0,NA,primary,0.3400839434486713,0.25816705793193095,0.4479932084212447,0.2329969458894059,0.09275773247498836,0.640777958093695,0.05000003450386037,1,0.39344489657024073,0.4653344044938157,47,FALSE,k_effect_sizes,0.3903771039959561,-0.050293160547284776,-12.883224972078732,2
meta_analysis_level,z_1.96,source_paper,influence_check,two_derivations,MA31,1,47,734,5006,12.787456445993032,power,yang2023_gated_beta0_c3,se_beta0,NA,primary,0.24320419463213405,0.17791424965697075,0.3324538669651607,0.2329969458894059,0.09275773247498836,0.640777958093695,0.05000003450386037,1,0.39344489657024073,0.3934448965702408,47,FALSE,equal_per_meta_analysis,0.2504743908406155,-0.007270196208481461,-2.9025706716291455,10
meta_analysis_level,z_1.96,source_paper,influence_check,two_derivations,MA32,1,47,13,5727,0.2264808362369338,power,yang2023_gated_beta0_c3,se_beta0,NA,primary,0.38954908036461183,0.29480308695722324,0.5147452408967954,0.2329969458894059,0.09275773247498836,0.640777958093695,0.05000003450386037,1,0.3935558675848467,0.5326578845644215,47,FALSE,k_effect_sizes,0.3903771039959561,-8.280236313442657e-4,-0.21210865669848422,27
meta_analysis_level,z_1.96,source_paper,influence_check,two_derivations,MA32,1,47,13,5727,0.2264808362369338,power,yang2023_gated_beta0_c3,se_beta0,NA,primary,0.24323125538564547,0.17792617451690465,0.3325055673068281,0.2329969458894059,0.09275773247498836,0.640777958093695,0.05000003450386037,1,0.3935558675848467,0.39355586758484673,47,FALSE,equal_per_meta_analysis,0.2504743908406155,-0.0072431354549700455,-2.8917668711205935,12
meta_analysis_level,z_1.96,source_paper,influence_check,two_derivations,MA34,1,47,555,5185,9.668989547038327,power,yang2023_gated_beta0_c3,se_beta0,NA,primary,0.37098453057196507,0.2778287920566745,0.4953753025554893,0.2329969458894059,0.09275773247498836,0.6691577897608909,0.05000003450386037,1,0.40135187510681664,0.5235713659444391,47,FALSE,k_effect_sizes,0.3903771039959561,-0.019392573423991033,-4.967651336486146,4
meta_analysis_level,z_1.96,source_paper,influence_check,two_derivations,MA34,1,47,555,5185,9.668989547038327,power,yang2023_gated_beta0_c3,se_beta0,NA,primary,0.24562033591776683,0.1790968827228395,0.33685315176433867,0.2329969458894059,0.09275773247498836,0.6691577897608909,0.05000003450386037,1,0.40135187510681664,0.4013518751068167,47,FALSE,equal_per_meta_analysis,0.2504743908406155,-0.004854054922848683,-1.9379445964747166,21
meta_analysis_level,z_1.96,source_paper,influence_check,two_derivations,MA39,2,46,52,5688,0.9059233449477352,power,yang2023_gated_beta0_c3,se_beta0,NA,primary,0.3976827795348755,0.30143301155678337,0.5246658032635292,0.2979483173352407,0.10553575873491933,0.6771446426679815,0.050104280357511355,1,0.4214568516824254,0.5381136562558663,46,FALSE,k_effect_sizes,0.3903771039959561,0.0073056755389194206,1.8714405799257872,9
meta_analysis_level,z_1.96,source_paper,influence_check,two_derivations,MA39,2,46,52,5688,0.9059233449477352,power,yang2023_gated_beta0_c3,se_beta0,NA,primary,0.2681065119437265,0.19667390735644272,0.36548367148854954,0.2979483173352407,0.10553575873491933,0.6771446426679815,0.050104280357511355,1,0.4214568516824254,0.42145685168242547,46,FALSE,equal_per_meta_analysis,0.2504743908406155,0.017632121103110965,7.039490561863793,1
meta_analysis_level,z_1.96,source_paper,influence_check,two_derivations,MA41,4,44,527,5213,9.181184668989546,power,yang2023_gated_beta0_c3,se_beta0,NA,primary,0.4084106302025797,0.30643829392988775,0.5443159231940886,0.2613870909145822,0.09094980708804998,0.6611709368538004,0.05000003450386037,1,0.4042120992631052,0.5505088831251045,44,FALSE,k_effect_sizes,0.3903771039959561,0.01803352620662363,4.619514316293105,5
meta_analysis_level,z_1.96,source_paper,influence_check,two_derivations,MA41,4,44,527,5213,9.181184668989546,power,yang2023_gated_beta0_c3,se_beta0,NA,primary,0.24676078382224398,0.17731441255469593,0.343406289174521,0.2613870909145822,0.09094980708804998,0.6611709368538004,0.05000003450386037,1,0.4042120992631052,0.4042120992631052,44,FALSE,equal_per_meta_analysis,0.2504743908406155,-0.003713607018371534,-1.4826294240733784,23
meta_analysis_level,z_1.96,source_paper,influence_check,two_derivations,MA43,1,47,13,5727,0.2264808362369338,power,yang2023_gated_beta0_c3,se_beta0,NA,primary,0.3916848365445692,0.2965576134521816,0.5173261593018705,0.28977723593975846,0.09770932614986227,0.6691577897608909,0.05000003450386037,1,0.4128180484986398,0.5347129208029979,47,FALSE,k_effect_sizes,0.3903771039959561,0.0013077325486131053,0.3349921230592079,24
meta_analysis_level,z_1.96,source_paper,influence_check,two_derivations,MA43,1,47,13,5727,0.2264808362369338,power,yang2023_gated_beta0_c3,se_beta0,NA,primary,0.25602162741628715,0.18680229277066532,0.35089009204697197,0.28977723593975846,0.09770932614986227,0.6691577897608909,0.05000003450386037,1,0.4128180484986398,0.41281804849863984,47,FALSE,equal_per_meta_analysis,0.2504743908406155,0.005547236575671632,2.214692111658434,17
meta_analysis_level,z_1.96,source_paper,influence_check,two_derivations,MA45,2,46,39,5701,0.6794425087108014,power,yang2023_gated_beta0_c3,se_beta0,NA,primary,0.3886260399958909,0.29307354404968106,0.5153320797092676,0.23290987009397995,0.09210179049202885,0.6469810210202023,0.05000003450386037,0.9999998234597456,0.394040752169426,0.531737854819918,46,FALSE,k_effect_sizes,0.3903771039959561,-0.0017510640000651945,-0.44855704449391354,21
meta_analysis_level,z_1.96,source_paper,influence_check,two_derivations,MA45,2,46,39,5701,0.6794425087108014,power,yang2023_gated_beta0_c3,se_beta0,NA,primary,0.24105227449762381,0.17519071458871335,0.33167396558025836,0.23290987009397995,0.09210179049202885,0.6469810210202023,0.05000003450386037,0.9999998234597456,0.394040752169426,0.394040752169426,46,FALSE,equal_per_meta_analysis,0.2504743908406155,-0.009422116342991699,-3.7617084570483184,4
meta_analysis_level,z_1.96,source_paper,influence_check,two_derivations,MA47,2,46,103,5637,1.7944250871080138,power,yang2023_gated_beta0_c3,se_beta0,NA,primary,0.3969326021065105,0.3011411159099542,0.5231948820371539,0.2613870909145822,0.09588947129538483,0.6469810210202023,0.05000003450386037,1,0.40107539932559694,0.5361729512617729,46,FALSE,k_effect_sizes,0.3903771039959561,0.006555498110554392,1.6792732062027582,10
meta_analysis_level,z_1.96,source_paper,influence_check,two_derivations,MA47,2,46,103,5637,1.7944250871080138,power,yang2023_gated_beta0_c3,se_beta0,NA,primary,0.251405036887778,0.18393319717794043,0.3436274339938744,0.2613870909145822,0.09588947129538483,0.6469810210202023,0.05000003450386037,1,0.40107539932559694,0.40107539932559694,46,FALSE,equal_per_meta_analysis,0.2504743908406155,9.306460471624756e-4,0.37155337279757283,26
meta_analysis_level,z_1.96,source_paper,influence_check,two_derivations,MA01,3,45,52,5688,0.9059233449477352,type_M,yang2023_gated_beta0_c3,se_beta0,NA,primary,2.168570528962695,1.4517158083783104,3.2394068535623757,1.840814936167618,1.2122828151379135,3.9378048947041413,1,4259.631579854067,99.71916309106247,35.61537939384519,45,FALSE,k_effect_sizes,2.1770696432395016,-0.008499114276806718,-0.3903923929672759,16
meta_analysis_level,z_1.96,source_paper,influence_check,two_derivations,MA01,3,45,52,5688,0.9059233449477352,type_M,yang2023_gated_beta0_c3,se_beta0,NA,primary,2.8847777986199064,1.8510487620178364,4.495798878003909,1.840814936167618,1.2122828151379135,3.9378048947041413,1,4259.631579854067,99.71916309106247,99.71916309106244,45,FALSE,equal_per_meta_analysis,2.9363645127941456,-0.05158671417423921,-1.756822558965987,19
meta_analysis_level,z_1.96,source_paper,influence_check,two_derivations,MA05,3,45,37,5703,0.6445993031358885,type_M,yang2023_gated_beta0_c3,se_beta0,NA,primary,2.179971462592259,1.4589054950950548,3.2574252367230945,2.069093426657648,1.2401021566691417,4.0525804286881515,1,4259.631579854067,100.00063840265146,35.5564516474615,45,FALSE,k_effect_sizes,2.1770696432395016,0.00290181935275724,0.13329014814791318,25
meta_analysis_level,z_1.96,source_paper,influence_check,two_derivations,MA05,3,45,37,5703,0.6445993031358885,type_M,yang2023_gated_beta0_c3,se_beta0,NA,primary,3.0558379035836936,1.9555900794680665,4.775103632924351,2.069093426657648,1.2401021566691417,4.0525804286881515,1,4259.631579854067,100.00063840265146,100.0006384026514,45,FALSE,equal_per_meta_analysis,2.9363645127941456,0.119473390789548,4.068752032282985,4
meta_analysis_level,z_1.96,source_paper,influence_check,two_derivations,MA06,2,46,46,5694,0.8013937282229965,type_M,yang2023_gated_beta0_c3,se_beta0,NA,primary,2.1638677178238046,1.4552717878473758,3.2174907390777157,1.8151234028047205,1.2192376505207205,3.7581208410582976,1,4259.631579854067,97.679664803119607,35.58489883346884,46,FALSE,k_effect_sizes,2.1770696432395016,-0.01320192541569698,-0.6064080428797136,12
meta_analysis_level,z_1.96,source_paper,influence_check,two_derivations,MA06,2,46,46,5694,0.8013937282229965,type_M,yang2023_gated_beta0_c3,se_beta0,NA,primary,2.8568011392799364,1.8450879306982766,4.423264936919553,1.8151234028047205,1.2192376505207205,3.7581208410582976,1,4259.631579854067,97.679664803119607,97.679664803119607,46,FALSE,equal_per_meta_analysis,2.9363645127941456,-0.07956337351420917,-2.709587762947707,9
meta_analysis_level,z_1.96,source_paper,influence_check,two_derivations,MA08,1,47,531,5209,9.250871080139373,type_M,yang2023_gated_beta0_c3,se_beta0,NA,primary,2.326824418316961,1.551177106647321,3.490324767220167,2.069093426657648,1.2515772319879943,3.995192661696146,1,4259.631579854067,95.83228195756972,38.82657736643514,47,FALSE,k_effect_sizes,2.1770696432395016,0.14975477507745927,6.878731488562884,4
meta_analysis_level,z_1.96,source_paper,influence_check,two_derivations,MA08,1,47,531,5209,9.250871080139373,type_M,yang2023_gated_beta0_c3,se_beta0,NA,primary,2.996434292857339,1.9530133090085007,4.5973155584739445,2.069093426657648,1.2515772319879943,3.995192661696146,1,4259.631579854067,95.83228195756972,95.8322819575697,47,FALSE,equal_per_meta_analysis,2.9363645127941456,0.06006978006319352,2.045719453475936,15
meta_analysis_level,z_1.96,source_paper,influence_check,two_derivations,MA09,1,47,1297,4443,22.59581881533101,type_M,yang2023_gated_beta0_c3,se_beta0,NA,primary,2.4181002406893337,1.557677143668657,3.7538002003742625,2.069093426657648,1.2261924859035276,3.995192661696146,1,4259.631579854067,95.82407419316998,45.212463869356114,47,FALSE,k_effect_sizes,2.1770696432395016,0.24103059744983213,11.071331511984894,3
meta_analysis_level,z_1.96,source_paper,influence_check,two_derivations,MA09,1,47,1297,4443,22.59581881533101,type_M,yang2023_gated_beta0_c3,se_beta0,NA,primary,2.977819024440247,1.9388368123615503,4.573570135341895,2.069093426657648,1.2261924859035276,3.995192661696146,1,4259.631579854067,95.82407419316998,95.82407419316995,47,FALSE,equal_per_meta_analysis,2.9363645127941456,0.041454511646101366,1.4117631331354907,20
meta_analysis_level,z_1.96,source_paper,influence_check,two_derivations,MA10,1,47,32,5708,0.5574912891986062,type_M,yang2023_gated_beta0_c3,se_beta0,NA,primary,2.1694989573278387,1.4658681909403606,3.2108792283890097,1.840814936167618,1.2261924859035276,3.802420851530024,1,4259.631579854067,95.77017570824448,35.51504791017264,47,FALSE,k_effect_sizes,2.1770696432395016,-0.007570685911662878,-0.3477466113760874,18
meta_analysis_level,z_1.96,source_paper,influence_check,two_derivations,MA10,1,47,32,5708,0.5574912891986062,type_M,yang2023_gated_beta0_c3,se_beta0,NA,primary,2.9163047811979292,1.8973882026895104,4.482389826595563,1.840814936167618,1.2261924859035276,3.802420851530024,1,4259.631579854067,95.77017570824448,95.77017570824445,47,FALSE,equal_per_meta_analysis,2.9363645127941456,-0.020059731596216324,-0.6831485501480938,24
meta_analysis_level,z_1.96,source_paper,influence_check,two_derivations,MA12,1,47,70,5670,1.2195121951219512,type_M,yang2023_gated_beta0_c3,se_beta0,NA,primary,2.1975618514093838,1.4837152910155424,3.254854971174689,2.069093426657648,1.2515772319879943,3.995192661696146,1,4259.631579854067,95.83471365494688,35.76335542497816,47,FALSE,k_effect_sizes,2.1770696432395016,0.020492208169882176,0.9412748110064761,11
meta_analysis_level,z_1.96,source_paper,influence_check,two_derivations,MA12,1,47,70,5670,1.2195121951219512,type_M,yang2023_gated_beta0_c3,se_beta0,NA,primary,3.0032173158979725,1.958369806414002,4.6055214990394555,2.069093426657648,1.2515772319879943,3.995192661696146,1,4259.631579854067,95.83471365494688,95.83471365494684,47,FALSE,equal_per_meta_analysis,2.9363645127941456,0.06685280310382691,2.27672016919358,13
meta_analysis_level,z_1.96,source_paper,influence_check,two_derivations,MA13,3,45,94,5646,1.637630662020906,type_M,yang2023_gated_beta0_c3,se_beta0,NA,primary,2.1659534175460835,1.44883717276774,3.2380134187319194,1.840814936167618,1.2122828151379135,3.9378048947041413,1,4259.631579854067,99.48111227570836,35.83800258892469,45,FALSE,k_effect_sizes,2.1770696432395016,-0.01111622569341808,-0.5106049651621203,13
meta_analysis_level,z_1.96,source_paper,influence_check,two_derivations,MA13,3,45,94,5646,1.637630662020906,type_M,yang2023_gated_beta0_c3,se_beta0,NA,primary,2.847726278372594,1.8363420812829032,4.416140674001406,1.840814936167618,1.2122828151379135,3.9378048947041413,1,4259.631579854067,99.48111227570836,99.48111227570836,45,FALSE,equal_per_meta_analysis,2.9363645127941456,-0.0886382344215515,-3.018638661356332,8
meta_analysis_level,z_1.96,source_paper,influence_check,two_derivations,MA14,2,46,271,5469,4.7212543554006965,type_M,yang2023_gated_beta0_c3,se_beta0,NA,primary,2.2619588650483875,1.5132304504064678,3.3811491870234707,2.069522433069448,1.2632757270375374,4.023886545192148,1,4259.631579854067,97.89641678981982,37.04094502995553,46,FALSE,k_effect_sizes,2.1770696432395016,0.08488922180888592,3.899242363352684,7
meta_analysis_level,z_1.96,source_paper,influence_check,two_derivations,MA14,2,46,271,5469,4.7212543554006965,type_M,yang2023_gated_beta0_c3,se_beta0,NA,primary,3.076116125197932,1.992183278749741,4.749809175007849,2.069522433069448,1.2632757270375374,4.023886545192148,1,4259.631579854067,97.89641678981982,97.89641678981981,46,FALSE,equal_per_meta_analysis,2.9363645127941456,0.1397516124037863,4.759341416737239,3
meta_analysis_level,z_1.96,source_paper,influence_check,two_derivations,MA15,4,44,36,5704,0.627177700348432,type_M,yang2023_gated_beta0_c3,se_beta0,NA,primary,2.171416401663792,1.4473417013604812,3.257730489615858,1.954954181412633,1.2331473212863346,3.734728829942966,1,4259.631579854067,101.8705387021936,35.52698415395738,44,FALSE,k_effect_sizes,2.1770696432395016,-0.005653241575709789,-0.2596720593328272,21
meta_analysis_level,z_1.96,source_paper,influence_check,two_derivations,MA15,4,44,36,5704,0.627177700348432,type_M,yang2023_gated_beta0_c3,se_beta0,NA,primary,2.884406825557148,1.839257107799789,4.523458248462732,1.954954181412633,1.2331473212863346,3.734728829942966,1,4259.631579854067,101.8705387021936,101.87053870219357,44,FALSE,equal_per_meta_analysis,2.9363645127941456,-0.051957687236997785,-1.7694563127503726,18
meta_analysis_level,z_1.96,source_paper,influence_check,two_derivations,MA17,1,47,66,5674,1.1498257839721255,type_M,yang2023_gated_beta0_c3,se_beta0,NA,primary,2.1766643091678994,1.4686260524940205,3.226054383796013,1.840814936167618,1.2261924859035276,3.995192661696146,1,4259.631579854067,95.80933274376147,35.72498605232002,47,FALSE,k_effect_sizes,2.1770696432395016,-4.0533407160214807e-4,-0.018618332806252802,27
meta_analysis_level,z_1.96,source_paper,influence_check,two_derivations,MA17,1,47,66,5674,1.1498257839721255,type_M,yang2023_gated_beta0_c3,se_beta0,NA,primary,2.9541101324264716,1.921883879538899,4.540735664320408,1.840814936167618,1.2261924859035276,3.995192661696146,1,4259.631579854067,95.80933274376147,95.80933274376146,47,FALSE,equal_per_meta_analysis,2.9363645127941456,0.017745619632326015,0.6043398070983974,27
meta_analysis_level,z_1.96,source_paper,influence_check,two_derivations,MA18,1,47,23,5717,0.40069686411149824,type_M,yang2023_gated_beta0_c3,se_beta0,NA,primary,2.183358163967857,1.4756718588632918,3.2304287999617656,2.069093426657648,1.2515772319879943,3.995192661696146,1,4259.631579854067,95.83378532398808,35.477545686503845,47,FALSE,k_effect_sizes,2.1770696432395016,0.006288520728355618,0.2888525292648936,20
meta_analysis_level,z_1.96,source_paper,influence_check,two_derivations,MA18,1,47,23,5717,0.40069686411149824,type_M,yang2023_gated_beta0_c3,se_beta0,NA,primary,3.000540233231898,1.9562435001074363,4.602311363973287,2.069093426657648,1.2515772319879943,3.995192661696146,1,4259.631579854067,95.83378532398808,95.83378532398805,47,FALSE,equal_per_meta_analysis,2.9363645127941456,0.06417572043775222,2.1855501984896497,14
meta_analysis_level,z_1.96,source_paper,influence_check,two_derivations,MA20,1,47,29,5711,0.5052264808362369,type_M,yang2023_gated_beta0_c3,se_beta0,NA,primary,2.1686949257918555,1.4656017813204154,3.2090829453809886,1.840814936167618,1.2261924859035276,3.802420851530024,1,4259.631579854067,95.7574523262064,35.49548402080786,47,FALSE,k_effect_sizes,2.1770696432395016,-0.008374717447646063,-0.38467843569691684,17
meta_analysis_level,z_1.96,source_paper,influence_check,two_derivations,MA20,1,47,29,5711,0.5052264808362369,type_M,yang2023_gated_beta0_c3,se_beta0,NA,primary,2.9077769691753224,1.8922934115048002,4.468211351929117,1.840814936167618,1.2261924859035276,3.802420851530024,1,4259.631579854067,95.7574523262064,95.75745232620638,47,FALSE,equal_per_meta_analysis,2.9363645127941456,-0.028587543618823208,-0.973569306339972,22
meta_analysis_level,z_1.96,source_paper,influence_check,two_derivations,MA21,1,47,11,5729,0.1916376306620209,type_M,yang2023_gated_beta0_c3,se_beta0,NA,primary,2.1754353701913396,1.4706265866144717,3.218029031267726,1.840814936167618,1.2261924859035276,3.995192661696146,1,4259.631579854067,95.78791000076718,35.40132069986073,47,FALSE,k_effect_sizes,2.1770696432395016,-0.0016342730481619938,-0.07506755942497945,26
meta_analysis_level,z_1.96,source_paper,influence_check,two_derivations,MA21,1,47,11,5729,0.1916376306620209,type_M,yang2023_gated_beta0_c3,se_beta0,NA,primary,2.930627356035976,1.9063020422006227,4.505359858940202,1.840814936167618,1.2261924859035276,3.995192661696146,1,4259.631579854067,95.78791000076718,95.78791000076716,47,FALSE,equal_per_meta_analysis,2.9363645127941456,-0.005737156758169437,-0.19538298917494146,28
meta_analysis_level,z_1.96,source_paper,influence_check,two_derivations,MA22,3,45,276,5464,4.808362369337979,type_M,yang2023_gated_beta0_c3,se_beta0,NA,primary,2.1869560783096844,1.4507848528611325,3.2966823985123836,1.7894318694418232,1.2122828151379135,4.0525804286881515,1,4259.631579854067,99.98379953141938,37.024053613318316,45,FALSE,k_effect_sizes,2.1770696432395016,0.00988643507018283,0.4541166195984214,14
meta_analysis_level,z_1.96,source_paper,influence_check,two_derivations,MA22,3,45,276,5464,4.808362369337979,type_M,yang2023_gated_beta0_c3,se_beta0,NA,primary,3.0134883130945287,1.923738500458692,4.7205541766679975,1.7894318694418232,1.2122828151379135,4.0525804286881515,1,4259.631579854067,99.98379953141938,99.98379953141935,45,FALSE,equal_per_meta_analysis,2.9363645127941456,0.07712380030038313,2.62650634702688,10
meta_analysis_level,z_1.96,source_paper,influence_check,two_derivations,MA23,1,47,24,5716,0.4181184668989547,type_M,yang2023_gated_beta0_c3,se_beta0,NA,primary,2.1716590515575454,1.4676161798977447,3.2134444283248556,1.840814936167618,1.2261924859035276,3.8598086185220293,1,4259.631579854067,95.77261774088242,35.471495578640756,47,FALSE,k_effect_sizes,2.1770696432395016,-0.005410591681956234,-0.24852634819275687,22
meta_analysis_level,z_1.96,source_paper,influence_check,two_derivations,MA23,1,47,24,5716,0.4181184668989547,type_M,yang2023_gated_beta0_c3,se_beta0,NA,primary,2.918088019009151,1.8984736450480475,4.485307293517495,1.840814936167618,1.2261924859035276,3.8598086185220293,1,4259.631579854067,95.77261774088242,95.77261774088241,47,FALSE,equal_per_meta_analysis,2.9363645127941456,-0.018276493784994408,-0.6224191072110141,26
meta_analysis_level,z_1.96,source_paper,influence_check,two_derivations,MA24,1,47,139,5601,2.421602787456446,type_M,yang2023_gated_beta0_c3,se_beta0,NA,primary,2.2076893618410285,1.4870895012202172,3.2774707335280233,2.069093426657648,1.2376675612223802,3.995192661696146,1,4259.631579854067,95.83001567147893,36.185895705268074,47,FALSE,k_effect_sizes,2.1770696432395016,0.030619718601526902,1.4064648182758432,9
meta_analysis_level,z_1.96,source_paper,influence_check,two_derivations,MA24,1,47,139,5601,2.421602787456446,type_M,yang2023_gated_beta0_c3,se_beta0,NA,primary,2.990714206381626,1.9485756466573327,4.590210023201524,2.069093426657648,1.2376675612223802,3.995192661696146,1,4259.631579854067,95.83001567147893,95.83001567147889,47,FALSE,equal_per_meta_analysis,2.9363645127941456,0.05434969358748054,1.8509178050160724,16
meta_analysis_level,z_1.96,source_paper,influence_check,two_derivations,MA25,1,47,43,5697,0.7491289198606271,type_M,yang2023_gated_beta0_c3,se_beta0,NA,primary,2.1772000740510395,1.4701555172788083,3.224284850640666,1.840814936167618,1.2261924859035276,3.995192661696146,1,4259.631579854067,95.81044639837971,35.5900828771833,47,FALSE,k_effect_sizes,2.1770696432395016,1.3043081153796265e-4,0.00599111801236063,28
meta_analysis_level,z_1.96,source_paper,influence_check,two_derivations,MA25,1,47,43,5697,0.7491289198606271,type_M,yang2023_gated_beta0_c3,se_beta0,NA,primary,2.9556155351381883,1.9229237713766336,4.542906651622639,1.840814936167618,1.2261924859035276,3.995192661696146,1,4259.631579854067,95.81044639837971,95.8104463983797,47,FALSE,equal_per_meta_analysis,2.9363645127941456,0.019251022344042745,0.6556073764058645,25
meta_analysis_level,z_1.96,source_paper,influence_check,two_derivations,MA26,1,47,459,5281,7.996515679442509,type_M,yang2023_gated_beta0_c3,se_beta0,NA,primary,1.5959969904426667,1.2488650044673408,2.0396170798207853,1.840814936167618,1.2261924859035276,3.802420851530024,1,4259.631579854067,94.20758628009597,31.675762146329824,47,FALSE,k_effect_sizes,2.1770696432395016,-0.5810726527968348,-26.690586339359957,1
meta_analysis_level,z_1.96,source_paper,influence_check,two_derivations,MA26,1,47,459,5281,7.996515679442509,type_M,yang2023_gated_beta0_c3,se_beta0,NA,primary,2.738836729417814,1.8257680683956612,4.1085320530331915,1.840814936167618,1.2261924859035276,3.802420851530024,1,4259.631579854067,94.20758628009597,94.20758628009594,47,FALSE,equal_per_meta_analysis,2.9363645127941456,-0.19752778337633137,-6.7269503672202635,2
meta_analysis_level,z_1.96,source_paper,influence_check,two_derivations,MA28,2,46,168,5572,2.926829268292683,type_M,yang2023_gated_beta0_c3,se_beta0,NA,primary,2.2073453395545473,1.4782470374623304,3.296048173664844,2.069522433069448,1.2192376505207205,4.023886545192148,1,4259.631579854067,97.880238277691,36.363558201332125,46,FALSE,k_effect_sizes,2.1770696432395016,0.030275696315045675,1.3906627382849868,10
meta_analysis_level,z_1.96,source_paper,influence_check,two_derivations,MA28,2,46,168,5572,2.926829268292683,type_M,yang2023_gated_beta0_c3,se_beta0,NA,primary,3.0346503862263288,1.9601141226818601,4.69824836220432,2.069522433069448,1.2192376505207205,4.023886545192148,1,4259.631579854067,97.880238277691,97.88023827769099,46,FALSE,equal_per_meta_analysis,2.9363645127941456,0.0982858734321832,3.347195928977409,7
meta_analysis_level,z_1.96,source_paper,influence_check,two_derivations,MA31,1,47,734,5006,12.787456445993032,type_M,yang2023_gated_beta0_c3,se_beta0,NA,primary,2.440127516362706,1.6225383874477692,3.669695794055348,2.069093426657648,1.2515772319879943,3.995192661696146,1,4259.631579854067,95.83512422519374,40.37466559089936,47,FALSE,k_effect_sizes,2.1770696432395016,0.2630578731232043,12.083117044054292,2
meta_analysis_level,z_1.96,source_paper,influence_check,two_derivations,MA31,1,47,734,5006,12.787456445993032,type_M,yang2023_gated_beta0_c3,se_beta0,NA,primary,3.0044388498515997,1.9593453361954523,4.606973888546393,2.069093426657648,1.2515772319879943,3.995192661696146,1,4259.631579854067,95.83512422519374,95.83512422519372,47,FALSE,equal_per_meta_analysis,2.9363645127941456,0.06807433705745414,2.3183203842998656,11
meta_analysis_level,z_1.96,source_paper,influence_check,two_derivations,MA32,1,47,13,5727,0.2264808362369338,type_M,yang2023_gated_beta0_c3,se_beta0,NA,primary,2.180901191176959,1.474398358529346,3.225946351718222,2.069093426657648,1.2515772319879943,3.995192661696146,1,4259.631579854067,95.83505320115233,35.41758907762829,47,FALSE,k_effect_sizes,2.1770696432395016,0.0038315479374575467,0.17599565311821053,23
meta_analysis_level,z_1.96,source_paper,influence_check,two_derivations,MA32,1,47,13,5727,0.2264808362369338,type_M,yang2023_gated_beta0_c3,se_beta0,NA,primary,3.0042258254096494,1.9591749728398546,4.606721163335335,2.069093426657648,1.2515772319879943,3.995192661696146,1,4259.631579854067,95.83505320115233,95.8350532011523,47,FALSE,equal_per_meta_analysis,2.9363645127941456,0.06786131261550388,2.3110656841077715,12
meta_analysis_level,z_1.96,source_paper,influence_check,two_derivations,MA34,1,47,555,5185,9.668989547038327,type_M,yang2023_gated_beta0_c3,se_beta0,NA,primary,2.3077136885421905,1.5348463975947693,3.469755981204742,2.069093426657648,1.2261924859035276,3.995192661696146,1,4259.631579854067,95.82952737040152,38.98719035958113,47,FALSE,k_effect_sizes,2.1770696432395016,0.13064404530268892,6.000912543536696,5
meta_analysis_level,z_1.96,source_paper,influence_check,two_derivations,MA34,1,47,555,5185,9.668989547038327,type_M,yang2023_gated_beta0_c3,se_beta0,NA,primary,2.989547578390404,1.9476794714881143,4.588740013073794,2.069093426657648,1.2261924859035276,3.995192661696146,1,4259.631579854067,95.82952737040152,95.8295273704015,47,FALSE,equal_per_meta_analysis,2.9363645127941456,0.053183065596258405,1.8111874518484505,17
meta_analysis_level,z_1.96,source_paper,influence_check,two_derivations,MA39,2,46,52,5688,0.9059233449477352,type_M,yang2023_gated_beta0_c3,se_beta0,NA,primary,2.0633206053165845,1.452002446541185,2.9320142885883502,1.8151234028047205,1.2192376505207205,3.5550447762971222,1,77.4942835516681,5.092053229976335,7.924127186380976,46,FALSE,k_effect_sizes,2.1770696432395016,-0.11374903792291713,-5.2248690470763854,6
meta_analysis_level,z_1.96,source_paper,influence_check,two_derivations,MA39,2,46,52,5688,0.9059233449477352,type_M,yang2023_gated_beta0_c3,se_beta0,NA,primary,2.433809231925966,1.8252892143860997,3.24519935291476,1.8151234028047205,1.2192376505207205,3.5550447762971222,1,77.4942835516681,5.092053229976335,5.092053229976335,46,FALSE,equal_per_meta_analysis,2.9363645127941456,-0.5025552808681795,-17.114880617800576,1
meta_analysis_level,z_1.96,source_paper,influence_check,two_derivations,MA41,4,44,527,5213,9.181184668989546,type_M,yang2023_gated_beta0_c3,se_beta0,NA,primary,2.183985028252786,1.4309537108058743,3.3332948282066424,1.954954181412633,1.2331473212863346,4.076165160600801,1,4259.631579854067,102.19624723307832,38.67606145993416,44,FALSE,k_effect_sizes,2.1770696432395016,0.006915385013284592,0.31764647652678946,19
meta_analysis_level,z_1.96,source_paper,influence_check,two_derivations,MA41,4,44,527,5213,9.181184668989546,type_M,yang2023_gated_beta0_c3,se_beta0,NA,primary,3.051348184829555,1.9329216015169914,4.816918460508381,1.954954181412633,1.2331473212863346,4.076165160600801,1,4259.631579854067,102.19624723307832,102.19624723307832,44,FALSE,equal_per_meta_analysis,2.9363645127941456,0.1149836720354096,3.9158514392341193,5
meta_analysis_level,z_1.96,source_paper,influence_check,two_derivations,MA43,1,47,13,5727,0.2264808362369338,type_M,yang2023_gated_beta0_c3,se_beta0,NA,primary,2.173887520150514,1.4695872436706703,3.2157239868674203,1.840814936167618,1.2261924859035276,3.802420851530024,1,4259.631579854067,95.76816849701787,35.41045330772674,47,FALSE,k_effect_sizes,2.1770696432395016,-0.0031821230889876873,-0.14616542465093474,24
meta_analysis_level,z_1.96,source_paper,influence_check,two_derivations,MA43,1,47,13,5727,0.2264808362369338,type_M,yang2023_gated_beta0_c3,se_beta0,NA,primary,2.914877263588631,1.8965242863174148,4.4800425299504525,1.840814936167618,1.2261924859035276,3.802420851530024,1,4259.631579854067,95.76816849701787,95.76816849701783,47,FALSE,equal_per_meta_analysis,2.9363645127941456,-0.02148724920551448,-0.7317636864187516,23
meta_analysis_level,z_1.96,source_paper,influence_check,two_derivations,MA45,2,46,39,5701,0.6794425087108014,type_M,yang2023_gated_beta0_c3,se_beta0,NA,primary,2.1866100862587197,1.470497325258753,3.251460296595262,2.069522433069448,1.245839694328568,4.023886545192148,1.0000001320725767,4259.631579854067,97.88293825162836,35.57333512970171,46,FALSE,k_effect_sizes,2.1770696432395016,0.009540443019218081,0.4382240618183264,15
meta_analysis_level,z_1.96,source_paper,influence_check,two_derivations,MA45,2,46,39,5701,0.6794425087108014,type_M,yang2023_gated_beta0_c3,se_beta0,NA,primary,3.0444154647639103,1.9679996389756143,4.709587003236489,2.069522433069448,1.245839694328568,4.023886545192148,1.0000001320725767,4259.631579854067,97.88293825162836,97.88293825162833,46,FALSE,equal_per_meta_analysis,2.9363645127941456,0.10805095196976477,3.679752683938653,6
meta_analysis_level,z_1.96,source_paper,influence_check,two_derivations,MA47,2,46,103,5637,1.7944250871080138,type_M,yang2023_gated_beta0_c3,se_beta0,NA,primary,2.1429228651099312,1.4443256874677675,3.1794202967212937,1.954954181412633,1.245839694328568,3.8701128731170824,1,4259.631579854067,97.62572118828459,35.82337496319213,46,FALSE,k_effect_sizes,2.1770696432395016,-0.03414677812957034,-1.5684743129649958,8
meta_analysis_level,z_1.96,source_paper,influence_check,two_derivations,MA47,2,46,103,5637,1.7944250871080138,type_M,yang2023_gated_beta0_c3,se_beta0,NA,primary,2.9076321362414035,1.8876800103681144,4.478685260885439,1.954954181412633,1.245839694328568,3.8701128731170824,1,4259.631579854067,97.62572118828459,97.62572118828459,46,FALSE,equal_per_meta_analysis,2.9363645127941456,-0.028732376552742078,-0.9785016958061998,21
meta_analysis_level,z_1.96,source_paper,influence_check,two_derivations,MA01,3,45,52,5688,0.9059233449477352,type_S,yang2023_gated_beta0_c3,se_beta0,NA,primary,0.012096112453946019,0.0031671437569202807,0.02385555919590586,0.001321821624398462,7.82715834311169e-6,0.05356025511606163,6.031812924633213e-57,0.4993584751387011,0.06767629159706208,0.0502818081371342,45,TRUE,k_effect_sizes,0.012225245985474795,-1.2913353152877588e-4,-1.0562857523047309,17
meta_analysis_level,z_1.96,source_paper,influence_check,two_derivations,MA01,3,45,52,5688,0.9059233449477352,type_S,yang2023_gated_beta0_c3,se_beta0,NA,primary,0.02409639760162069,0.011385951239459187,0.04124689407164316,0.001321821624398462,7.82715834311169e-6,0.05356025511606163,6.031812924633213e-57,0.4993584751387011,0.06767629159706208,0.06767629159706207,45,TRUE,equal_per_meta_analysis,0.024936057703107736,-8.39660101487047e-4,-3.367252801080911,13
meta_analysis_level,z_1.96,source_paper,influence_check,two_derivations,MA05,3,45,37,5703,0.6445993031358885,type_S,yang2023_gated_beta0_c3,se_beta0,NA,primary,0.0122706973519381,0.003253462108848325,0.02416582880172872,0.0030681832905753233,1.2281755193063664e-5,0.05806211033879964,6.031812924633213e-57,0.4993584751387011,0.07441985167730189,0.050890317828842464,45,TRUE,k_effect_sizes,0.012225245985474795,4.545136646330605e-5,0.37178283788570354,25
meta_analysis_level,z_1.96,source_paper,influence_check,two_derivations,MA05,3,45,37,5703,0.6445993031358885,type_S,yang2023_gated_beta0_c3,se_beta0,NA,primary,0.02676412210534901,0.012946137382400982,0.04561388911168115,0.0030681832905753233,1.2281755193063664e-5,0.05806211033879964,6.031812924633213e-57,0.4993584751387011,0.07441985167730189,0.07441985167730189,45,TRUE,equal_per_meta_analysis,0.024936057703107736,0.0018280644022412723,7.331008068743139,6
meta_analysis_level,z_1.96,source_paper,influence_check,two_derivations,MA06,2,46,46,5694,0.8013937282229965,type_S,yang2023_gated_beta0_c3,se_beta0,NA,primary,0.01193901504233661,0.0031310158701614264,0.023504854520568018,0.0011873201138835818,8.940807555599683e-6,0.047108659946700465,6.031812924633213e-57,0.4993584751387011,0.06761735403208256,0.050284411453883494,46,TRUE,k_effect_sizes,0.012225245985474795,-2.8623094313818404e-4,-2.34131029738186,12
meta_analysis_level,z_1.96,source_paper,influence_check,two_derivations,MA06,2,46,46,5694,0.8013937282229965,type_S,yang2023_gated_beta0_c3,se_beta0,NA,primary,0.022956811341693882,0.010575791141395417,0.039646651002702336,0.0011873201138835818,8.940807555599683e-6,0.047108659946700465,6.031812924633213e-57,0.4993584751387011,0.06761735403208256,0.06761735403208255,46,TRUE,equal_per_meta_analysis,0.024936057703107736,-0.001979246361413854,-7.937286579053692,5
meta_analysis_level,z_1.96,source_paper,influence_check,two_derivations,MA08,1,47,531,5209,9.250871080139373,type_S,yang2023_gated_beta0_c3,se_beta0,NA,primary,0.013766794695878819,0.00428686164146766,0.026315309553840774,0.0030681832905753233,1.4743412235230002e-5,0.05581118272743063,6.031812924633213e-57,0.4993584751387011,0.07156142708710655,0.055763652219675726,47,TRUE,k_effect_sizes,0.012225245985474795,0.001541548710404024,12.609551678842191,5
meta_analysis_level,z_1.96,source_paper,influence_check,two_derivations,MA08,1,47,531,5209,9.250871080139373,type_S,yang2023_gated_beta0_c3,se_beta0,NA,primary,0.02567651757558037,0.012593368349798503,0.043312831393355865,0.0030681832905753233,1.4743412235230002e-5,0.05581118272743063,6.031812924633213e-57,0.4993584751387011,0.07156142708710655,0.07156142708710654,47,TRUE,equal_per_meta_analysis,0.024936057703107736,7.404598724726347e-4,2.969434388100378,19
meta_analysis_level,z_1.96,source_paper,influence_check,two_derivations,MA09,1,47,1297,4443,22.59581881533101,type_S,yang2023_gated_beta0_c3,se_beta0,NA,primary,0.01670486973758937,0.005947373981762805,0.031201736562664714,0.0030681832905753233,1.0054456768087677e-5,0.05581118272743063,6.031812924633213e-57,0.4993584751387011,0.0715567265003088,0.06531288826841003,47,TRUE,k_effect_sizes,0.012225245985474795,0.004479623752114574,36.642401776102986,2
meta_analysis_level,z_1.96,source_paper,influence_check,two_derivations,MA09,1,47,1297,4443,22.59581881533101,type_S,yang2023_gated_beta0_c3,se_beta0,NA,primary,0.02566703251525243,0.012584875348642062,0.043302692508314984,0.0030681832905753233,1.0054456768087677e-5,0.05581118272743063,6.031812924633213e-57,0.4993584751387011,0.0715567265003088,0.0715567265003088,47,TRUE,equal_per_meta_analysis,0.024936057703107736,7.309748121446941e-4,2.931396858508206,22
meta_analysis_level,z_1.96,source_paper,influence_check,two_derivations,MA10,1,47,32,5708,0.5574912891986062,type_S,yang2023_gated_beta0_c3,se_beta0,NA,primary,0.012058126594863959,0.0032907584694735377,0.023542521339708695,0.001321821624398462,1.0054456768087677e-5,0.04841400151858638,6.031812924633213e-57,0.4993584751387011,0.07032609522347731,0.05056336372648159,47,TRUE,k_effect_sizes,0.012225245985474795,-1.6711939061083564e-4,-1.367002273896134,15
meta_analysis_level,z_1.96,source_paper,influence_check,two_derivations,MA10,1,47,32,5708,0.5574912891986062,type_S,yang2023_gated_beta0_c3,se_beta0,NA,primary,0.024398341227266286,0.011619421906274165,0.04163666406998486,0.001321821624398462,1.0054456768087677e-5,0.04841400151858638,6.031812924633213e-57,0.4993584751387011,0.07032609522347731,0.07032609522347731,47,TRUE,equal_per_meta_analysis,0.024936057703107736,-5.377164758414502e-4,-2.1563812622010237,26
meta_analysis_level,z_1.96,source_paper,influence_check,two_derivations,MA12,1,47,70,5670,1.2195121951219512,type_S,yang2023_gated_beta0_c3,se_beta0,NA,primary,0.01240865668299724,0.0035248132917502298,0.024059307786287315,0.0030681832905753233,1.4743412235230002e-5,0.05581118272743063,6.031812924633213e-57,0.4993584751387011,0.07156145918905246,0.05122992370451936,47,TRUE,k_effect_sizes,0.012225245985474795,1.834106975224445e-4,1.5002618167385906,14
meta_analysis_level,z_1.96,source_paper,influence_check,two_derivations,MA12,1,47,70,5670,1.2195121951219512,type_S,yang2023_gated_beta0_c3,se_beta0,NA,primary,0.025676582646241335,0.012593426680794592,0.043312900829902405,0.0030681832905753233,1.4743412235230002e-5,0.05581118272743063,6.031812924633213e-57,0.4993584751387011,0.07156145918905246,0.07156145918905246,47,TRUE,equal_per_meta_analysis,0.024936057703107736,7.405249431335983e-4,2.9696953381741276,17
meta_analysis_level,z_1.96,source_paper,influence_check,two_derivations,MA13,3,45,94,5646,1.637630662020906,type_S,yang2023_gated_beta0_c3,se_beta0,NA,primary,0.012142349081041108,0.003187053612247231,0.023942827236774433,0.001321821624398462,7.82715834311169e-6,0.05356025511606163,6.031812924633213e-57,0.4993584751387011,0.06591542031813714,0.05042801386496275,45,TRUE,k_effect_sizes,0.012225245985474795,-8.289690443368664e-5,-0.6780796438139447,21
meta_analysis_level,z_1.96,source_paper,influence_check,two_derivations,MA13,3,45,94,5646,1.637630662020906,type_S,yang2023_gated_beta0_c3,se_beta0,NA,primary,0.02385169644296012,0.011309678866033228,0.040725952965880406,0.001321821624398462,7.82715834311169e-6,0.05356025511606163,6.031812924633213e-57,0.4993584751387011,0.06591542031813714,0.06591542031813713,45,TRUE,equal_per_meta_analysis,0.024936057703107736,-0.0010843612601476177,-4.348567335936493,12
meta_analysis_level,z_1.96,source_paper,influence_check,two_derivations,MA14,2,46,271,5469,4.7212543554006965,type_S,yang2023_gated_beta0_c3,se_beta0,NA,primary,0.012966887844426261,0.003744081668530585,0.02514891723500076,0.003072387854705742,1.7259481068731873e-5,0.056936646533115136,6.031812924633213e-57,0.4993584751387011,0.07311714312404417,0.05311275689512172,46,TRUE,k_effect_sizes,0.012225245985474795,7.416418589514667e-4,6.066478006517295,8
meta_analysis_level,z_1.96,source_paper,influence_check,two_derivations,MA14,2,46,271,5469,4.7212543554006965,type_S,yang2023_gated_beta0_c3,se_beta0,NA,primary,0.026461015249657535,0.012980911772139517,0.04472544804645975,0.003072387854705742,1.7259481068731873e-5,0.056936646533115136,6.031812924633213e-57,0.4993584751387011,0.07311714312404417,0.07311714312404416,46,TRUE,equal_per_meta_analysis,0.024936057703107736,0.0015249575465497989,6.11547167842712,8
meta_analysis_level,z_1.96,source_paper,influence_check,two_derivations,MA15,4,44,36,5704,0.627177700348432,type_S,yang2023_gated_beta0_c3,se_beta0,NA,primary,0.012064341239319203,0.0030577777109350966,0.0239620170798236,0.0021950024574868927,1.1168105980575671e-5,0.04584087471984876,6.031812924633213e-57,0.4993584751387011,0.06541798908996427,0.050187343110943264,44,TRUE,k_effect_sizes,0.012225245985474795,-1.6090474615559208e-4,-1.316167759297182,16
meta_analysis_level,z_1.96,source_paper,influence_check,two_derivations,MA15,4,44,36,5704,0.627177700348432,type_S,yang2023_gated_beta0_c3,se_beta0,NA,primary,0.02276546912680877,0.010432562857594065,0.03939105322620296,0.0021950024574868927,1.1168105980575671e-5,0.04584087471984876,6.031812924633213e-57,0.4993584751387011,0.06541798908996427,0.06541798908996427,44,TRUE,equal_per_meta_analysis,0.024936057703107736,-0.002170588576298968,-8.704618036027611,3
meta_analysis_level,z_1.96,source_paper,influence_check,two_derivations,MA17,1,47,66,5674,1.1498257839721255,type_S,yang2023_gated_beta0_c3,se_beta0,NA,primary,0.01232350483104392,0.003456247378738682,0.02395389031210711,0.001321821624398462,1.0054456768087677e-5,0.05581118272743063,6.031812924633213e-57,0.4993584751387011,0.07146195475053942,0.05113940864508007,47,TRUE,k_effect_sizes,0.012225245985474795,9.825884556912551e-5,0.8037371655823522,20
meta_analysis_level,z_1.96,source_paper,influence_check,two_derivations,MA17,1,47,66,5674,1.1498257839721255,type_S,yang2023_gated_beta0_c3,se_beta0,NA,primary,0.02549201831770609,0.012431595107037043,0.043109411487951214,0.001321821624398462,1.0054456768087677e-5,0.05581118272743063,6.031812924633213e-57,0.4993584751387011,0.07146195475053942,0.0714619547505394,47,TRUE,equal_per_meta_analysis,0.024936057703107736,5.559606145983526e-4,2.2295449473918483,25
meta_analysis_level,z_1.96,source_paper,influence_check,two_derivations,MA18,1,47,23,5717,0.40069686411149824,type_S,yang2023_gated_beta0_c3,se_beta0,NA,primary,0.012284914346117767,0.0034560805856719418,0.023852997643579454,0.0030681832905753233,1.4743412235230002e-5,0.05581118272743063,6.031812924633213e-57,0.4993584751387011,0.07156145658201107,0.050808757175508326,47,TRUE,k_effect_sizes,0.012225245985474795,5.966836064297265e-5,0.4880749288306063,24
meta_analysis_level,z_1.96,source_paper,influence_check,two_derivations,MA18,1,47,23,5717,0.40069686411149824,type_S,yang2023_gated_beta0_c3,se_beta0,NA,primary,0.025676577361617485,0.012593421943489655,0.043312895190769994,0.0030681832905753233,1.4743412235230002e-5,0.05581118272743063,6.031812924633213e-57,0.4993584751387011,0.07156145658201107,0.07156145658201106,47,TRUE,equal_per_meta_analysis,0.024936057703107736,7.405196585097487e-4,2.9696741454743325,18
meta_analysis_level,z_1.96,source_paper,influence_check,two_derivations,MA20,1,47,29,5711,0.5052264808362369,type_S,yang2023_gated_beta0_c3,se_beta0,NA,primary,0.012025833086755894,0.00327771624929548,0.023480305258118672,0.001321821624398462,1.0054456768087677e-5,0.04841400151858638,6.031812924633213e-57,0.4993584751387011,0.06981235947720574,0.05044469351420157,47,TRUE,k_effect_sizes,0.012225245985474795,-1.994128987189009e-4,-1.6311565342393086,13
meta_analysis_level,z_1.96,source_paper,influence_check,two_derivations,MA20,1,47,29,5711,0.5052264808362369,type_S,yang2023_gated_beta0_c3,se_beta0,NA,primary,0.024130867220967092,0.011459046608096046,0.04120694555815083,0.001321821624398462,1.0054456768087677e-5,0.04841400151858638,6.031812924633213e-57,0.4993584751387011,0.06981235947720574,0.06981235947720572,47,TRUE,equal_per_meta_analysis,0.024936057703107736,-8.051904821406441e-4,-3.2290207687492467,14
meta_analysis_level,z_1.96,source_paper,influence_check,two_derivations,MA21,1,47,11,5729,0.1916376306620209,type_S,yang2023_gated_beta0_c3,se_beta0,NA,primary,0.012200334719854905,0.003397693128899957,0.02373159580208651,0.001321821624398462,1.0054456768087677e-5,0.05581118272743063,6.031812924633213e-57,0.4993584751387011,0.07097095130645993,0.050649044346792405,47,TRUE,k_effect_sizes,0.012225245985474795,-2.4911265619889655e-5,-0.20376903376412292,27
meta_analysis_level,z_1.96,source_paper,influence_check,two_derivations,MA21,1,47,11,5729,0.1916376306620209,type_S,yang2023_gated_beta0_c3,se_beta0,NA,primary,0.02487776868872267,0.011944628778577486,0.04233838968246128,0.001321821624398462,1.0054456768087677e-5,0.05581118272743063,6.031812924633213e-57,0.4993584751387011,0.07097095130645993,0.0709709513064599,47,TRUE,equal_per_meta_analysis,0.024936057703107736,-5.828901438506562e-5,-0.23375392806298523,28
meta_analysis_level,z_1.96,source_paper,influence_check,two_derivations,MA22,3,45,276,5464,4.808362369337979,type_S,yang2023_gated_beta0_c3,se_beta0,NA,primary,0.012800637596150029,0.003504204333898392,0.025129033104641957,0.0010528186033687016,7.82715834311169e-6,0.05806211033879964,6.031812924633213e-57,0.4993584751387011,0.07457604418907608,0.05303564068940118,45,TRUE,k_effect_sizes,0.012225245985474795,5.753916106752341e-4,4.706585138318498,9
meta_analysis_level,z_1.96,source_paper,influence_check,two_derivations,MA22,3,45,276,5464,4.808362369337979,type_S,yang2023_gated_beta0_c3,se_beta0,NA,primary,0.026965046760425417,0.01310292161665065,0.04587031571965241,0.0010528186033687016,7.82715834311169e-6,0.05806211033879964,6.031812924633213e-57,0.4993584751387011,0.07457604418907608,0.07457604418907607,45,TRUE,equal_per_meta_analysis,0.024936057703107736,0.0020289890573176803,8.136767573588077,4
meta_analysis_level,z_1.96,source_paper,influence_check,two_derivations,MA23,1,47,24,5716,0.4181184668989547,type_S,yang2023_gated_beta0_c3,se_beta0,NA,primary,0.012108692329292257,0.003328822605295028,0.023609681580366304,0.001321821624398462,1.0054456768087677e-5,0.05066492912995539,6.031812924633213e-57,0.4993584751387011,0.0704218793771526,0.05059276094450893,47,TRUE,k_effect_sizes,0.012225245985474795,-1.1655365618253727e-4,-0.9533849570063313,18
meta_analysis_level,z_1.96,source_paper,influence_check,two_derivations,MA23,1,47,24,5716,0.4181184668989547,type_S,yang2023_gated_beta0_c3,se_beta0,NA,primary,0.02445694214214194,0.01165658274910604,0.04172714537502344,0.001321821624398462,1.0054456768087677e-5,0.05066492912995539,6.031812924633213e-57,0.4993584751387011,0.0704218793771526,0.07042187937715258,47,TRUE,equal_per_meta_analysis,0.024936057703107736,-4.7911556096579683e-4,-1.9213765330118093,27
meta_analysis_level,z_1.96,source_paper,influence_check,two_derivations,MA24,1,47,139,5601,2.421602787456446,type_S,yang2023_gated_beta0_c3,se_beta0,NA,primary,0.012594393348999443,0.0036280735087506656,0.024368966823676848,0.0030681832905753233,1.2516113810254017e-5,0.05581118272743063,6.031812924633213e-57,0.4993584751387011,0.07156119795929873,0.051860732104557515,47,TRUE,k_effect_sizes,0.012225245985474795,3.691473635246481e-4,3.0195495776792036,11
meta_analysis_level,z_1.96,source_paper,influence_check,two_derivations,MA24,1,47,139,5601,2.421602787456446,type_S,yang2023_gated_beta0_c3,se_beta0,NA,primary,0.025676053249828676,0.012592952142566907,0.043312335866584596,0.0030681832905753233,1.2516113810254017e-5,0.05581118272743063,6.031812924633213e-57,0.4993584751387011,0.07156119795929873,0.07156119795929872,47,TRUE,equal_per_meta_analysis,0.024936057703107736,7.399955467209396e-4,2.9675723225035533,20
meta_analysis_level,z_1.96,source_paper,influence_check,two_derivations,MA25,1,47,43,5697,0.7491289198606271,type_S,yang2023_gated_beta0_c3,se_beta0,NA,primary,0.012295082826685254,0.0034495520262364555,0.023890864846187743,0.001321821624398462,1.0054456768087677e-5,0.05581118272743063,6.031812924633213e-57,0.4993584751387011,0.07147550827759484,0.05095663695267713,47,TRUE,k_effect_sizes,0.012225245985474795,6.983684121045913e-5,0.5712510103554225,23
meta_analysis_level,z_1.96,source_paper,influence_check,two_derivations,MA25,1,47,43,5697,0.7491289198606271,type_S,yang2023_gated_beta0_c3,se_beta0,NA,primary,0.025515334790882443,0.012451641377184464,0.043135840118064726,0.001321821624398462,1.0054456768087677e-5,0.05581118272743063,6.031812924633213e-57,0.4993584751387011,0.07147550827759484,0.07147550827759483,47,TRUE,equal_per_meta_analysis,0.024936057703107736,5.792770877747072e-4,2.323049997203497,24
meta_analysis_level,z_1.96,source_paper,influence_check,two_derivations,MA26,1,47,459,5281,7.996515679442509,type_S,yang2023_gated_beta0_c3,se_beta0,NA,primary,0.0047552915962028215,4.970201509422421e-4,0.009724739312030516,0.001321821624398462,1.0054456768087677e-5,0.04841400151858638,6.031812924633213e-57,0.4993584751387011,0.06167228205742192,0.014606030601169575,47,TRUE,k_effect_sizes,0.012225245985474795,-0.007469954389271973,-61.1026919061364,1
meta_analysis_level,z_1.96,source_paper,influence_check,two_derivations,MA26,1,47,459,5281,7.996515679442509,type_S,yang2023_gated_beta0_c3,se_beta0,NA,primary,0.022568170451410366,0.010841523384591184,0.038131547613492696,0.001321821624398462,1.0054456768087677e-5,0.04841400151858638,6.031812924633213e-57,0.4993584751387011,0.06167228205742192,0.06167228205742191,47,TRUE,equal_per_meta_analysis,0.024936057703107736,-0.0023678872516973704,-9.495836430480608,2
meta_analysis_level,z_1.96,source_paper,influence_check,two_derivations,MA28,2,46,168,5572,2.926829268292683,type_S,yang2023_gated_beta0_c3,se_beta0,NA,primary,0.01267075739484437,0.0035784842178336433,0.0246557463259608,0.003072387854705742,8.940807555599683e-6,0.056936646533115136,6.031812924633213e-57,0.4993584751387011,0.07311329647919865,0.05212828500834071,46,TRUE,k_effect_sizes,0.012225245985474795,4.4551140936957556e-4,3.644191780671746,10
meta_analysis_level,z_1.96,source_paper,influence_check,two_derivations,MA28,2,46,168,5572,2.926829268292683,type_S,yang2023_gated_beta0_c3,se_beta0,NA,primary,0.026453118950535176,0.01297384011903404,0.0447170326055838,0.003072387854705742,8.940807555599683e-6,0.056936646533115136,6.031812924633213e-57,0.4993584751387011,0.07311329647919865,0.07311329647919865,46,TRUE,equal_per_meta_analysis,0.024936057703107736,0.0015170612474274398,6.083805489583738,9
meta_analysis_level,z_1.96,source_paper,influence_check,two_derivations,MA31,1,47,734,5006,12.787456445993032,type_S,yang2023_gated_beta0_c3,se_beta0,NA,primary,0.014462856482171979,0.004682551699768285,0.027465740057808448,0.0030681832905753233,1.4743412235230002e-5,0.05581118272743063,6.031812924633213e-57,0.4993584751387011,0.07156145927323902,0.058025103412225026,47,TRUE,k_effect_sizes,0.012225245985474795,0.0022376104966971844,18.30319405724645,3
meta_analysis_level,z_1.96,source_paper,influence_check,two_derivations,MA31,1,47,734,5006,12.787456445993032,type_S,yang2023_gated_beta0_c3,se_beta0,NA,primary,0.025676582816892793,0.012593426833772091,0.043312901012001505,0.0030681832905753233,1.4743412235230002e-5,0.05581118272743063,6.031812924633213e-57,0.4993584751387011,0.07156145927323902,0.071561459273239,47,TRUE,equal_per_meta_analysis,0.024936057703107736,7.405251137850566e-4,2.9696960225303215,15
meta_analysis_level,z_1.96,source_paper,influence_check,two_derivations,MA32,1,47,13,5727,0.2264808362369338,type_S,yang2023_gated_beta0_c3,se_beta0,NA,primary,0.012258901370608331,0.0034416479515015537,0.02380960954554777,0.0030681832905753233,1.4743412235230002e-5,0.05581118272743063,6.031812924633213e-57,0.4993584751387011,0.07156145927226532,0.05072003975571915,47,TRUE,k_effect_sizes,0.012225245985474795,3.3655385133536664e-5,0.27529413455993357,26
meta_analysis_level,z_1.96,source_paper,influence_check,two_derivations,MA32,1,47,13,5727,0.2264808362369338,type_S,yang2023_gated_beta0_c3,se_beta0,NA,primary,0.025676582814919066,0.012593426832002791,0.043312901009895356,0.0030681832905753233,1.4743412235230002e-5,0.05581118272743063,6.031812924633213e-57,0.4993584751387011,0.07156145927226532,0.07156145927226532,47,TRUE,equal_per_meta_analysis,0.024936057703107736,7.405251118113299e-4,2.969696014615164,16
meta_analysis_level,z_1.96,source_paper,influence_check,two_derivations,MA34,1,47,555,5185,9.668989547038327,type_S,yang2023_gated_beta0_c3,se_beta0,NA,primary,0.013842973685359292,0.004329235741429894,0.026442752140665104,0.0030681832905753233,1.0054456768087677e-5,0.05581118272743063,6.031812924633213e-57,0.4993584751387011,0.07156109320793523,0.056020080784599725,47,TRUE,k_effect_sizes,0.012225245985474795,0.001617727699884497,13.232680158800658,4
meta_analysis_level,z_1.96,source_paper,influence_check,two_derivations,MA34,1,47,555,5185,9.668989547038327,type_S,yang2023_gated_beta0_c3,se_beta0,NA,primary,0.025675841039993465,0.012592761939533029,0.04331210936938639,0.0030681832905753233,1.0054456768087677e-5,0.05581118272743063,6.031812924633213e-57,0.4993584751387011,0.07156109320793523,0.07156109320793523,47,TRUE,equal_per_meta_analysis,0.024936057703107736,7.397833368857284e-4,2.9667213065260434,21
meta_analysis_level,z_1.96,source_paper,influence_check,two_derivations,MA39,2,46,52,5688,0.9059233449477352,type_S,yang2023_gated_beta0_c3,se_beta0,NA,primary,0.011389127932368848,0.002930535929361891,0.022409352796781752,0.0011873201138835818,8.940807555599683e-6,0.0393892795504876,6.031812924633213e-57,0.4647913291434031,0.05626532920735627,0.04709212897222037,46,TRUE,k_effect_sizes,0.012225245985474795,-8.36118053105947e-4,-6.839273860823458,6
meta_analysis_level,z_1.96,source_paper,influence_check,two_derivations,MA39,2,46,52,5688,0.9059233449477352,type_S,yang2023_gated_beta0_c3,se_beta0,NA,primary,0.02063096027326433,0.009615836158108182,0.035151213044510285,0.0011873201138835818,8.940807555599683e-6,0.0393892795504876,6.031812924633213e-57,0.4647913291434031,0.05626532920735627,0.05626532920735625,46,TRUE,equal_per_meta_analysis,0.024936057703107736,-0.004305097429843405,-17.264547111257556,1
meta_analysis_level,z_1.96,source_paper,influence_check,two_derivations,MA41,4,44,527,5213,9.181184668989546,type_S,yang2023_gated_beta0_c3,se_beta0,NA,primary,0.01220291086671501,0.002794675921833901,0.024795744366621894,0.0021950024574868927,1.1168105980575671e-5,0.05899870795206866,6.031812924633213e-57,0.4993584751387011,0.07533797324350569,0.05425921076888228,44,TRUE,k_effect_sizes,0.012225245985474795,-2.2335118759785055e-5,-0.18269668181991605,28
meta_analysis_level,z_1.96,source_paper,influence_check,two_derivations,MA41,4,44,527,5213,9.181184668989546,type_S,yang2023_gated_beta0_c3,se_beta0,NA,primary,0.02656233089231691,0.0125127013550346,0.045873967243416254,0.0021950024574868927,1.1168105980575671e-5,0.05899870795206866,6.031812924633213e-57,0.4993584751387011,0.07533797324350569,0.07533797324350568,44,TRUE,equal_per_meta_analysis,0.024936057703107736,0.0016262731892091736,6.52177344378897,7
meta_analysis_level,z_1.96,source_paper,influence_check,two_derivations,MA43,1,47,13,5727,0.2264808362369338,type_S,yang2023_gated_beta0_c3,se_beta0,NA,primary,0.012153767569255639,0.0033672734732296886,0.023661794933974314,0.001321821624398462,1.0054456768087677e-5,0.04841400151858638,6.031812924633213e-57,0.4993584751387011,0.07024638478830549,0.05057973758884305,47,TRUE,k_effect_sizes,0.012225245985474795,-7.147841621915618e-5,-0.5846787565999212,22
meta_analysis_level,z_1.96,source_paper,influence_check,two_derivations,MA43,1,47,13,5727,0.2264808362369338,type_S,yang2023_gated_beta0_c3,se_beta0,NA,primary,0.024351995904210555,0.011590546259685912,0.04156417432096907,0.001321821624398462,1.0054456768087677e-5,0.04841400151858638,6.031812924633213e-57,0.4993584751387011,0.07024638478830549,0.07024638478830547,47,TRUE,equal_per_meta_analysis,0.024936057703107736,-5.840617988971814e-4,-2.3422379184837694,23
meta_analysis_level,z_1.96,source_paper,influence_check,two_derivations,MA45,2,46,39,5701,0.6794425087108014,type_S,yang2023_gated_beta0_c3,se_beta0,NA,primary,0.01232541056907386,0.00338848104064593,0.024075759712370692,0.003072387854705742,1.3512583714146834e-5,0.056936646533115136,1.0062806136567166e-19,0.4993584751387011,0.07310682593851045,0.0509504380217892,46,TRUE,k_effect_sizes,0.012225245985474795,1.0016458359906472e-4,0.8193257110578722,19
meta_analysis_level,z_1.96,source_paper,influence_check,two_derivations,MA45,2,46,39,5701,0.6794425087108014,type_S,yang2023_gated_beta0_c3,se_beta0,NA,primary,0.026439981302775695,0.012962106862600714,0.04470297212446748,0.003072387854705742,1.3512583714146834e-5,0.056936646533115136,1.0062806136567166e-19,0.4993584751387011,0.07310682593851045,0.07310682593851044,46,TRUE,equal_per_meta_analysis,0.024936057703107736,0.0015039235996679584,6.031120145669733,10
meta_analysis_level,z_1.96,source_paper,influence_check,two_derivations,MA47,2,46,103,5637,1.7944250871080138,type_S,yang2023_gated_beta0_c3,se_beta0,NA,primary,0.011395569013297704,0.0028959357349689976,0.02248496183769217,0.0021950024574868927,1.3512583714146834e-5,0.05098712831732401,6.031812924633213e-57,0.4993584751387011,0.06644795320611346,0.0479923345210975,46,TRUE,k_effect_sizes,0.012225245985474795,-8.296769721770902e-4,-6.786587142400702,7
meta_analysis_level,z_1.96,source_paper,influence_check,two_derivations,MA47,2,46,103,5637,1.7944250871080138,type_S,yang2023_gated_beta0_c3,se_beta0,NA,primary,0.023648245445281393,0.011271663449350426,0.040247952805062916,0.0021950024574868927,1.3512583714146834e-5,0.05098712831732401,6.031812924633213e-57,0.4993584751387011,0.06644795320611346,0.06644795320611346,46,TRUE,equal_per_meta_analysis,0.024936057703107736,-0.001287812257826343,-5.164458123891191,11
meta_analysis_level,z_1.96,source_paper,influence_check,two_derivations,MA01,3,45,52,5688,0.9059233449477352,power,yang2024_FE_VCV,own_CRVE,CR2_Satterthwaite,reported_sensitivity,0.4757352981749699,0.36169279452967196,0.6257356445928888,0.7963689166618406,0.2683872422545347,0.9897263777301962,0.050429035375350595,1,0.6574659686821105,0.6449776572764839,45,FALSE,k_effect_sizes,0.47894781727745006,-0.0032125191024801603,-0.6707451180676727,15
meta_analysis_level,z_1.96,source_paper,influence_check,two_derivations,MA01,3,45,52,5688,0.9059233449477352,power,yang2024_FE_VCV,own_CRVE,CR2_Satterthwaite,reported_sensitivity,0.5088834979198407,0.39380178515117287,0.6575958368388855,0.7963689166618406,0.2683872422545347,0.9897263777301962,0.050429035375350595,1,0.6574659686821105,0.6574659686821106,45,FALSE,equal_per_meta_analysis,0.5308290962783877,-0.021945598358547036,-4.134211653507003,3
meta_analysis_level,z_1.96,source_paper,influence_check,two_derivations,MA05,3,45,37,5703,0.6445993031358885,power,yang2024_FE_VCV,own_CRVE,CR2_Satterthwaite,reported_sensitivity,0.47998022818294167,0.36494527895915246,0.6312755164379994,0.8662603534636718,0.3278450139902591,0.9988071830642326,0.050429035375350595,1,0.6929948310045276,0.6497343262357441,45,FALSE,k_effect_sizes,0.47894781727745006,0.0010324109054916097,0.21555811891162957,23
meta_analysis_level,z_1.96,source_paper,influence_check,two_derivations,MA05,3,45,37,5703,0.6445993031358885,power,yang2024_FE_VCV,own_CRVE,CR2_Satterthwaite,reported_sensitivity,0.5406364701281968,0.4183939790307475,0.6985946439998761,0.8662603534636718,0.3278450139902591,0.9988071830642326,0.050429035375350595,1,0.6929948310045276,0.6929948310045276,45,FALSE,equal_per_meta_analysis,0.5308290962783877,0.00980737384980912,1.8475577014462896,12
meta_analysis_level,z_1.96,source_paper,influence_check,two_derivations,MA06,2,46,46,5694,0.8013937282229965,power,yang2024_FE_VCV,own_CRVE,CR2_Satterthwaite,reported_sensitivity,0.4787836959480262,0.3650191577903415,0.6280049214220109,0.8235842973000618,0.2832516851884658,0.998549426503592,0.050429035375350595,1,0.6792513667475782,0.6490090502745434,46,FALSE,k_effect_sizes,0.47894781727745006,-1.641213294238386e-4,-0.03426705864467694,28
meta_analysis_level,z_1.96,source_paper,influence_check,two_derivations,MA06,2,46,46,5694,0.8013937282229965,power,yang2024_FE_VCV,own_CRVE,CR2_Satterthwaite,reported_sensitivity,0.5277183581940653,0.40941047706794703,0.680213822492924,0.8235842973000618,0.2832516851884658,0.998549426503592,0.050429035375350595,1,0.6792513667475782,0.6792513667475781,46,FALSE,equal_per_meta_analysis,0.5308290962783877,-0.003110738084322384,-0.5860149916671054,27
meta_analysis_level,z_1.96,source_paper,influence_check,two_derivations,MA08,1,47,531,5209,9.250871080139373,power,yang2024_FE_VCV,own_CRVE,CR2_Satterthwaite,reported_sensitivity,0.44432128693189166,0.3388849750602814,0.582561696592464,0.8168019026744758,0.2981161281223969,0.9950277195657384,0.050429035375350595,1,0.6720418886252387,0.6123311593085755,47,FALSE,k_effect_sizes,0.47894781727745006,-0.034626530345558404,-7.229708351609332,3
meta_analysis_level,z_1.96,source_paper,influence_check,two_derivations,MA08,1,47,531,5209,9.250871080139373,power,yang2024_FE_VCV,own_CRVE,CR2_Satterthwaite,reported_sensitivity,0.5237242628824601,0.4085456830276465,0.6713743772767145,0.8168019026744758,0.2981161281223969,0.9950277195657384,0.050429035375350595,1,0.6720418886252387,0.6720418886252386,47,FALSE,equal_per_meta_analysis,0.5308290962783877,-0.007104833395927601,-1.3384408363707245,15
meta_analysis_level,z_1.96,source_paper,influence_check,two_derivations,MA09,1,47,1297,4443,22.59581881533101,power,yang2024_FE_VCV,own_CRVE,CR2_Satterthwaite,reported_sensitivity,0.6931292153462529,0.568828966852104,0.8445914979070043,0.8303666919256478,0.3576752059583093,0.9982916699429514,0.050429035375350595,1,0.6904457635604241,0.7980002154020923,47,FALSE,k_effect_sizes,0.47894781727745006,0.21418139806880288,44.719151093808954,1
meta_analysis_level,z_1.96,source_paper,influence_check,two_derivations,MA09,1,47,1297,4443,22.59581881533101,power,yang2024_FE_VCV,own_CRVE,CR2_Satterthwaite,reported_sensitivity,0.5465186890672203,0.42878243157233586,0.6965832914480431,0.8303666919256478,0.3576752059583093,0.9982916699429514,0.050429035375350595,1,0.6904457635604241,0.690445763560424,47,FALSE,equal_per_meta_analysis,0.5308290962783877,0.01568959278883264,2.955676864518453,5
meta_analysis_level,z_1.96,source_paper,influence_check,two_derivations,MA10,1,47,32,5708,0.5574912891986062,power,yang2024_FE_VCV,own_CRVE,CR2_Satterthwaite,reported_sensitivity,0.47758448580392204,0.36537230453745484,0.6242589770709212,0.8303666919256478,0.2981161281223969,0.9982916699429514,0.050429035375350595,1,0.6763744610883761,0.6473631936256391,47,FALSE,k_effect_sizes,0.47894781727745006,-0.0013633314735280178,-0.28465135957352894,20
meta_analysis_level,z_1.96,source_paper,influence_check,two_derivations,MA10,1,47,32,5708,0.5574912891986062,power,yang2024_FE_VCV,own_CRVE,CR2_Satterthwaite,reported_sensitivity,0.5262676125665147,0.41015635222239405,0.675248837512305,0.8303666919256478,0.2981161281223969,0.9982916699429514,0.050429035375350595,1,0.6763744610883761,0.6763744610883761,47,FALSE,equal_per_meta_analysis,0.5308290962783877,-0.004561483711873038,-0.8593130527044135,25
meta_analysis_level,z_1.96,source_paper,influence_check,two_derivations,MA12,1,47,70,5670,1.2195121951219512,power,yang2024_FE_VCV,own_CRVE,CR2_Satterthwaite,reported_sensitivity,0.47843773474051166,0.3656149552378908,0.6260757738279455,0.8303666919256478,0.2981161281223969,0.9982916699429514,0.050429035375350595,1,0.6822094811057122,0.6497503185606762,47,FALSE,k_effect_sizes,0.47894781727745006,-5.100825369384054e-4,-0.10650064966115647,27
meta_analysis_level,z_1.96,source_paper,influence_check,two_derivations,MA12,1,47,70,5670,1.2195121951219512,power,yang2024_FE_VCV,own_CRVE,CR2_Satterthwaite,reported_sensitivity,0.531015901592703,0.4135964546669438,0.6817705629787835,0.8303666919256478,0.2981161281223969,0.9982916699429514,0.050429035375350595,1,0.6822094811057122,0.6822094811057121,47,FALSE,equal_per_meta_analysis,0.5308290962783877,1.868053143152526e-4,0.03519123492381482,28
meta_analysis_level,z_1.96,source_paper,influence_check,two_derivations,MA13,3,45,94,5646,1.637630662020906,power,yang2024_FE_VCV,own_CRVE,CR2_Satterthwaite,reported_sensitivity,0.47552228959187676,0.36107027752726784,0.6262532863332239,0.8303666919256478,0.2683872422545347,0.9988071830642326,0.050429035375350595,1,0.6717948988425733,0.6465802464368617,45,FALSE,k_effect_sizes,0.47894781727745006,-0.003425527685573304,-0.7152193959345077,13
meta_analysis_level,z_1.96,source_paper,influence_check,two_derivations,MA13,3,45,94,5646,1.637630662020906,power,yang2024_FE_VCV,own_CRVE,CR2_Satterthwaite,reported_sensitivity,0.5176493038193101,0.39940390542674675,0.6709018066769058,0.8303666919256478,0.2683872422545347,0.9988071830642326,0.050429035375350595,1,0.6717948988425733,0.6717948988425733,45,FALSE,equal_per_meta_analysis,0.5308290962783877,-0.013179792459077633,-2.482869260837506,9
meta_analysis_level,z_1.96,source_paper,influence_check,two_derivations,MA14,2,46,271,5469,4.7212543554006965,power,yang2024_FE_VCV,own_CRVE,CR2_Satterthwaite,reported_sensitivity,0.46188210378347805,0.35171915381782837,0.6065495025782637,0.8065854096681582,0.2832516851884658,0.9964019381937044,0.050429035375350595,1,0.6651357287580805,0.6309565899615491,46,FALSE,k_effect_sizes,0.47894781727745006,-0.017065713493972012,-3.563167609987461,7
meta_analysis_level,z_1.96,source_paper,influence_check,two_derivations,MA14,2,46,271,5469,4.7212543554006965,power,yang2024_FE_VCV,own_CRVE,CR2_Satterthwaite,reported_sensitivity,0.5165278451557135,0.40131957246259514,0.6648093766871334,0.8065854096681582,0.2832516851884658,0.9964019381937044,0.050429035375350595,1,0.6651357287580805,0.6651357287580805,46,FALSE,equal_per_meta_analysis,0.5308290962783877,-0.014301251122674219,-2.6941347456157727,7
meta_analysis_level,z_1.96,source_paper,influence_check,two_derivations,MA15,4,44,36,5704,0.627177700348432,power,yang2024_FE_VCV,own_CRVE,CR2_Satterthwaite,reported_sensitivity,0.47819627309507096,0.362336276871874,0.6311034533339769,0.8235842973000618,0.31007727807209884,0.9980339133823108,0.050429035375350595,1,0.67665230937988885,0.6478034651749542,44,FALSE,k_effect_sizes,0.47894781727745006,-7.515441823791047e-4,-0.1569156712418529,26
meta_analysis_level,z_1.96,source_paper,influence_check,two_derivations,MA15,4,44,36,5704,0.627177700348432,power,yang2024_FE_VCV,own_CRVE,CR2_Satterthwaite,reported_sensitivity,0.5233310856893005,0.40248701518181274,0.6804577909799802,0.8235842973000618,0.31007727807209884,0.9980339133823108,0.050429035375350595,1,0.67665230937988885,0.6766523093798887,44,FALSE,equal_per_meta_analysis,0.5308290962783877,-0.007498010589087167,-1.4125093446563652,14
meta_analysis_level,z_1.96,source_paper,influence_check,two_derivations,MA17,1,47,66,5674,1.1498257839721255,power,yang2024_FE_VCV,own_CRVE,CR2_Satterthwaite,reported_sensitivity,0.48243345073031024,0.3689744300030861,0.6307809307588279,0.8303666919256478,0.3576752059583093,0.9982916699429514,0.050429035375350595,1,0.6878552024999552,0.6527468850735573,47,FALSE,k_effect_sizes,0.47894781727745006,0.0034856334528601818,0.7277689399805665,12
meta_analysis_level,z_1.96,source_paper,influence_check,two_derivations,MA17,1,47,66,5674,1.1498257839721255,power,yang2024_FE_VCV,own_CRVE,CR2_Satterthwaite,reported_sensitivity,0.5390951611864176,0.4207411536517571,0.6907420163019176,0.8303666919256478,0.3576752059583093,0.9982916699429514,0.050429035375350595,1,0.6878552024999552,0.6878552024999552,47,FALSE,equal_per_meta_analysis,0.5308290962783877,0.008266064908029946,1.557198911284785,13
meta_analysis_level,z_1.96,source_paper,influence_check,two_derivations,MA18,1,47,23,5717,0.40069686411149824,power,yang2024_FE_VCV,own_CRVE,CR2_Satterthwaite,reported_sensitivity,0.4775315182703015,0.36545295954897417,0.6239827725652343,0.8168019026744758,0.2981161281223969,0.9950277195657384,0.050429035375350595,1,0.6720427622137658,0.6467787061363741,47,FALSE,k_effect_sizes,0.47894781727745006,-0.0014162990071485693,-0.2957105045805264,19
meta_analysis_level,z_1.96,source_paper,influence_check,two_derivations,MA18,1,47,23,5717,0.40069686411149824,power,yang2024_FE_VCV,own_CRVE,CR2_Satterthwaite,reported_sensitivity,0.5237247204116414,0.4085459580695561,0.6713750983275025,0.8168019026744758,0.2981161281223969,0.9950277195657384,0.050429035375350595,1,0.6720427622137658,0.6720427622137657,47,FALSE,equal_per_meta_analysis,0.5308290962783877,-0.007104375866746282,-1.3383546449421635,17
meta_analysis_level,z_1.96,source_paper,influence_check,two_derivations,MA20,1,47,29,5711,0.5052264808362369,power,yang2024_FE_VCV,own_CRVE,CR2_Satterthwaite,reported_sensitivity,0.4821860321100918,0.3693769264893546,0.6294474637921793,0.8303666919256478,0.3576752059583093,0.9982916699429514,0.050429035375350595,1,0.6906152319685234,0.650840200783536,47,FALSE,k_effect_sizes,0.47894781727745006,0.0032382148326417504,0.6761101556009175,14
meta_analysis_level,z_1.96,source_paper,influence_check,two_derivations,MA20,1,47,29,5711,0.5052264808362369,power,yang2024_FE_VCV,own_CRVE,CR2_Satterthwaite,reported_sensitivity,0.5472261794564401,0.4296262018173291,0.6970163603052698,0.8303666919256478,0.3576752059583093,0.9982916699429514,0.050429035375350595,1,0.6906152319685234,0.6906152319685233,47,FALSE,equal_per_meta_analysis,0.5308290962783877,0.01639708317805244,3.088957122548752,4
meta_analysis_level,z_1.96,source_paper,influence_check,two_derivations,MA21,1,47,11,5729,0.1916376306620209,power,yang2024_FE_VCV,own_CRVE,CR2_Satterthwaite,reported_sensitivity,0.47972577126112703,0.367186139095209,0.6267579058925483,0.8303666919256478,0.3576752059583093,0.9982916699429514,0.050429035375350595,1,0.6889423433752118,0.6490435419108641,47,FALSE,k_effect_sizes,0.47894781727745006,7.779539836769711e-4,0.16242980041107913,25
meta_analysis_level,z_1.96,source_paper,influence_check,two_derivations,MA21,1,47,11,5729,0.1916376306620209,power,yang2024_FE_VCV,own_CRVE,CR2_Satterthwaite,reported_sensitivity,0.5416461955050517,0.4233406601370097,0.6930130477194112,0.8303666919256478,0.3576752059583093,0.9982916699429514,0.050429035375350595,1,0.6889423433752118,0.6889423433752117,47,FALSE,equal_per_meta_analysis,0.5308290962783877,0.010817099226663962,2.0377743613720467,11
meta_analysis_level,z_1.96,source_paper,influence_check,two_derivations,MA22,3,45,276,5464,4.808362369337979,power,yang2024_FE_VCV,own_CRVE,CR2_Satterthwaite,reported_sensitivity,0.5012141237803964,0.3844256678024708,0.6534828938790646,0.8662603534636718,0.3875053979263595,0.9988071830642326,0.06768541577144693,1,0.7057905957281402,0.6670382267173866,45,FALSE,k_effect_sizes,0.47894781727745006,0.022266306502946365,4.649004693145464,6
meta_analysis_level,z_1.96,source_paper,influence_check,two_derivations,MA22,3,45,276,5464,4.808362369337979,power,yang2024_FE_VCV,own_CRVE,CR2_Satterthwaite,reported_sensitivity,0.5675171748542718,0.44788422578209325,0.7191049052736048,0.8662603534636718,0.3875053979263595,0.9988071830642326,0.06768541577144693,1,0.7057905957281402,0.7057905957281402,45,FALSE,equal_per_meta_analysis,0.5308290962783877,0.036688078575884076,6.911467143210892,2
meta_analysis_level,z_1.96,source_paper,influence_check,two_derivations,MA23,1,47,24,5716,0.4181184668989547,power,yang2024_FE_VCV,own_CRVE,CR2_Satterthwaite,reported_sensitivity,0.4775208813566324,0.36543266460830376,0.6239896271342612,0.8168019026744758,0.2981161281223969,0.9982916699429514,0.050429035375350595,1,0.6725782265854726,0.6468225871289657,47,FALSE,k_effect_sizes,0.47894781727745006,-0.0014269359208176624,-0.29793139656194567,18
meta_analysis_level,z_1.96,source_paper,influence_check,two_derivations,MA23,1,47,24,5716,0.4181184668989547,power,yang2024_FE_VCV,own_CRVE,CR2_Satterthwaite,reported_sensitivity,0.5240088344274588,0.40871777860629077,0.6718211757128533,0.8168019026744758,0.2981161281223969,0.9982916699429514,0.050429035375350595,1,0.6725782265854726,0.6725782265854726,47,FALSE,equal_per_meta_analysis,0.5308290962783877,-0.006820261850928877,-1.284831954153487,21
meta_analysis_level,z_1.96,source_paper,influence_check,two_derivations,MA24,1,47,139,5601,2.421602787456446,power,yang2024_FE_VCV,own_CRVE,CR2_Satterthwaite,reported_sensitivity,0.47029111650708866,0.35959732392433263,0.6150594555370607,0.8168019026744758,0.2981161281223969,0.9950277195657384,0.050429035375350595,1,0.6720672639308783,0.6394927184614173,47,FALSE,k_effect_sizes,0.47894781727745006,-0.008656700770361403,-1.8074413241028875,9
meta_analysis_level,z_1.96,source_paper,influence_check,two_derivations,MA24,1,47,139,5601,2.421602787456446,power,yang2024_FE_VCV,own_CRVE,CR2_Satterthwaite,reported_sensitivity,0.5237375606480761,0.408553679097459,0.6713953305709033,0.8168019026744758,0.2981161281223969,0.9950277195657384,0.050429035375350595,1,0.6720672639308783,0.6720672639308782,47,FALSE,equal_per_meta_analysis,0.5308290962783877,-0.007091535630311618,-1.3359357427899066,18
meta_analysis_level,z_1.96,source_paper,influence_check,two_derivations,MA25,1,47,43,5697,0.7491289198606271,power,yang2024_FE_VCV,own_CRVE,CR2_Satterthwaite,reported_sensitivity,0.4763830773694736,0.36450207525135575,0.622605059923224,0.8168019026744758,0.2981161281223969,0.9982916699429514,0.050429035375350595,1,0.6725628289949843,0.6457233180044099,47,FALSE,k_effect_sizes,0.47894781727745006,-0.0025647399079764543,-0.5354946437704955,16
meta_analysis_level,z_1.96,source_paper,influence_check,two_derivations,MA25,1,47,43,5697,0.7491289198606271,power,yang2024_FE_VCV,own_CRVE,CR2_Satterthwaite,reported_sensitivity,0.524000560440046,0.4087127458782529,0.6718082323355606,0.8168019026744758,0.2981161281223969,0.9982916699429514,0.050429035375350595,1,0.6725628289949843,0.6725628289949842,47,FALSE,equal_per_meta_analysis,0.5308290962783877,-0.006828535838341754,-1.286390645542268,20
meta_analysis_level,z_1.96,source_paper,influence_check,two_derivations,MA26,1,47,459,5281,7.996515679442509,power,yang2024_FE_VCV,own_CRVE,CR2_Satterthwaite,reported_sensitivity,0.456580139779149,0.3471064672745378,0.6005806393571607,0.8168019026744758,0.2981161281223969,0.9982916699429514,0.050429035375350595,1,0.6756511041678696,0.6323602732350795,47,FALSE,k_effect_sizes,0.47894781727745006,-0.022367677498301042,-4.670170045966337,5
meta_analysis_level,z_1.96,source_paper,influence_check,two_derivations,MA26,1,47,459,5281,7.996515679442509,power,yang2024_FE_VCV,own_CRVE,CR2_Satterthwaite,reported_sensitivity,0.5257997240146395,0.4098478176837164,0.6745561104517629,0.8168019026744758,0.2981161281223969,0.9982916699429514,0.050429035375350595,1,0.6756511041678696,0.6756511041678696,47,FALSE,equal_per_meta_analysis,0.5308290962783877,-0.005029372263748222,-0.9474560266211629,23
meta_analysis_level,z_1.96,source_paper,influence_check,two_derivations,MA28,2,46,168,5572,2.926829268292683,power,yang2024_FE_VCV,own_CRVE,CR2_Satterthwaite,reported_sensitivity,0.4684342556214894,0.3569857341968831,0.6146762484313714,0.8065854096681582,0.2832516851884658,0.99164105616490406,0.050429035375350595,1,0.664912360748404,0.637586668180843,46,FALSE,k_effect_sizes,0.47894781727745006,-0.01051356165596068,-2.195137189626295,8
meta_analysis_level,z_1.96,source_paper,influence_check,two_derivations,MA28,2,46,168,5572,2.926829268292683,power,yang2024_FE_VCV,own_CRVE,CR2_Satterthwaite,reported_sensitivity,0.5164118856987148,0.4012505751993248,0.6646251798104618,0.8065854096681582,0.2832516851884658,0.99164105616490406,0.050429035375350595,1,0.664912360748404,0.664912360748404,46,FALSE,equal_per_meta_analysis,0.5308290962783877,-0.014417210579672934,-2.7159797156469323,6
meta_analysis_level,z_1.96,source_paper,influence_check,two_derivations,MA31,1,47,734,5006,12.787456445993032,power,yang2024_FE_VCV,own_CRVE,CR2_Satterthwaite,reported_sensitivity,0.42994348290965956,0.3275988805308508,0.5642613863544044,0.8168019026744758,0.2981161281223969,0.9950277195657384,0.050429035375350595,1,0.6720420891538881,0.5966120580748243,47,FALSE,k_effect_sizes,0.47894781727745006,-0.0490043343677905,-10.231664619822823,2
meta_analysis_level,z_1.96,source_paper,influence_check,two_derivations,MA31,1,47,734,5006,12.787456445993032,power,yang2024_FE_VCV,own_CRVE,CR2_Satterthwaite,reported_sensitivity,0.5237243679047032,0.4085457461608942,0.6713745427890484,0.8168019026744758,0.2981161281223969,0.9950277195657384,0.050429035375350595,1,0.6720420891538881,0.672042089153888,47,FALSE,equal_per_meta_analysis,0.5308290962783877,-0.007104728373684477,-1.3384210518027961,16
meta_analysis_level,z_1.96,source_paper,influence_check,two_derivations,MA32,1,47,13,5727,0.2264808362369338,power,yang2024_FE_VCV,own_CRVE,CR2_Satterthwaite,reported_sensitivity,0.47815055426638564,0.36595436333511094,0.6247444366058649,0.8168019026744758,0.2981161281223969,0.9955432326870196,0.050429035375350595,1,0.6720892006594436,0.6474003535026445,47,FALSE,k_effect_sizes,0.47894781727745006,-7.972630110644197e-4,-0.1664613518016278,24
meta_analysis_level,z_1.96,source_paper,influence_check,two_derivations,MA32,1,47,13,5727,0.2264808362369338,power,yang2024_FE_VCV,own_CRVE,CR2_Satterthwaite,reported_sensitivity,0.5237490695249982,0.4085606031185535,0.6714134591893163,0.8168019026744758,0.2981161281223969,0.9955432326870196,0.050429035375350595,1,0.6720892006594436,0.6720892006594434,47,FALSE,equal_per_meta_analysis,0.5308290962783877,-0.007080026753389479,-1.3337676481992355,19
meta_analysis_level,z_1.96,source_paper,influence_check,two_derivations,MA34,1,47,555,5185,9.668989547038327,power,yang2024_FE_VCV,own_CRVE,CR2_Satterthwaite,reported_sensitivity,0.4523487332991345,0.3432752611174758,0.5960795888734509,0.8303666919256478,0.2981161281223969,0.9982916699429514,0.050429035375350595,1,0.6759397167051285,0.6301461636574721,47,FALSE,k_effect_sizes,0.47894781727745006,-0.026599083978315563,-5.553649691842521,4
meta_analysis_level,z_1.96,source_paper,influence_check,two_derivations,MA34,1,47,555,5185,9.668989547038327,power,yang2024_FE_VCV,own_CRVE,CR2_Satterthwaite,reported_sensitivity,0.5259840189527436,0.4099686896395246,0.6748300423550387,0.8303666919256478,0.2981161281223969,0.9982916699429514,0.050429035375350595,1,0.6759397167051285,0.6759397167051284,47,FALSE,equal_per_meta_analysis,0.5308290962783877,-0.004845077325644098,-0.9127377077881804,24
meta_analysis_level,z_1.96,source_paper,influence_check,two_derivations,MA39,2,46,52,5688,0.9059233449477352,power,yang2024_FE_VCV,own_CRVE,CR2_Satterthwaite,reported_sensitivity,0.4862644612766769,0.3721831860792962,0.6353138323941342,0.8483135226946599,0.4024084811156687,0.998549426503592,0.050429035375350595,1,0.704681336246636,0.6532715875945673,46,FALSE,k_effect_sizes,0.47894781727745006,0.007316643999226824,1.5276495132221068,10
meta_analysis_level,z_1.96,source_paper,influence_check,two_derivations,MA39,2,46,52,5688,0.9059233449477352,power,yang2024_FE_VCV,own_CRVE,CR2_Satterthwaite,reported_sensitivity,0.5752884491475131,0.4588566503309079,0.7212640363474712,0.8483135226946599,0.4024084811156687,0.998549426503592,0.050429035375350595,1,0.704681336246636,0.704681336246636,46,FALSE,equal_per_meta_analysis,0.5308290962783877,0.04445935286912539,8.375455147584665,1
meta_analysis_level,z_1.96,source_paper,influence_check,two_derivations,MA41,4,44,527,5213,9.181184668989546,power,yang2024_FE_VCV,own_CRVE,CR2_Satterthwaite,reported_sensitivity,0.477743195653497,0.3606145655825864,0.6329155358006338,0.8235842973000618,0.31298057105632804,0.9990950782403059,0.050429035375350595,1,0.678457864558761,0.6514418042060438,44,FALSE,k_effect_sizes,0.47894781727745006,-0.0012046216239530727,-0.25151416928897996,21
meta_analysis_level,z_1.96,source_paper,influence_check,two_derivations,MA41,4,44,527,5213,9.181184668989546,power,yang2024_FE_VCV,own_CRVE,CR2_Satterthwaite,reported_sensitivity,0.5270918408206589,0.4064394890816347,0.6835600775098616,0.8235842973000618,0.31298057105632804,0.9990950782403059,0.050429035375350595,1,0.678457864558761,0.6784578645587609,44,FALSE,equal_per_meta_analysis,0.5308290962783877,-0.0037372554577288497,-0.704041184616766,26
meta_analysis_level,z_1.96,source_paper,influence_check,two_derivations,MA43,1,47,13,5727,0.2264808362369338,power,yang2024_FE_VCV,own_CRVE,CR2_Satterthwaite,reported_sensitivity,0.4800617233179248,0.3674871400346354,0.6271219672428678,0.8303666919256478,0.3576752059583093,0.9982916699429514,0.050429035375350595,1,0.6896563041721077,0.6492745459675018,47,FALSE,k_effect_sizes,0.47894781727745006,0.0011139060404747325,0.23257357070893825,22
meta_analysis_level,z_1.96,source_paper,influence_check,two_derivations,MA43,1,47,13,5727,0.2264808362369338,power,yang2024_FE_VCV,own_CRVE,CR2_Satterthwaite,reported_sensitivity,0.5437026843950311,0.4255598790020584,0.6946439822089829,0.8303666919256478,0.3576752059583093,0.9982916699429514,0.050429035375350595,1,0.6896563041721077,0.6896563041721075,47,FALSE,equal_per_meta_analysis,0.5308290962783877,0.012873588116643409,2.425185093827631,10
meta_analysis_level,z_1.96,source_paper,influence_check,two_derivations,MA45,2,46,39,5701,0.6794425087108014,power,yang2024_FE_VCV,own_CRVE,CR2_Satterthwaite,reported_sensitivity,0.47655281836457114,0.36352159074931073,0.6247292993604577,0.8065854096681582,0.2832516851884658,0.9964019381937044,0.050429035375350595,0.9999999999999256,0.6651692736622896,0.6458100179890326,46,FALSE,k_effect_sizes,0.47894781727745006,-0.0023949989128789206,-0.5000542494364324,17
meta_analysis_level,z_1.96,source_paper,influence_check,two_derivations,MA45,2,46,39,5701,0.6794425087108014,power,yang2024_FE_VCV,own_CRVE,CR2_Satterthwaite,reported_sensitivity,0.5165453660252332,0.4013300272364482,0.664837159081901,0.8065854096681582,0.2832516851884658,0.9964019381937044,0.050429035375350595,0.9999999999999256,0.6651692736622896,0.6651692736622895,46,FALSE,equal_per_meta_analysis,0.5308290962783877,-0.014283730253154547,-2.6908340845098633,8
meta_analysis_level,z_1.96,source_paper,influence_check,two_derivations,MA47,2,46,103,5637,1.7944250871080138,power,yang2024_FE_VCV,own_CRVE,CR2_Satterthwaite,reported_sensitivity,0.4824365502497979,0.3682243454456489,0.632073973097142,0.8235842973000618,0.3427601099742842,0.998549426503592,0.050429035375350595,1,0.6831949151893915,0.6514261652260003,46,FALSE,k_effect_sizes,0.47894781727745006,0.0034887329723478633,0.7284160917945925,11
meta_analysis_level,z_1.96,source_paper,influence_check,two_derivations,MA47,2,46,103,5637,1.7944250871080138,power,yang2024_FE_VCV,own_CRVE,CR2_Satterthwaite,reported_sensitivity,0.5370101992013993,0.4187292969850099,0.6887025964573245,0.8235842973000618,0.3427601099742842,0.998549426503592,0.050429035375350595,1,0.6831949151893915,0.6831949151893916,46,FALSE,equal_per_meta_analysis,0.5308290962783877,0.00618110292301155,1.1644242876562183,22
meta_analysis_level,z_1.96,source_paper,influence_check,two_derivations,MA01,3,45,52,5688,0.9059233449477352,type_M,yang2024_FE_VCV,own_CRVE,CR2_Satterthwaite,reported_sensitivity,1.5316471967990932,1.2704611429983548,1.846528835920138,1.127428039091466,1.0064474903562004,1.916427619966203,1,38.22310033099711,2.37899241642522,2.2228479534566508,45,FALSE,k_effect_sizes,1.5257428525710341,0.0059043442280590774,0.38698160821200034,13
meta_analysis_level,z_1.96,source_paper,influence_check,two_derivations,MA01,3,45,52,5688,0.9059233449477352,type_M,yang2024_FE_VCV,own_CRVE,CR2_Satterthwaite,reported_sensitivity,1.4993553246178317,1.2302725703838076,1.8272913202954004,1.127428039091466,1.0064474903562004,1.916427619966203,1,38.22310033099711,2.37899241642522,2.37899241642522,45,FALSE,equal_per_meta_analysis,1.461875982114135,0.03747934250369678,2.5637839982496358,3
meta_analysis_level,z_1.96,source_paper,influence_check,two_derivations,MA05,3,45,37,5703,0.6445993031358885,type_M,yang2024_FE_VCV,own_CRVE,CR2_Satterthwaite,reported_sensitivity,1.5245288662894152,1.264598422983037,1.8378864166754272,1.0811476144781393,1.0007928936020747,1.7281189719748644,1,38.22310033099711,2.3343961577071473,2.2143248121121006,45,FALSE,k_effect_sizes,1.5257428525710341,-0.0012139862816189506,-0.07956689946626572,26
meta_analysis_level,z_1.96,source_paper,influence_check,two_derivations,MA05,3,45,37,5703,0.6445993031358885,type_M,yang2024_FE_VCV,own_CRVE,CR2_Satterthwaite,reported_sensitivity,1.453856988397875,1.1919748481441053,1.7732757918544604,1.0811476144781393,1.0007928936020747,1.7281189719748644,1,38.22310033099711,2.3343961577071473,2.3343961577071473,45,FALSE,equal_per_meta_analysis,1.461875982114135,-0.008018993716260026,-0.5485413136525508,26
meta_analysis_level,z_1.96,source_paper,influence_check,two_derivations,MA06,2,46,46,5694,0.8013937282229965,type_M,yang2024_FE_VCV,own_CRVE,CR2_Satterthwaite,reported_sensitivity,1.526749661674151,1.268921925845815,1.8369644987168157,1.1089119107637524,1.000958713886063,1.8693504579683682,1,38.22310033099711,2.3355596138167463,2.2180721555007734,46,FALSE,k_effect_sizes,1.5257428525710341,0.0010068091031167903,0.06598812515623553,28
meta_analysis_level,z_1.96,source_paper,influence_check,two_derivations,MA06,2,46,46,5694,0.8013937282229965,type_M,yang2024_FE_VCV,own_CRVE,CR2_Satterthwaite,reported_sensitivity,1.470398010257449,1.2099055216695418,1.786974494988366,1.1089119107637524,1.000958713886063,1.8693504579683682,1,38.22310033099711,2.3355596138167463,2.3355596138167467,46,FALSE,equal_per_meta_analysis,1.461875982114135,0.008522028143314042,0.5829515121378304,23
meta_analysis_level,z_1.96,source_paper,influence_check,two_derivations,MA08,1,47,531,5209,9.250871080139373,type_M,yang2024_FE_VCV,own_CRVE,CR2_Satterthwaite,reported_sensitivity,1.5928879767070023,1.3217623283423623,1.9196280994933301,1.1134439441801423,1.0031711704621906,1.8222732959705337,1,38.22310033099711,2.320311885287493,2.3352964270984446,47,FALSE,k_effect_sizes,1.5257428525710341,0.06714512413596818,4.400815250277712,4
meta_analysis_level,z_1.96,source_paper,influence_check,two_derivations,MA08,1,47,531,5209,9.250871080139373,type_M,yang2024_FE_VCV,own_CRVE,CR2_Satterthwaite,reported_sensitivity,1.4737345473626473,1.2179757302240561,1.783199338209022,1.1134439441801423,1.0031711704621906,1.8222732959705337,1,38.22310033099711,2.320311885287493,2.3203118852874933,47,FALSE,equal_per_meta_analysis,1.461875982114135,0.011858565248512365,0.8111881851538882,14
meta_analysis_level,z_1.96,source_paper,influence_check,two_derivations,MA09,1,47,1297,4443,22.59581881533101,type_M,yang2024_FE_VCV,own_CRVE,CR2_Satterthwaite,reported_sensitivity,1.2637487059848684,1.0657121367618492,1.4985855342992296,1.1043798773473625,1.0011245341700512,1.659319268384941,1,38.22310033099711,2.2796917117845377,2.008191274012097,47,FALSE,k_effect_sizes,1.5257428525710341,-0.2619941465861657,-17.17157947977135,1
meta_analysis_level,z_1.96,source_paper,influence_check,two_derivations,MA09,1,47,1297,4443,22.59581881533101,type_M,yang2024_FE_VCV,own_CRVE,CR2_Satterthwaite,reported_sensitivity,1.4406281839748183,1.1925937742251265,1.7402485316603766,1.1043798773473625,1.0011245341700512,1.659319268384941,1,38.22310033099711,2.2796917117845377,2.2796917117845372,47,FALSE,equal_per_meta_analysis,1.461875982114135,-0.021247798139316654,-1.453461059575556,9
meta_analysis_level,z_1.96,source_paper,influence_check,two_derivations,MA10,1,47,32,5708,0.5574912891986062,type_M,yang2024_FE_VCV,own_CRVE,CR2_Satterthwaite,reported_sensitivity,1.5283328660294142,1.273280025826475,1.834475764959507,1.1043798773473625,1.0011245341700512,1.8222732959705337,1,38.22310033099711,2.3176006532395332,2.2178488896358637,47,FALSE,k_effect_sizes,1.5257428525710341,0.0025900134583800583,0.1697542580006539,21
meta_analysis_level,z_1.96,source_paper,influence_check,two_derivations,MA10,1,47,32,5708,0.5574912891986062,type_M,yang2024_FE_VCV,own_CRVE,CR2_Satterthwaite,reported_sensitivity,1.4699785332859232,1.2144042842234726,1.7793389865246887,1.1043798773473625,1.0011245341700512,1.8222732959705337,1,38.22310033099711,2.3176006532395332,2.3176006532395332,47,FALSE,equal_per_meta_analysis,1.461875982114135,0.008102551171788264,0.5542570827431259,25
meta_analysis_level,z_1.96,source_paper,influence_check,two_derivations,MA12,1,47,70,5670,1.2195121951219512,type_M,yang2024_FE_VCV,own_CRVE,CR2_Satterthwaite,reported_sensitivity,1.5276549565414974,1.271818627708652,1.834954776885383,1.1043798773473625,1.0011245341700512,1.8222732959705337,1,38.22310033099711,2.312257595928469,2.2220565322755963,47,FALSE,k_effect_sizes,1.5257428525710341,0.0019121039704632636,0.12532282010964124,22
meta_analysis_level,z_1.96,source_paper,influence_check,two_derivations,MA12,1,47,70,5670,1.2195121951219512,type_M,yang2024_FE_VCV,own_CRVE,CR2_Satterthwaite,reported_sensitivity,1.4637025092652955,1.2088317952073762,1.772310295049766,1.1043798773473625,1.0011245341700512,1.8222732959705337,1,38.22310033099711,2.312257595928469,2.3122575959284695,47,FALSE,equal_per_meta_analysis,1.461875982114135,0.0018265271511606063,0.12494405637057948,28
meta_analysis_level,z_1.96,source_paper,influence_check,two_derivations,MA13,3,45,94,5646,1.637630662020906,type_M,yang2024_FE_VCV,own_CRVE,CR2_Satterthwaite,reported_sensitivity,1.532520112234787,1.2701862902007344,1.8490342027175866,1.1043798773473625,1.0007928936020747,1.916427619966203,1,38.22310033099711,2.3693347455237754,2.229078982569497,45,FALSE,k_effect_sizes,1.5257428525710341,0.006777259663752755,0.4441940955077994,12
meta_analysis_level,z_1.96,source_paper,influence_check,two_derivations,MA13,3,45,94,5646,1.637630662020906,type_M,yang2024_FE_VCV,own_CRVE,CR2_Satterthwaite,reported_sensitivity,1.486237322062218,1.2179722551491907,1.8135892407664922,1.1043798773473625,1.0007928936020747,1.916427619966203,1,38.22310033099711,2.3693347455237754,2.3693347455237754,45,FALSE,equal_per_meta_analysis,1.461875982114135,0.024361339948083094,1.6664436823739415,4
meta_analysis_level,z_1.96,source_paper,influence_check,two_derivations,MA14,2,46,271,5469,4.7212543554006965,type_M,yang2024_FE_VCV,own_CRVE,CR2_Satterthwaite,reported_sensitivity,1.5578302256957715,1.292613268277052,1.8774641044232137,1.1204359916358042,1.002313672600109,1.8693504579683682,1,38.22310033099711,2.3488741366485515,2.271692897991165,46,FALSE,k_effect_sizes,1.5257428525710341,0.032087373124737306,2.1030656031366446,7
meta_analysis_level,z_1.96,source_paper,influence_check,two_derivations,MA14,2,46,271,5469,4.7212543554006965,type_M,yang2024_FE_VCV,own_CRVE,CR2_Satterthwaite,reported_sensitivity,1.486003623240857,1.2237535673038173,1.8044537946884946,1.1204359916358042,1.002313672600109,1.8693504579683682,1,38.22310033099711,2.3488741366485515,2.3488741366485524,46,FALSE,equal_per_meta_analysis,1.461875982114135,0.024127641126722166,1.6504574547992368,6
meta_analysis_level,z_1.96,source_paper,influence_check,two_derivations,MA15,4,44,36,5704,0.627177700348432,type_M,yang2024_FE_VCV,own_CRVE,CR2_Satterthwaite,reported_sensitivity,1.527483176055176,1.2641602837262853,1.8456558738375857,1.1089119107637524,1.0012903544540392,1.786646922124636,1,38.22310033099711,2.3817557581132567,2.217339211863771,44,FALSE,k_effect_sizes,1.5257428525710341,0.0017403234841417703,0.11406401027598267,23
meta_analysis_level,z_1.96,source_paper,influence_check,two_derivations,MA15,4,44,36,5704,0.627177700348432,type_M,yang2024_FE_VCV,own_CRVE,CR2_Satterthwaite,reported_sensitivity,1.48100881122227,1.2089540411175985,1.814284930873269,1.1089119107637524,1.0012903544540392,1.786646922124636,1,38.22310033099711,2.3817557581132567,2.3817557581132567,44,FALSE,equal_per_meta_analysis,1.461875982114135,0.019132829108134963,1.3087860627182257,10
meta_analysis_level,z_1.96,source_paper,influence_check,two_derivations,MA17,1,47,66,5674,1.1498257839721255,type_M,yang2024_FE_VCV,own_CRVE,CR2_Satterthwaite,reported_sensitivity,1.5212841119157068,1.2667842927898438,1.8269135182204994,1.1043798773473625,1.0011245341700512,1.659319268384941,1,38.22310033099711,2.299838892952672,2.2146725287808517,47,FALSE,k_effect_sizes,1.5257428525710341,-0.0044587406553273645,-0.29223408438806553,17
meta_analysis_level,z_1.96,source_paper,influence_check,two_derivations,MA17,1,47,66,5674,1.1498257839721255,type_M,yang2024_FE_VCV,own_CRVE,CR2_Satterthwaite,reported_sensitivity,1.4527488504830752,1.2002854636451907,1.7583144064500333,1.1043798773473625,1.0011245341700512,1.659319268384941,1,38.22310033099711,2.299838892952672,2.299838892952672,47,FALSE,equal_per_meta_analysis,1.461875982114135,-0.009127131631059715,-0.624343770793756,21
meta_analysis_level,z_1.96,source_paper,influence_check,two_derivations,MA18,1,47,23,5717,0.40069686411149824,type_M,yang2024_FE_VCV,own_CRVE,CR2_Satterthwaite,reported_sensitivity,1.5283381536774265,1.2735307409086902,1.834127309969347,1.1134439441801423,1.0031711704621906,1.8222732959705337,1,38.22310033099711,2.320311268317602,2.2166448293322936,47,FALSE,k_effect_sizes,1.5257428525710341,0.002595301106392389,0.170100820201724,20
meta_analysis_level,z_1.96,source_paper,influence_check,two_derivations,MA18,1,47,23,5717,0.40069686411149824,type_M,yang2024_FE_VCV,own_CRVE,CR2_Satterthwaite,reported_sensitivity,1.4737336381263884,1.217974844124588,1.783198435191224,1.1134439441801423,1.0031711704621906,1.8222732959705337,1,38.22310033099711,2.320311268317602,2.320311268317602,47,FALSE,equal_per_meta_analysis,1.461875982114135,0.011857656012253415,0.8111259886153244,16
meta_analysis_level,z_1.96,source_paper,influence_check,two_derivations,MA20,1,47,29,5711,0.5052264808362369,type_M,yang2024_FE_VCV,own_CRVE,CR2_Satterthwaite,reported_sensitivity,1.5204055096523146,1.267322497846744,1.824028941101192,1.1043798773473625,1.0011245341700512,1.659319268384941,1,38.22310033099711,2.2768601119504046,2.207552860861793,47,FALSE,k_effect_sizes,1.5257428525710341,-0.0053373429187195676,-0.34981929685763413,14
meta_analysis_level,z_1.96,source_paper,influence_check,two_derivations,MA20,1,47,29,5711,0.5052264808362369,type_M,yang2024_FE_VCV,own_CRVE,CR2_Satterthwaite,reported_sensitivity,1.4392577386068772,1.1918432414272813,1.7380329611628456,1.1043798773473625,1.0011245341700512,1.659319268384941,1,38.22310033099711,2.2768601119504046,2.2768601119504046,47,FALSE,equal_per_meta_analysis,1.461875982114135,-0.022618243507257718,-1.547206725056638,8
meta_analysis_level,z_1.96,source_paper,influence_check,two_derivations,MA21,1,47,11,5729,0.1916376306620209,type_M,yang2024_FE_VCV,own_CRVE,CR2_Satterthwaite,reported_sensitivity,1.524643723175196,1.2705574108338678,1.8295422645183166,1.1043798773473625,1.0011245341700512,1.659319268384941,1,38.22310033099711,2.294340200018084,2.211752800933311,47,FALSE,k_effect_sizes,1.5257428525710341,-0.0010991293958382276,-0.07203896737816295,27
meta_analysis_level,z_1.96,source_paper,influence_check,two_derivations,MA21,1,47,11,5729,0.1916376306620209,type_M,yang2024_FE_VCV,own_CRVE,CR2_Satterthwaite,reported_sensitivity,1.4489295438191618,1.1976596213151702,1.7529160920083635,1.1043798773473625,1.0011245341700512,1.659319268384941,1,38.22310033099711,2.294340200018084,2.294340200018084,47,FALSE,equal_per_meta_analysis,1.461875982114135,-0.012946438294973106,-0.8856044187996237,12
meta_analysis_level,z_1.96,source_paper,influence_check,two_derivations,MA22,3,45,276,5464,4.808362369337979,type_M,yang2024_FE_VCV,own_CRVE,CR2_Satterthwaite,reported_sensitivity,1.4428450477029162,1.2520891579660094,1.6626626134696914,1.0811476144781393,1.0007928936020747,1.5905195647950177,1,6.0770440253784255,1.5248732667660339,1.6258246485175076,45,FALSE,k_effect_sizes,1.5257428525710341,-0.08289780486811793,-5.433274993123948,3
meta_analysis_level,z_1.96,source_paper,influence_check,two_derivations,MA22,3,45,276,5464,4.808362369337979,type_M,yang2024_FE_VCV,own_CRVE,CR2_Satterthwaite,reported_sensitivity,1.3541032661569103,1.185773591565566,1.5463286317550158,1.0811476144781393,1.0007928936020747,1.5905195647950177,1,6.0770440253784255,1.5248732667660339,1.5248732667660339,45,FALSE,equal_per_meta_analysis,1.461875982114135,-0.1077727159572246,-7.372220166129684,1
meta_analysis_level,z_1.96,source_paper,influence_check,two_derivations,MA23,1,47,24,5716,0.4181184668989547,type_M,yang2024_FE_VCV,own_CRVE,CR2_Satterthwaite,reported_sensitivity,1.5283535796122625,1.273516533813885,1.8341847964221136,1.1134439441801423,1.0011245341700512,1.8222732959705337,1,38.22310033099711,2.3199838908472445,2.2167930682952655,47,FALSE,k_effect_sizes,1.5257428525710341,0.0026107270412283334,0.171111864416007,19
meta_analysis_level,z_1.96,source_paper,influence_check,two_derivations,MA23,1,47,24,5716,0.4181184668989547,type_M,yang2024_FE_VCV,own_CRVE,CR2_Satterthwaite,reported_sensitivity,1.4732549366982557,1.2175097757808624,1.7827208878990077,1.1134439441801423,1.0011245341700512,1.8222732959705337,1,38.22310033099711,2.3199838908472445,2.319983890847245,47,FALSE,equal_per_meta_analysis,1.461875982114135,0.011378954584120748,0.7783802951372598,20
meta_analysis_level,z_1.96,source_paper,influence_check,two_derivations,MA24,1,47,139,5601,2.421602787456446,type_M,yang2024_FE_VCV,own_CRVE,CR2_Satterthwaite,reported_sensitivity,1.5417936681948348,1.2834951185708912,1.852073826297446,1.1134439441801423,1.0031711704621906,1.8222732959705337,1,38.22310033099711,2.32029501803718,2.241822700782315,47,FALSE,k_effect_sizes,1.5257428525710341,0.01605081562380062,1.052000053400426,9
meta_analysis_level,z_1.96,source_paper,influence_check,two_derivations,MA24,1,47,139,5601,2.421602787456446,type_M,yang2024_FE_VCV,own_CRVE,CR2_Satterthwaite,reported_sensitivity,1.4737096995738752,1.2179515184848189,1.7831746548663563,1.1134439441801423,1.0031711704621906,1.8222732959705337,1,38.22310033099711,2.32029501803718,2.3202950180371804,47,FALSE,equal_per_meta_analysis,1.461875982114135,0.011833717459740267,0.8094884658154555,17
meta_analysis_level,z_1.96,source_paper,influence_check,two_derivations,MA25,1,47,43,5697,0.7491289198606271,type_M,yang2024_FE_VCV,own_CRVE,CR2_Satterthwaite,reported_sensitivity,1.530444109796666,1.2750437724421642,1.8370029514555775,1.1134439441801423,1.0011245341700512,1.8222732959705337,1,38.22310033099711,2.319993057357737,2.220803019542635,47,FALSE,k_effect_sizes,1.5257428525710341,0.00470125722563175,0.3081290676020254,15
meta_analysis_level,z_1.96,source_paper,influence_check,two_derivations,MA25,1,47,43,5697,0.7491289198606271,type_M,yang2024_FE_VCV,own_CRVE,CR2_Satterthwaite,reported_sensitivity,1.473268239162703,1.217522660264181,1.7827342154392485,1.1134439441801423,1.0011245341700512,1.8222732959705337,1,38.22310033099711,2.319993057357737,2.319993057357737,47,FALSE,equal_per_meta_analysis,1.461875982114135,0.011392257048568055,0.7792902536159607,19
meta_analysis_level,z_1.96,source_paper,influence_check,two_derivations,MA26,1,47,459,5281,7.996515679442509,type_M,yang2024_FE_VCV,own_CRVE,CR2_Satterthwaite,reported_sensitivity,1.5692098739245346,1.300729943814768,1.8931059749424186,1.1134439441801423,1.0011245341700512,1.8222732959705337,1,38.22310033099711,2.3180910396596204,2.308019086459003,47,FALSE,k_effect_sizes,1.5257428525710341,0.043467021353500446,2.848908731917321,6
meta_analysis_level,z_1.96,source_paper,influence_check,two_derivations,MA26,1,47,459,5281,7.996515679442509,type_M,yang2024_FE_VCV,own_CRVE,CR2_Satterthwaite,reported_sensitivity,1.4706246834845258,1.2150060297278356,1.7800215857022703,1.1134439441801423,1.0011245341700512,1.8222732959705337,1,38.22310033099711,2.3180910396596204,2.318091039659621,47,FALSE,equal_per_meta_analysis,1.461875982114135,0.008748701370390854,0.5984571521408188,22
meta_analysis_level,z_1.96,source_paper,influence_check,two_derivations,MA28,2,46,168,5572,2.926829268292683,type_M,yang2024_FE_VCV,own_CRVE,CR2_Satterthwaite,reported_sensitivity,1.5453022784909385,1.283361143069353,1.8607070541329616,1.1204359916358042,1.0052764972288153,1.8693504579683682,1,38.22310033099711,2.349014320353706,2.248305663830904,46,FALSE,k_effect_sizes,1.5257428525710341,0.01955942591990434,1.2819608420216122,8
meta_analysis_level,z_1.96,source_paper,influence_check,two_derivations,MA28,2,46,168,5572,2.926829268292683,type_M,yang2024_FE_VCV,own_CRVE,CR2_Satterthwaite,reported_sensitivity,1.4862112826653908,1.2239557821522535,1.8046599468142719,1.1204359916358042,1.0052764972288153,1.8693504579683682,1,38.22310033099711,2.349014320353706,2.3490143203537066,46,FALSE,equal_per_meta_analysis,1.461875982114135,0.02433530055125588,1.664662450782095,5
meta_analysis_level,z_1.96,source_paper,influence_check,two_derivations,MA31,1,47,734,5006,12.787456445993032,type_M,yang2024_FE_VCV,own_CRVE,CR2_Satterthwaite,reported_sensitivity,1.6232435354978885,1.3447739204206606,1.9593773611488925,1.1134439441801423,1.0031711704621906,1.8222732959705337,1,38.22310033099711,2.32031174104466,2.389443484958164,47,FALSE,k_effect_sizes,1.5257428525710341,0.09750068292685432,6.390374548539124,2
meta_analysis_level,z_1.96,source_paper,influence_check,two_derivations,MA31,1,47,734,5006,12.787456445993032,type_M,yang2024_FE_VCV,own_CRVE,CR2_Satterthwaite,reported_sensitivity,1.4737343347877656,1.2179755230575033,1.7831991270893528,1.1134439441801423,1.0031711704621906,1.8222732959705337,1,38.22310033099711,2.32031174104466,2.3203117410446605,47,FALSE,equal_per_meta_analysis,1.461875982114135,0.011858352673630668,0.8111736439148087,15
meta_analysis_level,z_1.96,source_paper,influence_check,two_derivations,MA32,1,47,13,5727,0.2264808362369338,type_M,yang2024_FE_VCV,own_CRVE,CR2_Satterthwaite,reported_sensitivity,1.5272017147889094,1.2726892375232455,1.8326116139656485,1.1134439441801423,1.002839529894214,1.8222732959705337,1,38.22310033099711,2.320280905672585,2.2145172392213794,47,FALSE,k_effect_sizes,1.5257428525710341,0.0014588622178752786,0.09561651987535225,25
meta_analysis_level,z_1.96,source_paper,influence_check,two_derivations,MA32,1,47,13,5727,0.2264808362369338,type_M,yang2024_FE_VCV,own_CRVE,CR2_Satterthwaite,reported_sensitivity,1.47368892555221,1.2179312822281625,1.7831540095776757,1.1134439441801423,1.002839529894214,1.8222732959705337,1,38.22310033099711,2.320280905672585,2.3202809056725853,47,FALSE,equal_per_meta_analysis,1.461875982114135,0.011812943438075152,0.8080674135566124,18
meta_analysis_level,z_1.96,source_paper,influence_check,two_derivations,MA34,1,47,555,5185,9.668989547038327,type_M,yang2024_FE_VCV,own_CRVE,CR2_Satterthwaite,reported_sensitivity,1.5780681075519678,1.3063322944909153,1.906328858725132,1.1043798773473625,1.0011245341700512,1.8222732959705337,1,38.22310033099711,2.3178981871738165,2.3293341890592973,47,FALSE,k_effect_sizes,1.5257428525710341,0.052325254980933655,3.429493698283448,5
meta_analysis_level,z_1.96,source_paper,influence_check,two_derivations,MA34,1,47,555,5185,9.668989547038327,type_M,yang2024_FE_VCV,own_CRVE,CR2_Satterthwaite,reported_sensitivity,1.4703689458181335,1.2147672393920625,1.7797523399695132,1.1043798773473625,1.0011245341700512,1.8222732959705337,1,38.22310033099711,2.3178981871738165,2.317898187173817,47,FALSE,equal_per_meta_analysis,1.461875982114135,0.008492963703998546,0.5809633517418034,24
meta_analysis_level,z_1.96,source_paper,influence_check,two_derivations,MA39,2,46,52,5688,0.9059233449477352,type_M,yang2024_FE_VCV,own_CRVE,CR2_Satterthwaite,reported_sensitivity,1.5116848808847692,1.2592375825884963,1.8147418808753675,1.0927637459127508,1.000958713886063,1.5639252820727685,1,38.22310033099711,2.1817870626493434,2.192446085627639,46,FALSE,k_effect_sizes,1.5257428525710341,-0.014057971686264992,-0.9213853869658228,10
meta_analysis_level,z_1.96,source_paper,influence_check,two_derivations,MA39,2,46,52,5688,0.9059233449477352,type_M,yang2024_FE_VCV,own_CRVE,CR2_Satterthwaite,reported_sensitivity,1.3896643090818044,1.1605376538702783,1.6640277766908793,1.0927637459127508,1.000958713886063,1.5639252820727685,1,38.22310033099711,2.1817870626493434,2.1817870626493434,46,FALSE,equal_per_meta_analysis,1.461875982114135,-0.07221167303233056,-4.939657940607212,2
meta_analysis_level,z_1.96,source_paper,influence_check,two_derivations,MA41,4,44,527,5213,9.181184668989546,type_M,yang2024_FE_VCV,own_CRVE,CR2_Satterthwaite,reported_sensitivity,1.5343635040449592,1.2632026905134495,1.8637320678823077,1.1089119107637524,1.0006019528071137,1.775196133972699,1,38.22310033099711,2.3715879519766694,2.2777865304184943,44,FALSE,k_effect_sizes,1.5257428525710341,0.0086206514739251,0.5650133939279822,11
meta_analysis_level,z_1.96,source_paper,influence_check,two_derivations,MA41,4,44,527,5213,9.181184668989546,type_M,yang2024_FE_VCV,own_CRVE,CR2_Satterthwaite,reported_sensitivity,1.4742158308307876,1.2043890603812994,1.8044935705278298,1.1089119107637524,1.0006019528071137,1.775196133972699,1,38.22310033099711,2.3715879519766694,2.37158795197667,44,FALSE,equal_per_meta_analysis,1.461875982114135,0.012339848716652613,0.8441105037382934,13
meta_analysis_level,z_1.96,source_paper,influence_check,two_derivations,MA43,1,47,13,5727,0.2264808362369338,type_M,yang2024_FE_VCV,own_CRVE,CR2_Satterthwaite,reported_sensitivity,1.5240721860493875,1.270120128928063,1.8288002649400712,1.1043798773473625,1.0011245341700512,1.659319268384941,1,38.22310033099711,2.2889874028514043,2.211178609882504,47,FALSE,k_effect_sizes,1.5257428525710341,-0.0016706665216466021,-0.10949856450785944,24
meta_analysis_level,z_1.96,source_paper,influence_check,two_derivations,MA43,1,47,13,5727,0.2264808362369338,type_M,yang2024_FE_VCV,own_CRVE,CR2_Satterthwaite,reported_sensitivity,1.4456248159586793,1.195536914265787,1.748027253344151,1.1043798773473625,1.0011245341700512,1.659319268384941,1,38.22310033099711,2.2889874028514043,2.288987402851405,47,FALSE,equal_per_meta_analysis,1.461875982114135,-0.016251166155455632,-1.1116651723050763,11
meta_analysis_level,z_1.96,source_paper,influence_check,two_derivations,MA45,2,46,39,5701,0.6794425087108014,type_M,yang2024_FE_VCV,own_CRVE,CR2_Satterthwaite,reported_sensitivity,1.5301371381521884,1.272146252592235,1.8404484993621562,1.1204359916358042,1.002313672600109,1.8693504579683682,1.00000000000006,38.22310033099711,2.348853753684931,2.2200452398705783,46,FALSE,k_effect_sizes,1.5257428525710341,0.004394285581154289,0.28800957997277,18
meta_analysis_level,z_1.96,source_paper,influence_check,two_derivations,MA45,2,46,39,5701,0.6794425087108014,type_M,yang2024_FE_VCV,own_CRVE,CR2_Satterthwaite,reported_sensitivity,1.4859735426638427,1.2237243194935274,1.8044238676328854,1.1204359916358042,1.002313672600109,1.8693504579683682,1.00000000000006,38.22310033099711,2.348853753684931,2.3488537536849314,46,FALSE,equal_per_meta_analysis,1.461875982114135,0.024097560549707797,1.6483997852443366,7
meta_analysis_level,z_1.96,source_paper,influence_check,two_derivations,MA47,2,46,103,5637,1.7944250871080138,type_M,yang2024_FE_VCV,own_CRVE,CR2_Satterthwaite,reported_sensitivity,1.5211990568305196,1.2642754718684384,1.8303341494731336,1.1089119107637524,1.000958713886063,1.6937191201799027,1,38.22310033099711,2.315808916405404,2.2163219669405545,46,FALSE,k_effect_sizes,1.5257428525710341,-0.004543795740514556,-0.29780875151128594,16
meta_analysis_level,z_1.96,source_paper,influence_check,two_derivations,MA47,2,46,103,5637,1.7944250871080138,type_M,yang2024_FE_VCV,own_CRVE,CR2_Satterthwaite,reported_sensitivity,1.4564609372289399,1.2002915224266832,1.7673027110823196,1.1089119107637524,1.000958713886063,1.6937191201799027,1,38.22310033099711,2.315808916405404,2.3158089164054045,46,FALSE,equal_per_meta_analysis,1.461875982114135,-0.005415044885195064,-0.3704175286718847,27
meta_analysis_level,z_1.96,source_paper,influence_check,two_derivations,MA01,3,45,52,5688,0.9059233449477352,type_S,yang2024_FE_VCV,own_CRVE,CR2_Satterthwaite,reported_sensitivity,0.005678186104965736,0.0019055551507056595,0.009979806118820371,1.2857322932165668e-6,2.2659224706543467e-10,0.0017963026862847027,1.5178806097150142e-58,0.42895589948540064,0.015431478104636309,0.012397773444099845,45,TRUE,k_effect_sizes,0.00562135507422323,5.6831030742506006e-5,1.010984540064097,15
meta_analysis_level,z_1.96,source_paper,influence_check,two_derivations,MA01,3,45,52,5688,0.9059233449477352,type_S,yang2024_FE_VCV,own_CRVE,CR2_Satterthwaite,reported_sensitivity,0.005211225614973957,7.602754697664353e-4,0.010431226433508863,1.2857322932165668e-6,2.2659224706543467e-10,0.0017963026862847027,1.5178806097150142e-58,0.42895589948540064,0.015431478104636309,0.015431478104636305,45,TRUE,equal_per_meta_analysis,0.0048558247766155825,3.5540083835837455e-4,7.319062254262021,4
meta_analysis_level,z_1.96,source_paper,influence_check,two_derivations,MA05,3,45,37,5703,0.6445993031358885,type_S,yang2024_FE_VCV,own_CRVE,CR2_Satterthwaite,reported_sensitivity,0.00563530775658018,0.0018705664177226834,0.009927513873372332,2.8485975415155556e-7,1.7349918753556553e-12,7.839293290423857e-4,1.5178806097150142e-58,0.42895589948540064,0.01524541872990462,0.012340256777165024,45,TRUE,k_effect_sizes,0.00562135507422323,1.3952682356949825e-5,0.24820852219298306,25
meta_analysis_level,z_1.96,source_paper,influence_check,two_derivations,MA05,3,45,37,5703,0.6445993031358885,type_S,yang2024_FE_VCV,own_CRVE,CR2_Satterthwaite,reported_sensitivity,0.005017636158219416,5.910968118232468e-4,0.010209842202267276,2.8485975415155556e-7,1.7349918753556553e-12,7.839293290423857e-4,1.5178806097150142e-58,0.42895589948540064,0.01524541872990462,0.015245418729904611,45,TRUE,equal_per_meta_analysis,0.0048558247766155825,1.6181138160383315e-4,3.3323150864725593,13
meta_analysis_level,z_1.96,source_paper,influence_check,two_derivations,MA06,2,46,46,5694,0.8013937282229965,type_S,yang2024_FE_VCV,own_CRVE,CR2_Satterthwaite,reported_sensitivity,0.005669025783196915,0.0019403006492282916,0.009913832430349677,7.591577731895303e-7,2.9775757165589873e-12,0.0015432093469741235,1.5178806097150142e-58,0.42895589948540064,0.015088175246895956,0.012382620411463773,46,TRUE,k_effect_sizes,0.00562135507422323,4.767070897368497e-5,0.8480287821041488,16
meta_analysis_level,z_1.96,source_paper,influence_check,two_derivations,MA06,2,46,46,5694,0.8013937282229965,type_S,yang2024_FE_VCV,own_CRVE,CR2_Satterthwaite,reported_sensitivity,0.005077768982551096,7.325054303785744e-4,0.010156786011971453,7.591577731895303e-7,2.9775757165589873e-12,0.0015432093469741235,1.5178806097150142e-58,0.42895589948540064,0.015088175246895956,0.015088175246895952,46,TRUE,equal_per_meta_analysis,0.0048558247766155825,2.219442059355134e-4,4.570679877172257,12
meta_analysis_level,z_1.96,source_paper,influence_check,two_derivations,MA08,1,47,531,5209,9.250871080139373,type_S,yang2024_FE_VCV,own_CRVE,CR2_Satterthwaite,reported_sensitivity,0.006261055431393291,0.0023802591919176164,0.010691904150166694,8.649260543526791e-7,6.057408506057913e-11,0.0012901160076635443,1.5178806097150142e-58,0.42895589948540064,0.014774819461885831,0.01353782594548664,47,TRUE,k_effect_sizes,0.00562135507422323,6.397003571700609e-4,11.379824770426117,5
meta_analysis_level,z_1.96,source_paper,influence_check,two_derivations,MA08,1,47,531,5209,9.250871080139373,type_S,yang2024_FE_VCV,own_CRVE,CR2_Satterthwaite,reported_sensitivity,0.004968793971627309,7.233192953915307e-4,0.009914957972579755,8.649260543526791e-7,6.057408506057913e-11,0.0012901160076635443,1.5178806097150142e-58,0.42895589948540064,0.014774819461885831,0.014774819461885825,47,TRUE,equal_per_meta_analysis,0.0048558247766155825,1.1296919501172648e-4,2.3264677003123735,15
meta_analysis_level,z_1.96,source_paper,influence_check,two_derivations,MA09,1,47,1297,4443,22.59581881533101,type_S,yang2024_FE_VCV,own_CRVE,CR2_Satterthwaite,reported_sensitivity,0.002617139276527833,-7.513351243235294e-4,0.006453541286893592,6.533894920263814e-7,4.22015955776232e-12,5.721855044393349e-4,1.5178806097150142e-58,0.42895589948540064,0.014378730203769202,0.01043739146173943,47,TRUE,k_effect_sizes,0.00562135507422323,-0.003004215797695397,-53.44291114915074,1
meta_analysis_level,z_1.96,source_paper,influence_check,two_derivations,MA09,1,47,1297,4443,22.59581881533101,type_S,yang2024_FE_VCV,own_CRVE,CR2_Satterthwaite,reported_sensitivity,0.004616009968652919,4.384224314774726e-4,0.009479655679355999,6.533894920263814e-7,4.22015955776232e-12,5.721855044393349e-4,1.5178806097150142e-58,0.42895589948540064,0.014378730203769202,0.014378730203769195,47,TRUE,equal_per_meta_analysis,0.0048558247766155825,-2.3981480796266344e-4,-4.9387039070592165,8
meta_analysis_level,z_1.96,source_paper,influence_check,two_derivations,MA10,1,47,32,5708,0.5574912891986062,type_S,yang2024_FE_VCV,own_CRVE,CR2_Satterthwaite,reported_sensitivity,0.005656184140083054,0.001972866336465689,0.00984248260112143,6.533894920263814e-7,4.22015955776232e-12,0.0012901160076635443,1.5178806097150142e-58,0.42895589948540064,0.014774792105879593,0.012354326245025672,47,TRUE,k_effect_sizes,0.00562135507422323,3.482906585982465e-5,0.6195848758875577,21
meta_analysis_level,z_1.96,source_paper,influence_check,two_derivations,MA10,1,47,32,5708,0.5574912891986062,type_S,yang2024_FE_VCV,own_CRVE,CR2_Satterthwaite,reported_sensitivity,0.004968761179427874,7.232882069587235e-4,0.009914923761053997,6.533894920263814e-7,4.22015955776232e-12,0.0012901160076635443,1.5178806097150142e-58,0.42895589948540064,0.014774792105879593,0.014774792105879586,47,TRUE,equal_per_meta_analysis,0.0048558247766155825,1.1293640281229145e-4,2.3257923835341865,23
meta_analysis_level,z_1.96,source_paper,influence_check,two_derivations,MA12,1,47,70,5670,1.2195121951219512,type_S,yang2024_FE_VCV,own_CRVE,CR2_Satterthwaite,reported_sensitivity,0.005697107257165046,0.0019997844148322112,0.009900737705158855,6.533894920263814e-7,4.22015955776232e-12,0.0012901160076635443,1.5178806097150142e-58,0.42895589948540064,0.014773387419400819,0.012436300516801453,47,TRUE,k_effect_sizes,0.00562135507422323,7.575218294181632e-5,1.3475786877292117,13
meta_analysis_level,z_1.96,source_paper,influence_check,two_derivations,MA12,1,47,70,5670,1.2195121951219512,type_S,yang2024_FE_VCV,own_CRVE,CR2_Satterthwaite,reported_sensitivity,0.004967079663909042,7.21695207232545e-4,0.009913167905455926,6.533894920263814e-7,4.22015955776232e-12,0.0012901160076635443,1.5178806097150142e-58,0.42895589948540064,0.014773387419400819,0.014773387419400817,47,TRUE,equal_per_meta_analysis,0.0048558247766155825,1.1125488729345906e-4,2.291163549171582,24
meta_analysis_level,z_1.96,source_paper,influence_check,two_derivations,MA13,3,45,94,5646,1.637630662020906,type_S,yang2024_FE_VCV,own_CRVE,CR2_Satterthwaite,reported_sensitivity,0.005724772695391546,0.0019362334164187284,0.010046164123602534,6.533894920263814e-7,1.7349918753556553e-12,0.0017963026862847027,1.5178806097150142e-58,0.42895589948540064,0.015431046568625819,0.012489870191212003,45,TRUE,k_effect_sizes,0.00562135507422323,1.0341762116831618e-4,1.8397276066501878,12
meta_analysis_level,z_1.96,source_paper,influence_check,two_derivations,MA13,3,45,94,5646,1.637630662020906,type_S,yang2024_FE_VCV,own_CRVE,CR2_Satterthwaite,reported_sensitivity,0.005210704300258832,7.597822998085431e-4,0.010430681971425701,6.533894920263814e-7,1.7349918753556553e-12,0.0017963026862847027,1.5178806097150142e-58,0.42895589948540064,0.015431046568625819,0.015431046568625817,45,TRUE,equal_per_meta_analysis,0.0048558247766155825,3.548795236432492e-4,7.308326390858633,5
meta_analysis_level,z_1.96,source_paper,influence_check,two_derivations,MA14,2,46,271,5469,4.7212543554006965,type_S,yang2024_FE_VCV,own_CRVE,CR2_Satterthwaite,reported_sensitivity,0.00593065844030077,0.002115393354374131,0.010282749508637237,1.075329173784623e-6,3.3639706150374053e-11,0.0015432093469741235,1.5178806097150142e-58,0.42895589948540064,0.015096011184392213,0.01289422843782672,46,TRUE,k_effect_sizes,0.00562135507422323,0.00030930336607754016,5.502291920605651,8
meta_analysis_level,z_1.96,source_paper,influence_check,two_derivations,MA14,2,46,271,5469,4.7212543554006965,type_S,yang2024_FE_VCV,own_CRVE,CR2_Satterthwaite,reported_sensitivity,0.005087130626955403,7.413380844545417e-4,0.01016660347622561,1.075329173784623e-6,3.3639706150374053e-11,0.0015432093469741235,1.5178806097150142e-58,0.42895589948540064,0.015096011184392213,0.015096011184392208,46,TRUE,equal_per_meta_analysis,0.0048558247766155825,2.3130585033982048e-4,4.763471932795649,10
meta_analysis_level,z_1.96,source_paper,influence_check,two_derivations,MA15,4,44,36,5704,0.627177700348432,type_S,yang2024_FE_VCV,own_CRVE,CR2_Satterthwaite,reported_sensitivity,0.005656432800107365,0.0018468221671431202,0.010006633789890688,7.591577731895303e-7,5.462743398965652e-12,0.0011210065397097662,1.5178806097150142e-58,0.42895589948540064,0.015740464969961482,0.012359498114911478,44,TRUE,k_effect_sizes,0.00562135507422323,3.507772588413546e-5,0.6240083649044825,20
meta_analysis_level,z_1.96,source_paper,influence_check,two_derivations,MA15,4,44,36,5704,0.627177700348432,type_S,yang2024_FE_VCV,own_CRVE,CR2_Satterthwaite,reported_sensitivity,0.005292603749230407,7.348222084779706e-4,0.010657593997505224,7.591577731895303e-7,5.462743398965652e-12,0.0011210065397097662,1.5178806097150142e-58,0.42895589948540064,0.015740464969961482,0.01574046496996148,44,TRUE,equal_per_meta_analysis,0.0048558247766155825,4.3677897261482426e-4,8.994949214770687,3
meta_analysis_level,z_1.96,source_paper,influence_check,two_derivations,MA17,1,47,66,5674,1.1498257839721255,type_S,yang2024_FE_VCV,own_CRVE,CR2_Satterthwaite,reported_sensitivity,0.00566447523014733,0.0019692674461722764,0.009865983772717433,6.533894920263814e-7,4.22015955776232e-12,5.721855044393349e-4,1.5178806097150142e-58,0.42895589948540064,0.014729452692274934,0.012403561443550745,47,TRUE,k_effect_sizes,0.00562135507422323,4.312015592410068e-5,0.7670776059286677,18
meta_analysis_level,z_1.96,source_paper,influence_check,two_derivations,MA17,1,47,66,5674,1.1498257839721255,type_S,yang2024_FE_VCV,own_CRVE,CR2_Satterthwaite,reported_sensitivity,0.0049166510929782685,6.749684917250892e-4,0.009859089034810448,6.533894920263814e-7,4.22015955776232e-12,5.721855044393349e-4,1.5178806097150142e-58,0.42895589948540064,0.014729452692274934,0.014729452692274932,47,TRUE,equal_per_meta_analysis,0.0048558247766155825,6.0826316362685984e-5,1.2526464434138962,26
meta_analysis_level,z_1.96,source_paper,influence_check,two_derivations,MA18,1,47,23,5717,0.40069686411149824,type_S,yang2024_FE_VCV,own_CRVE,CR2_Satterthwaite,reported_sensitivity,0.005646351385265116,0.0019663269706896337,0.00982857914798628,8.649260543526791e-7,6.057408506057913e-11,0.0012901160076635443,1.5178806097150142e-58,0.42895589948540064,0.014774819461885785,0.01233488461606435,47,TRUE,k_effect_sizes,0.00562135507422323,2.4996311041886043e-5,0.4446670013162235,23
meta_analysis_level,z_1.96,source_paper,influence_check,two_derivations,MA18,1,47,23,5717,0.40069686411149824,type_S,yang2024_FE_VCV,own_CRVE,CR2_Satterthwaite,reported_sensitivity,0.0049687939716272535,7.233192953914752e-4,0.009914957972579713,8.649260543526791e-7,6.057408506057913e-11,0.0012901160076635443,1.5178806097150142e-58,0.42895589948540064,0.014774819461885785,0.014774819461885785,47,TRUE,equal_per_meta_analysis,0.0048558247766155825,1.1296919501167096e-4,2.326467700311219,16
meta_analysis_level,z_1.96,source_paper,influence_check,two_derivations,MA20,1,47,29,5711,0.5052264808362369,type_S,yang2024_FE_VCV,own_CRVE,CR2_Satterthwaite,reported_sensitivity,0.0055536555490972965,0.0018903954674278946,0.00971595903242315,6.533894920263814e-7,4.22015955776232e-12,5.721855044393349e-4,1.5178806097150142e-58,0.42895589948540064,0.014299287802957155,0.012234352249854695,47,TRUE,k_effect_sizes,0.00562135507422323,-6.769952512593325e-5,-1.204327501679625,14
meta_analysis_level,z_1.96,source_paper,influence_check,two_derivations,MA20,1,47,29,5711,0.5052264808362369,type_S,yang2024_FE_VCV,own_CRVE,CR2_Satterthwaite,reported_sensitivity,0.004564297702515836,4.050528726353246e-4,0.00940448256592493,6.533894920263814e-7,4.22015955776232e-12,5.721855044393349e-4,1.5178806097150142e-58,0.42895589948540064,0.014299287802957155,0.01429928780295715,47,TRUE,equal_per_meta_analysis,0.0048558247766155825,-2.9152707409974693e-4,-6.003657205747359,7
meta_analysis_level,z_1.96,source_paper,influence_check,two_derivations,MA21,1,47,11,5729,0.1916376306620209,type_S,yang2024_FE_VCV,own_CRVE,CR2_Satterthwaite,reported_sensitivity,0.005622982983681617,0.0019478509305018987,0.009799327383743554,6.533894920263814e-7,4.22015955776232e-12,5.721855044393349e-4,1.5178806097150142e-58,0.42895589948540064,0.014673007501444206,0.012299860109354443,47,TRUE,k_effect_sizes,0.00562135507422323,1.6279094583876441e-6,0.028959377888293503,28
meta_analysis_level,z_1.96,source_paper,influence_check,two_derivations,MA21,1,47,11,5729,0.1916376306620209,type_S,yang2024_FE_VCV,own_CRVE,CR2_Satterthwaite,reported_sensitivity,0.004857330056902601,6.225918975283767e-4,0.009791958662574339,6.533894920263814e-7,4.22015955776232e-12,5.721855044393349e-4,1.5178806097150142e-58,0.42895589948540064,0.014673007501444206,0.014673007501444199,47,TRUE,equal_per_meta_analysis,0.0048558247766155825,1.505280287018157e-6,0.03099947704594541,28
meta_analysis_level,z_1.96,source_paper,influence_check,two_derivations,MA22,3,45,276,5464,4.808362369337979,type_S,yang2024_FE_VCV,own_CRVE,CR2_Satterthwaite,reported_sensitivity,0.004444122220455832,0.002178064910715115,0.006899119241242896,2.8485975415155556e-7,1.7349918753556553e-12,3.6044167983628414e-4,1.5178806097150142e-58,0.1383436590706495,0.005877911765045731,0.0056674177716205965,45,TRUE,k_effect_sizes,0.00562135507422323,-0.0011772328537673973,-20.942154306629877,2
meta_analysis_level,z_1.96,source_paper,influence_check,two_derivations,MA22,3,45,276,5464,4.808362369337979,type_S,yang2024_FE_VCV,own_CRVE,CR2_Satterthwaite,reported_sensitivity,0.003302532217963422,6.032446402130555e-4,0.0062863990953215265,2.8485975415155556e-7,1.7349918753556553e-12,3.6044167983628414e-4,1.5178806097150142e-58,0.1383436590706495,0.005877911765045731,0.005877911765045731,45,TRUE,equal_per_meta_analysis,0.0048558247766155825,-0.0015532925586521605,-31.988233309661883,2
meta_analysis_level,z_1.96,source_paper,influence_check,two_derivations,MA23,1,47,24,5716,0.4181184668989547,type_S,yang2024_FE_VCV,own_CRVE,CR2_Satterthwaite,reported_sensitivity,0.005647443198266076,0.0019670532862605637,0.009830122691584252,8.649260543526791e-7,4.22015955776232e-12,0.0012901160076635443,1.5178806097150142e-58,0.42895589948540064,0.014774819416112231,0.012337042564451941,47,TRUE,k_effect_sizes,0.00562135507422323,2.608812404284594e-5,0.4640895958071267,22
meta_analysis_level,z_1.96,source_paper,influence_check,two_derivations,MA23,1,47,24,5716,0.4181184668989547,type_S,yang2024_FE_VCV,own_CRVE,CR2_Satterthwaite,reported_sensitivity,0.004968793916756115,7.233192433705286e-4,0.009914957915334588,8.649260543526791e-7,4.22015955776232e-12,0.0012901160076635443,1.5178806097150142e-58,0.42895589948540064,0.014774819416112231,0.01477481941611223,47,TRUE,equal_per_meta_analysis,0.0048558247766155825,1.1296914014053208e-4,2.3264665703046417,20
meta_analysis_level,z_1.96,source_paper,influence_check,two_derivations,MA24,1,47,139,5601,2.421602787456446,type_S,yang2024_FE_VCV,own_CRVE,CR2_Satterthwaite,reported_sensitivity,0.005775874028248071,0.0020527199086838484,0.010011430473523666,8.649260543526791e-7,6.057408506057913e-11,0.0012901160076635443,1.5178806097150142e-58,0.42895589948540064,0.014774819461848917,0.012590347321870872,47,TRUE,k_effect_sizes,0.00562135507422323,1.545189540248411e-4,2.748784803390003,11
meta_analysis_level,z_1.96,source_paper,influence_check,two_derivations,MA24,1,47,139,5601,2.421602787456446,type_S,yang2024_FE_VCV,own_CRVE,CR2_Satterthwaite,reported_sensitivity,0.004968793971583042,7.233192953495608e-4,0.009914957972533583,8.649260543526791e-7,6.057408506057913e-11,0.0012901160076635443,1.5178806097150142e-58,0.42895589948540064,0.014774819461848917,0.014774819461848911,47,TRUE,equal_per_meta_analysis,0.0048558247766155825,1.129691949674598e-4,2.326467699400747,17
meta_analysis_level,z_1.96,source_paper,influence_check,two_derivations,MA25,1,47,43,5697,0.7491289198606271,type_S,yang2024_FE_VCV,own_CRVE,CR2_Satterthwaite,reported_sensitivity,0.005668268117778669,0.001980913224704322,0.00985955651355707,8.649260543526791e-7,4.22015955776232e-12,0.0012901160076635443,1.5178806097150142e-58,0.42895589948540064,0.014774819419460947,0.012378187689011626,47,TRUE,k_effect_sizes,0.00562135507422323,4.6913043555439626e-5,0.8345504408814097,17
meta_analysis_level,z_1.96,source_paper,influence_check,two_derivations,MA25,1,47,43,5697,0.7491289198606271,type_S,yang2024_FE_VCV,own_CRVE,CR2_Satterthwaite,reported_sensitivity,0.004968793920770414,7.233192471763211e-4,0.00991495791952255,8.649260543526791e-7,4.22015955776232e-12,0.0012901160076635443,1.5178806097150142e-58,0.42895589948540064,0.014774819419460947,0.014774819419460945,47,TRUE,equal_per_meta_analysis,0.0048558247766155825,1.1296914415483139e-4,2.326466652974424,19
meta_analysis_level,z_1.96,source_paper,influence_check,two_derivations,MA26,1,47,459,5281,7.996515679442509,type_S,yang2024_FE_VCV,own_CRVE,CR2_Satterthwaite,reported_sensitivity,0.006165873653528581,0.002315511259366552,0.010558978609805147,8.649260543526791e-7,4.22015955776232e-12,0.0012901160076635443,1.5178806097150142e-58,0.42895589948540064,0.014774805559981743,0.013353197395240119,47,TRUE,k_effect_sizes,0.00562135507422323,5.44518579305351e-4,9.686607092340527,6
meta_analysis_level,z_1.96,source_paper,influence_check,two_derivations,MA26,1,47,459,5281,7.996515679442509,type_S,yang2024_FE_VCV,own_CRVE,CR2_Satterthwaite,reported_sensitivity,0.004968777306917728,7.233034964140329e-4,0.009914940586726387,8.649260543526791e-7,4.22015955776232e-12,0.0012901160076635443,1.5178806097150142e-58,0.42895589948540064,0.014774805559981743,0.01477480555998174,47,TRUE,equal_per_meta_analysis,0.0048558247766155825,1.1295253030214544e-4,2.326124510219074,21
meta_analysis_level,z_1.96,source_paper,influence_check,two_derivations,MA28,2,46,168,5572,2.926829268292683,type_S,yang2024_FE_VCV,own_CRVE,CR2_Satterthwaite,reported_sensitivity,0.005809185453215886,0.0020342666452023775,0.010111213510912813,1.075329173784623e-6,1.4248019392710063e-10,0.0015432093469741235,1.5178806097150142e-58,0.42895589948540064,0.01509601118931813,0.012655874973086846,46,TRUE,k_effect_sizes,0.00562135507422323,1.8783037899265664e-4,3.3413719025498834,10
meta_analysis_level,z_1.96,source_paper,influence_check,two_derivations,MA28,2,46,168,5572,2.926829268292683,type_S,yang2024_FE_VCV,own_CRVE,CR2_Satterthwaite,reported_sensitivity,0.005087130632883671,7.413380900693975e-4,0.010166603482413078,1.075329173784623e-6,1.4248019392710063e-10,0.0015432093469741235,1.5178806097150142e-58,0.42895589948540064,0.01509601118931813,0.015096011189318125,46,TRUE,equal_per_meta_analysis,0.0048558247766155825,2.3130585626808878e-4,4.763472054881368,9
meta_analysis_level,z_1.96,source_paper,influence_check,two_derivations,MA31,1,47,734,5006,12.787456445993032,type_S,yang2024_FE_VCV,own_CRVE,CR2_Satterthwaite,reported_sensitivity,0.006545665692485145,0.0025750898339059504,0.011087970337577559,8.649260543526791e-7,6.057408506057913e-11,0.0012901160076635443,1.5178806097150142e-58,0.42895589948540064,0.01477481946188583,0.014086802906520141,47,TRUE,k_effect_sizes,0.00562135507422323,9.24310618261915e-4,16.442843514730974,3
meta_analysis_level,z_1.96,source_paper,influence_check,two_derivations,MA31,1,47,734,5006,12.787456445993032,type_S,yang2024_FE_VCV,own_CRVE,CR2_Satterthwaite,reported_sensitivity,0.004968793971627323,7.233192953915446e-4,0.009914957972579776,8.649260543526791e-7,6.057408506057913e-11,0.0012901160076635443,1.5178806097150142e-58,0.42895589948540064,0.01477481946188583,0.014774819461885823,47,TRUE,equal_per_meta_analysis,0.0048558247766155825,1.1296919501174035e-4,2.32646770031264,14
meta_analysis_level,z_1.96,source_paper,influence_check,two_derivations,MA32,1,47,13,5727,0.2264808362369338,type_S,yang2024_FE_VCV,own_CRVE,CR2_Satterthwaite,reported_sensitivity,0.005635456246700383,0.001959080891461292,0.009813174203603989,8.649260543526791e-7,5.8088917378172466e-11,0.0012901160076635443,1.5178806097150142e-58,0.42895589948540064,0.014774819461743166,0.012313346490300811,47,TRUE,k_effect_sizes,0.00562135507422323,1.410117247715309e-5,0.2508500582326434,24
meta_analysis_level,z_1.96,source_paper,influence_check,two_derivations,MA32,1,47,13,5727,0.2264808362369338,type_S,yang2024_FE_VCV,own_CRVE,CR2_Satterthwaite,reported_sensitivity,0.0049687939714562895,7.233192952294e-4,0.009914957972401335,8.649260543526791e-7,5.8088917378172466e-11,0.0012901160076635443,1.5178806097150142e-58,0.42895589948540064,0.014774819461743166,0.014774819461743159,47,TRUE,equal_per_meta_analysis,0.0048558247766155825,1.1296919484070703e-4,2.326467696790413,18
meta_analysis_level,z_1.96,source_paper,influence_check,two_derivations,MA34,1,47,555,5185,9.668989547038327,type_S,yang2024_FE_VCV,own_CRVE,CR2_Satterthwaite,reported_sensitivity,0.006293296154133467,0.0024021956975731097,0.010736931266315794,6.533894920263814e-7,4.22015955776232e-12,0.0012901160076635443,1.5178806097150142e-58,0.42895589948540064,0.01477480105920382,0.01360039639654383,47,TRUE,k_effect_sizes,0.00562135507422323,6.71941079910237e-4,11.953364821080736,4
meta_analysis_level,z_1.96,source_paper,influence_check,two_derivations,MA34,1,47,555,5185,9.668989547038327,type_S,yang2024_FE_VCV,own_CRVE,CR2_Satterthwaite,reported_sensitivity,0.004968771911769615,7.232983815914917e-4,0.009914934958045789,6.533894920263814e-7,4.22015955776232e-12,0.0012901160076635443,1.5178806097150142e-58,0.42895589948540064,0.01477480105920382,0.014774801059203818,47,TRUE,equal_per_meta_analysis,0.0048558247766155825,1.1294713515403246e-4,2.326013403489302,22
meta_analysis_level,z_1.96,source_paper,influence_check,two_derivations,MA39,2,46,52,5688,0.9059233449477352,type_S,yang2024_FE_VCV,own_CRVE,CR2_Satterthwaite,reported_sensitivity,0.005333440122830293,0.001747970622035036,0.009399528946967509,4.6912462308896847e-7,2.9775757165589873e-12,3.1299537666045645e-4,1.5178806097150142e-58,0.42895589948540064,0.011189178464463415,0.011763830265803708,46,TRUE,k_effect_sizes,0.00562135507422323,-2.879149513929369e-4,-5.1218068880433005,9
meta_analysis_level,z_1.96,source_paper,influence_check,two_derivations,MA39,2,46,52,5688,0.9059233449477352,type_S,yang2024_FE_VCV,own_CRVE,CR2_Satterthwaite,reported_sensitivity,0.003277543424574411,-2.0643123251289433e-4,0.0072510837236657785,4.6912462308896847e-7,2.9775757165589873e-12,3.1299537666045645e-4,1.5178806097150142e-58,0.42895589948540064,0.011189178464463415,0.011189178464463415,46,TRUE,equal_per_meta_analysis,0.0048558247766155825,-0.0015782813520411713,-32.50284811844474,1
meta_analysis_level,z_1.96,source_paper,influence_check,two_derivations,MA41,4,44,527,5213,9.181184668989546,type_S,yang2024_FE_VCV,own_CRVE,CR2_Satterthwaite,reported_sensitivity,0.005954135754029144,0.001967961367325851,0.010529512491803034,7.591577731895303e-7,1.301735623088464e-12,0.0010370226683529648,1.5178806097150142e-58,0.42895589948540064,0.015602576457055864,0.013248528987376686,44,TRUE,k_effect_sizes,0.00562135507422323,3.327806798059142e-4,5.919937015398347,7
meta_analysis_level,z_1.96,source_paper,influence_check,two_derivations,MA41,4,44,527,5213,9.181184668989546,type_S,yang2024_FE_VCV,own_CRVE,CR2_Satterthwaite,reported_sensitivity,0.005152655613749679,6.147960691593422e-4,0.01049443212847053,7.591577731895303e-7,1.301735623088464e-12,0.0010370226683529648,1.5178806097150142e-58,0.42895589948540064,0.015602576457055864,0.015602576457055862,44,TRUE,equal_per_meta_analysis,0.0048558247766155825,2.968308371340961e-4,6.112881967313943,6
meta_analysis_level,z_1.96,source_paper,influence_check,two_derivations,MA43,1,47,13,5727,0.2264808362369338,type_S,yang2024_FE_VCV,own_CRVE,CR2_Satterthwaite,reported_sensitivity,0.005614695099123955,0.0019401364996763613,0.009790453122744347,6.533894920263814e-7,4.22015955776232e-12,5.721855044393349e-4,1.5178806097150142e-58,0.42895589948540064,0.014589695223049858,0.012293596025861905,47,TRUE,k_effect_sizes,0.00562135507422323,-6.6599750992747675e-6,-0.11847632841792688,26
meta_analysis_level,z_1.96,source_paper,influence_check,two_derivations,MA43,1,47,13,5727,0.2264808362369338,type_S,yang2024_FE_VCV,own_CRVE,CR2_Satterthwaite,reported_sensitivity,0.004778970296727102,5.576924551326801e-4,0.009697462358549666,6.533894920263814e-7,4.22015955776232e-12,5.721855044393349e-4,1.5178806097150142e-58,0.42895589948540064,0.014589695223049858,0.014589695223049856,47,TRUE,equal_per_meta_analysis,0.0048558247766155825,-7.685447988848085e-5,-1.5827276193859485,25
meta_analysis_level,z_1.96,source_paper,influence_check,two_derivations,MA45,2,46,39,5701,0.6794425087108014,type_S,yang2024_FE_VCV,own_CRVE,CR2_Satterthwaite,reported_sensitivity,0.0056638712271304785,0.0019377430726288045,0.009905411195693055,1.075329173784623e-6,3.3639706150374053e-11,0.0015432093469741235,5.9714843559047294e-30,0.42895589948540064,0.015096011182396606,0.012369502779606668,46,TRUE,k_effect_sizes,0.00562135507422323,4.251615290724875e-5,0.7563328120332891,19
meta_analysis_level,z_1.96,source_paper,influence_check,two_derivations,MA45,2,46,39,5701,0.6794425087108014,type_S,yang2024_FE_VCV,own_CRVE,CR2_Satterthwaite,reported_sensitivity,0.005087130624553737,7.413380821798335e-4,0.010166603473718956,1.075329173784623e-6,3.3639706150374053e-11,0.0015432093469741235,5.9714843559047294e-30,0.42895589948540064,0.015096011182396606,0.015096011182396604,46,TRUE,equal_per_meta_analysis,0.0048558247766155825,2.313058479381548e-4,4.763471883336168,11
meta_analysis_level,z_1.96,source_paper,influence_check,two_derivations,MA47,2,46,103,5637,1.7944250871080138,type_S,yang2024_FE_VCV,own_CRVE,CR2_Satterthwaite,reported_sensitivity,0.0056196265212372885,0.0018807036800982564,0.00987860806985507,7.591577731895303e-7,2.9775757165589873e-12,6.780574167408603e-4,1.5178806097150142e-58,0.42895589948540064,0.014886327803706348,0.01239871953701448,46,TRUE,k_effect_sizes,0.00562135507422323,-1.7285529859412119e-6,-0.03074975629751009,27
meta_analysis_level,z_1.96,source_paper,influence_check,two_derivations,MA47,2,46,103,5637,1.7944250871080138,type_S,yang2024_FE_VCV,own_CRVE,CR2_Satterthwaite,reported_sensitivity,0.004874469777697021,5.574532337093326e-4,0.009920691679927617,7.591577731895303e-7,2.9775757165589873e-12,6.780574167408603e-4,1.5178806097150142e-58,0.42895589948540064,0.014886327803706348,0.014886327803706344,46,TRUE,equal_per_meta_analysis,0.0048558247766155825,1.8645001081438184e-5,0.38397186758525326,27
meta_analysis_level,z_1.96,source_paper,influence_check,two_derivations,MA01,3,45,52,5688,0.9059233449477352,power,yang2024_UWLS,own_CRVE,CR2_naive_t,supplementary,0.37933925521251594,0.259576693826934,0.5543574364234978,0.8187083899150619,0.24333961776698154,0.9959341362813771,0.05177897323809777,1,0.6523524729921667,0.6387242979669286,45,FALSE,k_effect_sizes,0.3826850291624545,-0.0033457739499385686,-0.8742892182798889,12
meta_analysis_level,z_1.96,source_paper,influence_check,two_derivations,MA01,3,45,52,5688,0.9059233449477352,power,yang2024_UWLS,own_CRVE,CR2_naive_t,supplementary,0.46519724525793316,0.3441392323100141,0.6288398900146914,0.8187083899150619,0.24333961776698154,0.9959341362813771,0.05177897323809777,1,0.6523524729921667,0.6523524729921669,45,FALSE,equal_per_meta_analysis,0.4879887538674981,-0.02279150860956497,-4.67049874181188,4
meta_analysis_level,z_1.96,source_paper,influence_check,two_derivations,MA05,3,45,37,5703,0.6445993031358885,power,yang2024_UWLS,own_CRVE,CR2_naive_t,supplementary,0.38400393250665565,0.2628847145594212,0.5609265659576613,0.9009383092889652,0.2566374207847768,0.9999542239368975,0.05177897323809777,1,0.6916168200228962,0.6439858919183393,45,FALSE,k_effect_sizes,0.3826850291624545,0.00131890334420115,0.34464461468159957,25
meta_analysis_level,z_1.96,source_paper,influence_check,two_derivations,MA05,3,45,37,5703,0.6445993031358885,power,yang2024_UWLS,own_CRVE,CR2_naive_t,supplementary,0.5045171955629784,0.37556972953726714,0.6777372631504243,0.9009383092889652,0.2566374207847768,0.9999542239368975,0.05177897323809777,1,0.6916168200228962,0.6916168200228963,45,FALSE,equal_per_meta_analysis,0.4879887538674981,0.016528441695480234,3.387053813122942,8
meta_analysis_level,z_1.96,source_paper,influence_check,two_derivations,MA06,2,46,46,5694,0.8013937282229965,power,yang2024_UWLS,own_CRVE,CR2_naive_t,supplementary,0.38410682937016283,0.26402921671664376,0.5587944326901416,0.8525236555419747,0.27836857997460496,0.9996609211996988,0.05177897323809777,1,0.6806715389299245,0.6442919822154879,46,FALSE,k_effect_sizes,0.3826850291624545,0.0014218002077083236,0.371532748699388,23
meta_analysis_level,z_1.96,source_paper,influence_check,two_derivations,MA06,2,46,46,5694,0.8013937282229965,power,yang2024_UWLS,own_CRVE,CR2_naive_t,supplementary,0.49447195169895297,0.36857247347319666,0.6633770251829519,0.8525236555419747,0.27836857997460496,0.9996609211996988,0.05177897323809777,1,0.6806715389299245,0.6806715389299246,46,FALSE,equal_per_meta_analysis,0.4879887538674981,0.0064831978314548455,1.3285547628040684,25
meta_analysis_level,z_1.96,source_paper,influence_check,two_derivations,MA08,1,47,531,5209,9.250871080139373,power,yang2024_UWLS,own_CRVE,CR2_naive_t,supplementary,0.3469898679926196,0.23815685067513048,0.5055574431229601,0.8375062429985036,0.24998851927587917,0.9980351001133233,0.05177897323809777,1,0.6671459962906895,0.6055028017702608,47,FALSE,k_effect_sizes,0.3826850291624545,-0.0356951611698349,-9.327556201494847,4
meta_analysis_level,z_1.96,source_paper,influence_check,two_derivations,MA08,1,47,531,5209,9.250871080139373,power,yang2024_UWLS,own_CRVE,CR2_naive_t,supplementary,0.4805960975300619,0.3589943102733167,0.6433879377789472,0.8375062429985036,0.24998851927587917,0.9980351001133233,0.05177897323809777,1,0.6671459962906895,0.6671459962906895,47,FALSE,equal_per_meta_analysis,0.4879887538674981,-0.007392656337436243,-1.5149235056846289,17
meta_analysis_level,z_1.96,source_paper,influence_check,two_derivations,MA09,1,47,1297,4443,22.59581881533101,power,yang2024_UWLS,own_CRVE,CR2_naive_t,supplementary,0.6608546307103185,0.516828140467052,0.8450175382025525,0.8675410680854458,0.3000997391644331,0.9993676184625,0.05177897323809777,1,0.6871695228693491,0.8122166702682025,47,FALSE,k_effect_sizes,0.3826850291624545,0.27816960154786396,72.68891656322869,1
meta_analysis_level,z_1.96,source_paper,influence_check,two_derivations,MA09,1,47,1297,4443,22.59581881533101,power,yang2024_UWLS,own_CRVE,CR2_naive_t,supplementary,0.510445032359728,0.38638878420074924,0.6743315068000324,0.8675410680854458,0.3000997391644331,0.9993676184625,0.05177897323809777,1,0.6871695228693491,0.6871695228693491,47,FALSE,equal_per_meta_analysis,0.4879887538674981,0.02245627849222992,4.601802462506632,5
meta_analysis_level,z_1.96,source_paper,influence_check,two_derivations,MA10,1,47,32,5708,0.5574912891986062,power,yang2024_UWLS,own_CRVE,CR2_naive_t,supplementary,0.381116000423596,0.26309632210874345,0.5520769147006307,0.8675410680854458,0.24998851927587917,0.9993676184625,0.05177897323809777,1,0.6714785610083498,0.6411317451811837,47,FALSE,k_effect_sizes,0.3826850291624545,-0.0015690287388585022,-0.4100052574025348,20
meta_analysis_level,z_1.96,source_paper,influence_check,two_derivations,MA10,1,47,32,5708,0.5574912891986062,power,yang2024_UWLS,own_CRVE,CR2_naive_t,supplementary,0.4829300011897472,0.36041304568903987,0.6470947398789496,0.8675410680854458,0.24998851927587917,0.9993676184625,0.05177897323809777,1,0.6714785610083498,0.6714785610083499,47,FALSE,equal_per_meta_analysis,0.4879887538674981,-0.005058752677750911,-1.0366535371273078,26
meta_analysis_level,z_1.96,source_paper,influence_check,two_derivations,MA12,1,47,70,5670,1.2195121951219512,power,yang2024_UWLS,own_CRVE,CR2_naive_t,supplementary,0.3795208059552345,0.2617512825764544,0.5502782669683369,0.8675410680854458,0.24998851927587917,0.9993676184625,0.05177897323809777,1,0.6724703966512474,0.6406668645372451,47,FALSE,k_effect_sizes,0.3826850291624545,-0.003164223207219985,-0.8268479208986101,14
meta_analysis_level,z_1.96,source_paper,influence_check,two_derivations,MA12,1,47,70,5670,1.2195121951219512,power,yang2024_UWLS,own_CRVE,CR2_naive_t,supplementary,0.4835501852804779,0.3608104806087699,0.6480432089729636,0.8675410680854458,0.24998851927587917,0.9993676184625,0.05177897323809777,1,0.6724703966512474,0.6724703966512475,47,FALSE,equal_per_meta_analysis,0.4879887538674981,-0.004438568587020242,-0.9095637044589377,27
meta_analysis_level,z_1.96,source_paper,influence_check,two_derivations,MA13,3,45,94,5646,1.637630662020906,power,yang2024_UWLS,own_CRVE,CR2_naive_t,supplementary,0.3787802233157938,0.2587803790102575,0.5544255639623884,0.8675410680854458,0.24333961776698154,0.9999542239368975,0.05177897323809777,1,0.6682932826290857,0.6406804906401808,45,FALSE,k_effect_sizes,0.3826850291624545,-0.003904805846660697,-1.0203706832239479,11
meta_analysis_level,z_1.96,source_paper,influence_check,two_derivations,MA13,3,45,94,5646,1.637630662020906,power,yang2024_UWLS,own_CRVE,CR2_naive_t,supplementary,0.4743970628113054,0.3498229755738809,0.6433327394657177,0.8675410680854458,0.24333961776698154,0.9999542239368975,0.05177897323809777,1,0.6682932826290857,0.6682932826290858,45,FALSE,equal_per_meta_analysis,0.4879887538674981,-0.013591691056192734,-2.785246780478723,13
meta_analysis_level,z_1.96,source_paper,influence_check,two_derivations,MA14,2,46,271,5469,4.7212543554006965,power,yang2024_UWLS,own_CRVE,CR2_naive_t,supplementary,0.36498966074720557,0.25016300431912786,0.5325225958767965,0.8281073164567827,0.24666406852143036,0.998408056550713,0.05177897323809777,1,0.6601980157961301,0.6245093327584352,46,FALSE,k_effect_sizes,0.3826850291624545,-0.017695368415248935,-4.624003309974545,7
meta_analysis_level,z_1.96,source_paper,influence_check,two_derivations,MA14,2,46,271,5469,4.7212543554006965,power,yang2024_UWLS,own_CRVE,CR2_naive_t,supplementary,0.47313853561201674,0.35171402566244186,0.636483215190098,0.8281073164567827,0.24666406852143036,0.998408056550713,0.05177897323809777,1,0.6601980157961301,0.6601980157961301,46,FALSE,equal_per_meta_analysis,0.4879887538674981,-0.014850218255481384,-3.043147641782251,12
meta_analysis_level,z_1.96,source_paper,influence_check,two_derivations,MA15,4,44,36,5704,0.627177700348432,power,yang2024_UWLS,own_CRVE,CR2_naive_t,supplementary,0.38055047237208106,0.259229772051686,0.5586498066037711,0.8075386532884512,0.22034682900362945,0.9979554464131324,0.05177897323809777,1,0.6511825672799627,0.640169519928843,44,FALSE,k_effect_sizes,0.3826850291624545,-0.002134556790373443,-0.5577842423167501,18
meta_analysis_level,z_1.96,source_paper,influence_check,two_derivations,MA15,4,44,36,5704,0.627177700348432,power,yang2024_UWLS,own_CRVE,CR2_naive_t,supplementary,0.46051973121672973,0.3384358126780654,0.6266429700856364,0.8075386532884512,0.22034682900362945,0.9979554464131324,0.05177897323809777,1,0.6511825672799627,0.6511825672799628,44,FALSE,equal_per_meta_analysis,0.4879887538674981,-0.027469022650768393,-5.629027807109455,2
meta_analysis_level,z_1.96,source_paper,influence_check,two_derivations,MA17,1,47,66,5674,1.1498257839721255,power,yang2024_UWLS,own_CRVE,CR2_naive_t,supplementary,0.3824872308769819,0.2636559556307665,0.5548764541803889,0.8675410680854458,0.24998851927587917,0.9993676184625,0.05177897323809777,1,0.6799102880771903,0.6448111871158331,47,FALSE,k_effect_sizes,0.3826850291624545,-1.977982854726168e-4,-0.05168696719218824,28
meta_analysis_level,z_1.96,source_paper,influence_check,two_derivations,MA17,1,47,66,5674,1.1498257839721255,power,yang2024_UWLS,own_CRVE,CR2_naive_t,supplementary,0.49005547760447754,0.3654914545133366,0.6570724654832921,0.8675410680854458,0.24998851927587917,0.9993676184625,0.05177897323809777,1,0.6799102880771903,0.6799102880771903,47,FALSE,equal_per_meta_analysis,0.4879887538674981,0.0020667237369794145,0.4235187226344639,28
meta_analysis_level,z_1.96,source_paper,influence_check,two_derivations,MA18,1,47,23,5717,0.40069686411149824,power,yang2024_UWLS,own_CRVE,CR2_naive_t,supplementary,0.38120911717892503,0.26325943576020755,0.5520044916935167,0.8375062429985036,0.24998851927587917,0.9980351001133233,0.05177897323809777,1,0.6671468621337394,0.6405570675635297,47,FALSE,k_effect_sizes,0.3826850291624545,-0.0014759119835294765,-0.38567277814856027,22
meta_analysis_level,z_1.96,source_paper,influence_check,two_derivations,MA18,1,47,23,5717,0.40069686411149824,power,yang2024_UWLS,own_CRVE,CR2_naive_t,supplementary,0.4805965136597254,0.3589945523451033,0.6433886181087424,0.8375062429985036,0.24998851927587917,0.9980351001133233,0.05177897323809777,1,0.6671468621337394,0.6671468621337395,47,FALSE,equal_per_meta_analysis,0.4879887538674981,-0.007392240207772738,-1.5148382312474173,18
meta_analysis_level,z_1.96,source_paper,influence_check,two_derivations,MA20,1,47,29,5711,0.5052264808362369,power,yang2024_UWLS,own_CRVE,CR2_naive_t,supplementary,0.384626160248716,0.26560979048542227,0.5569722519539066,0.8675410680854458,0.3000997391644331,0.9993676184625,0.05177897323809777,1,0.6854163804796034,0.6445397226726494,47,FALSE,k_effect_sizes,0.3826850291624545,0.0019411310862614828,0.5072398809302436,19
meta_analysis_level,z_1.96,source_paper,influence_check,two_derivations,MA20,1,47,29,5711,0.5052264808362369,power,yang2024_UWLS,own_CRVE,CR2_naive_t,supplementary,0.5010290173224629,0.37552081256625475,0.6684851219925992,0.8675410680854458,0.3000997391644331,0.9993676184625,0.05177897323809777,1,0.6854163804796034,0.6854163804796034,47,FALSE,equal_per_meta_analysis,0.4879887538674981,0.013040263454964729,2.672246717084281,14
meta_analysis_level,z_1.96,source_paper,influence_check,two_derivations,MA21,1,47,11,5729,0.1916376306620209,power,yang2024_UWLS,own_CRVE,CR2_naive_t,supplementary,0.38403660711477094,0.2654024686825696,0.5556998634425702,0.8675410680854458,0.3000997391644331,0.9993676184625,0.05177897323809777,1,0.6871245284092397,0.643112709703326,47,FALSE,k_effect_sizes,0.3826850291624545,0.0013515779523164406,0.3531828656256897,24
meta_analysis_level,z_1.96,source_paper,influence_check,two_derivations,MA21,1,47,11,5729,0.1916376306620209,power,yang2024_UWLS,own_CRVE,CR2_naive_t,supplementary,0.510062037380296,0.3859027699025369,0.6741679569759113,0.8675410680854458,0.3000997391644331,0.9993676184625,0.05177897323809777,1,0.6871245284092397,0.6871245284092397,47,FALSE,equal_per_meta_analysis,0.4879887538674981,0.02207328351279786,4.523318076053728,6
meta_analysis_level,z_1.96,source_paper,influence_check,two_derivations,MA22,3,45,276,5464,4.808362369337979,power,yang2024_UWLS,own_CRVE,CR2_naive_t,supplementary,0.40043102103172434,0.2732199213549995,0.5868715641571765,0.9009383092889652,0.4000777444263337,0.9999542239368975,0.05177897323809777,1,0.7079576558499182,0.6660448872461645,45,FALSE,k_effect_sizes,0.3826850291624545,0.01774599186926984,4.63723180081248,6
meta_analysis_level,z_1.96,source_paper,influence_check,two_derivations,MA22,3,45,276,5464,4.808362369337979,power,yang2024_UWLS,own_CRVE,CR2_naive_t,supplementary,0.5265380222657897,0.393425723909507,0.7046877518241248,0.9009383092889652,0.4000777444263337,0.9999542239368975,0.05177897323809777,1,0.7079576558499182,0.7079576558499182,45,FALSE,equal_per_meta_analysis,0.4879887538674981,0.03854926839829159,7.899622295139763,1
meta_analysis_level,z_1.96,source_paper,influence_check,two_derivations,MA23,1,47,24,5716,0.4181184668989547,power,yang2024_UWLS,own_CRVE,CR2_naive_t,supplementary,0.3811696223442478,0.2632248317675708,0.5519626701721999,0.8375062429985036,0.24998851927587917,0.9993676184625,0.05177897323809777,1,0.6674742102527812,0.6405587902685811,47,FALSE,k_effect_sizes,0.3826850291624545,-0.0015154068182067215,-0.395993232743741,21
meta_analysis_level,z_1.96,source_paper,influence_check,two_derivations,MA23,1,47,24,5716,0.4181184668989547,power,yang2024_UWLS,own_CRVE,CR2_naive_t,supplementary,0.4807550915589708,0.35908708439412,0.6436473716392429,0.8375062429985036,0.24998851927587917,0.9993676184625,0.05177897323809777,1,0.6674742102527812,0.6674742102527813,47,FALSE,equal_per_meta_analysis,0.4879887538674981,-0.007233662308527344,-1.4823420112036967,23
meta_analysis_level,z_1.96,source_paper,influence_check,two_derivations,MA24,1,47,139,5601,2.421602787456446,power,yang2024_UWLS,own_CRVE,CR2_naive_t,supplementary,0.3737083154877919,0.25768872383595837,0.5419635868646996,0.8375062429985036,0.24998851927587917,0.9993676184625,0.05177897323809777,1,0.6672324925058065,0.6332135264924592,47,FALSE,k_effect_sizes,0.3826850291624545,-0.008976713674662629,-2.345718538901065,10
meta_analysis_level,z_1.96,source_paper,influence_check,two_derivations,MA24,1,47,139,5601,2.421602787456446,power,yang2024_UWLS,own_CRVE,CR2_naive_t,supplementary,0.48063775382821206,0.3590185620002894,0.6434560071711355,0.8375062429985036,0.24998851927587917,0.9993676184625,0.05177897323809777,1,0.6672324925058065,0.6672324925058065,47,FALSE,equal_per_meta_analysis,0.4879887538674981,-0.007351000039286071,-1.506387182291924,20
meta_analysis_level,z_1.96,source_paper,influence_check,two_derivations,MA25,1,47,43,5697,0.7491289198606271,power,yang2024_UWLS,own_CRVE,CR2_naive_t,supplementary,0.38008642320388486,0.2623903484358436,0.550575468820057,0.8375062429985036,0.24998851927587917,0.9993676184625,0.05177897323809777,1,0.6683412690082725,0.6397190585007477,47,FALSE,k_effect_sizes,0.3826850291624545,-0.002598605958569644,-0.6790456277469104,15
meta_analysis_level,z_1.96,source_paper,influence_check,two_derivations,MA25,1,47,43,5697,0.7491289198606271,power,yang2024_UWLS,own_CRVE,CR2_naive_t,supplementary,0.48118767150874586,0.35934237481588516,0.6443480965211597,0.8375062429985036,0.24998851927587917,0.9993676184625,0.05177897323809777,1,0.6683412690082725,0.6683412690082726,47,FALSE,equal_per_meta_analysis,0.4879887538674981,-0.006801082358752264,-1.393696536006428,24
meta_analysis_level,z_1.96,source_paper,influence_check,two_derivations,MA26,1,47,459,5281,7.996515679442509,power,yang2024_UWLS,own_CRVE,CR2_naive_t,supplementary,0.3522338432486116,0.24191681349950767,0.5128567896333505,0.8375062429985036,0.24998851927587917,0.9993676184625,0.05177897323809777,1,0.667284806524905,0.6114483258110653,47,FALSE,k_effect_sizes,0.3826850291624545,-0.030451185913842882,-7.957245147657965,5
meta_analysis_level,z_1.96,source_paper,influence_check,two_derivations,MA26,1,47,459,5281,7.996515679442509,power,yang2024_UWLS,own_CRVE,CR2_naive_t,supplementary,0.48066303245131187,0.35903329791604255,0.6434972803534152,0.8375062429985036,0.24998851927587917,0.9993676184625,0.05177897323809777,1,0.667284806524905,0.667284806524905,47,FALSE,equal_per_meta_analysis,0.4879887538674981,-0.007325721416186259,-1.5012070171960157,21
meta_analysis_level,z_1.96,source_paper,influence_check,two_derivations,MA28,2,46,168,5572,2.926829268292683,power,yang2024_UWLS,own_CRVE,CR2_naive_t,supplementary,0.37176102810722833,0.25514908966737987,0.5416686463569723,0.8281073164567827,0.24666406852143036,0.9969504244992522,0.05177897323809777,1,0.659910133582218,0.6312031972592437,46,FALSE,k_effect_sizes,0.3826850291624545,-0.010924001055226173,-2.854567130345931,9
meta_analysis_level,z_1.96,source_paper,influence_check,two_derivations,MA28,2,46,168,5572,2.926829268292683,power,yang2024_UWLS,own_CRVE,CR2_naive_t,supplementary,0.47300143672302203,0.3516350923582952,0.6362571995916583,0.8281073164567827,0.24666406852143036,0.9969504244992522,0.05177897323809777,1,0.659910133582218,0.659910133582218,46,FALSE,equal_per_meta_analysis,0.4879887538674981,-0.014987317144476098,-3.0712423238641984,10
meta_analysis_level,z_1.96,source_paper,influence_check,two_derivations,MA31,1,47,734,5006,12.787456445993032,power,yang2024_UWLS,own_CRVE,CR2_naive_t,supplementary,0.3328096143931914,0.22787690663732277,0.4860617122946479,0.8375062429985036,0.24998851927587917,0.9993676184625,0.05177897323809777,1,0.6673189788155096,0.590697514084895,47,FALSE,k_effect_sizes,0.3826850291624545,-0.049875414769263104,-13.033019577071137,2
meta_analysis_level,z_1.96,source_paper,influence_check,two_derivations,MA31,1,47,734,5006,12.787456445993032,power,yang2024_UWLS,own_CRVE,CR2_naive_t,supplementary,0.4806795793446416,0.3590429515483736,0.6435242831046415,0.8375062429985036,0.24998851927587917,0.9993676184625,0.05177897323809777,1,0.6673189788155096,0.6673189788155096,47,FALSE,equal_per_meta_analysis,0.4879887538674981,-0.00730917452285651,-1.497816182223155,22
meta_analysis_level,z_1.96,source_paper,influence_check,two_derivations,MA32,1,47,13,5727,0.2264808362369338,power,yang2024_UWLS,own_CRVE,CR2_naive_t,supplementary,0.3818515775281929,0.2637374991882408,0.5528627051881544,0.8375062429985036,0.24998851927587917,0.9980351001133233,0.05177897323809777,1,0.6671469587259018,0.6411846345235194,47,FALSE,k_effect_sizes,0.3826850291624545,-8.334516342616283e-4,-0.21779049890865432,27
meta_analysis_level,z_1.96,source_paper,influence_check,two_derivations,MA32,1,47,13,5727,0.2264808362369338,power,yang2024_UWLS,own_CRVE,CR2_naive_t,supplementary,0.4805965600836037,0.35899457935113716,0.6433886940066447,0.8375062429985036,0.24998851927587917,0.9980351001133233,0.05177897323809777,1,0.6671469587259018,0.6671469587259018,47,FALSE,equal_per_meta_analysis,0.4879887538674981,-0.007392193783894441,-1.5148287179383657,19
meta_analysis_level,z_1.96,source_paper,influence_check,two_derivations,MA34,1,47,555,5185,9.668989547038327,power,yang2024_UWLS,own_CRVE,CR2_naive_t,supplementary,0.34529398862130073,0.23693095850236418,0.5032180654298802,0.8375062429985036,0.24998851927587917,0.9980351001133233,0.05177897323809777,1,0.6671459850066971,0.6036767238335474,47,FALSE,k_effect_sizes,0.3826850291624545,-0.037391040541153775,-9.770708988273702,3
meta_analysis_level,z_1.96,source_paper,influence_check,two_derivations,MA34,1,47,555,5185,9.668989547038327,power,yang2024_UWLS,own_CRVE,CR2_naive_t,supplementary,0.48059609210701765,0.3589943071186381,0.6433879289127742,0.8375062429985036,0.24998851927587917,0.9980351001133233,0.05177897323809777,1,0.6671459850066971,0.6671459850066971,47,FALSE,equal_per_meta_analysis,0.4879887538674981,-0.007392661760480479,-1.514924616989799,16
meta_analysis_level,z_1.96,source_paper,influence_check,two_derivations,MA39,2,46,52,5688,0.9059233449477352,power,yang2024_UWLS,own_CRVE,CR2_naive_t,supplementary,0.38519822794815,0.2647194270049244,0.5605092021132048,0.8842396886872055,0.3576909792646505,0.9996609211996988,0.05177897323809777,1,0.6959466530321882,0.6459710012133448,46,FALSE,k_effect_sizes,0.3826850291624545,0.002513198785695503,0.6567277510687752,16
meta_analysis_level,z_1.96,source_paper,influence_check,two_derivations,MA39,2,46,52,5688,0.9059233449477352,power,yang2024_UWLS,own_CRVE,CR2_naive_t,supplementary,0.5139274280899513,0.38526027875198354,0.685566137777686,0.8842396886872055,0.3576909792646505,0.9996609211996988,0.05177897323809777,1,0.6959466530321882,0.6959466530321883,46,FALSE,equal_per_meta_analysis,0.4879887538674981,0.025938674222453162,5.315424590603612,3
meta_analysis_level,z_1.96,source_paper,influence_check,two_derivations,MA41,4,44,527,5213,9.181184668989546,power,yang2024_UWLS,own_CRVE,CR2_naive_t,supplementary,0.39870463352077956,0.2720567124419291,0.5843097322028786,0.9154910073967306,0.253312970030328,0.9999553588948046,0.05889370919487391,1,0.6910407535433706,0.6628784426526002,44,FALSE,k_effect_sizes,0.3826850291624545,0.016019604358325057,4.186106886225893,8
meta_analysis_level,z_1.96,source_paper,influence_check,two_derivations,MA41,4,44,527,5213,9.181184668989546,power,yang2024_UWLS,own_CRVE,CR2_naive_t,supplementary,0.5068181317470685,0.37762332886806993,0.6802138507637846,0.9154910073967306,0.253312970030328,0.9999553588948046,0.05889370919487391,1,0.6910407535433706,0.6910407535433705,44,FALSE,equal_per_meta_analysis,0.4879887538674981,0.01882937787957034,3.858567995745865,7
meta_analysis_level,z_1.96,source_paper,influence_check,two_derivations,MA43,1,47,13,5727,0.2264808362369338,power,yang2024_UWLS,own_CRVE,CR2_naive_t,supplementary,0.38378328557003116,0.2651198857216326,0.5555585160351852,0.8675410680854458,0.3000997391644331,0.9993676184625,0.05177897323809777,1,0.6861187178717967,0.6432086863548695,47,FALSE,k_effect_sizes,0.3826850291624545,0.0010982564075766588,0.2869870321241308,26
meta_analysis_level,z_1.96,source_paper,influence_check,two_derivations,MA43,1,47,13,5727,0.2264808362369338,power,yang2024_UWLS,own_CRVE,CR2_naive_t,supplementary,0.5038736294508586,0.37857332436522134,0.6706458646596211,0.8675410680854458,0.3000997391644331,0.9993676184625,0.05177897323809777,1,0.6861187178717967,0.6861187178717968,47,FALSE,equal_per_meta_analysis,0.4879887538674981,0.015884875583360436,3.255172472206924,9
meta_analysis_level,z_1.96,source_paper,influence_check,two_derivations,MA45,2,46,39,5701,0.6794425087108014,power,yang2024_UWLS,own_CRVE,CR2_naive_t,supplementary,0.38018833271562225,0.2613673598324912,0.5530268524184563,0.8281073164567827,0.24666406852143036,0.998408056550713,0.05177897323809777,0.9999999999977911,0.6601949211151763,0.6395734016465633,46,FALSE,k_effect_sizes,0.3826850291624545,-0.0024966964468322583,-0.6524155001037091,17
meta_analysis_level,z_1.96,source_paper,influence_check,two_derivations,MA45,2,46,39,5701,0.6794425087108014,power,yang2024_UWLS,own_CRVE,CR2_naive_t,supplementary,0.47313705185107113,0.3517131691439163,0.6364807731800433,0.8281073164567827,0.24666406852143036,0.998408056550713,0.05177897323809777,0.9999999999977911,0.6601949211151763,0.6601949211151762,46,FALSE,equal_per_meta_analysis,0.4879887538674981,-0.014851702016426993,-3.0434516981634463,11
meta_analysis_level,z_1.96,source_paper,influence_check,two_derivations,MA47,2,46,103,5637,1.7944250871080138,power,yang2024_UWLS,own_CRVE,CR2_naive_t,supplementary,0.385936596508749,0.2653667158557944,0.5612876356569818,0.8525236555419747,0.27836857997460496,0.9996609211996988,0.05177897323809777,1,0.67942652598665,0.645794739066768,46,FALSE,k_effect_sizes,0.3826850291624545,0.003251567346294504,0.8496719491250859,13
meta_analysis_level,z_1.96,source_paper,influence_check,two_derivations,MA47,2,46,103,5637,1.7944250871080138,power,yang2024_UWLS,own_CRVE,CR2_naive_t,supplementary,0.4967877306371043,0.37156048038814965,0.6642203957044818,0.8525236555419747,0.27836857997460496,0.9996609211996988,0.05177897323809777,1,0.67942652598665,0.67942652598665,46,FALSE,equal_per_meta_analysis,0.4879887538674981,0.00879897676960617,1.8031105634855216,15
meta_analysis_level,z_1.96,source_paper,influence_check,two_derivations,MA01,3,45,52,5688,0.9059233449477352,type_M,yang2024_UWLS,own_CRVE,CR2_naive_t,supplementary,2.0241446678633466,1.5072352457054325,2.7183292376645687,1.1121598146490637,1.0026203386865804,2.020215719132769,1,18.806520475073768,2.273696049594715,3.4979134044858924,45,FALSE,k_effect_sizes,2.0112554553950255,0.012889212468321087,0.6408540712094402,13
meta_analysis_level,z_1.96,source_paper,influence_check,two_derivations,MA01,3,45,52,5688,0.9059233449477352,type_M,yang2024_UWLS,own_CRVE,CR2_naive_t,supplementary,1.6011789511203576,1.296811051123702,1.9769834867534077,1.1121598146490637,1.0026203386865804,2.020215719132769,1,18.806520475073768,2.273696049594715,2.2736960495947147,45,FALSE,equal_per_meta_analysis,1.554756496877958,0.04642245424239966,2.985834395007747,6
meta_analysis_level,z_1.96,source_paper,influence_check,two_derivations,MA05,3,45,37,5703,0.6445993031358885,type_M,yang2024_UWLS,own_CRVE,CR2_naive_t,supplementary,2.008824204280265,1.4960345188252062,2.697380730807672,1.0595826085428734,1.000032289496403,1.9627922892099705,1,18.806520475073768,2.1738336840651775,3.478636879128959,45,FALSE,k_effect_sizes,2.0112554553950255,-0.002431251114760613,-0.1208822632768447,27
meta_analysis_level,z_1.96,source_paper,influence_check,two_derivations,MA05,3,45,37,5703,0.6445993031358885,type_M,yang2024_UWLS,own_CRVE,CR2_naive_t,supplementary,1.5271482723272365,1.2414025623530693,1.8786668534431163,1.0595826085428734,1.000032289496403,1.9627922892099705,1,18.806520475073768,2.1738336840651775,2.173833684065177,45,FALSE,equal_per_meta_analysis,1.554756496877958,-0.027608224550721427,-1.7757265916663045,12
meta_analysis_level,z_1.96,source_paper,influence_check,two_derivations,MA06,2,46,46,5694,0.8013937282229965,type_M,yang2024_UWLS,own_CRVE,CR2_naive_t,supplementary,2.0104275924795227,1.5017804931994991,2.691351447768531,1.0900060056627283,1.000226688101542,1.8940850348961333,1,18.806520475073768,2.206027282152712,3.4848320824618333,46,FALSE,k_effect_sizes,2.0112554553950255,-8.278629155027417e-4,-0.04116150006117092,28
meta_analysis_level,z_1.96,source_paper,influence_check,two_derivations,MA06,2,46,46,5694,0.8013937282229965,type_M,yang2024_UWLS,own_CRVE,CR2_naive_t,supplementary,1.5480954019050266,1.2589807787032432,1.903602830114687,1.0900060056627283,1.000226688101542,1.8940850348961333,1,18.806520475073768,2.206027282152712,2.206027282152712,46,FALSE,equal_per_meta_analysis,1.554756496877958,-0.006661094972931325,-0.42843332613866636,27
meta_analysis_level,z_1.96,source_paper,influence_check,two_derivations,MA08,1,47,531,5209,9.250871080139373,type_M,yang2024_UWLS,own_CRVE,CR2_naive_t,supplementary,2.1597443631580413,1.61026562445053,2.8967243933960254,1.0996749793018454,1.0012879706532907,1.9915040041713699,1,18.806520475073768,2.2194962091659374,3.7276120621167275,47,FALSE,k_effect_sizes,2.0112554553950255,0.14848890776301582,7.382896457270349,4
meta_analysis_level,z_1.96,source_paper,influence_check,two_derivations,MA08,1,47,531,5209,9.250871080139373,type_M,yang2024_UWLS,own_CRVE,CR2_naive_t,supplementary,1.569424035771463,1.2804732429356058,1.9235792841795865,1.0996749793018454,1.0012879706532907,1.9915040041713699,1,18.806520475073768,2.2194962091659374,2.219496209165937,47,FALSE,equal_per_meta_analysis,1.554756496877958,0.014667538893505139,0.9433978197202153,16
meta_analysis_level,z_1.96,source_paper,influence_check,two_derivations,MA09,1,47,1297,4443,22.59581881533101,type_M,yang2024_UWLS,own_CRVE,CR2_naive_t,supplementary,1.3210645704238364,1.08750127317797,1.6047903963635275,1.080337032023611,1.000421086706681,1.8253777805822957,1,18.806520475073768,2.060184817932042,2.012079186551417,47,FALSE,k_effect_sizes,2.0112554553950255,-0.6901908849711891,-34.31642077687393,1
meta_analysis_level,z_1.96,source_paper,influence_check,two_derivations,MA09,1,47,1297,4443,22.59581881533101,type_M,yang2024_UWLS,own_CRVE,CR2_naive_t,supplementary,1.4996119183187542,1.239587340529153,1.814181084330592,1.080337032023611,1.000421086706681,1.8253777805822957,1,18.806520475073768,2.060184817932042,2.0601848179320417,47,FALSE,equal_per_meta_analysis,1.554756496877958,-0.05514457855920374,-3.54683055963666,4
meta_analysis_level,z_1.96,source_paper,influence_check,two_derivations,MA10,1,47,32,5708,0.5574912891986062,type_M,yang2024_UWLS,own_CRVE,CR2_naive_t,supplementary,2.017792504190226,1.5129723477209887,2.691051555634312,1.080337032023611,1.000421086706681,1.9915040041713699,1,18.806520475073768,2.216784982832595,3.4884466971743957,47,FALSE,k_effect_sizes,2.0112554553950255,0.006537048795200562,0.3250232971483191,17
meta_analysis_level,z_1.96,source_paper,influence_check,two_derivations,MA10,1,47,32,5708,0.5574912891986062,type_M,yang2024_UWLS,own_CRVE,CR2_naive_t,supplementary,1.565424152890571,1.2766610031232246,1.9195015532378032,1.080337032023611,1.000421086706681,1.9915040041713699,1,18.806520475073768,2.216784982832595,2.216784982832595,47,FALSE,equal_per_meta_analysis,1.554756496877958,0.010667656012613103,0.6861303383542294,25
meta_analysis_level,z_1.96,source_paper,influence_check,two_derivations,MA12,1,47,70,5670,1.2195121951219512,type_M,yang2024_UWLS,own_CRVE,CR2_naive_t,supplementary,2.0249451731969224,1.5173068642499774,2.702421672942468,1.080337032023611,1.000421086706681,1.9915040041713699,1,18.806520475073768,2.21607032864,3.5038554267534994,47,FALSE,k_effect_sizes,2.0112554553950255,0.013689717801896872,0.6806553471452537,12
meta_analysis_level,z_1.96,source_paper,influence_check,two_derivations,MA12,1,47,70,5670,1.2195121951219512,type_M,yang2024_UWLS,own_CRVE,CR2_naive_t,supplementary,1.5644466611695773,1.275756022188771,1.918465061560562,1.080337032023611,1.000421086706681,1.9915040041713699,1,18.806520475073768,2.21607032864,2.2160703286399994,47,FALSE,equal_per_meta_analysis,1.554756496877958,0.009690164291619396,0.6232592892248867,26
meta_analysis_level,z_1.96,source_paper,influence_check,two_derivations,MA13,3,45,94,5646,1.637630662020906,type_M,yang2024_UWLS,own_CRVE,CR2_naive_t,supplementary,2.028868101573878,1.509156345662354,2.727554229497266,1.080337032023611,1.000032289496403,2.020215719132769,1,18.806520475073768,2.262521525629377,3.5132274811572017,45,FALSE,k_effect_sizes,2.0112554553950255,0.017612646178852387,0.8757040848097031,11
meta_analysis_level,z_1.96,source_paper,influence_check,two_derivations,MA13,3,45,94,5646,1.637630662020906,type_M,yang2024_UWLS,own_CRVE,CR2_naive_t,supplementary,1.5852533991527569,1.2819124189951427,1.960374439226719,1.080337032023611,1.000032289496403,2.020215719132769,1,18.806520475073768,2.262521525629377,2.2625215256293765,45,FALSE,equal_per_meta_analysis,1.554756496877958,0.030496902274798954,1.9615227423740222,8
meta_analysis_level,z_1.96,source_paper,influence_check,two_derivations,MA14,2,46,271,5469,4.7212543554006965,type_M,yang2024_UWLS,own_CRVE,CR2_naive_t,supplementary,2.081789349910557,1.5514361437113282,2.7934420085338734,1.1059173969754545,1.0010489272851248,2.0058598616520693,1,18.806520475073768,2.245827623055228,3.5977826442249405,46,FALSE,k_effect_sizes,2.0112554553950255,0.0705338945155316,3.50695851818974,7
meta_analysis_level,z_1.96,source_paper,influence_check,two_derivations,MA14,2,46,271,5469,4.7212543554006965,type_M,yang2024_UWLS,own_CRVE,CR2_naive_t,supplementary,1.584593763363768,1.2881356754986977,1.9492802215257703,1.1059173969754545,1.0010489272851248,2.0058598616520693,1,18.806520475073768,2.245827623055228,2.2458276230552277,46,FALSE,equal_per_meta_analysis,1.554756496877958,0.029837266485809977,1.9190957906093375,11
meta_analysis_level,z_1.96,source_paper,influence_check,two_derivations,MA15,4,44,36,5704,0.627177700348432,type_M,yang2024_UWLS,own_CRVE,CR2_naive_t,supplementary,2.0196348392141186,1.4986834973593501,2.7216719814119665,1.1197939268702648,1.0013326154163176,2.186916283618995,1,18.806520475073768,2.2985340985618072,3.490642430936975,44,FALSE,k_effect_sizes,2.0112554553950255,0.00837938381909309,0.41662454148307937,16
meta_analysis_level,z_1.96,source_paper,influence_check,two_derivations,MA15,4,44,36,5704,0.627177700348432,type_M,yang2024_UWLS,own_CRVE,CR2_naive_t,supplementary,1.612047023040709,1.2996054919187938,1.9996034340064117,1.1197939268702648,1.0013326154163176,2.186916283618995,1,18.806520475073768,2.2985340985618072,2.2985340985618063,44,FALSE,equal_per_meta_analysis,1.554756496877958,0.05729052616275099,3.6848552347453545,2
meta_analysis_level,z_1.96,source_paper,influence_check,two_derivations,MA17,1,47,66,5674,1.1498257839721255,type_M,yang2024_UWLS,own_CRVE,CR2_naive_t,supplementary,2.0171189642271936,1.5108971416670545,2.692948979541846,1.080337032023611,1.000421086706681,1.9915040041713699,1,18.806520475073768,2.2074547436344143,3.4974936186375727,47,FALSE,k_effect_sizes,2.0112554553950255,0.0058635088321681295,0.2915347633459353,18
meta_analysis_level,z_1.96,source_paper,influence_check,two_derivations,MA17,1,47,66,5674,1.1498257839721255,type_M,yang2024_UWLS,own_CRVE,CR2_naive_t,supplementary,1.5545192237491043,1.2671542866969099,1.9070527104514519,1.080337032023611,1.000421086706681,1.9915040041713699,1,18.806520475073768,2.2074547436344143,2.2074547436344143,47,FALSE,equal_per_meta_analysis,1.554756496877958,-2.3727312885357676e-4,-0.01526111190595092,28
meta_analysis_level,z_1.96,source_paper,influence_check,two_derivations,MA18,1,47,23,5717,0.40069686411149824,type_M,yang2024_UWLS,own_CRVE,CR2_naive_t,supplementary,2.0169171550312486,1.512678890981269,2.689238829544636,1.0996749793018454,1.0012879706532907,1.9915040041713699,1,18.806520475073768,2.219495597910664,3.4852423954386333,47,FALSE,k_effect_sizes,2.0112554553950255,0.005661699636223094,0.28150077211903657,20
meta_analysis_level,z_1.96,source_paper,influence_check,two_derivations,MA18,1,47,23,5717,0.40069686411149824,type_M,yang2024_UWLS,own_CRVE,CR2_naive_t,supplementary,1.5694230764672035,1.2804723075535525,1.9235783377882767,1.0996749793018454,1.0012879706532907,1.9915040041713699,1,18.806520475073768,2.219495597910664,2.2194955979106634,47,FALSE,equal_per_meta_analysis,1.554756496877958,0.014666579589245554,0.9433361184659317,17
meta_analysis_level,z_1.96,source_paper,influence_check,two_derivations,MA20,1,47,29,5711,0.5052264808362369,type_M,yang2024_UWLS,own_CRVE,CR2_naive_t,supplementary,2.007817996888141,1.5053058641794377,2.6780823781786305,1.080337032023611,1.000421086706681,1.8253777805822957,1,18.806520475073768,2.180839546414278,3.4786276311942843,47,FALSE,k_effect_sizes,2.0112554553950255,-0.003437458506884372,-0.170911084301284,24
meta_analysis_level,z_1.96,source_paper,influence_check,two_derivations,MA20,1,47,29,5711,0.5052264808362369,type_M,yang2024_UWLS,own_CRVE,CR2_naive_t,supplementary,1.5352207014383283,1.253502572637591,1.8802535021252118,1.080337032023611,1.000421086706681,1.8253777805822957,1,18.806520475073768,2.180839546414278,2.1808395464142776,47,FALSE,equal_per_meta_analysis,1.554756496877958,-0.019535795439629577,-1.2565180128758846,14
meta_analysis_level,z_1.96,source_paper,influence_check,two_derivations,MA21,1,47,11,5729,0.1916376306620209,type_M,yang2024_UWLS,own_CRVE,CR2_naive_t,supplementary,2.0061041883427397,1.5053606419200773,2.6734151952804606,1.080337032023611,1.000421086706681,1.8253777805822957,1,18.806520475073768,2.0780565853711486,3.4672730240539025,47,FALSE,k_effect_sizes,2.0112554553950255,-0.005151267052285746,-0.25612196792147435,21
meta_analysis_level,z_1.96,source_paper,influence_check,two_derivations,MA21,1,47,11,5729,0.1916376306620209,type_M,yang2024_UWLS,own_CRVE,CR2_naive_t,supplementary,1.502940611122072,1.2402095312713253,1.8213297217966744,1.080337032023611,1.000421086706681,1.8253777805822957,1,18.806520475073768,2.0780565853711486,2.0780565853711486,47,FALSE,equal_per_meta_analysis,1.554756496877958,-0.051815885755885915,-3.3327331874756783,5
meta_analysis_level,z_1.96,source_paper,influence_check,two_derivations,MA22,3,45,276,5464,4.808362369337979,type_M,yang2024_UWLS,own_CRVE,CR2_naive_t,supplementary,1.9816897469825685,1.4674303617054032,2.6761707783747135,1.0595826085428734,1.000032289496403,1.5659492814059515,1,18.806520475073768,2.1554972994049595,3.5107592640729064,45,FALSE,k_effect_sizes,2.0112554553950255,-0.02956570841245698,-1.470012590054104,10
meta_analysis_level,z_1.96,source_paper,influence_check,two_derivations,MA22,3,45,276,5464,4.808362369337979,type_M,yang2024_UWLS,own_CRVE,CR2_naive_t,supplementary,1.498719265825296,1.2168956119638759,1.845811107931411,1.0595826085428734,1.000032289496403,1.5659492814059515,1,18.806520475073768,2.1554972994049595,2.1554972994049595,45,FALSE,equal_per_meta_analysis,1.554756496877958,-0.05603723105266201,-3.604244855396199,3
meta_analysis_level,z_1.96,source_paper,influence_check,two_derivations,MA23,1,47,24,5716,0.4181184668989547,type_M,yang2024_UWLS,own_CRVE,CR2_naive_t,supplementary,2.0170843259005995,1.5127732798964504,2.689516817795971,1.0996749793018454,1.000421086706681,1.9915040041713699,1,18.806520475073768,2.219292685787855,3.4856371344852555,47,FALSE,k_effect_sizes,2.0112554553950255,0.005828870505574013,0.2898125392246209,19
meta_analysis_level,z_1.96,source_paper,influence_check,two_derivations,MA23,1,47,24,5716,0.4181184668989547,type_M,yang2024_UWLS,own_CRVE,CR2_naive_t,supplementary,1.5691061716333377,1.2801638603104213,1.9232648680308835,1.0996749793018454,1.000421086706681,1.9915040041713699,1,18.806520475073768,2.219292685787855,2.2192926857878548,47,FALSE,equal_per_meta_analysis,1.554756496877958,0.014349674755379738,0.9229531945481373,22
meta_analysis_level,z_1.96,source_paper,influence_check,two_derivations,MA24,1,47,139,5601,2.421602787456446,type_M,yang2024_UWLS,own_CRVE,CR2_naive_t,supplementary,2.0463041064767435,1.5325763843448654,2.7322360822971747,1.0996749793018454,1.000421086706681,1.9915040041713699,1,18.806520475073768,2.219440465819933,3.536648315951606,47,FALSE,k_effect_sizes,2.0112554553950255,0.03504865108171806,1.7426255321124406,9
meta_analysis_level,z_1.96,source_paper,influence_check,two_derivations,MA24,1,47,139,5601,2.421602787456446,type_M,yang2024_UWLS,own_CRVE,CR2_naive_t,supplementary,1.5693366676941294,1.2803880951546707,1.9234930298784187,1.0996749793018454,1.000421086706681,1.9915040041713699,1,18.806520475073768,2.219440465819933,2.2194404658199325,47,FALSE,equal_per_meta_analysis,1.554756496877958,0.014580170816171467,0.9377784138834055,19
meta_analysis_level,z_1.96,source_paper,influence_check,two_derivations,MA25,1,47,43,5697,0.7491289198606271,type_M,yang2024_UWLS,own_CRVE,CR2_naive_t,supplementary,2.0213840889445103,1.5155862582050104,2.695982239821366,1.0996749793018454,1.000421086706681,1.9915040041713699,1,18.806520475073768,2.21877742109709,3.4937122620280827,47,FALSE,k_effect_sizes,2.0112554553950255,0.010128633549484789,0.5035975674952509,14
meta_analysis_level,z_1.96,source_paper,influence_check,two_derivations,MA25,1,47,43,5697,0.7491289198606271,type_M,yang2024_UWLS,own_CRVE,CR2_naive_t,supplementary,1.5683149814567654,1.2793986114148335,1.922475027811506,1.0996749793018454,1.000421086706681,1.9915040041713699,1,18.806520475073768,2.21877742109709,2.2187774210970894,47,FALSE,equal_per_meta_analysis,1.554756496877958,0.013558484578807484,0.8720648285460486,23
meta_analysis_level,z_1.96,source_paper,influence_check,two_derivations,MA26,1,47,459,5281,7.996515679442509,type_M,yang2024_UWLS,own_CRVE,CR2_naive_t,supplementary,2.1364212838931738,1.594030823218172,2.8633674053158824,1.0996749793018454,1.000421086706681,1.9915040041713699,1,18.806520475073768,2.219407932904525,3.690063790320231,47,FALSE,k_effect_sizes,2.0112554553950255,0.12516582849814828,6.223268564040496,5
meta_analysis_level,z_1.96,source_paper,influence_check,two_derivations,MA26,1,47,459,5281,7.996515679442509,type_M,yang2024_UWLS,own_CRVE,CR2_naive_t,supplementary,1.569285785643597,1.2803385449307991,1.9234427384642596,1.0996749793018454,1.000421086706681,1.9915040041713699,1,18.806520475073768,2.219407932904525,2.2194079329045246,47,FALSE,equal_per_meta_analysis,1.554756496877958,0.014529288765639192,0.934505743813574,20
meta_analysis_level,z_1.96,source_paper,influence_check,two_derivations,MA28,2,46,168,5572,2.926829268292683,type_M,yang2024_UWLS,own_CRVE,CR2_naive_t,supplementary,2.0540782205557666,1.532712946609976,2.752790302641842,1.1059173969754545,1.001979627713862,2.0058598616520693,1,18.806520475073768,2.2460069279821786,3.549915855516646,46,FALSE,k_effect_sizes,2.0112554553950255,0.04282276516074113,2.1291559481354083,8
meta_analysis_level,z_1.96,source_paper,influence_check,two_derivations,MA28,2,46,168,5572,2.926829268292683,type_M,yang2024_UWLS,own_CRVE,CR2_naive_t,supplementary,1.5848767477652441,1.2884114100463646,1.9495591905046437,1.1059173969754545,1.001979627713862,2.0058598616520693,1,18.806520475073768,2.2460069279821786,2.246006927982178,46,FALSE,equal_per_meta_analysis,1.554756496877958,0.030120250887286204,1.937296994594928,9
meta_analysis_level,z_1.96,source_paper,influence_check,two_derivations,MA31,1,47,734,5006,12.787456445993032,type_M,yang2024_UWLS,own_CRVE,CR2_naive_t,supplementary,2.2265707443558393,1.6561597848343519,2.9934414088657353,1.0996749793018454,1.000421086706681,1.9915040041713699,1,18.806520475073768,2.219386901220086,3.837467088406094,47,FALSE,k_effect_sizes,2.0112554553950255,0.21531528896081387,10.70551671510691,2
meta_analysis_level,z_1.96,source_paper,influence_check,two_derivations,MA31,1,47,734,5006,12.787456445993032,type_M,yang2024_UWLS,own_CRVE,CR2_naive_t,supplementary,1.5692529338147103,1.2803065681444221,1.9234102452939168,1.0996749793018454,1.000421086706681,1.9915040041713699,1,18.806520475073768,2.219386901220086,2.2193869012200858,47,FALSE,equal_per_meta_analysis,1.554756496877958,0.0144964369367524,0.9323927551267319,21
meta_analysis_level,z_1.96,source_paper,influence_check,two_derivations,MA32,1,47,13,5727,0.2264808362369338,type_M,yang2024_UWLS,own_CRVE,CR2_naive_t,supplementary,2.0144479876171,1.511008132424581,2.685624655310802,1.0996749793018454,1.0012879706532907,1.9915040041713699,1,18.806520475073768,2.2194955306963196,3.4809029203699886,47,FALSE,k_effect_sizes,2.0112554553950255,0.0031925322220747177,0.15873330329625457,25
meta_analysis_level,z_1.96,source_paper,influence_check,two_derivations,MA32,1,47,13,5727,0.2264808362369338,type_M,yang2024_UWLS,own_CRVE,CR2_naive_t,supplementary,1.5694229709827037,1.2804722047001424,1.9235782337227505,1.0996749793018454,1.0012879706532907,1.9915040041713699,1,18.806520475073768,2.2194955306963196,2.2194955306963196,47,FALSE,equal_per_meta_analysis,1.554756496877958,0.014666474104745753,0.9433293338343862,18
meta_analysis_level,z_1.96,source_paper,influence_check,two_derivations,MA34,1,47,555,5185,9.668989547038327,type_M,yang2024_UWLS,own_CRVE,CR2_naive_t,supplementary,2.1674556863387853,1.615585603928136,2.9078398203227027,1.0996749793018454,1.0012879706532907,1.9915040041713699,1,18.806520475073768,2.219496217524122,3.7402375004735013,47,FALSE,k_effect_sizes,2.0112554553950255,0.1562002309437598,7.76630489800616,3
meta_analysis_level,z_1.96,source_paper,influence_check,two_derivations,MA34,1,47,555,5185,9.668989547038327,type_M,yang2024_UWLS,own_CRVE,CR2_naive_t,supplementary,1.569424048888997,1.2804732557260976,1.9235792971204435,1.0996749793018454,1.0012879706532907,1.9915040041713699,1,18.806520475073768,2.219496217524122,2.219496217524122,47,FALSE,equal_per_meta_analysis,1.554756496877958,0.014667552011039087,0.9433986634236557,15
meta_analysis_level,z_1.96,source_paper,influence_check,two_derivations,MA39,2,46,52,5688,0.9059233449477352,type_M,yang2024_UWLS,own_CRVE,CR2_naive_t,supplementary,2.0074886115484922,1.4993611790247434,2.6878183735010444,1.069959820283242,1.000226688101542,1.6574597743174537,1,18.806520475073768,2.152287474299887,3.482820593907056,46,FALSE,k_effect_sizes,2.0112554553950255,-0.003766843846533252,-0.18728818541816628,22
meta_analysis_level,z_1.96,source_paper,influence_check,two_derivations,MA39,2,46,52,5688,0.9059233449477352,type_M,yang2024_UWLS,own_CRVE,CR2_naive_t,supplementary,1.512697780020656,1.2340856212818003,1.8542105460257234,1.069959820283242,1.000226688101542,1.6574597743174537,1,18.806520475073768,2.152287474299887,2.1522874742998868,46,FALSE,equal_per_meta_analysis,1.554756496877958,-0.04205871685730189,-2.7051642454466784,7
meta_analysis_level,z_1.96,source_paper,influence_check,two_derivations,MA41,4,44,527,5213,9.181184668989546,type_M,yang2024_UWLS,own_CRVE,CR2_naive_t,supplementary,1.9136233564617056,1.4439215211078043,2.536117300603874,1.0507887707899575,1.00003149972786,1.9771481466906704,1,8.487635789417457,1.8758696209210755,3.0763015355653427,44,FALSE,k_effect_sizes,2.0112554553950255,-0.09763209893331992,-4.854286344950854,6
meta_analysis_level,z_1.96,source_paper,influence_check,two_derivations,MA41,4,44,527,5213,9.181184668989546,type_M,yang2024_UWLS,own_CRVE,CR2_naive_t,supplementary,1.4871215616154816,1.236891903857894,1.7879739790711335,1.0507887707899575,1.00003149972786,1.9771481466906704,1,8.487635789417457,1.8758696209210755,1.8758696209210752,44,FALSE,equal_per_meta_analysis,1.554756496877958,-0.06763493526247633,-4.350194734563983,1
meta_analysis_level,z_1.96,source_paper,influence_check,two_derivations,MA43,1,47,13,5727,0.2264808362369338,type_M,yang2024_UWLS,own_CRVE,CR2_naive_t,supplementary,2.008782667146827,1.5066565643052827,2.6782532260032,1.080337032023611,1.000421086706681,1.8253777805822957,1,18.806520475073768,2.167195917958978,3.475323199157746,47,FALSE,k_effect_sizes,2.0112554553950255,-0.002472788248198299,-0.12294749737360444,26
meta_analysis_level,z_1.96,source_paper,influence_check,two_derivations,MA43,1,47,13,5727,0.2264808362369338,type_M,yang2024_UWLS,own_CRVE,CR2_naive_t,supplementary,1.528535877795828,1.2497352277885319,1.8695335441919778,1.080337032023611,1.000421086706681,1.8253777805822957,1,18.806520475073768,2.167195917958978,2.1671959179589777,47,FALSE,equal_per_meta_analysis,1.554756496877958,-0.026220619082129915,-1.6864775374653473,13
meta_analysis_level,z_1.96,source_paper,influence_check,two_derivations,MA45,2,46,39,5701,0.6794425087108014,type_M,yang2024_UWLS,own_CRVE,CR2_naive_t,supplementary,2.0208608528792396,1.5102646505028758,2.70408142396764,1.1059173969754545,1.0010489272851248,2.0058598616520693,1.0000000000017562,18.806520475073768,2.2458294940900294,3.4922016530744564,46,FALSE,k_effect_sizes,2.0112554553950255,0.009605397484214073,0.4775821717946549,15
meta_analysis_level,z_1.96,source_paper,influence_check,two_derivations,MA45,2,46,39,5701,0.6794425087108014,type_M,yang2024_UWLS,own_CRVE,CR2_naive_t,supplementary,1.5845967040578046,1.2881385364432851,1.9492831271424438,1.1059173969754545,1.0010489272851248,2.0058598616520693,1.0000000000017562,18.806520475073768,2.2458294940900294,2.245829494090029,46,FALSE,equal_per_meta_analysis,1.554756496877958,0.0298402071798467,1.919284932384424,10
meta_analysis_level,z_1.96,source_paper,influence_check,two_derivations,MA47,2,46,103,5637,1.7944250871080138,type_M,yang2024_UWLS,own_CRVE,CR2_naive_t,supplementary,2.00750887397463,1.498653731243073,2.6891414574760297,1.0900060056627283,1.000226688101542,1.8940850348961333,1,18.806520475073768,2.1904578262629224,3.4910567826332293,46,FALSE,k_effect_sizes,2.0112554553950255,-0.0037465814203954118,-0.1862807337747907,23
meta_analysis_level,z_1.96,source_paper,influence_check,two_derivations,MA47,2,46,103,5637,1.7944250871080138,type_M,yang2024_UWLS,own_CRVE,CR2_naive_t,supplementary,1.5417291679952156,1.256160155702254,1.892217976073602,1.0900060056627283,1.000226688101542,1.8940850348961333,1,18.806520475073768,2.1904578262629224,2.190457826262922,46,FALSE,equal_per_meta_analysis,1.554756496877958,-0.013027328882742273,-0.8379015562180903,24
meta_analysis_level,z_1.96,source_paper,influence_check,two_derivations,MA01,3,45,52,5688,0.9059233449477352,type_S,yang2024_UWLS,own_CRVE,CR2_naive_t,supplementary,0.023322875916529373,0.010535428919444007,0.040711893956248045,8.322454209942726e-7,2.586464540337121e-11,0.002612964587442831,5.946356367399839e-57,0.35838125672789384,0.02423318448651693,0.06291069305355136,45,TRUE,k_effect_sizes,0.02303523337151371,2.876425450156622e-4,1.24870688469505,14
meta_analysis_level,z_1.96,source_paper,influence_check,two_derivations,MA01,3,45,52,5688,0.9059233449477352,type_S,yang2024_UWLS,own_CRVE,CR2_naive_t,supplementary,0.009456208627052133,0.0031394044837264393,0.01719102481850815,8.322454209942726e-7,2.586464540337121e-11,0.002612964587442831,5.946356367399839e-57,0.35838125672789384,0.02423318448651693,0.024233184486516932,45,TRUE,equal_per_meta_analysis,0.008772213091862435,6.839955351896979e-4,7.797297307155104,5
meta_analysis_level,z_1.96,source_paper,influence_check,two_derivations,MA05,3,45,37,5703,0.6445993031358885,type_S,yang2024_UWLS,own_CRVE,CR2_naive_t,supplementary,0.02301896773810956,0.010325535400638922,0.04027349795218963,1.0659968998484417e-7,2.403201765010698e-15,0.002136592598483947,5.946356367399839e-57,0.35838125672789384,0.022214407041943225,0.062474482687128415,45,TRUE,k_effect_sizes,0.02303523337151371,-1.6265633404149993e-5,-0.07061197575825018,28
meta_analysis_level,z_1.96,source_paper,influence_check,two_derivations,MA05,3,45,37,5703,0.6445993031358885,type_S,yang2024_UWLS,own_CRVE,CR2_naive_t,supplementary,0.008300151919374534,0.0023946712066512076,0.015478679575617292,1.0659968998484417e-7,2.403201765010698e-15,0.002136592598483947,5.946356367399839e-57,0.35838125672789384,0.022214407041943225,0.02221440704194322,45,TRUE,equal_per_meta_analysis,0.008772213091862435,-4.7206117248790175e-4,-5.381323590119013,8
meta_analysis_level,z_1.96,source_paper,influence_check,two_derivations,MA06,2,46,46,5694,0.8013937282229965,type_S,yang2024_UWLS,own_CRVE,CR2_naive_t,supplementary,0.023156008693605915,0.010532406352911534,0.04026439977822186,4.179116462161742e-7,4.561779917612368e-13,0.0017614975064526245,5.946356367399839e-57,0.35838125672789384,0.023374150938682368,0.0627558318199923,46,TRUE,k_effect_sizes,0.02303523337151371,1.2077532209220365e-4,0.5243069177738757,22
meta_analysis_level,z_1.96,source_paper,influence_check,two_derivations,MA06,2,46,46,5694,0.8013937282229965,type_S,yang2024_UWLS,own_CRVE,CR2_naive_t,supplementary,0.008863731575627955,0.002759387428171764,0.01631043306317321,4.179116462161742e-7,4.561779917612368e-13,0.0017614975064526245,5.946356367399839e-57,0.35838125672789384,0.023374150938682368,0.02337415093868237,46,TRUE,equal_per_meta_analysis,0.008772213091862435,9.151848376551946e-5,1.0432770249324763,28
meta_analysis_level,z_1.96,source_paper,influence_check,two_derivations,MA08,1,47,531,5209,9.250871080139373,type_S,yang2024_UWLS,own_CRVE,CR2_naive_t,supplementary,0.0263418862217005,0.01274821682233198,0.0448308291808523,5.60087529101952e-7,6.1055478393100105e-12,0.002374778592963389,5.946356367399839e-57,0.35838125672789384,0.023201985146665143,0.06869572318844311,47,TRUE,k_effect_sizes,0.02303523337151371,0.0033066528501867892,14.35476166816667,4
meta_analysis_level,z_1.96,source_paper,influence_check,two_derivations,MA08,1,47,531,5209,9.250871080139373,type_S,yang2024_UWLS,own_CRVE,CR2_naive_t,supplementary,0.008989021299670281,0.0029807495677290873,0.016287441786113667,5.60087529101952e-7,6.1055478393100105e-12,0.002374778592963389,5.946356367399839e-57,0.35838125672789384,0.023201985146665143,0.023201985146665147,47,TRUE,equal_per_meta_analysis,0.008772213091862435,2.168082078078462e-4,2.471533757074007,15
meta_analysis_level,z_1.96,source_paper,influence_check,two_derivations,MA09,1,47,1297,4443,22.59581881533101,type_S,yang2024_UWLS,own_CRVE,CR2_naive_t,supplementary,0.005063257580529862,2.64221744077555e-4,0.010773888683713567,2.757357633303964e-7,9.09952781757463e-13,0.001386402414421302,5.946356367399839e-57,0.35838125672789384,0.01864466036671698,0.0180117174944272,47,TRUE,k_effect_sizes,0.02303523337151371,-0.01797197579098385,-78.01950820784265,1
meta_analysis_level,z_1.96,source_paper,influence_check,two_derivations,MA09,1,47,1297,4443,22.59581881533101,type_S,yang2024_UWLS,own_CRVE,CR2_naive_t,supplementary,0.007394430213047275,0.002189727240098846,0.013595426116682706,2.757357633303964e-7,9.09952781757463e-13,0.001386402414421302,5.946356367399839e-57,0.35838125672789384,0.01864466036671698,0.01864466036671698,47,TRUE,equal_per_meta_analysis,0.008772213091862435,-0.0013777828788151605,-15.706217625894936,1
meta_analysis_level,z_1.96,source_paper,influence_check,two_derivations,MA10,1,47,32,5708,0.5574912891986062,type_S,yang2024_UWLS,own_CRVE,CR2_naive_t,supplementary,0.02321140634717196,0.010717811615473347,0.040075087102066566,2.757357633303964e-7,9.09952781757463e-13,0.002374778592963389,5.946356367399839e-57,0.35838125672789384,0.023201957790658905,0.06269025594694581,47,TRUE,k_effect_sizes,0.02303523337151371,1.7617297565825085e-4,0.7647978764396379,18
meta_analysis_level,z_1.96,source_paper,influence_check,two_derivations,MA10,1,47,32,5708,0.5574912891986062,type_S,yang2024_UWLS,own_CRVE,CR2_naive_t,supplementary,0.008988984108491832,0.0029807146928401834,0.01628740289192543,2.757357633303964e-7,9.09952781757463e-13,0.002374778592963389,5.946356367399839e-57,0.35838125672789384,0.023201957790658905,0.023201957790658905,47,TRUE,equal_per_meta_analysis,0.008772213091862435,2.167710166293968e-4,2.4711097913305835,24
meta_analysis_level,z_1.96,source_paper,influence_check,two_derivations,MA12,1,47,70,5670,1.2195121951219512,type_S,yang2024_UWLS,own_CRVE,CR2_naive_t,supplementary,0.02342401129681758,0.010854608426907622,0.04039981812531979,2.757357633303964e-7,9.09952781757463e-13,0.002374778592963389,5.946356367399839e-57,0.35838125672789384,0.023201923339632627,0.0631103736760958,47,TRUE,k_effect_sizes,0.02303523337151371,3.887779253038681e-4,1.6877533604007011,11
meta_analysis_level,z_1.96,source_paper,influence_check,two_derivations,MA12,1,47,70,5670,1.2195121951219512,type_S,yang2024_UWLS,own_CRVE,CR2_naive_t,supplementary,0.00898893727423402,0.0029806707764969582,0.01628735391155072,2.757357633303964e-7,9.09952781757463e-13,0.002374778592963389,5.946356367399839e-57,0.35838125672789384,0.023201923339632627,0.023201923339632634,47,TRUE,equal_per_meta_analysis,0.008772213091862435,2.1672418237158458e-4,2.470575898032279,25
meta_analysis_level,z_1.96,source_paper,influence_check,two_derivations,MA13,3,45,94,5646,1.637630662020906,type_S,yang2024_UWLS,own_CRVE,CR2_naive_t,supplementary,0.023559847432508142,0.01068627748004776,0.04107746588270129,2.757357633303964e-7,2.403201765010698e-15,0.002612964587442831,5.946356367399839e-57,0.35838125672789384,0.02423229761858625,0.063378416030409293,45,TRUE,k_effect_sizes,0.02303523337151371,5.246140609944314e-4,2.2774419192261863,10
meta_analysis_level,z_1.96,source_paper,influence_check,two_derivations,MA13,3,45,94,5646,1.637630662020906,type_S,yang2024_UWLS,own_CRVE,CR2_naive_t,supplementary,0.009454987223939733,0.003138261481332817,0.017189747415255696,2.757357633303964e-7,2.403201765010698e-15,0.002612964587442831,5.946356367399839e-57,0.35838125672789384,0.02423229761858625,0.024232297618586255,45,TRUE,equal_per_meta_analysis,0.008772213091862435,6.827741320772976e-4,7.7833737612994724,6
meta_analysis_level,z_1.96,source_paper,influence_check,two_derivations,MA14,2,46,271,5469,4.7212543554006965,type_S,yang2024_UWLS,own_CRVE,CR2_naive_t,supplementary,0.024615096886332566,0.011494685898291161,0.04245250105455579,6.961664750481124e-7,3.961525100529963e-12,0.0024938715902031103,5.946356367399839e-57,0.35838125672789384,0.023706376118955777,0.06542988152217688,46,TRUE,k_effect_sizes,0.02303523337151371,0.001579863514818855,6.858465418338566,6
meta_analysis_level,z_1.96,source_paper,influence_check,two_derivations,MA14,2,46,271,5469,4.7212543554006965,type_S,yang2024_UWLS,own_CRVE,CR2_naive_t,supplementary,0.009216740013226088,0.00305802371731766,0.016727290165846155,6.961664750481124e-7,3.961525100529963e-12,0.0024938715902031103,5.946356367399839e-57,0.35838125672789384,0.023706376118955777,0.023706376118955784,46,TRUE,equal_per_meta_analysis,0.008772213091862435,4.445269213636527e-4,5.067443263274329,11
meta_analysis_level,z_1.96,source_paper,influence_check,two_derivations,MA15,4,44,36,5704,0.627177700348432,type_S,yang2024_UWLS,own_CRVE,CR2_naive_t,supplementary,0.023233625761858855,0.010345652280241847,0.040820900281858814,1.0589888571054197e-6,7.795795788093832e-12,0.00523482481406614,5.946356367399839e-57,0.35838125672789384,0.024783919683367087,0.0627342241495334,44,TRUE,k_effect_sizes,0.02303523337151371,1.9839239034514372e-4,0.8612562640258892,17
meta_analysis_level,z_1.96,source_paper,influence_check,two_derivations,MA15,4,44,36,5704,0.627177700348432,type_S,yang2024_UWLS,own_CRVE,CR2_naive_t,supplementary,0.009708327922110377,0.00322520294599659,0.017680579815622363,1.0589888571054197e-6,7.795795788093832e-12,0.00523482481406614,5.946356367399839e-57,0.35838125672789384,0.024783919683367087,0.024783919683367094,44,TRUE,equal_per_meta_analysis,0.008772213091862435,9.361148302479416e-4,10.671364460085119,4
meta_analysis_level,z_1.96,source_paper,influence_check,two_derivations,MA17,1,47,66,5674,1.1498257839721255,type_S,yang2024_UWLS,own_CRVE,CR2_naive_t,supplementary,0.023394638056634838,0.010834071553709503,0.04035793704386472,2.757357633303964e-7,9.09952781757463e-13,0.002374778592963389,5.946356367399839e-57,0.35838125672789384,0.023195445787458035,0.06306234349600628,47,TRUE,k_effect_sizes,0.02303523337151371,3.5940468512112717e-4,1.5602389579676634,13
meta_analysis_level,z_1.96,source_paper,influence_check,two_derivations,MA17,1,47,66,5674,1.1498257839721255,type_S,yang2024_UWLS,own_CRVE,CR2_naive_t,supplementary,0.008980185998461704,0.002972485233570174,0.016278171419117866,2.757357633303964e-7,9.09952781757463e-13,0.002374778592963389,5.946356367399839e-57,0.35838125672789384,0.023195445787458035,0.023195445787458035,47,TRUE,equal_per_meta_analysis,0.008772213091862435,2.079729065992686e-4,2.370814575767599,26
meta_analysis_level,z_1.96,source_paper,influence_check,two_derivations,MA18,1,47,23,5717,0.40069686411149824,type_S,yang2024_UWLS,own_CRVE,CR2_naive_t,supplementary,0.023161602959749138,0.01068579051020939,0.03999898044822397,5.60087529101952e-7,6.1055478393100105e-12,0.002374778592963389,5.946356367399839e-57,0.35838125672789384,0.0232019851466651,0.06259157286839252,47,TRUE,k_effect_sizes,0.02303523337151371,1.2636958823542682e-4,0.5485926111419515,21
meta_analysis_level,z_1.96,source_paper,influence_check,two_derivations,MA18,1,47,23,5717,0.40069686411149824,type_S,yang2024_UWLS,own_CRVE,CR2_naive_t,supplementary,0.008989021299670233,0.0029807495677290526,0.01628744178611361,5.60087529101952e-7,6.1055478393100105e-12,0.002374778592963389,5.946356367399839e-57,0.35838125672789384,0.0232019851466651,0.023201985146665105,47,TRUE,equal_per_meta_analysis,0.008772213091862435,2.1680820780779764e-4,2.471533757073452,17
meta_analysis_level,z_1.96,source_paper,influence_check,two_derivations,MA20,1,47,29,5711,0.5052264808362369,type_S,yang2024_UWLS,own_CRVE,CR2_naive_t,supplementary,0.02307262233266493,0.010605865274979892,0.03990439145606018,2.757357633303964e-7,9.09952781757463e-13,0.001386402414421302,5.946356367399839e-57,0.35838125672789384,0.022857065964795895,0.06257501264992336,47,TRUE,k_effect_sizes,0.02303523337151371,3.7388961151220423e-5,0.1623120571353054,26
meta_analysis_level,z_1.96,source_paper,influence_check,two_derivations,MA20,1,47,29,5711,0.5052264808362369,type_S,yang2024_UWLS,own_CRVE,CR2_naive_t,supplementary,0.008629471068919752,0.0026778398702009057,0.01586089556406923,2.757357633303964e-7,9.09952781757463e-13,0.001386402414421302,5.946356367399839e-57,0.35838125672789384,0.022857065964795895,0.0228570659647959,47,TRUE,equal_per_meta_analysis,0.008772213091862435,-1.4274202294268373e-4,-1.627206515025248,27
meta_analysis_level,z_1.96,source_paper,influence_check,two_derivations,MA21,1,47,11,5729,0.1916376306620209,type_S,yang2024_UWLS,own_CRVE,CR2_naive_t,supplementary,0.022896901280869922,0.01051450241710572,0.039596516807861255,2.757357633303964e-7,9.09952781757463e-13,0.001386402414421302,5.946356367399839e-57,0.35838125672789384,0.019144241570814728,0.062094286727157534,47,TRUE,k_effect_sizes,0.02303523337151371,-1.3833209064378904e-4,-0.6005239383198746,19
meta_analysis_level,z_1.96,source_paper,influence_check,two_derivations,MA21,1,47,11,5729,0.1916376306620209,type_S,yang2024_UWLS,own_CRVE,CR2_naive_t,supplementary,0.007465723104948141,0.002191343089690944,0.013763189197769907,2.757357633303964e-7,9.09952781757463e-13,0.001386402414421302,5.946356367399839e-57,0.35838125672789384,0.019144241570814728,0.019144241570814725,47,TRUE,equal_per_meta_analysis,0.008772213091862435,-0.0013064899869142943,-14.893504902728171,2
meta_analysis_level,z_1.96,source_paper,influence_check,two_derivations,MA22,3,45,276,5464,4.808362369337979,type_S,yang2024_UWLS,own_CRVE,CR2_naive_t,supplementary,0.023412044393835138,0.010399285125411599,0.041208287373244314,1.0659968998484417e-7,2.403201765010698e-15,3.0734988273419493e-4,5.946356367399839e-57,0.35838125672789384,0.02296765129677743,0.06453087750422377,45,TRUE,k_effect_sizes,0.02303523337151371,3.7681102232142716e-4,1.635802929556629,12
meta_analysis_level,z_1.96,source_paper,influence_check,two_derivations,MA22,3,45,276,5464,4.808362369337979,type_S,yang2024_UWLS,own_CRVE,CR2_naive_t,supplementary,0.008330227890764742,0.002251268606346366,0.015765224815684396,1.0659968998484417e-7,2.403201765010698e-15,3.0734988273419493e-4,5.946356367399839e-57,0.35838125672789384,0.02296765129677743,0.02296765129677743,45,TRUE,equal_per_meta_analysis,0.008772213091862435,-4.4198520109769296e-4,-5.038468587906298,12
meta_analysis_level,z_1.96,source_paper,influence_check,two_derivations,MA23,1,47,24,5716,0.4181184668989547,type_S,yang2024_UWLS,own_CRVE,CR2_naive_t,supplementary,0.02316712792199061,0.010689342710077876,0.04000742339528352,5.60087529101952e-7,9.09952781757463e-13,0.002374778592963389,5.946356367399839e-57,0.35838125672789384,0.023201985133589155,0.06260252310599203,47,TRUE,k_effect_sizes,0.02303523337151371,1.3189455047690063e-4,0.5725774440818343,20
meta_analysis_level,z_1.96,source_paper,influence_check,two_derivations,MA23,1,47,24,5716,0.4181184668989547,type_S,yang2024_UWLS,own_CRVE,CR2_naive_t,supplementary,0.00898902128189271,0.0029807495510585473,0.01628744176752231,5.60087529101952e-7,9.09952781757463e-13,0.002374778592963389,5.946356367399839e-57,0.35838125672789384,0.023201985133589155,0.02320198513358916,47,TRUE,equal_per_meta_analysis,0.008772213091862435,2.1680819003027513e-4,2.4715335544162498,22
meta_analysis_level,z_1.96,source_paper,influence_check,two_derivations,MA24,1,47,139,5601,2.421602787456446,type_S,yang2024_UWLS,own_CRVE,CR2_naive_t,supplementary,0.023820081387298506,0.01110992849958787,0.04100401733527808,5.60087529101952e-7,9.09952781757463e-13,0.002374778592963389,5.946356367399839e-57,0.35838125672789384,0.023201985146114833,0.06388788110783877,47,TRUE,k_effect_sizes,0.02303523337151371,7.848480157847948e-4,3.4071632925384954,9
meta_analysis_level,z_1.96,source_paper,influence_check,two_derivations,MA24,1,47,139,5601,2.421602787456446,type_S,yang2024_UWLS,own_CRVE,CR2_naive_t,supplementary,0.008989021298922095,0.0029807495670274957,0.01628744178533123,5.60087529101952e-7,9.09952781757463e-13,0.002374778592963389,5.946356367399839e-57,0.35838125672789384,0.023201985146114833,0.023201985146114833,47,TRUE,equal_per_meta_analysis,0.008772213091862435,2.1680820705965997e-4,2.471533748544963,19
meta_analysis_level,z_1.96,source_paper,influence_check,two_derivations,MA25,1,47,43,5697,0.7491289198606271,type_S,yang2024_UWLS,own_CRVE,CR2_naive_t,supplementary,0.023272591881628404,0.010757170634914305,0.04016855460300154,5.60087529101952e-7,9.09952781757463e-13,0.002374778592963389,5.946356367399839e-57,0.35838125672789384,0.023201984736692712,0.06281130792698716,47,TRUE,k_effect_sizes,0.02303523337151371,2.3735851011469355e-4,1.0304150441480697,15
meta_analysis_level,z_1.96,source_paper,influence_check,two_derivations,MA25,1,47,43,5697,0.7491289198606271,type_S,yang2024_UWLS,own_CRVE,CR2_naive_t,supplementary,0.008989020742288023,0.0029807490450555196,0.016287441203216485,5.60087529101952e-7,9.09952781757463e-13,0.002374778592963389,5.946356367399839e-57,0.35838125672789384,0.023201984736692712,0.023201984736692716,47,TRUE,equal_per_meta_analysis,0.008772213091862435,2.168076504255878e-4,2.471527403121443,23
meta_analysis_level,z_1.96,source_paper,influence_check,two_derivations,MA26,1,47,459,5281,7.996515679442509,type_S,yang2024_UWLS,own_CRVE,CR2_naive_t,supplementary,0.025840618978860183,0.012420862443823469,0.044072928023343026,5.60087529101952e-7,9.09952781757463e-13,0.002374778592963389,5.946356367399839e-57,0.35838125672789384,0.023201985145026763,0.06775914070313489,47,TRUE,k_effect_sizes,0.02303523337151371,0.0028053856073464722,12.178672393290025,5
meta_analysis_level,z_1.96,source_paper,influence_check,two_derivations,MA26,1,47,459,5281,7.996515679442509,type_S,yang2024_UWLS,own_CRVE,CR2_naive_t,supplementary,0.008989021297442806,0.002980749565640324,0.016287441783784225,5.60087529101952e-7,9.09952781757463e-13,0.002374778592963389,5.946356367399839e-57,0.35838125672789384,0.023201985145026763,0.02320198514502677,47,TRUE,equal_per_meta_analysis,0.008772213091862435,2.1680820558037106e-4,2.4715337316816077,20
meta_analysis_level,z_1.96,source_paper,influence_check,two_derivations,MA28,2,46,168,5572,2.926829268292683,type_S,yang2024_UWLS,own_CRVE,CR2_naive_t,supplementary,0.023990430820985786,0.01109261781330978,0.04149731877139511,6.961664750481124e-7,1.4261356338495382e-11,0.0024938715902031103,5.946356367399839e-57,0.35838125672789384,0.023706376128114385,0.0642203916167624,46,TRUE,k_effect_sizes,0.02303523337151371,9.551974494720755e-4,4.146680148911841,8
meta_analysis_level,z_1.96,source_paper,influence_check,two_derivations,MA28,2,46,168,5572,2.926829268292683,type_S,yang2024_UWLS,own_CRVE,CR2_naive_t,supplementary,0.0092167400257612,0.003058023729062019,0.016727290178953302,6.961664750481124e-7,1.4261356338495382e-11,0.0024938715902031103,5.946356367399839e-57,0.35838125672789384,0.023706376128114385,0.02370637612811439,46,TRUE,equal_per_meta_analysis,0.008772213091862435,4.445269338987645e-4,5.067443406170002,9
meta_analysis_level,z_1.96,source_paper,influence_check,two_derivations,MA31,1,47,734,5006,12.787456445993032,type_S,yang2024_UWLS,own_CRVE,CR2_naive_t,supplementary,0.027862220614779304,0.013746041149573666,0.047121287373286795,5.60087529101952e-7,9.09952781757463e-13,0.002374778592963389,5.946356367399839e-57,0.35838125672789384,0.02320198514391231,0.07148142668670253,47,TRUE,k_effect_sizes,0.02303523337151371,0.004826987243265593,20.95480069776432,2
meta_analysis_level,z_1.96,source_paper,influence_check,two_derivations,MA31,1,47,734,5006,12.787456445993032,type_S,yang2024_UWLS,own_CRVE,CR2_naive_t,supplementary,0.0089890212959276225,0.0029807495642195023,0.016287441782199666,5.60087529101952e-7,9.09952781757463e-13,0.002374778592963389,5.946356367399839e-57,0.35838125672789384,0.02320198514391231,0.023201985143912314,47,TRUE,equal_per_meta_analysis,0.008772213091862435,2.1680820406518725e-4,2.471533714409091,21
meta_analysis_level,z_1.96,source_paper,influence_check,two_derivations,MA32,1,47,13,5727,0.2264808362369338,type_S,yang2024_UWLS,own_CRVE,CR2_naive_t,supplementary,0.023106494123008657,0.01065036512156145,0.03991475666282617,5.60087529101952e-7,6.1055478393100105e-12,0.002374778592963389,5.946356367399839e-57,0.35838125672789384,0.02320198514666509,0.06248228079074561,47,TRUE,k_effect_sizes,0.02303523337151371,7.12607514949462e-5,0.3093554571193202,24
meta_analysis_level,z_1.96,source_paper,influence_check,two_derivations,MA32,1,47,13,5727,0.2264808362369338,type_S,yang2024_UWLS,own_CRVE,CR2_naive_t,supplementary,0.008989021299670233,0.0029807495677290526,0.01628744178611361,5.60087529101952e-7,6.1055478393100105e-12,0.002374778592963389,5.946356367399839e-57,0.35838125672789384,0.02320198514666509,0.023201985146665095,47,TRUE,equal_per_meta_analysis,0.008772213091862435,2.1680820780779764e-4,2.471533757073452,17
meta_analysis_level,z_1.96,source_paper,influence_check,two_derivations,MA34,1,47,555,5185,9.668989547038327,type_S,yang2024_UWLS,own_CRVE,CR2_naive_t,supplementary,0.02651319031204496,0.012860276115082309,0.04508952518092838,5.60087529101952e-7,6.1055478393100105e-12,0.002374778592963389,5.946356367399839e-57,0.35838125672789384,0.023201985146665143,0.0690136976062874,47,TRUE,k_effect_sizes,0.02303523337151371,0.0034779569405312474,15.098422857014459,3
meta_analysis_level,z_1.96,source_paper,influence_check,two_derivations,MA34,1,47,555,5185,9.668989547038327,type_S,yang2024_UWLS,own_CRVE,CR2_naive_t,supplementary,0.008989021299670281,0.0029807495677290873,0.016287441786113667,5.60087529101952e-7,6.1055478393100105e-12,0.002374778592963389,5.946356367399839e-57,0.35838125672789384,0.023201985146665143,0.023201985146665147,47,TRUE,equal_per_meta_analysis,0.008772213091862435,2.168082078078462e-4,2.471533757074007,15
meta_analysis_level,z_1.96,source_paper,influence_check,two_derivations,MA39,2,46,52,5688,0.9059233449477352,type_S,yang2024_UWLS,own_CRVE,CR2_naive_t,supplementary,0.023127492744054463,0.010517189052087143,0.04021505838854953,1.9116772665762028e-7,4.561779917612368e-13,5.539966434525418e-4,5.946356367399839e-57,0.35838125672789384,0.02214017905016045,0.06271243689656211,46,TRUE,k_effect_sizes,0.02303523337151371,9.22593725407525e-5,0.4005141647700716,23
meta_analysis_level,z_1.96,source_paper,influence_check,two_derivations,MA39,2,46,52,5688,0.9059233449477352,type_S,yang2024_UWLS,own_CRVE,CR2_naive_t,supplementary,0.008179473748359867,0.002335712765671249,0.01527249948282329,1.9116772665762028e-7,4.561779917612368e-13,5.539966434525418e-4,5.946356367399839e-57,0.35838125672789384,0.02214017905016045,0.02214017905016046,46,TRUE,equal_per_meta_analysis,0.008772213091862435,-5.927393435025685e-4,-6.7570103153607235,7
meta_analysis_level,z_1.96,source_paper,influence_check,two_derivations,MA41,4,44,527,5213,9.181184668989546,type_S,yang2024_UWLS,own_CRVE,CR2_naive_t,supplementary,0.021574640666082265,0.009564090092241136,0.03775869399095277,7.161245774932425e-8,2.294117895480608e-15,0.0022556855957236678,5.946356367399839e-57,0.2141942646575636,0.016624349416160082,0.055979935354364144,44,TRUE,k_effect_sizes,0.02303523337151371,-0.001460592705431446,-6.340689854862392,7
meta_analysis_level,z_1.96,source_paper,influence_check,two_derivations,MA41,4,44,527,5213,9.181184668989546,type_S,yang2024_UWLS,own_CRVE,CR2_naive_t,supplementary,0.007601433754108079,0.002397450215383356,0.013793883170438885,7.161245774932425e-8,2.294117895480608e-15,0.0022556855957236678,5.946356367399839e-57,0.2141942646575636,0.016624349416160082,0.016624349416160086,44,TRUE,equal_per_meta_analysis,0.008772213091862435,-0.001170779337754356,-13.346453460420749,3
meta_analysis_level,z_1.96,source_paper,influence_check,two_derivations,MA43,1,47,13,5727,0.2264808362369338,type_S,yang2024_UWLS,own_CRVE,CR2_naive_t,supplementary,0.023009634737734083,0.01057416891158245,0.039792097698175384,2.757357633303964e-7,9.09952781757463e-13,0.001386402414421302,5.946356367399839e-57,0.35838125672789384,0.02244134782333774,0.06240113020500211,47,TRUE,k_effect_sizes,0.02303523337151371,-2.5598633779627677e-05,-0.11112817207783454,27
meta_analysis_level,z_1.96,source_paper,influence_check,two_derivations,MA43,1,47,13,5727,0.2264808362369338,type_S,yang2024_UWLS,own_CRVE,CR2_naive_t,supplementary,0.008352951934241418,0.002491597005039644,0.015463978957784612,2.757357633303964e-7,9.09952781757463e-13,0.001386402414421302,5.946356367399839e-57,0.35838125672789384,0.02244134782333774,0.02244134782333774,47,TRUE,equal_per_meta_analysis,0.008772213091862435,-4.1926115762101757e-4,-4.7794228574992825,13
meta_analysis_level,z_1.96,source_paper,influence_check,two_derivations,MA45,2,46,39,5701,0.6794425087108014,type_S,yang2024_UWLS,own_CRVE,CR2_naive_t,supplementary,0.02325031153532791,0.010618041289575102,0.040362734136017674,6.961664750481124e-7,3.961525100529963e-12,0.0024938715902031103,1.0758871434657909e-27,0.35838125672789384,0.023706376119196265,0.06276723769235004,46,TRUE,k_effect_sizes,0.02303523337151371,2.150781638141988e-4,0.933692141709197,16
meta_analysis_level,z_1.96,source_paper,influence_check,two_derivations,MA45,2,46,39,5701,0.6794425087108014,type_S,yang2024_UWLS,own_CRVE,CR2_naive_t,supplementary,0.009216740013555234,0.003058023717626049,0.016727290166190303,6.961664750481124e-7,3.961525100529963e-12,0.0024938715902031103,1.0758871434657909e-27,0.35838125672789384,0.023706376119196265,0.023706376119196265,46,TRUE,equal_per_meta_analysis,0.008772213091862435,4.445269216927991e-4,5.0674432670264835,10
meta_analysis_level,z_1.96,source_paper,influence_check,two_derivations,MA47,2,46,103,5637,1.7944250871080138,type_S,yang2024_UWLS,own_CRVE,CR2_naive_t,supplementary,0.023086682794723846,0.01044085145288138,0.040244737849332794,4.179116462161742e-7,4.561779917612368e-13,0.0017614975064526245,5.946356367399839e-57,0.35838125672789384,0.022855760984074984,0.06302868242118201,46,TRUE,k_effect_sizes,0.02303523337151371,5.1449423210135625e-5,0.22335099619072984,25
meta_analysis_level,z_1.96,source_paper,influence_check,two_derivations,MA47,2,46,103,5637,1.7944250871080138,type_S,yang2024_UWLS,own_CRVE,CR2_naive_t,supplementary,0.008523159319575702,0.002532294984734125,0.01581760025412962,4.179116462161742e-7,4.561779917612368e-13,0.0017614975064526245,5.946356367399839e-57,0.35838125672789384,0.022855760984074984,0.022855760984074987,46,TRUE,equal_per_meta_analysis,0.008772213091862435,-2.4905377228673364e-4,-2.839121321822069,14
