aggregation,weighting,role,verification_status,effect_estimator,se_source,se_method,crit_value_method,spec_role,metric,dropped_MA_model,dropped_k,dropped_pct_of_k,summary_all_48,summary_without,abs_change,pct_change,influence_rank
meta_analysis_level,k_effect_sizes,influence_check,two_derivations,uncorrected_beta0,se_beta0,NA,z_1.96,reference_uncorrected,power,MA09.csv,1297,22.59581881533101,0.8220737046105893,0.7763948585980257,-0.045678846012563556,-5.556539000867488,1
meta_analysis_level,k_effect_sizes,influence_check,two_derivations,uncorrected_beta0,se_beta0,NA,z_1.96,reference_uncorrected,power,MA20_cleaned.csv,29,0.5052264808362369,0.8220737046105893,0.8268561357215736,0.004782431110984309,0.5817521086201927,16
meta_analysis_level,k_effect_sizes,influence_check,two_derivations,uncorrected_beta0,se_beta0,NA,z_1.96,reference_uncorrected,power,MA22_01.csv,92,1.602787456445993,0.8220737046105893,0.8361556938939166,0.014081989283327379,1.712983787749045,8
meta_analysis_level,k_effect_sizes,influence_check,two_derivations,uncorrected_beta0,se_beta0,NA,z_1.96,reference_uncorrected,power,MA22_02.csv,92,1.602787456445993,0.8220737046105893,0.8391313446157928,0.01705764000520349,2.07495263618529,6
meta_analysis_level,k_effect_sizes,influence_check,two_derivations,uncorrected_beta0,se_beta0,NA,z_1.96,reference_uncorrected,power,MA22_03.csv,92,1.602787456445993,0.8220737046105893,0.839141564954789,0.017067860344199715,2.0761958749531573,4
meta_analysis_level,k_effect_sizes,influence_check,two_derivations,uncorrected_beta0,se_beta0,NA,z_1.96,reference_uncorrected,power,MA01_01.csv,22,0.3832752613240418,0.8220737046105893,0.8214542407765593,-6.194638340299985e-4,-0.07535380715326667,34
meta_analysis_level,k_effect_sizes,influence_check,two_derivations,uncorrected_beta0,se_beta0,NA,z_1.96,reference_uncorrected,power,MA01_02.csv,14,0.24390243902439024,0.8220737046105893,0.8216799970268492,-3.937075837400217e-4,-0.04789200548952488,38
meta_analysis_level,k_effect_sizes,influence_check,two_derivations,uncorrected_beta0,se_beta0,NA,z_1.96,reference_uncorrected,power,MA01_03.csv,16,0.2787456445993031,0.8220737046105893,0.8216236113210762,-4.5009328951306493e-4,-0.0547509653926026,36
meta_analysis_level,k_effect_sizes,influence_check,two_derivations,uncorrected_beta0,se_beta0,NA,z_1.96,reference_uncorrected,power,MA05_01.csv,17,0.2961672473867596,0.8220737046105893,0.8262946649020092,0.0042209602914199396,0.5134527801761157,19
meta_analysis_level,k_effect_sizes,influence_check,two_derivations,uncorrected_beta0,se_beta0,NA,z_1.96,reference_uncorrected,power,MA05_02.csv,16,0.2787456445993031,0.8220737046105893,0.8224925329205834,4.188283099941792e-4,0.05094778091614405,37
meta_analysis_level,k_effect_sizes,influence_check,two_derivations,uncorrected_beta0,se_beta0,NA,z_1.96,reference_uncorrected,power,MA05_03.csv,4,0.06968641114982578,0.8220737046105893,0.8222286138699474,1.5490925935812694e-4,0.01884371905940263,45
meta_analysis_level,k_effect_sizes,influence_check,two_derivations,uncorrected_beta0,se_beta0,NA,z_1.96,reference_uncorrected,power,MA06_01.csv,33,0.5749128919860628,0.8220737046105893,0.8267606956327332,0.0046869910221439826,0.5701424331975513,17
meta_analysis_level,k_effect_sizes,influence_check,two_derivations,uncorrected_beta0,se_beta0,NA,z_1.96,reference_uncorrected,power,MA06_02.csv,13,0.2264808362369338,0.8220737046105893,0.8219390906299044,-1.3461398068481678e-4,-0.0163749284194159,46
meta_analysis_level,k_effect_sizes,influence_check,two_derivations,uncorrected_beta0,se_beta0,NA,z_1.96,reference_uncorrected,power,MA08.csv,531,9.250871080139373,0.8220737046105893,0.805817785907792,-0.0162559187027973,-1.977428375536916,7
meta_analysis_level,k_effect_sizes,influence_check,two_derivations,uncorrected_beta0,se_beta0,NA,z_1.96,reference_uncorrected,power,MA10.csv,32,0.5574912891986062,0.8220737046105893,0.8221740756277709,1.00371017181633e-4,0.012209491268078132,47
meta_analysis_level,k_effect_sizes,influence_check,two_derivations,uncorrected_beta0,se_beta0,NA,z_1.96,reference_uncorrected,power,MA12.csv,70,1.2195121951219512,0.8220737046105893,0.8204142941155154,-0.0016594104950738986,-0.20185665661937024,28
meta_analysis_level,k_effect_sizes,influence_check,two_derivations,uncorrected_beta0,se_beta0,NA,z_1.96,reference_uncorrected,power,MA13_01.csv,43,0.7491289198606271,0.8220737046105893,0.8220135358355262,-6.016877506309637e-5,-0.007319146048057057,48
meta_analysis_level,k_effect_sizes,influence_check,two_derivations,uncorrected_beta0,se_beta0,NA,z_1.96,reference_uncorrected,power,MA13_02.csv,37,0.6445993031358885,0.8220737046105893,0.8271111243574636,0.005037419746874328,0.612769842730887,14
meta_analysis_level,k_effect_sizes,influence_check,two_derivations,uncorrected_beta0,se_beta0,NA,z_1.96,reference_uncorrected,power,MA13_03.csv,14,0.24390243902439024,0.8220737046105893,0.8218067327620308,-2.66971848558506e-4,-0.03247541516790964,42
meta_analysis_level,k_effect_sizes,influence_check,two_derivations,uncorrected_beta0,se_beta0,NA,z_1.96,reference_uncorrected,power,MA15_01.csv,5,0.08710801393728224,0.8220737046105893,0.8225873334423697,5.136288317804105e-4,0.06247965710370895,35
meta_analysis_level,k_effect_sizes,influence_check,two_derivations,uncorrected_beta0,se_beta0,NA,z_1.96,reference_uncorrected,power,MA15_02.csv,9,0.156794425087108,0.8220737046105893,0.8218208060284276,-2.5289858216170913e-4,-0.030763492463425912,43
meta_analysis_level,k_effect_sizes,influence_check,two_derivations,uncorrected_beta0,se_beta0,NA,z_1.96,reference_uncorrected,power,MA15_03.csv,11,0.1916376306620209,0.8220737046105893,0.821765249261629,-3.0845534896029037e-4,-0.037521617250413364,41
meta_analysis_level,k_effect_sizes,influence_check,two_derivations,uncorrected_beta0,se_beta0,NA,z_1.96,reference_uncorrected,power,MA15_04.csv,11,0.1916376306620209,0.8220737046105893,0.8263847823562167,0.004311077745627445,0.5244149911922458,18
meta_analysis_level,k_effect_sizes,influence_check,two_derivations,uncorrected_beta0,se_beta0,NA,z_1.96,reference_uncorrected,power,MA21.csv,11,0.1916376306620209,0.8220737046105893,0.8251420913163862,0.0030683867057968994,0.3732495868178143,21
meta_analysis_level,k_effect_sizes,influence_check,two_derivations,uncorrected_beta0,se_beta0,NA,z_1.96,reference_uncorrected,power,MA23.csv,24,0.4181184668989547,0.8220737046105893,0.8218671576489914,-2.0654696159783104e-4,-0.02512511474815904,44
meta_analysis_level,k_effect_sizes,influence_check,two_derivations,uncorrected_beta0,se_beta0,NA,z_1.96,reference_uncorrected,power,MA24.csv,139,2.421602787456446,0.8220737046105893,0.8180921790643513,-0.003981525546237985,-0.4843270772325714,20
meta_analysis_level,k_effect_sizes,influence_check,two_derivations,uncorrected_beta0,se_beta0,NA,z_1.96,reference_uncorrected,power,MA25.csv,43,0.7491289198606271,0.8220737046105893,0.8208785103613676,-0.0011951942492216538,-0.1453877240590984,30
meta_analysis_level,k_effect_sizes,influence_check,two_derivations,uncorrected_beta0,se_beta0,NA,z_1.96,reference_uncorrected,power,MA26.csv,459,7.996515679442509,0.8220737046105893,0.8101536004054742,-0.011920104205115023,-1.450004316919673,9
meta_analysis_level,k_effect_sizes,influence_check,two_derivations,uncorrected_beta0,se_beta0,NA,z_1.96,reference_uncorrected,power,MA28_01.csv,84,1.4634146341463414,0.8220737046105893,0.8196851273464554,-0.0023885772641338843,-0.2905551230671377,25
meta_analysis_level,k_effect_sizes,influence_check,two_derivations,uncorrected_beta0,se_beta0,NA,z_1.96,reference_uncorrected,power,MA28_02.csv,84,1.4634146341463414,0.8220737046105893,0.8196851273468915,-0.0023885772636977887,-0.29055512301409125,26
meta_analysis_level,k_effect_sizes,influence_check,two_derivations,uncorrected_beta0,se_beta0,NA,z_1.96,reference_uncorrected,power,MA31.csv,734,12.787456445993032,0.8220737046105893,0.7987937069974068,-0.023279997613182446,-2.831862579062794,2
meta_analysis_level,k_effect_sizes,influence_check,two_derivations,uncorrected_beta0,se_beta0,NA,z_1.96,reference_uncorrected,power,MA32.csv,13,0.2264808362369338,0.8220737046105893,0.8217179308066414,-3.557738039479119e-4,-0.043277604179836615,39
meta_analysis_level,k_effect_sizes,influence_check,two_derivations,uncorrected_beta0,se_beta0,NA,z_1.96,reference_uncorrected,power,MA14_01.csv,104,1.8118466898954704,0.8220737046105893,0.8192684304332991,-0.0028052741772901513,-0.34124363321157425,24
meta_analysis_level,k_effect_sizes,influence_check,two_derivations,uncorrected_beta0,se_beta0,NA,z_1.96,reference_uncorrected,power,MA14_02.csv,167,2.9094076655052263,0.8220737046105893,0.8172719020050296,-0.004801802605559624,-0.5841085268423973,15
meta_analysis_level,k_effect_sizes,influence_check,two_derivations,uncorrected_beta0,se_beta0,NA,z_1.96,reference_uncorrected,power,MA18.csv,23,0.40069686411149824,0.8220737046105893,0.8214259821941372,-6.477224164520567e-4,-0.07879128268174496,33
meta_analysis_level,k_effect_sizes,influence_check,two_derivations,uncorrected_beta0,se_beta0,NA,z_1.96,reference_uncorrected,power,MA39_1.csv,37,0.6445993031358885,0.8220737046105893,0.8305284854909165,0.00845478088032725,1.0284699331591263,10
meta_analysis_level,k_effect_sizes,influence_check,two_derivations,uncorrected_beta0,se_beta0,NA,z_1.96,reference_uncorrected,power,MA39_2.csv,15,0.2613240418118467,0.8220737046105893,0.8279237764294957,0.005850071818906399,0.7116237614822607,12
meta_analysis_level,k_effect_sizes,influence_check,two_derivations,uncorrected_beta0,se_beta0,NA,z_1.96,reference_uncorrected,power,MA17.csv,66,1.1498257839721255,0.8220737046105893,0.8295802772124693,0.007506572601880035,0.913126470264114,11
meta_analysis_level,k_effect_sizes,influence_check,two_derivations,uncorrected_beta0,se_beta0,NA,z_1.96,reference_uncorrected,power,MA34.csv,555,9.668989547038327,0.8220737046105893,0.8050139719941725,-0.0170597326164168,-2.075207188934214,5
meta_analysis_level,k_effect_sizes,influence_check,two_derivations,uncorrected_beta0,se_beta0,NA,z_1.96,reference_uncorrected,power,MA41_01.csv,110,1.916376306620209,0.8220737046105893,0.8204915797172352,-0.0015821248933540755,-0.19245535825811455,29
meta_analysis_level,k_effect_sizes,influence_check,two_derivations,uncorrected_beta0,se_beta0,NA,z_1.96,reference_uncorrected,power,MA41_02.csv,184,3.205574912891986,0.8220737046105893,0.8428612583146902,0.020787553704100903,2.528672744002658,3
meta_analysis_level,k_effect_sizes,influence_check,two_derivations,uncorrected_beta0,se_beta0,NA,z_1.96,reference_uncorrected,power,MA41_03.csv,129,2.2473867595818815,0.8220737046105893,0.8249885037079561,0.0029147990973668048,0.35456663812736267,23
meta_analysis_level,k_effect_sizes,influence_check,two_derivations,uncorrected_beta0,se_beta0,NA,z_1.96,reference_uncorrected,power,MA41_04.csv,104,1.8118466898954704,0.8220737046105893,0.8203914015685575,-0.001682303042031763,-0.2046413883082021,27
meta_analysis_level,k_effect_sizes,influence_check,two_derivations,uncorrected_beta0,se_beta0,NA,z_1.96,reference_uncorrected,power,MA43.csv,13,0.2264808362369338,0.8220737046105893,0.8250941079632045,0.0030204033526152196,0.3674127192823784,22
meta_analysis_level,k_effect_sizes,influence_check,two_derivations,uncorrected_beta0,se_beta0,NA,z_1.96,reference_uncorrected,power,MA45_01.csv,28,0.4878048780487805,0.8220737046105893,0.8212845494449154,-7.891551656739049e-4,-0.09599567061298053,32
meta_analysis_level,k_effect_sizes,influence_check,two_derivations,uncorrected_beta0,se_beta0,NA,z_1.96,reference_uncorrected,power,MA45_02.csv,11,0.1916376306620209,0.8220737046105893,0.821764673265648,-3.090313449413129e-4,-0.03759168347170494,40
meta_analysis_level,k_effect_sizes,influence_check,two_derivations,uncorrected_beta0,se_beta0,NA,z_1.96,reference_uncorrected,power,MA47_1.csv,65,1.132404181184669,0.8220737046105893,0.8271467597792385,0.005073055168649199,0.6171046635109478,13
meta_analysis_level,k_effect_sizes,influence_check,two_derivations,uncorrected_beta0,se_beta0,NA,z_1.96,reference_uncorrected,power,MA47_2.csv,38,0.662020905923345,0.8220737046105893,0.8210518735574518,-0.0010218310531374675,-0.12429920181201703,31
meta_analysis_level,k_effect_sizes,influence_check,two_derivations,uncorrected_beta0,se_beta0,NA,z_1.96,reference_uncorrected,type_M,MA09.csv,1297,22.59581881533101,1.1085608464203047,1.1423993723035448,0.0338385258832401,3.052473483301288,1
meta_analysis_level,k_effect_sizes,influence_check,two_derivations,uncorrected_beta0,se_beta0,NA,z_1.96,reference_uncorrected,type_M,MA20_cleaned.csv,29,0.5052264808362369,1.1085608464203047,1.105415190672163,-0.00314565574814174,-0.28376031485322084,17
meta_analysis_level,k_effect_sizes,influence_check,two_derivations,uncorrected_beta0,se_beta0,NA,z_1.96,reference_uncorrected,type_M,MA22_01.csv,92,1.602787456445993,1.1085608464203047,1.0994408879432878,-0.009119958477016965,-0.8226845198859967,8
meta_analysis_level,k_effect_sizes,influence_check,two_derivations,uncorrected_beta0,se_beta0,NA,z_1.96,reference_uncorrected,type_M,MA22_02.csv,92,1.602787456445993,1.1085608464203047,1.097349309280849,-0.011211537139455663,-1.0113596538845138,7
meta_analysis_level,k_effect_sizes,influence_check,two_derivations,uncorrected_beta0,se_beta0,NA,z_1.96,reference_uncorrected,type_M,MA22_03.csv,92,1.602787456445993,1.1085608464203047,1.097341898564101,-0.011218947856203698,-1.012028152756006,6
meta_analysis_level,k_effect_sizes,influence_check,two_derivations,uncorrected_beta0,se_beta0,NA,z_1.96,reference_uncorrected,type_M,MA01_01.csv,22,0.3832752613240418,1.1085608464203047,1.1090005150040603,4.3966858375554807e-4,0.039661204450380794,34
meta_analysis_level,k_effect_sizes,influence_check,two_derivations,uncorrected_beta0,se_beta0,NA,z_1.96,reference_uncorrected,type_M,MA01_02.csv,14,0.24390243902439024,1.1085608464203047,1.108840224421214,2.793780009093805e-4,0.025201864364188253,37
meta_analysis_level,k_effect_sizes,influence_check,two_derivations,uncorrected_beta0,se_beta0,NA,z_1.96,reference_uncorrected,type_M,MA01_03.csv,16,0.2787456445993031,1.1085608464203047,1.1088802528829764,3.194064626717008e-4,0.028812713682158098,36
meta_analysis_level,k_effect_sizes,influence_check,two_derivations,uncorrected_beta0,se_beta0,NA,z_1.96,reference_uncorrected,type_M,MA05_01.csv,17,0.2961672473867596,1.1085608464203047,1.105578033377939,-0.002982813042365695,-0.26907075529480906,19
meta_analysis_level,k_effect_sizes,influence_check,two_derivations,uncorrected_beta0,se_beta0,NA,z_1.96,reference_uncorrected,type_M,MA05_02.csv,16,0.2787456445993031,1.1085608464203047,1.1082837251514164,-2.771212688883473e-4,-0.024998291233468972,38
meta_analysis_level,k_effect_sizes,influence_check,two_derivations,uncorrected_beta0,se_beta0,NA,z_1.96,reference_uncorrected,type_M,MA05_03.csv,4,0.06968641114982578,1.1085608464203047,1.1084594448572134,-1.0140156309135229e-4,-0.009147135533316142,45
meta_analysis_level,k_effect_sizes,influence_check,two_derivations,uncorrected_beta0,se_beta0,NA,z_1.96,reference_uncorrected,type_M,MA06_01.csv,33,0.5749128919860628,1.1085608464203047,1.1055109427913632,-0.0030499036289415304,-0.2751227989685967,18
meta_analysis_level,k_effect_sizes,influence_check,two_derivations,uncorrected_beta0,se_beta0,NA,z_1.96,reference_uncorrected,type_M,MA06_02.csv,13,0.2264808362369338,1.1085608464203047,1.1086492672429582,8.842082265347884e-5,0.007976181274949035,46
meta_analysis_level,k_effect_sizes,influence_check,two_derivations,uncorrected_beta0,se_beta0,NA,z_1.96,reference_uncorrected,type_M,MA08.csv,531,9.250871080139373,1.1085608464203047,1.120268889284428,0.011708042864123192,1.0561479689572328,5
meta_analysis_level,k_effect_sizes,influence_check,two_derivations,uncorrected_beta0,se_beta0,NA,z_1.96,reference_uncorrected,type_M,MA10.csv,32,0.5574912891986062,1.1085608464203047,1.1084864774197276,-7.436900057711249e-5,-0.00670860790521477,47
meta_analysis_level,k_effect_sizes,influence_check,two_derivations,uncorrected_beta0,se_beta0,NA,z_1.96,reference_uncorrected,type_M,MA12.csv,70,1.2195121951219512,1.1085608464203047,1.1097103699405488,0.0011495235202441112,0.10369512182899498,27
meta_analysis_level,k_effect_sizes,influence_check,two_derivations,uncorrected_beta0,se_beta0,NA,z_1.96,reference_uncorrected,type_M,MA13_01.csv,43,0.7491289198606271,1.1085608464203047,1.1085910477259955,3.0201305690757962e-5,0.0027243705916779604,48
meta_analysis_level,k_effect_sizes,influence_check,two_derivations,uncorrected_beta0,se_beta0,NA,z_1.96,reference_uncorrected,type_M,MA13_02.csv,37,0.6445993031358885,1.1085608464203047,1.1052913711089565,-0.0032694753113482466,-0.294929711968972,15
meta_analysis_level,k_effect_sizes,influence_check,two_derivations,uncorrected_beta0,se_beta0,NA,z_1.96,reference_uncorrected,type_M,MA13_03.csv,14,0.24390243902439024,1.1085608464203047,1.1087424380724973,1.8159165219255868e-4,0.016380846642638502,42
meta_analysis_level,k_effect_sizes,influence_check,two_derivations,uncorrected_beta0,se_beta0,NA,z_1.96,reference_uncorrected,type_M,MA15_01.csv,5,0.08710801393728224,1.1085608464203047,1.1082288067805601,-3.320396397445968e-4,-0.02995231527586073,35
meta_analysis_level,k_effect_sizes,influence_check,two_derivations,uncorrected_beta0,se_beta0,NA,z_1.96,reference_uncorrected,type_M,MA15_02.csv,9,0.156794425087108,1.1085608464203047,1.10874028178394,1.794353636352941e-4,0.01618633422015847,43
meta_analysis_level,k_effect_sizes,influence_check,two_derivations,uncorrected_beta0,se_beta0,NA,z_1.96,reference_uncorrected,type_M,MA15_03.csv,11,0.1916376306620209,1.1085608464203047,1.1087795597530978,2.187133327931079e-4,0.019729483816721682,41
meta_analysis_level,k_effect_sizes,influence_check,two_derivations,uncorrected_beta0,se_beta0,NA,z_1.96,reference_uncorrected,type_M,MA15_04.csv,11,0.1916376306620209,1.1085608464203047,1.1033847160597543,-0.005176130360550424,-0.46692343295948735,12
meta_analysis_level,k_effect_sizes,influence_check,two_derivations,uncorrected_beta0,se_beta0,NA,z_1.96,reference_uncorrected,type_M,MA21.csv,11,0.1916376306620209,1.1085608464203047,1.1062941246720293,-0.0022667217482754687,-0.20447427451502076,21
meta_analysis_level,k_effect_sizes,influence_check,two_derivations,uncorrected_beta0,se_beta0,NA,z_1.96,reference_uncorrected,type_M,MA23.csv,24,0.4181184668989547,1.1085608464203047,1.1086951344179892,1.3428799768444577e-4,0.012113723673179422,44
meta_analysis_level,k_effect_sizes,influence_check,two_derivations,uncorrected_beta0,se_beta0,NA,z_1.96,reference_uncorrected,type_M,MA24.csv,139,2.421602787456446,1.1085608464203047,1.111394343022677,0.0028334966023721986,0.2556013602250218,20
meta_analysis_level,k_effect_sizes,influence_check,two_derivations,uncorrected_beta0,se_beta0,NA,z_1.96,reference_uncorrected,type_M,MA25.csv,43,0.7491289198606271,1.1085608464203047,1.1094063881486822,8.455417283774747e-4,0.07627382214587808,30
meta_analysis_level,k_effect_sizes,influence_check,two_derivations,uncorrected_beta0,se_beta0,NA,z_1.96,reference_uncorrected,type_M,MA26.csv,459,7.996515679442509,1.1085608464203047,1.1169197274587996,0.008358881038494914,0.7540299718763244,9
meta_analysis_level,k_effect_sizes,influence_check,two_derivations,uncorrected_beta0,se_beta0,NA,z_1.96,reference_uncorrected,type_M,MA28_01.csv,84,1.4634146341463414,1.1085608464203047,1.1102589457717822,0.0016980993514774667,0.15318052743436006,25
meta_analysis_level,k_effect_sizes,influence_check,two_derivations,uncorrected_beta0,se_beta0,NA,z_1.96,reference_uncorrected,type_M,MA28_02.csv,84,1.4634146341463414,1.1085608464203047,1.1102589457713194,0.0016980993510147258,0.15318052739261567,26
meta_analysis_level,k_effect_sizes,influence_check,two_derivations,uncorrected_beta0,se_beta0,NA,z_1.96,reference_uncorrected,type_M,MA31.csv,734,12.787456445993032,1.1085608464203047,1.1254400199479198,0.016879173527615032,1.5226203940108762,2
meta_analysis_level,k_effect_sizes,influence_check,two_derivations,uncorrected_beta0,se_beta0,NA,z_1.96,reference_uncorrected,type_M,MA32.csv,13,0.2264808362369338,1.1085608464203047,1.1088118329468692,2.509865265645228e-4,0.0226407533131745,39
meta_analysis_level,k_effect_sizes,influence_check,two_derivations,uncorrected_beta0,se_beta0,NA,z_1.96,reference_uncorrected,type_M,MA14_01.csv,104,1.8118466898954704,1.1085608464203047,1.110535051675423,0.0019742052551183775,0.17808722556758028,23
meta_analysis_level,k_effect_sizes,influence_check,two_derivations,uncorrected_beta0,se_beta0,NA,z_1.96,reference_uncorrected,type_M,MA14_02.csv,167,2.9094076655052263,1.1085608464203047,1.111980063736425,0.003419217316120271,0.308437495980618,14
meta_analysis_level,k_effect_sizes,influence_check,two_derivations,uncorrected_beta0,se_beta0,NA,z_1.96,reference_uncorrected,type_M,MA18.csv,23,0.40069686411149824,1.1085608464203047,1.109020583491194,4.59737070889199e-4,0.041471523405656185,33
meta_analysis_level,k_effect_sizes,influence_check,two_derivations,uncorrected_beta0,se_beta0,NA,z_1.96,reference_uncorrected,type_M,MA39_1.csv,37,0.6445993031358885,1.1085608464203047,1.1027464249416914,-0.00581442147861333,-0.5245017896301274,11
meta_analysis_level,k_effect_sizes,influence_check,two_derivations,uncorrected_beta0,se_beta0,NA,z_1.96,reference_uncorrected,type_M,MA39_2.csv,15,0.2613240418118467,1.1085608464203047,1.1018161748507032,-0.006744671569601568,-0.6084169029946351,10
meta_analysis_level,k_effect_sizes,influence_check,two_derivations,uncorrected_beta0,se_beta0,NA,z_1.96,reference_uncorrected,type_M,MA17.csv,66,1.1498257839721255,1.1085608464203047,1.1037309563650188,-0.00482989005528589,-0.4356901175864403,13
meta_analysis_level,k_effect_sizes,influence_check,two_derivations,uncorrected_beta0,se_beta0,NA,z_1.96,reference_uncorrected,type_M,MA34.csv,555,9.668989547038327,1.1085608464203047,1.1208568832523624,0.01229603683205771,1.1091891682593058,4
meta_analysis_level,k_effect_sizes,influence_check,two_derivations,uncorrected_beta0,se_beta0,NA,z_1.96,reference_uncorrected,type_M,MA41_01.csv,110,1.916376306620209,1.1085608464203047,1.1096189864482553,0.0010581400279505715,0.09545168687559169,29
meta_analysis_level,k_effect_sizes,influence_check,two_derivations,uncorrected_beta0,se_beta0,NA,z_1.96,reference_uncorrected,type_M,MA41_02.csv,184,3.205574912891986,1.1085608464203047,1.0953519065487,-0.013208939871604652,-1.1915394553450254,3
meta_analysis_level,k_effect_sizes,influence_check,two_derivations,uncorrected_beta0,se_beta0,NA,z_1.96,reference_uncorrected,type_M,MA41_03.csv,129,2.2473867595818815,1.1085608464203047,1.106626724098346,-0.0019341223219586645,-0.1744714625457111,24
meta_analysis_level,k_effect_sizes,influence_check,two_derivations,uncorrected_beta0,se_beta0,NA,z_1.96,reference_uncorrected,type_M,MA41_04.csv,104,1.8118466898954704,1.1085608464203047,1.109693677762276,0.0011328313419711744,0.10218936972465897,28
meta_analysis_level,k_effect_sizes,influence_check,two_derivations,uncorrected_beta0,se_beta0,NA,z_1.96,reference_uncorrected,type_M,MA43.csv,13,0.2264808362369338,1.1085608464203047,1.1064613931264675,-0.0020994532938372057,-0.18938548124053378,22
meta_analysis_level,k_effect_sizes,influence_check,two_derivations,uncorrected_beta0,se_beta0,NA,z_1.96,reference_uncorrected,type_M,MA45_01.csv,28,0.4878048780487805,1.1085608464203047,1.1091210428513392,5.601964310344432e-4,0.05053366559384376,32
meta_analysis_level,k_effect_sizes,influence_check,two_derivations,uncorrected_beta0,se_beta0,NA,z_1.96,reference_uncorrected,type_M,MA45_02.csv,11,0.1916376306620209,1.1085608464203047,1.1087800824553744,2.1923603506968092e-4,0.019776635245394303,40
meta_analysis_level,k_effect_sizes,influence_check,two_derivations,uncorrected_beta0,se_beta0,NA,z_1.96,reference_uncorrected,type_M,MA47_1.csv,65,1.132404181184669,1.1085608464203047,1.1052968154517704,-0.003264030968534337,-0.29443859388271765,16
meta_analysis_level,k_effect_sizes,influence_check,two_derivations,uncorrected_beta0,se_beta0,NA,z_1.96,reference_uncorrected,type_M,MA47_2.csv,38,0.662020905923345,1.1085608464203047,1.1092795831901923,7.187367698875402e-4,0.06483512133848013,31
meta_analysis_level,k_effect_sizes,influence_check,two_derivations,uncorrected_beta0,se_beta0,NA,z_1.96,reference_uncorrected,type_S,MA09.csv,1297,22.59581881533101,5.830502574538134e-4,7.558043763133647e-4,1.7275411885955133e-4,29.62937013594169,1
meta_analysis_level,k_effect_sizes,influence_check,two_derivations,uncorrected_beta0,se_beta0,NA,z_1.96,reference_uncorrected,type_S,MA20_cleaned.csv,29,0.5052264808362369,5.830502574538134e-4,5.76220560306321e-4,-6.829697147492375e-6,-1.1713736612205206,25
meta_analysis_level,k_effect_sizes,influence_check,two_derivations,uncorrected_beta0,se_beta0,NA,z_1.96,reference_uncorrected,type_S,MA22_01.csv,92,1.602787456445993,5.830502574538134e-4,5.711896746831008e-4,-1.1860582770712585e-5,-2.0342299174187617,17
meta_analysis_level,k_effect_sizes,influence_check,two_derivations,uncorrected_beta0,se_beta0,NA,z_1.96,reference_uncorrected,type_S,MA22_02.csv,92,1.602787456445993,5.830502574538134e-4,5.444466040109425e-4,-3.8603653442870894e-5,-6.620982145081877,10
meta_analysis_level,k_effect_sizes,influence_check,two_derivations,uncorrected_beta0,se_beta0,NA,z_1.96,reference_uncorrected,type_S,MA22_03.csv,92,1.602787456445993,5.830502574538134e-4,5.443219632181723e-4,-3.8728294235641086e-5,-6.642359511985807,9
meta_analysis_level,k_effect_sizes,influence_check,two_derivations,uncorrected_beta0,se_beta0,NA,z_1.96,reference_uncorrected,type_S,MA01_01.csv,22,0.3832752613240418,5.830502574538134e-4,5.853196013955522e-4,2.2693439417388606e-6,0.38921926758923586,35
meta_analysis_level,k_effect_sizes,influence_check,two_derivations,uncorrected_beta0,se_beta0,NA,z_1.96,reference_uncorrected,type_S,MA01_02.csv,14,0.24390243902439024,5.830502574538134e-4,5.84492344459217e-4,1.442087005403686e-6,0.247334940164734,40
meta_analysis_level,k_effect_sizes,influence_check,two_derivations,uncorrected_beta0,se_beta0,NA,z_1.96,reference_uncorrected,type_S,MA01_03.csv,16,0.2787456445993031,5.830502574538134e-4,5.846989394009995e-4,1.648681947186148e-6,0.2827684108032136,38
meta_analysis_level,k_effect_sizes,influence_check,two_derivations,uncorrected_beta0,se_beta0,NA,z_1.96,reference_uncorrected,type_S,MA05_01.csv,17,0.2961672473867596,5.830502574538134e-4,5.501197630310671e-4,-3.293049442274626e-5,-5.6479684215481,12
meta_analysis_level,k_effect_sizes,influence_check,two_derivations,uncorrected_beta0,se_beta0,NA,z_1.96,reference_uncorrected,type_S,MA05_02.csv,16,0.2787456445993031,5.830502574538134e-4,5.846765523642196e-4,1.626294910406223e-6,0.27892876979562775,39
meta_analysis_level,k_effect_sizes,influence_check,two_derivations,uncorrected_beta0,se_beta0,NA,z_1.96,reference_uncorrected,type_S,MA05_03.csv,4,0.06968641114982578,5.830502574538134e-4,5.834491267576077e-4,3.988693037942914e-7,0.06841079284247709,47
meta_analysis_level,k_effect_sizes,influence_check,two_derivations,uncorrected_beta0,se_beta0,NA,z_1.96,reference_uncorrected,type_S,MA06_01.csv,33,0.5749128919860628,5.830502574538134e-4,5.804749339466085e-4,-2.575323507204852e-6,-0.4416983740734959,32
meta_analysis_level,k_effect_sizes,influence_check,two_derivations,uncorrected_beta0,se_beta0,NA,z_1.96,reference_uncorrected,type_S,MA06_02.csv,13,0.2264808362369338,5.830502574538134e-4,5.843886848284942e-4,1.3384273746808173e-6,0.2295560901603544,43
meta_analysis_level,k_effect_sizes,influence_check,two_derivations,uncorrected_beta0,se_beta0,NA,z_1.96,reference_uncorrected,type_S,MA08.csv,531,9.250871080139373,5.830502574538134e-4,6.432442454690872e-4,6.0193988015273814e-5,10.323979321806931,6
meta_analysis_level,k_effect_sizes,influence_check,two_derivations,uncorrected_beta0,se_beta0,NA,z_1.96,reference_uncorrected,type_S,MA10.csv,32,0.5574912891986062,5.830502574538134e-4,5.863506329829328e-4,3.300375529119437e-6,0.5660533525072564,30
meta_analysis_level,k_effect_sizes,influence_check,two_derivations,uncorrected_beta0,se_beta0,NA,z_1.96,reference_uncorrected,type_S,MA12.csv,70,1.2195121951219512,5.830502574538134e-4,5.903326877501995e-4,7.282430296386144e-6,1.2490227391698028,24
meta_analysis_level,k_effect_sizes,influence_check,two_derivations,uncorrected_beta0,se_beta0,NA,z_1.96,reference_uncorrected,type_S,MA13_01.csv,43,0.7491289198606271,5.830502574538134e-4,5.874972554397277e-4,4.446997985914358e-6,0.7627126356713143,28
meta_analysis_level,k_effect_sizes,influence_check,two_derivations,uncorrected_beta0,se_beta0,NA,z_1.96,reference_uncorrected,type_S,MA13_02.csv,37,0.6445993031358885,5.830502574538134e-4,5.812368794928906e-4,-1.8133779609227907e-6,-0.3110157208131348,37
meta_analysis_level,k_effect_sizes,influence_check,two_derivations,uncorrected_beta0,se_beta0,NA,z_1.96,reference_uncorrected,type_S,MA13_03.csv,14,0.24390243902439024,5.830502574538134e-4,5.844922828716209e-4,1.442025417807552e-6,0.24732437716517008,41
meta_analysis_level,k_effect_sizes,influence_check,two_derivations,uncorrected_beta0,se_beta0,NA,z_1.96,reference_uncorrected,type_S,MA15_01.csv,5,0.08710801393728224,5.830502574538134e-4,5.832970264841135e-4,2.467690303001313e-7,0.04232380093232013,48
meta_analysis_level,k_effect_sizes,influence_check,two_derivations,uncorrected_beta0,se_beta0,NA,z_1.96,reference_uncorrected,type_S,MA15_02.csv,9,0.156794425087108,5.830502574538134e-4,5.839764952398005e-4,9.262377859871329e-7,0.1588607112587459,46
meta_analysis_level,k_effect_sizes,influence_check,two_derivations,uncorrected_beta0,se_beta0,NA,z_1.96,reference_uncorrected,type_S,MA15_03.csv,11,0.1916376306620209,5.830502574538134e-4,5.841827256290698e-4,1.132468175256418e-6,0.19423165683896126,45
meta_analysis_level,k_effect_sizes,influence_check,two_derivations,uncorrected_beta0,se_beta0,NA,z_1.96,reference_uncorrected,type_S,MA15_04.csv,11,0.1916376306620209,5.830502574538134e-4,4.5906494666578604e-4,-1.2398531078802733e-4,-21.26494400833857,3
meta_analysis_level,k_effect_sizes,influence_check,two_derivations,uncorrected_beta0,se_beta0,NA,z_1.96,reference_uncorrected,type_S,MA21.csv,11,0.1916376306620209,5.830502574538134e-4,5.475258070292734e-4,-3.552445042454e-5,-6.092862488334305,11
meta_analysis_level,k_effect_sizes,influence_check,two_derivations,uncorrected_beta0,se_beta0,NA,z_1.96,reference_uncorrected,type_S,MA23.csv,24,0.4181184668989547,5.830502574538134e-4,5.855257470032127e-4,2.475489549399329e-6,0.4245756721229954,33
meta_analysis_level,k_effect_sizes,influence_check,two_derivations,uncorrected_beta0,se_beta0,NA,z_1.96,reference_uncorrected,type_S,MA24.csv,139,2.421602787456446,5.830502574538134e-4,5.976914348487621e-4,1.464117739494869e-5,2.5111347105628345,15
meta_analysis_level,k_effect_sizes,influence_check,two_derivations,uncorrected_beta0,se_beta0,NA,z_1.96,reference_uncorrected,type_S,MA25.csv,43,0.7491289198606271,5.830502574538134e-4,5.875023331798034e-4,4.45207572598999e-6,0.7635835280190406,27
meta_analysis_level,k_effect_sizes,influence_check,two_derivations,uncorrected_beta0,se_beta0,NA,z_1.96,reference_uncorrected,type_S,MA26.csv,459,7.996515679442509,5.830502574538134e-4,6.343638235141551e-4,5.131356606034171e-5,8.800882154555346,7
meta_analysis_level,k_effect_sizes,influence_check,two_derivations,uncorrected_beta0,se_beta0,NA,z_1.96,reference_uncorrected,type_S,MA28_01.csv,84,1.4634146341463414,5.830502574538134e-4,5.918111180063315e-4,8.760860552518152e-6,1.502590975737994,21
meta_analysis_level,k_effect_sizes,influence_check,two_derivations,uncorrected_beta0,se_beta0,NA,z_1.96,reference_uncorrected,type_S,MA28_02.csv,84,1.4634146341463414,5.830502574538134e-4,5.918111180063315e-4,8.760860552518152e-6,1.502590975737994,21
meta_analysis_level,k_effect_sizes,influence_check,two_derivations,uncorrected_beta0,se_beta0,NA,z_1.96,reference_uncorrected,type_S,MA31.csv,734,12.787456445993032,5.830502574538134e-4,6.696750038031121e-4,8.662474634929876e-5,14.857166297737345,4
meta_analysis_level,k_effect_sizes,influence_check,two_derivations,uncorrected_beta0,se_beta0,NA,z_1.96,reference_uncorrected,type_S,MA32.csv,13,0.2264808362369338,5.830502574538134e-4,5.843891016179444e-4,1.3388441641309923e-6,0.22962757446978177,42
meta_analysis_level,k_effect_sizes,influence_check,two_derivations,uncorrected_beta0,se_beta0,NA,z_1.96,reference_uncorrected,type_S,MA14_01.csv,104,1.8118466898954704,5.830502574538134e-4,5.939359755154187e-4,1.0885718061605376e-5,1.8670291149760265,19
meta_analysis_level,k_effect_sizes,influence_check,two_derivations,uncorrected_beta0,se_beta0,NA,z_1.96,reference_uncorrected,type_S,MA14_02.csv,167,2.9094076655052263,5.830502574538134e-4,6.007301646914175e-4,1.7679907237604098e-5,3.0323127400393224,14
meta_analysis_level,k_effect_sizes,influence_check,two_derivations,uncorrected_beta0,se_beta0,NA,z_1.96,reference_uncorrected,type_S,MA18.csv,23,0.40069686411149824,5.830502574538134e-4,5.854231731855231e-4,2.372915731709696e-6,0.4069830518679929,34
meta_analysis_level,k_effect_sizes,influence_check,two_derivations,uncorrected_beta0,se_beta0,NA,z_1.96,reference_uncorrected,type_S,MA39_1.csv,37,0.6445993031358885,5.830502574538134e-4,5.354432958478844e-4,-4.760696160592895e-5,-8.16515574726423,8
meta_analysis_level,k_effect_sizes,influence_check,two_derivations,uncorrected_beta0,se_beta0,NA,z_1.96,reference_uncorrected,type_S,MA39_2.csv,15,0.2613240418118467,5.830502574538134e-4,4.183808903476943e-4,-1.6466936710611904e-4,-28.242739798320628,2
meta_analysis_level,k_effect_sizes,influence_check,two_derivations,uncorrected_beta0,se_beta0,NA,z_1.96,reference_uncorrected,type_S,MA17.csv,66,1.1498257839721255,5.830502574538134e-4,5.850010789134469e-4,1.950821459633517e-6,0.3345889028765425,36
meta_analysis_level,k_effect_sizes,influence_check,two_derivations,uncorrected_beta0,se_beta0,NA,z_1.96,reference_uncorrected,type_S,MA34.csv,555,9.668989547038327,5.830502574538134e-4,6.462598106970092e-4,6.320955324319588e-5,10.841184346480293,5
meta_analysis_level,k_effect_sizes,influence_check,two_derivations,uncorrected_beta0,se_beta0,NA,z_1.96,reference_uncorrected,type_S,MA41_01.csv,110,1.916376306620209,5.830502574538134e-4,5.945746849399906e-4,1.1524427486177269e-5,1.976575318996443,18
meta_analysis_level,k_effect_sizes,influence_check,two_derivations,uncorrected_beta0,se_beta0,NA,z_1.96,reference_uncorrected,type_S,MA41_02.csv,184,3.205574912891986,5.830502574538134e-4,5.903392581558982e-4,7.289000702084825e-6,1.2501496412875124,23
meta_analysis_level,k_effect_sizes,influence_check,two_derivations,uncorrected_beta0,se_beta0,NA,z_1.96,reference_uncorrected,type_S,MA41_03.csv,129,2.2473867595818815,5.830502574538134e-4,5.964755398400433e-4,1.342528238622992e-5,2.302594367226285,16
meta_analysis_level,k_effect_sizes,influence_check,two_derivations,uncorrected_beta0,se_beta0,NA,z_1.96,reference_uncorrected,type_S,MA41_04.csv,104,1.8118466898954704,5.830502574538134e-4,5.939348870437726e-4,1.0884629589959227e-5,1.866842429243154,20
meta_analysis_level,k_effect_sizes,influence_check,two_derivations,uncorrected_beta0,se_beta0,NA,z_1.96,reference_uncorrected,type_S,MA43.csv,13,0.2264808362369338,5.830502574538134e-4,5.643791996755888e-4,-1.867105777822453e-5,-3.202306754783235,13
meta_analysis_level,k_effect_sizes,influence_check,two_derivations,uncorrected_beta0,se_beta0,NA,z_1.96,reference_uncorrected,type_S,MA45_01.csv,28,0.4878048780487805,5.830502574538134e-4,5.8594158240605e-4,2.8913249522366513e-6,0.4958963511761505,31
meta_analysis_level,k_effect_sizes,influence_check,two_derivations,uncorrected_beta0,se_beta0,NA,z_1.96,reference_uncorrected,type_S,MA45_02.csv,11,0.1916376306620209,5.830502574538134e-4,5.841827256295486e-4,1.1324681757352018e-6,0.19423165692109556,44
meta_analysis_level,k_effect_sizes,influence_check,two_derivations,uncorrected_beta0,se_beta0,NA,z_1.96,reference_uncorrected,type_S,MA47_1.csv,65,1.132404181184669,5.830502574538134e-4,5.884856835844665e-4,5.435426130653148e-6,0.9322397273932692,26
meta_analysis_level,k_effect_sizes,influence_check,two_derivations,uncorrected_beta0,se_beta0,NA,z_1.96,reference_uncorrected,type_S,MA47_2.csv,38,0.662020905923345,5.830502574538134e-4,5.869811588088865e-4,3.930901355073124e-6,0.6741959727861957,29
meta_analysis_level,k_effect_sizes,influence_check,two_derivations,yang2023_gated_beta0_c3,se_beta0,NA,z_1.96,primary,power,MA09.csv,1297,22.59581881533101,0.3903771039959558,0.38059502530886935,-0.00978207868708647,-2.5058023605779467,8
meta_analysis_level,k_effect_sizes,influence_check,two_derivations,yang2023_gated_beta0_c3,se_beta0,NA,z_1.96,primary,power,MA20_cleaned.csv,29,0.5052264808362369,0.3903771039959558,0.39350836082870494,0.0031312568327491186,0.8021107797299365,18
meta_analysis_level,k_effect_sizes,influence_check,two_derivations,yang2023_gated_beta0_c3,se_beta0,NA,z_1.96,primary,power,MA22_01.csv,92,1.602787456445993,0.3903771039959558,0.39227664769673665,0.0018995437007808258,0.48659198537435167,29
meta_analysis_level,k_effect_sizes,influence_check,two_derivations,yang2023_gated_beta0_c3,se_beta0,NA,z_1.96,primary,power,MA22_02.csv,92,1.602787456445993,0.3903771039959558,0.393672653606184,0.0032955496102281545,0.8441964389034107,16
meta_analysis_level,k_effect_sizes,influence_check,two_derivations,yang2023_gated_beta0_c3,se_beta0,NA,z_1.96,primary,power,MA22_03.csv,92,1.602787456445993,0.3903771039959558,0.39367744840737834,0.0033003444114225178,0.8454246874726401,15
meta_analysis_level,k_effect_sizes,influence_check,two_derivations,yang2023_gated_beta0_c3,se_beta0,NA,z_1.96,primary,power,MA01_01.csv,22,0.3832752613240418,0.3903771039959558,0.39074246217714537,3.6535818118954566e-4,0.09359108857811549,45
meta_analysis_level,k_effect_sizes,influence_check,two_derivations,yang2023_gated_beta0_c3,se_beta0,NA,z_1.96,primary,power,MA01_02.csv,14,0.24390243902439024,0.3903771039959558,0.3922821698291233,0.001905065833167463,0.48800654896685725,28
meta_analysis_level,k_effect_sizes,influence_check,two_derivations,yang2023_gated_beta0_c3,se_beta0,NA,z_1.96,primary,power,MA01_03.csv,16,0.2787456445993031,0.3903771039959558,0.39111953185644377,7.424278604879486e-4,0.1901822245434781,40
meta_analysis_level,k_effect_sizes,influence_check,two_derivations,yang2023_gated_beta0_c3,se_beta0,NA,z_1.96,primary,power,MA05_01.csv,17,0.2961672473867596,0.3903771039959558,0.39151445515568345,0.0011373511597276287,0.2913467895748756,36
meta_analysis_level,k_effect_sizes,influence_check,two_derivations,yang2023_gated_beta0_c3,se_beta0,NA,z_1.96,primary,power,MA05_02.csv,16,0.2787456445993031,0.3903771039959558,0.38976378845045184,-6.133155455039785e-4,-0.15710848285568346,43
meta_analysis_level,k_effect_sizes,influence_check,two_derivations,yang2023_gated_beta0_c3,se_beta0,NA,z_1.96,primary,power,MA05_03.csv,4,0.06968641114982578,0.3903771039959558,0.3902479461051982,-1.2915789075762518e-4,-0.03308541649486019,46
meta_analysis_level,k_effect_sizes,influence_check,two_derivations,yang2023_gated_beta0_c3,se_beta0,NA,z_1.96,primary,power,MA06_01.csv,33,0.5749128919860628,0.3903771039959558,0.39343307705048713,0.0030559730545313135,0.7828258940521637,19
meta_analysis_level,k_effect_sizes,influence_check,two_derivations,yang2023_gated_beta0_c3,se_beta0,NA,z_1.96,primary,power,MA06_02.csv,13,0.2264808362369338,0.3903771039959558,0.39205112518886553,0.0016740211929097137,0.4288215614528079,32
meta_analysis_level,k_effect_sizes,influence_check,two_derivations,yang2023_gated_beta0_c3,se_beta0,NA,z_1.96,primary,power,MA08.csv,531,9.250871080139373,0.3903771039959558,0.36342376831560325,-0.026953335680352575,-6.904435584068425,3
meta_analysis_level,k_effect_sizes,influence_check,two_derivations,yang2023_gated_beta0_c3,se_beta0,NA,z_1.96,primary,power,MA10.csv,32,0.5574912891986062,0.3903771039959558,0.39356640422055206,0.0031893002245962365,0.8169793238256284,17
meta_analysis_level,k_effect_sizes,influence_check,two_derivations,yang2023_gated_beta0_c3,se_beta0,NA,z_1.96,primary,power,MA12.csv,70,1.2195121951219512,0.3903771039959558,0.3860236216032989,-0.004353482392656927,-1.115199213297624,14
meta_analysis_level,k_effect_sizes,influence_check,two_derivations,yang2023_gated_beta0_c3,se_beta0,NA,z_1.96,primary,power,MA13_01.csv,43,0.7491289198606271,0.3903771039959558,0.3924623279156003,0.0020852239196444966,0.5341563063765431,25
meta_analysis_level,k_effect_sizes,influence_check,two_derivations,yang2023_gated_beta0_c3,se_beta0,NA,z_1.96,primary,power,MA13_02.csv,37,0.6445993031358885,0.3903771039959558,0.3909616313691656,5.845273732097978e-4,0.14973403081954828,44
meta_analysis_level,k_effect_sizes,influence_check,two_derivations,yang2023_gated_beta0_c3,se_beta0,NA,z_1.96,primary,power,MA13_03.csv,14,0.24390243902439024,0.3903771039959558,0.392323719384843,0.001946615388887185,0.49864998970516883,27
meta_analysis_level,k_effect_sizes,influence_check,two_derivations,yang2023_gated_beta0_c3,se_beta0,NA,z_1.96,primary,power,MA15_01.csv,5,0.08710801393728224,0.3903771039959558,0.39100786511446983,6.307611185140116e-4,0.16157738557345258,42
meta_analysis_level,k_effect_sizes,influence_check,two_derivations,yang2023_gated_beta0_c3,se_beta0,NA,z_1.96,primary,power,MA15_02.csv,9,0.156794425087108,0.3903771039959558,0.39046389772700496,8.679373104913957e-5,0.02223330470991769,47
meta_analysis_level,k_effect_sizes,influence_check,two_derivations,yang2023_gated_beta0_c3,se_beta0,NA,z_1.96,primary,power,MA15_03.csv,11,0.1916376306620209,0.3903771039959558,0.38967303696198435,-7.040670339714672e-4,-0.18035561685471047,41
meta_analysis_level,k_effect_sizes,influence_check,two_derivations,yang2023_gated_beta0_c3,se_beta0,NA,z_1.96,primary,power,MA15_04.csv,11,0.1916376306620209,0.3903771039959558,0.3918635743349529,0.0014864703389970702,0.38077805377962903,33
meta_analysis_level,k_effect_sizes,influence_check,two_derivations,yang2023_gated_beta0_c3,se_beta0,NA,z_1.96,primary,power,MA21.csv,11,0.1916376306620209,0.3903771039959558,0.39127430240853434,8.971984125785148e-4,0.229828646043706,38
meta_analysis_level,k_effect_sizes,influence_check,two_derivations,yang2023_gated_beta0_c3,se_beta0,NA,z_1.96,primary,power,MA23.csv,24,0.4181184668989547,0.3903771039959558,0.39271664264453016,0.0023395386485743352,0.5993022194761055,24
meta_analysis_level,k_effect_sizes,influence_check,two_derivations,yang2023_gated_beta0_c3,se_beta0,NA,z_1.96,primary,power,MA24.csv,139,2.421602787456446,0.3903771039959558,0.38542197019824376,-0.0049551337977120635,-1.2693197800256795,13
meta_analysis_level,k_effect_sizes,influence_check,two_derivations,yang2023_gated_beta0_c3,se_beta0,NA,z_1.96,primary,power,MA25.csv,43,0.7491289198606271,0.3903771039959558,0.39212680774879766,0.0017497037528418358,0.4482086000771046,31
meta_analysis_level,k_effect_sizes,influence_check,two_derivations,yang2023_gated_beta0_c3,se_beta0,NA,z_1.96,primary,power,MA26.csv,459,7.996515679442509,0.3903771039959558,0.4666367048628181,0.07625960086686229,19.53485490984439,1
meta_analysis_level,k_effect_sizes,influence_check,two_derivations,yang2023_gated_beta0_c3,se_beta0,NA,z_1.96,primary,power,MA28_01.csv,84,1.4634146341463414,0.3903771039959558,0.38788633666642514,-0.0024907673295306854,-0.6380413461842038,21
meta_analysis_level,k_effect_sizes,influence_check,two_derivations,yang2023_gated_beta0_c3,se_beta0,NA,z_1.96,primary,power,MA28_02.csv,84,1.4634146341463414,0.3903771039959558,0.3894726348004907,-9.044691954651074e-4,-0.23169114843233363,37
meta_analysis_level,k_effect_sizes,influence_check,two_derivations,yang2023_gated_beta0_c3,se_beta0,NA,z_1.96,primary,power,MA31.csv,734,12.787456445993032,0.3903771039959558,0.3400839434486713,-0.0502931605472845,-12.883224972078667,2
meta_analysis_level,k_effect_sizes,influence_check,two_derivations,yang2023_gated_beta0_c3,se_beta0,NA,z_1.96,primary,power,MA32.csv,13,0.2264808362369338,0.3903771039959558,0.3895490803646118,-8.280236313440437e-4,-0.2121086566984287,39
meta_analysis_level,k_effect_sizes,influence_check,two_derivations,yang2023_gated_beta0_c3,se_beta0,NA,z_1.96,primary,power,MA14_01.csv,104,1.8118466898954704,0.3903771039959558,0.3838398995063184,-0.006537204489637405,-1.6745870653585126,10
meta_analysis_level,k_effect_sizes,influence_check,two_derivations,yang2023_gated_beta0_c3,se_beta0,NA,z_1.96,primary,power,MA14_02.csv,167,2.9094076655052263,0.3903771039959558,0.37953198612936123,-0.010845117866594589,-2.7781132027422717,6
meta_analysis_level,k_effect_sizes,influence_check,two_derivations,yang2023_gated_beta0_c3,se_beta0,NA,z_1.96,primary,power,MA18.csv,23,0.40069686411149824,0.3903771039959558,0.38907536047682745,-0.0013017435191283733,-0.3334579579087893,35
meta_analysis_level,k_effect_sizes,influence_check,two_derivations,yang2023_gated_beta0_c3,se_beta0,NA,z_1.96,primary,power,MA39_1.csv,37,0.6445993031358885,0.3903771039959558,0.3956168698686277,0.0052397658726718865,1.3422318622267726,12
meta_analysis_level,k_effect_sizes,influence_check,two_derivations,yang2023_gated_beta0_c3,se_beta0,NA,z_1.96,primary,power,MA39_2.csv,15,0.2613240418118467,0.3903771039959558,0.3923887347773149,0.002011630781359075,0.5153044993591482,26
meta_analysis_level,k_effect_sizes,influence_check,two_derivations,yang2023_gated_beta0_c3,se_beta0,NA,z_1.96,primary,power,MA17.csv,66,1.1498257839721255,0.3903771039959558,0.39326759264125793,0.002890488645302114,0.7404349834338797,20
meta_analysis_level,k_effect_sizes,influence_check,two_derivations,yang2023_gated_beta0_c3,se_beta0,NA,z_1.96,primary,power,MA34.csv,555,9.668989547038327,0.3903771039959558,0.37098453057196484,-0.019392573423990977,-4.967651336486134,4
meta_analysis_level,k_effect_sizes,influence_check,two_derivations,yang2023_gated_beta0_c3,se_beta0,NA,z_1.96,primary,power,MA41_01.csv,110,1.916376306620209,0.3903771039959558,0.38790093017764143,-0.0024761738183143867,-0.6343030349290291,22
meta_analysis_level,k_effect_sizes,influence_check,two_derivations,yang2023_gated_beta0_c3,se_beta0,NA,z_1.96,primary,power,MA41_02.csv,184,3.205574912891986,0.3903771039959558,0.4056273543625065,0.0152502503665507,3.9065432399715494,5
meta_analysis_level,k_effect_sizes,influence_check,two_derivations,yang2023_gated_beta0_c3,se_beta0,NA,z_1.96,primary,power,MA41_03.csv,129,2.2473867595818815,0.3903771039959558,0.40076272226853027,0.010385618272574448,2.6604066084475075,7
meta_analysis_level,k_effect_sizes,influence_check,two_derivations,yang2023_gated_beta0_c3,se_beta0,NA,z_1.96,primary,power,MA41_04.csv,104,1.8118466898954704,0.3903771039959558,0.38426121971032173,-0.006115884285634088,-1.5666606015135143,11
meta_analysis_level,k_effect_sizes,influence_check,two_derivations,yang2023_gated_beta0_c3,se_beta0,NA,z_1.96,primary,power,MA43.csv,13,0.2264808362369338,0.3903771039959558,0.39168483654456904,0.0013077325486132163,0.3349921230592301,34
meta_analysis_level,k_effect_sizes,influence_check,two_derivations,yang2023_gated_beta0_c3,se_beta0,NA,z_1.96,primary,power,MA45_01.csv,28,0.4878048780487805,0.3903771039959558,0.38858122243394555,-0.0017958815620102708,-0.4600376260870287,30
meta_analysis_level,k_effect_sizes,influence_check,two_derivations,yang2023_gated_beta0_c3,se_beta0,NA,z_1.96,primary,power,MA45_02.csv,11,0.1916376306620209,0.3903771039959558,0.3904253651822312,4.82611862753779e-5,0.012362709232016655,48
meta_analysis_level,k_effect_sizes,influence_check,two_derivations,yang2023_gated_beta0_c3,se_beta0,NA,z_1.96,primary,power,MA47_1.csv,65,1.132404181184669,0.3903771039959558,0.3993663543241012,0.008989250328145404,2.302709415109172,9
meta_analysis_level,k_effect_sizes,influence_check,two_derivations,yang2023_gated_beta0_c3,se_beta0,NA,z_1.96,primary,power,MA47_2.csv,38,0.662020905923345,0.3903771039959558,0.3879663031466771,-0.0024108008492786936,-0.6175569275455484,23
meta_analysis_level,k_effect_sizes,influence_check,two_derivations,yang2023_gated_beta0_c3,se_beta0,NA,z_1.96,primary,type_M,MA09.csv,1297,22.59581881533101,2.1770696432395016,2.418100240689334,0.24103059744983257,11.071331511984916,3
meta_analysis_level,k_effect_sizes,influence_check,two_derivations,yang2023_gated_beta0_c3,se_beta0,NA,z_1.96,primary,type_M,MA20_cleaned.csv,29,0.5052264808362369,2.1770696432395016,2.1686949257918555,-0.008374717447646063,-0.38467843569691684,22
meta_analysis_level,k_effect_sizes,influence_check,two_derivations,yang2023_gated_beta0_c3,se_beta0,NA,z_1.96,primary,type_M,MA22_01.csv,92,1.602787456445993,2.1770696432395016,2.1830273201275103,0.005957676888008745,0.27365577883597947,29
meta_analysis_level,k_effect_sizes,influence_check,two_derivations,yang2023_gated_beta0_c3,se_beta0,NA,z_1.96,primary,type_M,MA22_02.csv,92,1.602787456445993,2.1770696432395016,2.1788743243526847,0.0018046811131831042,0.08289496474249702,37
meta_analysis_level,k_effect_sizes,influence_check,two_derivations,yang2023_gated_beta0_c3,se_beta0,NA,z_1.96,primary,type_M,MA22_03.csv,92,1.602787456445993,2.1770696432395016,2.178859609785216,0.0017899665457146163,0.08221907605359124,38
meta_analysis_level,k_effect_sizes,influence_check,two_derivations,yang2023_gated_beta0_c3,se_beta0,NA,z_1.96,primary,type_M,MA01_01.csv,22,0.3832752613240418,2.1770696432395016,2.1787126960106753,0.0016430527711737142,0.07547084110404167,39
meta_analysis_level,k_effect_sizes,influence_check,two_derivations,yang2023_gated_beta0_c3,se_beta0,NA,z_1.96,primary,type_M,MA01_02.csv,14,0.24390243902439024,2.1770696432395016,2.1672515859655936,-0.009818057273907943,-0.4509758015503129,20
meta_analysis_level,k_effect_sizes,influence_check,two_derivations,yang2023_gated_beta0_c3,se_beta0,NA,z_1.96,primary,type_M,MA01_03.csv,16,0.2787456445993031,2.1770696432395016,2.176810458696289,-2.591845432124984e-4,-0.011905202206885512,47
meta_analysis_level,k_effect_sizes,influence_check,two_derivations,yang2023_gated_beta0_c3,se_beta0,NA,z_1.96,primary,type_M,MA05_01.csv,17,0.2961672473867596,2.1770696432395016,2.175569043048065,-0.0015006001914366074,-0.06892752356804088,41
meta_analysis_level,k_effect_sizes,influence_check,two_derivations,yang2023_gated_beta0_c3,se_beta0,NA,z_1.96,primary,type_M,MA05_02.csv,16,0.2787456445993031,2.1770696432395016,2.180635436280116,0.003565793040614551,0.16378865286590383,32
meta_analysis_level,k_effect_sizes,influence_check,two_derivations,yang2023_gated_beta0_c3,se_beta0,NA,z_1.96,primary,type_M,MA05_03.csv,4,0.06968641114982578,2.1770696432395016,2.1778952966135208,8.256533740191863e-4,0.03792498676296052,45
meta_analysis_level,k_effect_sizes,influence_check,two_derivations,yang2023_gated_beta0_c3,se_beta0,NA,z_1.96,primary,type_M,MA06_01.csv,33,0.5749128919860628,2.1770696432395016,2.1705157652434472,-0.006553877996054336,-0.30104126509715723,27
meta_analysis_level,k_effect_sizes,influence_check,two_derivations,yang2023_gated_beta0_c3,se_beta0,NA,z_1.96,primary,type_M,MA06_02.csv,13,0.2264808362369338,2.1770696432395016,2.170454740456092,-0.006614902783409704,-0.30384433515717735,26
meta_analysis_level,k_effect_sizes,influence_check,two_derivations,yang2023_gated_beta0_c3,se_beta0,NA,z_1.96,primary,type_M,MA08.csv,531,9.250871080139373,2.1770696432395016,2.3268244183169604,0.14975477507745882,6.878731488562861,4
meta_analysis_level,k_effect_sizes,influence_check,two_derivations,yang2023_gated_beta0_c3,se_beta0,NA,z_1.96,primary,type_M,MA10.csv,32,0.5574912891986062,2.1770696432395016,2.1694989573278387,-0.007570685911662878,-0.3477466113760874,24
meta_analysis_level,k_effect_sizes,influence_check,two_derivations,yang2023_gated_beta0_c3,se_beta0,NA,z_1.96,primary,type_M,MA12.csv,70,1.2195121951219512,2.1770696432395016,2.1975618514093838,0.020492208169882176,0.9412748110064761,13
meta_analysis_level,k_effect_sizes,influence_check,two_derivations,yang2023_gated_beta0_c3,se_beta0,NA,z_1.96,primary,type_M,MA13_01.csv,43,0.7491289198606271,2.1770696432395016,2.176116005097481,-9.536381420205409e-4,-0.04380374991593827,43
meta_analysis_level,k_effect_sizes,influence_check,two_derivations,yang2023_gated_beta0_c3,se_beta0,NA,z_1.96,primary,type_M,MA13_02.csv,37,0.6445993031358885,2.1770696432395016,2.1799315483381942,0.002861905098692663,0.13145675461416761,35
meta_analysis_level,k_effect_sizes,influence_check,two_derivations,yang2023_gated_beta0_c3,se_beta0,NA,z_1.96,primary,type_M,MA13_03.csv,14,0.24390243902439024,2.1770696432395016,2.1642192014168327,-0.012850441822668923,-0.5902632404330088,17
meta_analysis_level,k_effect_sizes,influence_check,two_derivations,yang2023_gated_beta0_c3,se_beta0,NA,z_1.96,primary,type_M,MA15_01.csv,5,0.08710801393728224,2.1770696432395016,2.1747080220011537,-0.002361621238347933,-0.1084770643732691,36
meta_analysis_level,k_effect_sizes,influence_check,two_derivations,yang2023_gated_beta0_c3,se_beta0,NA,z_1.96,primary,type_M,MA15_02.csv,9,0.156794425087108,2.1770696432395016,2.177916133583746,8.464903442444438e-4,0.038882097633985424,44
meta_analysis_level,k_effect_sizes,influence_check,two_derivations,yang2023_gated_beta0_c3,se_beta0,NA,z_1.96,primary,type_M,MA15_03.csv,11,0.1916376306620209,2.1770696432395016,2.180322771529817,0.0032531282903152103,0.1494269280919447,33
meta_analysis_level,k_effect_sizes,influence_check,two_derivations,yang2023_gated_beta0_c3,se_beta0,NA,z_1.96,primary,type_M,MA15_04.csv,11,0.1916376306620209,2.1770696432395016,2.169714260171562,-0.0073553830679395915,-0.3378570405765613,25
meta_analysis_level,k_effect_sizes,influence_check,two_derivations,yang2023_gated_beta0_c3,se_beta0,NA,z_1.96,primary,type_M,MA21.csv,11,0.1916376306620209,2.1770696432395016,2.17543537019134,-0.0016342730481615497,-0.07506755942495724,40
meta_analysis_level,k_effect_sizes,influence_check,two_derivations,yang2023_gated_beta0_c3,se_beta0,NA,z_1.96,primary,type_M,MA23.csv,24,0.4181184668989547,2.1770696432395016,2.171659051557546,-0.00541059168195579,-0.24852634819273467,30
meta_analysis_level,k_effect_sizes,influence_check,two_derivations,yang2023_gated_beta0_c3,se_beta0,NA,z_1.96,primary,type_M,MA24.csv,139,2.421602787456446,2.1770696432395016,2.2076893618410294,0.03061971860152779,1.4064648182758877,10
meta_analysis_level,k_effect_sizes,influence_check,two_derivations,yang2023_gated_beta0_c3,se_beta0,NA,z_1.96,primary,type_M,MA25.csv,43,0.7491289198606271,2.1770696432395016,2.17720007405104,1.3043081153840674e-4,0.0059911180123828345,48
meta_analysis_level,k_effect_sizes,influence_check,two_derivations,yang2023_gated_beta0_c3,se_beta0,NA,z_1.96,primary,type_M,MA26.csv,459,7.996515679442509,2.1770696432395016,1.595996990442667,-0.5810726527968346,-26.690586339359946,1
meta_analysis_level,k_effect_sizes,influence_check,two_derivations,yang2023_gated_beta0_c3,se_beta0,NA,z_1.96,primary,type_M,MA28_01.csv,84,1.4634146341463414,2.1770696432395016,2.194051058383539,0.016981415144037282,0.7800124904947303,16
meta_analysis_level,k_effect_sizes,influence_check,two_derivations,yang2023_gated_beta0_c3,se_beta0,NA,z_1.96,primary,type_M,MA28_02.csv,84,1.4634146341463414,2.1770696432395016,2.189811829055981,0.012742185816479346,0.5852906844780126,18
meta_analysis_level,k_effect_sizes,influence_check,two_derivations,yang2023_gated_beta0_c3,se_beta0,NA,z_1.96,primary,type_M,MA31.csv,734,12.787456445993032,2.1770696432395016,2.440127516362706,0.2630578731232043,12.083117044054292,2
meta_analysis_level,k_effect_sizes,influence_check,two_derivations,yang2023_gated_beta0_c3,se_beta0,NA,z_1.96,primary,type_M,MA32.csv,13,0.2264808362369338,2.1770696432395016,2.180901191176959,0.0038315479374575467,0.17599565311821053,31
meta_analysis_level,k_effect_sizes,influence_check,two_derivations,yang2023_gated_beta0_c3,se_beta0,NA,z_1.96,primary,type_M,MA14_01.csv,104,1.8118466898954704,2.1770696432395016,2.207927143770398,0.03085750053089642,1.4173869277319007,9
meta_analysis_level,k_effect_sizes,influence_check,two_derivations,yang2023_gated_beta0_c3,se_beta0,NA,z_1.96,primary,type_M,MA14_02.csv,167,2.9094076655052263,2.1770696432395016,2.228400145168627,0.05133050192912547,2.3577795082726505,7
meta_analysis_level,k_effect_sizes,influence_check,two_derivations,yang2023_gated_beta0_c3,se_beta0,NA,z_1.96,primary,type_M,MA18.csv,23,0.40069686411149824,2.1770696432395016,2.183358163967858,0.006288520728356506,0.288852529264938,28
meta_analysis_level,k_effect_sizes,influence_check,two_derivations,yang2023_gated_beta0_c3,se_beta0,NA,z_1.96,primary,type_M,MA39_1.csv,37,0.6445993031358885,2.1770696432395016,2.0726104620160797,-0.1044591812234219,-4.798155242658453,6
meta_analysis_level,k_effect_sizes,influence_check,two_derivations,yang2023_gated_beta0_c3,se_beta0,NA,z_1.96,primary,type_M,MA39_2.csv,15,0.2613240418118467,2.1770696432395016,2.167653749178462,-0.009415894061039598,-0.4325031167596749,21
meta_analysis_level,k_effect_sizes,influence_check,two_derivations,yang2023_gated_beta0_c3,se_beta0,NA,z_1.96,primary,type_M,MA17.csv,66,1.1498257839721255,2.1770696432395016,2.1766643091678985,-4.0533407160303625e-4,-0.01861833280628611,46
meta_analysis_level,k_effect_sizes,influence_check,two_derivations,yang2023_gated_beta0_c3,se_beta0,NA,z_1.96,primary,type_M,MA34.csv,555,9.668989547038327,2.1770696432395016,2.3077136885421905,0.13064404530268892,6.000912543536696,5
meta_analysis_level,k_effect_sizes,influence_check,two_derivations,yang2023_gated_beta0_c3,se_beta0,NA,z_1.96,primary,type_M,MA41_01.csv,110,1.916376306620209,2.1770696432395016,2.197301601890375,0.02023195865087324,0.929320690943447,14
meta_analysis_level,k_effect_sizes,influence_check,two_derivations,yang2023_gated_beta0_c3,se_beta0,NA,z_1.96,primary,type_M,MA41_02.csv,184,3.205574912891986,2.1770696432395016,2.15119802269826,-0.02587162054124148,-1.1883689904721773,12
meta_analysis_level,k_effect_sizes,influence_check,two_derivations,yang2023_gated_beta0_c3,se_beta0,NA,z_1.96,primary,type_M,MA41_03.csv,129,2.2473867595818815,2.1770696432395016,2.1596513323797866,-0.017418310859715014,-0.8000805538676437,15
meta_analysis_level,k_effect_sizes,influence_check,two_derivations,yang2023_gated_beta0_c3,se_beta0,NA,z_1.96,primary,type_M,MA41_04.csv,104,1.8118466898954704,2.1770696432395016,2.206605269252885,0.029535626013383443,1.3566688647329794,11
meta_analysis_level,k_effect_sizes,influence_check,two_derivations,yang2023_gated_beta0_c3,se_beta0,NA,z_1.96,primary,type_M,MA43.csv,13,0.2264808362369338,2.1770696432395016,2.1738875201505135,-0.0031821230889881313,-0.14616542465095694,34
meta_analysis_level,k_effect_sizes,influence_check,two_derivations,yang2023_gated_beta0_c3,se_beta0,NA,z_1.96,primary,type_M,MA45_01.csv,28,0.4878048780487805,2.1770696432395016,2.185388024880585,0.008318381641083228,0.3820907460133194,23
meta_analysis_level,k_effect_sizes,influence_check,two_derivations,yang2023_gated_beta0_c3,se_beta0,NA,z_1.96,primary,type_M,MA45_02.csv,11,0.1916376306620209,2.1770696432395016,2.1782651512318196,0.0011955079923180456,0.054913631083430836,42
meta_analysis_level,k_effect_sizes,influence_check,two_derivations,yang2023_gated_beta0_c3,se_beta0,NA,z_1.96,primary,type_M,MA47_1.csv,65,1.132404181184669,2.1770696432395016,2.1321126948383817,-0.044956948401119856,-2.065021141639889,8
meta_analysis_level,k_effect_sizes,influence_check,two_derivations,yang2023_gated_beta0_c3,se_beta0,NA,z_1.96,primary,type_M,MA47_2.csv,38,0.662020905923345,2.1770696432395016,2.188285892150871,0.011216248911369409,0.5151993619588291,19
meta_analysis_level,k_effect_sizes,influence_check,two_derivations,yang2023_gated_beta0_c3,se_beta0,NA,z_1.96,primary,type_S,MA09.csv,1297,22.59581881533101,0.012225245985474711,0.016704869737589327,0.004479623752114616,36.64240177610356,2
meta_analysis_level,k_effect_sizes,influence_check,two_derivations,yang2023_gated_beta0_c3,se_beta0,NA,z_1.96,primary,type_S,MA20_cleaned.csv,29,0.5052264808362369,0.012225245985474711,0.012025833086755845,-1.994128987188662e-4,-1.631156534239031,21
meta_analysis_level,k_effect_sizes,influence_check,two_derivations,yang2023_gated_beta0_c3,se_beta0,NA,z_1.96,primary,type_S,MA22_01.csv,92,1.602787456445993,0.012225245985474711,0.012435998044653604,2.107520591788925e-4,1.7239085367222406,18
meta_analysis_level,k_effect_sizes,influence_check,two_derivations,yang2023_gated_beta0_c3,se_beta0,NA,z_1.96,primary,type_S,MA22_02.csv,92,1.602787456445993,0.012225245985474711,0.012396846423077618,1.7160043760290622e-4,1.4036563174826266,23
meta_analysis_level,k_effect_sizes,influence_check,two_derivations,yang2023_gated_beta0_c3,se_beta0,NA,z_1.96,primary,type_S,MA22_03.csv,92,1.602787456445993,0.012225245985474711,0.012396663950047057,1.714179645723457e-4,1.4021637255889452,24
meta_analysis_level,k_effect_sizes,influence_check,two_derivations,yang2023_gated_beta0_c3,se_beta0,NA,z_1.96,primary,type_S,MA01_01.csv,22,0.3832752613240418,0.012225245985474711,0.01227639221812276,5.114623264804857e-5,0.41836567304098793,39
meta_analysis_level,k_effect_sizes,influence_check,two_derivations,yang2023_gated_beta0_c3,se_beta0,NA,z_1.96,primary,type_S,MA01_02.csv,14,0.24390243902439024,0.012225245985474711,0.012025422768135903,-1.9982321733880842e-4,-1.6345128562339495,20
meta_analysis_level,k_effect_sizes,influence_check,two_derivations,yang2023_gated_beta0_c3,se_beta0,NA,z_1.96,primary,type_S,MA01_03.csv,16,0.2787456445993031,0.012225245985474711,0.012246081274865712,2.0835289391001044e-5,0.1704283857826283,46
meta_analysis_level,k_effect_sizes,influence_check,two_derivations,yang2023_gated_beta0_c3,se_beta0,NA,z_1.96,primary,type_S,MA05_01.csv,17,0.2961672473867596,0.012225245985474711,0.012218771856899041,-6.474128575670313e-6,-0.0529570413827507,48
meta_analysis_level,k_effect_sizes,influence_check,two_derivations,yang2023_gated_beta0_c3,se_beta0,NA,z_1.96,primary,type_S,MA05_02.csv,16,0.2787456445993031,0.012225245985474711,0.012266661433274546,4.1415447799834915e-5,0.3387698525579186,40
meta_analysis_level,k_effect_sizes,influence_check,two_derivations,yang2023_gated_beta0_c3,se_beta0,NA,z_1.96,primary,type_S,MA05_03.csv,4,0.06968641114982578,0.012225245985474711,0.012235563914319764,1.0317928845052227e-5,0.08439853772521655,47
meta_analysis_level,k_effect_sizes,influence_check,two_derivations,yang2023_gated_beta0_c3,se_beta0,NA,z_1.96,primary,type_S,MA06_01.csv,33,0.5749128919860628,0.012225245985474711,0.012094936036330745,-1.3030994914396687e-4,-1.0659086066553858,28
meta_analysis_level,k_effect_sizes,influence_check,two_derivations,yang2023_gated_beta0_c3,se_beta0,NA,z_1.96,primary,type_S,MA06_02.csv,13,0.2264808362369338,0.012225245985474711,0.012069972053198263,-1.5527393227644792e-4,-1.2701088588396137,26
meta_analysis_level,k_effect_sizes,influence_check,two_derivations,yang2023_gated_beta0_c3,se_beta0,NA,z_1.96,primary,type_S,MA08.csv,531,9.250871080139373,0.012225245985474711,0.013766794695878784,0.0015415487104040726,12.609551678842678,5
meta_analysis_level,k_effect_sizes,influence_check,two_derivations,yang2023_gated_beta0_c3,se_beta0,NA,z_1.96,primary,type_S,MA10.csv,32,0.5574912891986062,0.012225245985474711,0.012058126594863945,-1.6711939061076625e-4,-1.3670022738955678,25
meta_analysis_level,k_effect_sizes,influence_check,two_derivations,yang2023_gated_beta0_c3,se_beta0,NA,z_1.96,primary,type_S,MA12.csv,70,1.2195121951219512,0.012225245985474711,0.01240865668299724,1.8341069752252775e-4,1.500261816739279,22
meta_analysis_level,k_effect_sizes,influence_check,two_derivations,yang2023_gated_beta0_c3,se_beta0,NA,z_1.96,primary,type_S,MA13_01.csv,43,0.7491289198606271,0.012225245985474711,0.012276883820251924,5.163783477721284e-5,0.42238687743842984,38
meta_analysis_level,k_effect_sizes,influence_check,two_derivations,yang2023_gated_beta0_c3,se_beta0,NA,z_1.96,primary,type_S,MA13_02.csv,37,0.6445993031358885,0.012225245985474711,0.012312036440370898,8.679045489618648e-5,0.7099280865129787,32
meta_analysis_level,k_effect_sizes,influence_check,two_derivations,yang2023_gated_beta0_c3,se_beta0,NA,z_1.96,primary,type_S,MA13_03.csv,14,0.24390243902439024,0.012225245985474711,0.012006380127295262,-2.1886585817944976e-4,-1.7902777452453167,16
meta_analysis_level,k_effect_sizes,influence_check,two_derivations,yang2023_gated_beta0_c3,se_beta0,NA,z_1.96,primary,type_S,MA15_01.csv,5,0.08710801393728224,0.012225245985474711,0.012168664594777279,-5.658139069743273e-5,-0.46282414901638314,37
meta_analysis_level,k_effect_sizes,influence_check,two_derivations,yang2023_gated_beta0_c3,se_beta0,NA,z_1.96,primary,type_S,MA15_02.csv,9,0.156794425087108,0.012225245985474711,0.012246963226337657,2.171724086294513e-5,0.17764256759127406,45
meta_analysis_level,k_effect_sizes,influence_check,two_derivations,yang2023_gated_beta0_c3,se_beta0,NA,z_1.96,primary,type_S,MA15_03.csv,11,0.1916376306620209,0.012225245985474711,0.012253711694674721,2.846570920000957e-5,0.23284365184823574,42
meta_analysis_level,k_effect_sizes,influence_check,two_derivations,yang2023_gated_beta0_c3,se_beta0,NA,z_1.96,primary,type_S,MA15_04.csv,11,0.1916376306620209,0.012225245985474711,0.012071524844488299,-1.5372114098641254e-4,-1.2574073451696144,27
meta_analysis_level,k_effect_sizes,influence_check,two_derivations,yang2023_gated_beta0_c3,se_beta0,NA,z_1.96,primary,type_S,MA21.csv,11,0.1916376306620209,0.012225245985474711,0.01220033471985485,-2.49112656198619e-5,-0.20376903376390088,44
meta_analysis_level,k_effect_sizes,influence_check,two_derivations,yang2023_gated_beta0_c3,se_beta0,NA,z_1.96,primary,type_S,MA23.csv,24,0.4181184668989547,0.012225245985474711,0.01210869232929223,-1.1655365618248176e-4,-0.9533849570058872,29
meta_analysis_level,k_effect_sizes,influence_check,two_derivations,yang2023_gated_beta0_c3,se_beta0,NA,z_1.96,primary,type_S,MA24.csv,139,2.421602787456446,0.012225245985474711,0.012594393348999394,3.691473635246828e-4,3.0195495776795145,9
meta_analysis_level,k_effect_sizes,influence_check,two_derivations,yang2023_gated_beta0_c3,se_beta0,NA,z_1.96,primary,type_S,MA25.csv,43,0.7491289198606271,0.012225245985474711,0.012295082826685219,6.98368412105077e-5,0.5712510103558222,35
meta_analysis_level,k_effect_sizes,influence_check,two_derivations,yang2023_gated_beta0_c3,se_beta0,NA,z_1.96,primary,type_S,MA26.csv,459,7.996515679442509,0.012225245985474711,0.004755291596202783,-0.007469954389271928,-61.10269190613645,1
meta_analysis_level,k_effect_sizes,influence_check,two_derivations,yang2023_gated_beta0_c3,se_beta0,NA,z_1.96,primary,type_S,MA28_01.csv,84,1.4634146341463414,0.012225245985474711,0.012445442555239675,2.2019656976496327e-4,1.8011626925673818,15
meta_analysis_level,k_effect_sizes,influence_check,two_derivations,yang2023_gated_beta0_c3,se_beta0,NA,z_1.96,primary,type_S,MA28_02.csv,84,1.4634146341463414,0.012225245985474711,0.012442619651653795,2.17373666179084e-4,1.7780719213122964,17
meta_analysis_level,k_effect_sizes,influence_check,two_derivations,yang2023_gated_beta0_c3,se_beta0,NA,z_1.96,primary,type_S,MA31.csv,734,12.787456445993032,0.012225245985474711,0.01446285648217193,0.002237610496697219,18.303194057246873,3
meta_analysis_level,k_effect_sizes,influence_check,two_derivations,yang2023_gated_beta0_c3,se_beta0,NA,z_1.96,primary,type_S,MA32.csv,13,0.2264808362369338,0.012225245985474711,0.01225890137060831,3.3655385133599114e-5,0.27529413456044427,41
meta_analysis_level,k_effect_sizes,influence_check,two_derivations,yang2023_gated_beta0_c3,se_beta0,NA,z_1.96,primary,type_S,MA14_01.csv,104,1.8118466898954704,0.012225245985474711,0.012499719604529197,2.7447361905448553e-4,2.245137802385311,12
meta_analysis_level,k_effect_sizes,influence_check,two_derivations,yang2023_gated_beta0_c3,se_beta0,NA,z_1.96,primary,type_S,MA14_02.csv,167,2.9094076655052263,0.012225245985474711,0.012671994038072683,4.467480525979714e-4,3.654307268162693,8
meta_analysis_level,k_effect_sizes,influence_check,two_derivations,yang2023_gated_beta0_c3,se_beta0,NA,z_1.96,primary,type_S,MA18.csv,23,0.40069686411149824,0.012225245985474711,0.012284914346117747,5.96683606430351e-5,0.488074928831117,36
meta_analysis_level,k_effect_sizes,influence_check,two_derivations,yang2023_gated_beta0_c3,se_beta0,NA,z_1.96,primary,type_S,MA39_1.csv,37,0.6445993031358885,0.012225245985474711,0.011591855851977896,-6.333901334968153e-4,-5.181001136904495,7
meta_analysis_level,k_effect_sizes,influence_check,two_derivations,yang2023_gated_beta0_c3,se_beta0,NA,z_1.96,primary,type_S,MA39_2.csv,15,0.2613240418118467,0.012225245985474711,0.012022002780721276,-2.0324320475343521e-4,-1.6624876505136665,19
meta_analysis_level,k_effect_sizes,influence_check,two_derivations,yang2023_gated_beta0_c3,se_beta0,NA,z_1.96,primary,type_S,MA17.csv,66,1.1498257839721255,0.012225245985474711,0.01232350483104392,9.825884556920877e-5,0.8037371655830405,31
meta_analysis_level,k_effect_sizes,influence_check,two_derivations,yang2023_gated_beta0_c3,se_beta0,NA,z_1.96,primary,type_S,MA34.csv,555,9.668989547038327,0.012225245985474711,0.013842973685359188,0.0016177276998844761,13.23268015880057,4
meta_analysis_level,k_effect_sizes,influence_check,two_derivations,yang2023_gated_beta0_c3,se_beta0,NA,z_1.96,primary,type_S,MA41_01.csv,110,1.916376306620209,0.012225245985474711,0.012514363687697677,2.8911770222296573e-4,2.3649233934963654,11
meta_analysis_level,k_effect_sizes,influence_check,two_derivations,yang2023_gated_beta0_c3,se_beta0,NA,z_1.96,primary,type_S,MA41_02.csv,184,3.205574912891986,0.012225245985474711,0.01186880251925794,-3.564434662167715e-4,-2.915634308219861,10
meta_analysis_level,k_effect_sizes,influence_check,two_derivations,yang2023_gated_beta0_c3,se_beta0,NA,z_1.96,primary,type_S,MA41_03.csv,129,2.2473867595818815,0.012225245985474711,0.011996187225802257,-2.2905875967245415e-4,-1.8736535849226077,14
meta_analysis_level,k_effect_sizes,influence_check,two_derivations,yang2023_gated_beta0_c3,se_beta0,NA,z_1.96,primary,type_S,MA41_04.csv,104,1.8118466898954704,0.012225245985474711,0.01249971806204242,2.7447207656770833e-4,2.245125185160446,13
meta_analysis_level,k_effect_sizes,influence_check,two_derivations,yang2023_gated_beta0_c3,se_beta0,NA,z_1.96,primary,type_S,MA43.csv,13,0.2264808362369338,0.012225245985474711,0.012153767569255576,-7.147841621913537e-5,-0.5846787565997547,34
meta_analysis_level,k_effect_sizes,influence_check,two_derivations,yang2023_gated_beta0_c3,se_beta0,NA,z_1.96,primary,type_S,MA45_01.csv,28,0.4878048780487805,0.012225245985474711,0.012297962962878176,7.271697740346417e-5,0.5948099325761014,33
meta_analysis_level,k_effect_sizes,influence_check,two_derivations,yang2023_gated_beta0_c3,se_beta0,NA,z_1.96,primary,type_S,MA45_02.csv,11,0.1916376306620209,0.012225245985474711,0.012252366557516103,2.7120572041391955e-5,0.22184070630246744,43
meta_analysis_level,k_effect_sizes,influence_check,two_derivations,yang2023_gated_beta0_c3,se_beta0,NA,z_1.96,primary,type_S,MA47_1.csv,65,1.132404181184669,0.012225245985474711,0.011304155047186695,-9.210909382880161e-4,-7.534334600566728,6
meta_analysis_level,k_effect_sizes,influence_check,two_derivations,yang2023_gated_beta0_c3,se_beta0,NA,z_1.96,primary,type_S,MA47_2.csv,38,0.662020905923345,0.012225245985474711,0.012324141084736895,9.889509926218343e-5,0.8089415900480512,30
meta_analysis_level,k_effect_sizes,influence_check,two_derivations,yang2024_FE_VCV,own_CRVE,CR2_Satterthwaite,z_1.96,reported_sensitivity,power,MA09.csv,1297,22.59581881533101,0.47894781727745,0.6931292153462528,0.21418139806880282,44.71915109380893,1
meta_analysis_level,k_effect_sizes,influence_check,two_derivations,yang2024_FE_VCV,own_CRVE,CR2_Satterthwaite,z_1.96,reported_sensitivity,power,MA20_cleaned.csv,29,0.5052264808362369,0.47894781727745,0.4821860321100917,0.003238214832641695,0.6761101556008953,19
meta_analysis_level,k_effect_sizes,influence_check,two_derivations,yang2024_FE_VCV,own_CRVE,CR2_Satterthwaite,z_1.96,reported_sensitivity,power,MA22_01.csv,92,1.602787456445993,0.47894781727745,0.47948462876978654,5.368114923365308e-4,0.1120814153383165,43
meta_analysis_level,k_effect_sizes,influence_check,two_derivations,yang2024_FE_VCV,own_CRVE,CR2_Satterthwaite,z_1.96,reported_sensitivity,power,MA22_02.csv,92,1.602787456445993,0.47894781727745,0.4968352493394181,0.017887432061968078,3.734735062297201,6
meta_analysis_level,k_effect_sizes,influence_check,two_derivations,yang2024_FE_VCV,own_CRVE,CR2_Satterthwaite,z_1.96,reported_sensitivity,power,MA22_03.csv,92,1.602787456445993,0.47894781727745,0.48191415120517067,0.0029663339277206657,0.6193438660150097,20
meta_analysis_level,k_effect_sizes,influence_check,two_derivations,yang2024_FE_VCV,own_CRVE,CR2_Satterthwaite,z_1.96,reported_sensitivity,power,MA01_01.csv,22,0.3832752613240418,0.47894781727745,0.47759317013746144,-0.001354647139988563,-0.2828381487755771,30
meta_analysis_level,k_effect_sizes,influence_check,two_derivations,yang2024_FE_VCV,own_CRVE,CR2_Satterthwaite,z_1.96,reported_sensitivity,power,MA01_02.csv,14,0.24390243902439024,0.47894781727745,0.47808652915510197,-8.612881223480362e-4,-0.1798292196515172,33
meta_analysis_level,k_effect_sizes,influence_check,two_derivations,yang2024_FE_VCV,own_CRVE,CR2_Satterthwaite,z_1.96,reported_sensitivity,power,MA01_03.csv,16,0.2787456445993031,0.47894781727745,0.47796327095981456,-9.845463176354485e-4,-0.20556442312067436,32
meta_analysis_level,k_effect_sizes,influence_check,two_derivations,yang2024_FE_VCV,own_CRVE,CR2_Satterthwaite,z_1.96,reported_sensitivity,power,MA05_01.csv,17,0.2961672473867596,0.47894781727745,0.4803869635433201,0.001439146265870106,0.300480806875969,26
meta_analysis_level,k_effect_sizes,influence_check,two_derivations,yang2024_FE_VCV,own_CRVE,CR2_Satterthwaite,z_1.96,reported_sensitivity,power,MA05_02.csv,16,0.2787456445993031,0.47894781727745,0.47862309690043453,-3.2472037701547496e-4,-0.06779869649711223,46
meta_analysis_level,k_effect_sizes,influence_check,two_derivations,yang2024_FE_VCV,own_CRVE,CR2_Satterthwaite,z_1.96,reported_sensitivity,power,MA05_03.csv,4,0.06968641114982578,0.47894781727745,0.4788636105577154,-8.420671973458083e-5,-0.01758160632472361,47
meta_analysis_level,k_effect_sizes,influence_check,two_derivations,yang2024_FE_VCV,own_CRVE,CR2_Satterthwaite,z_1.96,reported_sensitivity,power,MA06_01.csv,33,0.5749128919860628,0.47894781727745,0.47953491867867576,5.871014012257536e-4,0.12258149636490412,41
meta_analysis_level,k_effect_sizes,influence_check,two_derivations,yang2024_FE_VCV,own_CRVE,CR2_Satterthwaite,z_1.96,reported_sensitivity,power,MA06_02.csv,13,0.2264808362369338,0.47894781727745,0.47820050449305124,-7.473127843987681e-4,-0.15603219337063656,38
meta_analysis_level,k_effect_sizes,influence_check,two_derivations,yang2024_FE_VCV,own_CRVE,CR2_Satterthwaite,z_1.96,reported_sensitivity,power,MA08.csv,531,9.250871080139373,0.47894781727745,0.4443212869318919,-0.034626530345558126,-7.229708351609276,3
meta_analysis_level,k_effect_sizes,influence_check,two_derivations,yang2024_FE_VCV,own_CRVE,CR2_Satterthwaite,z_1.96,reported_sensitivity,power,MA10.csv,32,0.5574912891986062,0.47894781727745,0.4775844858039221,-0.0013633314735279067,-0.28465135957350673,29
meta_analysis_level,k_effect_sizes,influence_check,two_derivations,yang2024_FE_VCV,own_CRVE,CR2_Satterthwaite,z_1.96,reported_sensitivity,power,MA12.csv,70,1.2195121951219512,0.47894781727745,0.47843773474051177,-5.100825369382389e-4,-0.10650064966112316,45
meta_analysis_level,k_effect_sizes,influence_check,two_derivations,yang2024_FE_VCV,own_CRVE,CR2_Satterthwaite,z_1.96,reported_sensitivity,power,MA13_01.csv,43,0.7491289198606271,0.47894781727745,0.47718068046506695,-0.0017671368123830522,-0.3689622853755181,24
meta_analysis_level,k_effect_sizes,influence_check,two_derivations,yang2024_FE_VCV,own_CRVE,CR2_Satterthwaite,z_1.96,reported_sensitivity,power,MA13_02.csv,37,0.6445993031358885,0.47894781727745,0.4781156613327083,-8.321559447417304e-4,-0.1737466827747669,34
meta_analysis_level,k_effect_sizes,influence_check,two_derivations,yang2024_FE_VCV,own_CRVE,CR2_Satterthwaite,z_1.96,reported_sensitivity,power,MA13_03.csv,14,0.24390243902439024,0.47894781727745,0.4781496505925185,-7.981666849314895e-4,-0.16665003078385476,35
meta_analysis_level,k_effect_sizes,influence_check,two_derivations,yang2024_FE_VCV,own_CRVE,CR2_Satterthwaite,z_1.96,reported_sensitivity,power,MA15_01.csv,5,0.08710801393728224,0.47894781727745,0.4788795608675432,-6.825640990681947e-5,-0.014251324976244373,48
meta_analysis_level,k_effect_sizes,influence_check,two_derivations,yang2024_FE_VCV,own_CRVE,CR2_Satterthwaite,z_1.96,reported_sensitivity,power,MA15_02.csv,9,0.156794425087108,0.47894781727745,0.47839445665779456,-5.533606196554408e-4,-0.115536724397447,42
meta_analysis_level,k_effect_sizes,influence_check,two_derivations,yang2024_FE_VCV,own_CRVE,CR2_Satterthwaite,z_1.96,reported_sensitivity,power,MA15_03.csv,11,0.1916376306620209,0.47894781727745,0.4782890250045868,-6.587922728631956e-4,-0.13754990608539908,40
meta_analysis_level,k_effect_sizes,influence_check,two_derivations,yang2024_FE_VCV,own_CRVE,CR2_Satterthwaite,z_1.96,reported_sensitivity,power,MA15_04.csv,11,0.1916376306620209,0.47894781727745,0.4794807135710515,5.328962936014814e-4,0.11126395702787395,44
meta_analysis_level,k_effect_sizes,influence_check,two_derivations,yang2024_FE_VCV,own_CRVE,CR2_Satterthwaite,z_1.96,reported_sensitivity,power,MA21.csv,11,0.1916376306620209,0.47894781727745,0.4797257712611269,7.779539836769156e-4,0.16242980041105692,37
meta_analysis_level,k_effect_sizes,influence_check,two_derivations,yang2024_FE_VCV,own_CRVE,CR2_Satterthwaite,z_1.96,reported_sensitivity,power,MA23.csv,24,0.4181184668989547,0.47894781727745,0.47752088135663223,-0.0014269359208177734,-0.2979313965619679,27
meta_analysis_level,k_effect_sizes,influence_check,two_derivations,yang2024_FE_VCV,own_CRVE,CR2_Satterthwaite,z_1.96,reported_sensitivity,power,MA24.csv,139,2.421602787456446,0.47894781727745,0.47029111650708866,-0.008656700770361347,-1.8074413241028764,9
meta_analysis_level,k_effect_sizes,influence_check,two_derivations,yang2024_FE_VCV,own_CRVE,CR2_Satterthwaite,z_1.96,reported_sensitivity,power,MA25.csv,43,0.7491289198606271,0.47894781727745,0.47638307736947366,-0.0025647399079763433,-0.5354946437704733,21
meta_analysis_level,k_effect_sizes,influence_check,two_derivations,yang2024_FE_VCV,own_CRVE,CR2_Satterthwaite,z_1.96,reported_sensitivity,power,MA26.csv,459,7.996515679442509,0.47894781727745,0.456580139779149,-0.022367677498300986,-4.6701700459663265,5
meta_analysis_level,k_effect_sizes,influence_check,two_derivations,yang2024_FE_VCV,own_CRVE,CR2_Satterthwaite,z_1.96,reported_sensitivity,power,MA28_01.csv,84,1.4634146341463414,0.47894781727745,0.4737399428455693,-0.005207874431880699,-1.0873573788235502,14
meta_analysis_level,k_effect_sizes,influence_check,two_derivations,yang2024_FE_VCV,own_CRVE,CR2_Satterthwaite,z_1.96,reported_sensitivity,power,MA28_02.csv,84,1.4634146341463414,0.47894781727745,0.473739942860206,-0.005207874417244018,-1.0873573757675503,15
meta_analysis_level,k_effect_sizes,influence_check,two_derivations,yang2024_FE_VCV,own_CRVE,CR2_Satterthwaite,z_1.96,reported_sensitivity,power,MA31.csv,734,12.787456445993032,0.47894781727745,0.42994348290965956,-0.04900433436779045,-10.231664619822812,2
meta_analysis_level,k_effect_sizes,influence_check,two_derivations,yang2024_FE_VCV,own_CRVE,CR2_Satterthwaite,z_1.96,reported_sensitivity,power,MA32.csv,13,0.2264808362369338,0.47894781727745,0.4781505542663856,-7.972630110644197e-4,-0.1664613518016278,36
meta_analysis_level,k_effect_sizes,influence_check,two_derivations,yang2024_FE_VCV,own_CRVE,CR2_Satterthwaite,z_1.96,reported_sensitivity,power,MA14_01.csv,104,1.8118466898954704,0.47894781727745,0.4725756904225381,-0.006372126854911897,-1.330442821753286,11
meta_analysis_level,k_effect_sizes,influence_check,two_derivations,yang2024_FE_VCV,own_CRVE,CR2_Satterthwaite,z_1.96,reported_sensitivity,power,MA14_02.csv,167,2.9094076655052263,0.47894781727745,0.46849802167176247,-0.01044979560568754,-2.1818234113872292,8
meta_analysis_level,k_effect_sizes,influence_check,two_derivations,yang2024_FE_VCV,own_CRVE,CR2_Satterthwaite,z_1.96,reported_sensitivity,power,MA18.csv,23,0.40069686411149824,0.47894781727745,0.4775315182703016,-0.0014162990071484027,-0.2957105045804931,28
meta_analysis_level,k_effect_sizes,influence_check,two_derivations,yang2024_FE_VCV,own_CRVE,CR2_Satterthwaite,z_1.96,reported_sensitivity,power,MA39_1.csv,37,0.6445993031358885,0.47894781727745,0.4837490118746044,0.00480119459715439,1.0024462841163873,16
meta_analysis_level,k_effect_sizes,influence_check,two_derivations,yang2024_FE_VCV,own_CRVE,CR2_Satterthwaite,z_1.96,reported_sensitivity,power,MA39_2.csv,15,0.2613240418118467,0.47894781727745,0.48140958229497033,0.002461765017520323,0.5139944120664541,22
meta_analysis_level,k_effect_sizes,influence_check,two_derivations,yang2024_FE_VCV,own_CRVE,CR2_Satterthwaite,z_1.96,reported_sensitivity,power,MA17.csv,66,1.1498257839721255,0.47894781727745,0.48243345073031035,0.0034856334528603483,0.7277689399806109,18
meta_analysis_level,k_effect_sizes,influence_check,two_derivations,yang2024_FE_VCV,own_CRVE,CR2_Satterthwaite,z_1.96,reported_sensitivity,power,MA34.csv,555,9.668989547038327,0.47894781727745,0.4523487332991347,-0.026599083978315285,-5.553649691842455,4
meta_analysis_level,k_effect_sizes,influence_check,two_derivations,yang2024_FE_VCV,own_CRVE,CR2_Satterthwaite,z_1.96,reported_sensitivity,power,MA41_01.csv,110,1.916376306620209,0.47894781727745,0.47474880614580506,-0.0041990111316449474,-0.8767157882697885,17
meta_analysis_level,k_effect_sizes,influence_check,two_derivations,yang2024_FE_VCV,own_CRVE,CR2_Satterthwaite,z_1.96,reported_sensitivity,power,MA41_02.csv,184,3.205574912891986,0.47894781727745,0.49497382379417076,0.01602600651672076,3.346086136861337,7
meta_analysis_level,k_effect_sizes,influence_check,two_derivations,yang2024_FE_VCV,own_CRVE,CR2_Satterthwaite,z_1.96,reported_sensitivity,power,MA41_03.csv,129,2.2473867595818815,0.47894781727745,0.47246685172708774,-0.006480965550362261,-1.3531673632428132,10
meta_analysis_level,k_effect_sizes,influence_check,two_derivations,yang2024_FE_VCV,own_CRVE,CR2_Satterthwaite,z_1.96,reported_sensitivity,power,MA41_04.csv,104,1.8118466898954704,0.47894781727745,0.4730383071981884,-0.005909510079261604,-1.2338525964799008,12
meta_analysis_level,k_effect_sizes,influence_check,two_derivations,yang2024_FE_VCV,own_CRVE,CR2_Satterthwaite,z_1.96,reported_sensitivity,power,MA43.csv,13,0.2264808362369338,0.47894781727745,0.48006172331792474,0.0011139060404747325,0.23257357070893825,31
meta_analysis_level,k_effect_sizes,influence_check,two_derivations,yang2024_FE_VCV,own_CRVE,CR2_Satterthwaite,z_1.96,reported_sensitivity,power,MA45_01.csv,28,0.4878048780487805,0.47894781727745,0.47722257927573625,-0.001725238001713758,-0.36021419024744317,25
meta_analysis_level,k_effect_sizes,influence_check,two_derivations,yang2024_FE_VCV,own_CRVE,CR2_Satterthwaite,z_1.96,reported_sensitivity,power,MA45_02.csv,11,0.1916376306620209,0.47894781727745,0.47828223191942626,-6.655853580237459e-4,-0.13896824121826246,39
meta_analysis_level,k_effect_sizes,influence_check,two_derivations,yang2024_FE_VCV,own_CRVE,CR2_Satterthwaite,z_1.96,reported_sensitivity,power,MA47_1.csv,65,1.132404181184669,0.47894781727745,0.4847718125529503,0.0058239952755003155,1.2159978739660016,13
meta_analysis_level,k_effect_sizes,influence_check,two_derivations,yang2024_FE_VCV,own_CRVE,CR2_Satterthwaite,z_1.96,reported_sensitivity,power,MA47_2.csv,38,0.662020905923345,0.47894781727745,0.47662845520080227,-0.002319362076647735,-0.48426195777068193,23
meta_analysis_level,k_effect_sizes,influence_check,two_derivations,yang2024_FE_VCV,own_CRVE,CR2_Satterthwaite,z_1.96,reported_sensitivity,type_M,MA09.csv,1297,22.59581881533101,1.5257428525710341,1.2637487059848687,-0.2619941465861655,-17.17157947977134,1
meta_analysis_level,k_effect_sizes,influence_check,two_derivations,yang2024_FE_VCV,own_CRVE,CR2_Satterthwaite,z_1.96,reported_sensitivity,type_M,MA20_cleaned.csv,29,0.5052264808362369,1.5257428525710341,1.520405509652315,-0.0053373429187191235,-0.3498192968576008,19
meta_analysis_level,k_effect_sizes,influence_check,two_derivations,yang2024_FE_VCV,own_CRVE,CR2_Satterthwaite,z_1.96,reported_sensitivity,type_M,MA22_01.csv,92,1.602787456445993,1.5257428525710341,1.526430043909916,6.871913388819539e-4,0.0450397875188413,44
meta_analysis_level,k_effect_sizes,influence_check,two_derivations,yang2024_FE_VCV,own_CRVE,CR2_Satterthwaite,z_1.96,reported_sensitivity,type_M,MA22_02.csv,92,1.602787456445993,1.5257428525710341,1.4477568630909057,-0.07798598948012847,-5.11134555529551,3
meta_analysis_level,k_effect_sizes,influence_check,two_derivations,yang2024_FE_VCV,own_CRVE,CR2_Satterthwaite,z_1.96,reported_sensitivity,type_M,MA22_03.csv,92,1.602787456445993,1.5257428525710341,1.5226505278490337,-0.0030923247220004946,-0.20267666447131294,25
meta_analysis_level,k_effect_sizes,influence_check,two_derivations,yang2024_FE_VCV,own_CRVE,CR2_Satterthwaite,z_1.96,reported_sensitivity,type_M,MA01_01.csv,22,0.3832752613240418,1.5257428525710341,1.5282249595499173,0.0024821069788831807,0.16268186835681764,29
meta_analysis_level,k_effect_sizes,influence_check,two_derivations,yang2024_FE_VCV,own_CRVE,CR2_Satterthwaite,z_1.96,reported_sensitivity,type_M,MA01_02.csv,14,0.24390243902439024,1.5257428525710341,1.527319701036306,0.0015768484652718406,0.10334955609423435,35
meta_analysis_level,k_effect_sizes,influence_check,two_derivations,yang2024_FE_VCV,own_CRVE,CR2_Satterthwaite,z_1.96,reported_sensitivity,type_M,MA01_03.csv,16,0.2787456445993031,1.5257428525710341,1.5275457281942344,0.0018028756232002507,0.11816379281490708,33
meta_analysis_level,k_effect_sizes,influence_check,two_derivations,yang2024_FE_VCV,own_CRVE,CR2_Satterthwaite,z_1.96,reported_sensitivity,type_M,MA05_01.csv,17,0.2961672473867596,1.5257428525710341,1.5235947302356871,-0.0021481223353470025,-0.14079189895775945,30
meta_analysis_level,k_effect_sizes,influence_check,two_derivations,yang2024_FE_VCV,own_CRVE,CR2_Satterthwaite,z_1.96,reported_sensitivity,type_M,MA05_02.csv,16,0.2787456445993031,1.5257428525710341,1.526490600058568,7.47747487533923e-4,0.04900874916595743,43
meta_analysis_level,k_effect_sizes,influence_check,two_derivations,yang2024_FE_VCV,own_CRVE,CR2_Satterthwaite,z_1.96,reported_sensitivity,type_M,MA05_03.csv,4,0.06968641114982578,1.5257428525710341,1.5259341457334286,1.9129316239441252e-4,0.012537706604498489,47
meta_analysis_level,k_effect_sizes,influence_check,two_derivations,yang2024_FE_VCV,own_CRVE,CR2_Satterthwaite,z_1.96,reported_sensitivity,type_M,MA06_01.csv,33,0.5749128919860628,1.5257428525710341,1.5253760666627567,-3.6678590827743385e-4,-0.0240398247751461,46
meta_analysis_level,k_effect_sizes,influence_check,two_derivations,yang2024_FE_VCV,own_CRVE,CR2_Satterthwaite,z_1.96,reported_sensitivity,type_M,MA06_02.csv,13,0.2264808362369338,1.5257428525710341,1.52710969095629,0.001366838385255864,0.08958510819516707,38
meta_analysis_level,k_effect_sizes,influence_check,two_derivations,yang2024_FE_VCV,own_CRVE,CR2_Satterthwaite,z_1.96,reported_sensitivity,type_M,MA08.csv,531,9.250871080139373,1.5257428525710341,1.592887976707002,0.06714512413596796,4.40081525027769,4
meta_analysis_level,k_effect_sizes,influence_check,two_derivations,yang2024_FE_VCV,own_CRVE,CR2_Satterthwaite,z_1.96,reported_sensitivity,type_M,MA10.csv,32,0.5574912891986062,1.5257428525710341,1.5283328660294144,0.0025900134583802803,0.16975425800067612,28
meta_analysis_level,k_effect_sizes,influence_check,two_derivations,yang2024_FE_VCV,own_CRVE,CR2_Satterthwaite,z_1.96,reported_sensitivity,type_M,MA12.csv,70,1.2195121951219512,1.5257428525710341,1.5276549565414974,0.0019121039704632636,0.12532282010964124,31
meta_analysis_level,k_effect_sizes,influence_check,two_derivations,yang2024_FE_VCV,own_CRVE,CR2_Satterthwaite,z_1.96,reported_sensitivity,type_M,MA13_01.csv,43,0.7491289198606271,1.5257428525710341,1.5291251177618395,0.0033822651908053114,0.2216798974418177,23
meta_analysis_level,k_effect_sizes,influence_check,two_derivations,yang2024_FE_VCV,own_CRVE,CR2_Satterthwaite,z_1.96,reported_sensitivity,type_M,MA13_02.csv,37,0.6445993031358885,1.5257428525710341,1.5275979486478959,0.0018550960768617397,0.12158641764146161,32
meta_analysis_level,k_effect_sizes,influence_check,two_derivations,yang2024_FE_VCV,own_CRVE,CR2_Satterthwaite,z_1.96,reported_sensitivity,type_M,MA13_03.csv,14,0.24390243902439024,1.5257428525710341,1.5272033921760901,0.0014605396050559882,0.09572645892423903,36
meta_analysis_level,k_effect_sizes,influence_check,two_derivations,yang2024_FE_VCV,own_CRVE,CR2_Satterthwaite,z_1.96,reported_sensitivity,type_M,MA15_01.csv,5,0.08710801393728224,1.5257428525710341,1.5259263162437735,1.8346367273935904e-4,0.012024547415068199,48
meta_analysis_level,k_effect_sizes,influence_check,two_derivations,yang2024_FE_VCV,own_CRVE,CR2_Satterthwaite,z_1.96,reported_sensitivity,type_M,MA15_02.csv,9,0.156794425087108,1.5257428525710341,1.5267554248693505,0.0010125722983163055,0.06636585559682828,42
meta_analysis_level,k_effect_sizes,influence_check,two_derivations,yang2024_FE_VCV,own_CRVE,CR2_Satterthwaite,z_1.96,reported_sensitivity,type_M,MA15_03.csv,11,0.1916376306620209,1.5257428525710341,1.5269467085549393,0.0012038559839051555,0.07890294107402163,40
meta_analysis_level,k_effect_sizes,influence_check,two_derivations,yang2024_FE_VCV,own_CRVE,CR2_Satterthwaite,z_1.96,reported_sensitivity,type_M,MA15_04.csv,11,0.1916376306620209,1.5257428525710341,1.5250751245042857,-6.677280667484187e-4,-0.04376412877328262,45
meta_analysis_level,k_effect_sizes,influence_check,two_derivations,yang2024_FE_VCV,own_CRVE,CR2_Satterthwaite,z_1.96,reported_sensitivity,type_M,MA21.csv,11,0.1916376306620209,1.5257428525710341,1.5246437231751961,-0.0010991293958380055,-0.07203896737814075,41
meta_analysis_level,k_effect_sizes,influence_check,two_derivations,yang2024_FE_VCV,own_CRVE,CR2_Satterthwaite,z_1.96,reported_sensitivity,type_M,MA23.csv,24,0.4181184668989547,1.5257428525710341,1.5283535796122627,0.0026107270412285555,0.1711118644160292,26
meta_analysis_level,k_effect_sizes,influence_check,two_derivations,yang2024_FE_VCV,own_CRVE,CR2_Satterthwaite,z_1.96,reported_sensitivity,type_M,MA24.csv,139,2.421602787456446,1.5257428525710341,1.5417936681948352,0.016050815623801062,1.0520000534004703,9
meta_analysis_level,k_effect_sizes,influence_check,two_derivations,yang2024_FE_VCV,own_CRVE,CR2_Satterthwaite,z_1.96,reported_sensitivity,type_M,MA25.csv,43,0.7491289198606271,1.5257428525710341,1.5304441097966661,0.004701257225631972,0.3081290676020476,20
meta_analysis_level,k_effect_sizes,influence_check,two_derivations,yang2024_FE_VCV,own_CRVE,CR2_Satterthwaite,z_1.96,reported_sensitivity,type_M,MA26.csv,459,7.996515679442509,1.5257428525710341,1.5692098739245344,0.043467021353500224,2.848908731917299,6
meta_analysis_level,k_effect_sizes,influence_check,two_derivations,yang2024_FE_VCV,own_CRVE,CR2_Satterthwaite,z_1.96,reported_sensitivity,type_M,MA28_01.csv,84,1.4634146341463414,1.5257428525710341,1.535346186422924,0.00960333385188994,0.6294202090284973,13
meta_analysis_level,k_effect_sizes,influence_check,two_derivations,yang2024_FE_VCV,own_CRVE,CR2_Satterthwaite,z_1.96,reported_sensitivity,type_M,MA28_02.csv,84,1.4634146341463414,1.5257428525710341,1.535346186386677,0.009603333815642934,0.6294202066527976,14
meta_analysis_level,k_effect_sizes,influence_check,two_derivations,yang2024_FE_VCV,own_CRVE,CR2_Satterthwaite,z_1.96,reported_sensitivity,type_M,MA31.csv,734,12.787456445993032,1.5257428525710341,1.6232435354978891,0.09750068292685499,6.390374548539168,2
meta_analysis_level,k_effect_sizes,influence_check,two_derivations,yang2024_FE_VCV,own_CRVE,CR2_Satterthwaite,z_1.96,reported_sensitivity,type_M,MA32.csv,13,0.2264808362369338,1.5257428525710341,1.5272017147889096,0.0014588622178755006,0.09561651987535225,37
meta_analysis_level,k_effect_sizes,influence_check,two_derivations,yang2024_FE_VCV,own_CRVE,CR2_Satterthwaite,z_1.96,reported_sensitivity,type_M,MA14_01.csv,104,1.8118466898954704,1.5257428525710341,1.5375016315822116,0.0117587790111775,0.7706920593704814,11
meta_analysis_level,k_effect_sizes,influence_check,two_derivations,yang2024_FE_VCV,own_CRVE,CR2_Satterthwaite,z_1.96,reported_sensitivity,type_M,MA14_02.csv,167,2.9094076655052263,1.5257428525710341,1.5451815593301164,0.019438706759082214,1.2740486856173794,8
meta_analysis_level,k_effect_sizes,influence_check,two_derivations,yang2024_FE_VCV,own_CRVE,CR2_Satterthwaite,z_1.96,reported_sensitivity,type_M,MA18.csv,23,0.40069686411149824,1.5257428525710341,1.528338153677427,0.0025953011063928333,0.17010082020174622,27
meta_analysis_level,k_effect_sizes,influence_check,two_derivations,yang2024_FE_VCV,own_CRVE,CR2_Satterthwaite,z_1.96,reported_sensitivity,type_M,MA39_1.csv,37,0.6445993031358885,1.5257428525710341,1.5172268333313952,-0.008516019239638961,-0.5581556043528946,16
meta_analysis_level,k_effect_sizes,influence_check,two_derivations,yang2024_FE_VCV,own_CRVE,CR2_Satterthwaite,z_1.96,reported_sensitivity,type_M,MA39_2.csv,15,0.2613240418118467,1.5257428525710341,1.5202280405477293,-0.005514812023304838,-0.3614509492219975,18
meta_analysis_level,k_effect_sizes,influence_check,two_derivations,yang2024_FE_VCV,own_CRVE,CR2_Satterthwaite,z_1.96,reported_sensitivity,type_M,MA17.csv,66,1.1498257839721255,1.5257428525710341,1.5212841119157068,-0.0044587406553273645,-0.29223408438806553,21
meta_analysis_level,k_effect_sizes,influence_check,two_derivations,yang2024_FE_VCV,own_CRVE,CR2_Satterthwaite,z_1.96,reported_sensitivity,type_M,MA34.csv,555,9.668989547038327,1.5257428525710341,1.5780681075519678,0.052325254980933655,3.429493698283448,5
meta_analysis_level,k_effect_sizes,influence_check,two_derivations,yang2024_FE_VCV,own_CRVE,CR2_Satterthwaite,z_1.96,reported_sensitivity,type_M,MA41_01.csv,110,1.916376306620209,1.5257428525710341,1.5339452251789922,0.008202372607958086,0.5375986257537546,17
meta_analysis_level,k_effect_sizes,influence_check,two_derivations,yang2024_FE_VCV,own_CRVE,CR2_Satterthwaite,z_1.96,reported_sensitivity,type_M,MA41_02.csv,184,3.205574912891986,1.5257428525710341,1.5024646189593367,-0.023278233611697452,-1.5256983555565262,7
meta_analysis_level,k_effect_sizes,influence_check,two_derivations,yang2024_FE_VCV,own_CRVE,CR2_Satterthwaite,z_1.96,reported_sensitivity,type_M,MA41_03.csv,129,2.2473867595818815,1.5257428525710341,1.5378736194671054,0.012130766896071288,0.795072831285415,10
meta_analysis_level,k_effect_sizes,influence_check,two_derivations,yang2024_FE_VCV,own_CRVE,CR2_Satterthwaite,z_1.96,reported_sensitivity,type_M,MA41_04.csv,104,1.8118466898954704,1.5257428525710341,1.536656678562189,0.010913825991154757,0.7153122803599476,12
meta_analysis_level,k_effect_sizes,influence_check,two_derivations,yang2024_FE_VCV,own_CRVE,CR2_Satterthwaite,z_1.96,reported_sensitivity,type_M,MA43.csv,13,0.2264808362369338,1.5257428525710341,1.5240721860493875,-0.0016706665216466021,-0.10949856450785944,34
meta_analysis_level,k_effect_sizes,influence_check,two_derivations,yang2024_FE_VCV,own_CRVE,CR2_Satterthwaite,z_1.96,reported_sensitivity,type_M,MA45_01.csv,28,0.4878048780487805,1.5257428525710341,1.5289059208385924,0.0031630682675583,0.20731332689700732,24
meta_analysis_level,k_effect_sizes,influence_check,two_derivations,yang2024_FE_VCV,own_CRVE,CR2_Satterthwaite,z_1.96,reported_sensitivity,type_M,MA45_02.csv,11,0.1916376306620209,1.5257428525710341,1.5269594434308276,0.0012165908597934205,0.07973760832262755,39
meta_analysis_level,k_effect_sizes,influence_check,two_derivations,yang2024_FE_VCV,own_CRVE,CR2_Satterthwaite,z_1.96,reported_sensitivity,type_M,MA47_1.csv,65,1.132404181184669,1.5257428525710341,1.5169815468562844,-0.008761305714749756,-0.5742321322355193,15
meta_analysis_level,k_effect_sizes,influence_check,two_derivations,yang2024_FE_VCV,own_CRVE,CR2_Satterthwaite,z_1.96,reported_sensitivity,type_M,MA47_2.csv,38,0.662020905923345,1.5257428525710341,1.5299950176825006,0.004252165111466422,0.2786947423218278,22
meta_analysis_level,k_effect_sizes,influence_check,two_derivations,yang2024_FE_VCV,own_CRVE,CR2_Satterthwaite,z_1.96,reported_sensitivity,type_S,MA09.csv,1297,22.59581881533101,0.00562135507422316,0.0026171392765278224,-0.003004215797695338,-53.44291114915034,1
meta_analysis_level,k_effect_sizes,influence_check,two_derivations,yang2024_FE_VCV,own_CRVE,CR2_Satterthwaite,z_1.96,reported_sensitivity,type_S,MA20_cleaned.csv,29,0.5052264808362369,0.00562135507422316,0.005553655549097269,-6.769952512589161e-5,-1.2043275016788924,21
meta_analysis_level,k_effect_sizes,influence_check,two_derivations,yang2024_FE_VCV,own_CRVE,CR2_Satterthwaite,z_1.96,reported_sensitivity,type_S,MA22_01.csv,92,1.602787456445993,0.00562135507422316,0.005719283481436643,9.792840721348228e-5,1.7420783053277544,15
meta_analysis_level,k_effect_sizes,influence_check,two_derivations,yang2024_FE_VCV,own_CRVE,CR2_Satterthwaite,z_1.96,reported_sensitivity,type_S,MA22_02.csv,92,1.602787456445993,0.00562135507422316,0.00430557302773997,-0.0013157820464831903,-23.406848155113636,2
meta_analysis_level,k_effect_sizes,influence_check,two_derivations,yang2024_FE_VCV,own_CRVE,CR2_Satterthwaite,z_1.96,reported_sensitivity,type_S,MA22_03.csv,92,1.602787456445993,0.00562135507422316,0.005707240319792202,8.588524556904162e-5,1.527838829517636,18
meta_analysis_level,k_effect_sizes,influence_check,two_derivations,yang2024_FE_VCV,own_CRVE,CR2_Satterthwaite,z_1.96,reported_sensitivity,type_S,MA01_01.csv,22,0.3832752613240418,0.00562135507422316,0.005645259981956998,2.3904907733837688e-5,0.42525169497749093,33
meta_analysis_level,k_effect_sizes,influence_check,two_derivations,yang2024_FE_VCV,own_CRVE,CR2_Satterthwaite,z_1.96,reported_sensitivity,type_S,MA01_02.csv,14,0.24390243902439024,0.00562135507422316,0.005636543874020024,1.5188799796863467e-5,0.2701981923631136,36
meta_analysis_level,k_effect_sizes,influence_check,two_derivations,yang2024_FE_VCV,own_CRVE,CR2_Satterthwaite,z_1.96,reported_sensitivity,type_S,MA01_03.csv,16,0.2787456445993031,0.00562135507422316,0.005638720384634765,1.7365310411604495e-5,0.30891680355211726,34
meta_analysis_level,k_effect_sizes,influence_check,two_derivations,yang2024_FE_VCV,own_CRVE,CR2_Satterthwaite,z_1.96,reported_sensitivity,type_S,MA05_01.csv,17,0.2961672473867596,0.00562135507422316,0.00561364450078216,-7.710573441000595e-6,-0.13716574276472215,44
meta_analysis_level,k_effect_sizes,influence_check,two_derivations,yang2024_FE_VCV,own_CRVE,CR2_Satterthwaite,z_1.96,reported_sensitivity,type_S,MA05_02.csv,16,0.2787456445993031,0.00562135507422316,0.005638645667654155,1.7290593430994983e-5,0.30758764039442443,35
meta_analysis_level,k_effect_sizes,influence_check,two_derivations,yang2024_FE_VCV,own_CRVE,CR2_Satterthwaite,z_1.96,reported_sensitivity,type_S,MA05_03.csv,4,0.06968641114982578,0.00562135507422316,0.005625669145179209,4.3140709560483825e-6,0.07674432408353304,47
meta_analysis_level,k_effect_sizes,influence_check,two_derivations,yang2024_FE_VCV,own_CRVE,CR2_Satterthwaite,z_1.96,reported_sensitivity,type_S,MA06_01.csv,33,0.5749128919860628,0.00562135507422316,0.005654751108363644,3.3396034140483616e-5,0.5940922375393454,29
meta_analysis_level,k_effect_sizes,influence_check,two_derivations,yang2024_FE_VCV,own_CRVE,CR2_Satterthwaite,z_1.96,reported_sensitivity,type_S,MA06_02.csv,13,0.2264808362369338,0.00562135507422316,0.005635456214252946,1.410114002978538e-5,0.25084948101652405,39
meta_analysis_level,k_effect_sizes,influence_check,two_derivations,yang2024_FE_VCV,own_CRVE,CR2_Satterthwaite,z_1.96,reported_sensitivity,type_S,MA08.csv,531,9.250871080139373,0.00562135507422316,0.006261055431393277,6.397003571701164e-4,11.379824770427248,5
meta_analysis_level,k_effect_sizes,influence_check,two_derivations,yang2024_FE_VCV,own_CRVE,CR2_Satterthwaite,z_1.96,reported_sensitivity,type_S,MA10.csv,32,0.5574912891986062,0.00562135507422316,0.005656184140083027,3.482906585986628e-5,0.6195848758882905,28
meta_analysis_level,k_effect_sizes,influence_check,two_derivations,yang2024_FE_VCV,own_CRVE,CR2_Satterthwaite,z_1.96,reported_sensitivity,type_S,MA12.csv,70,1.2195121951219512,0.00562135507422316,0.005697107257165046,7.575218294188571e-5,1.3475786877304552,19
meta_analysis_level,k_effect_sizes,influence_check,two_derivations,yang2024_FE_VCV,own_CRVE,CR2_Satterthwaite,z_1.96,reported_sensitivity,type_S,MA13_01.csv,43,0.7491289198606271,0.00562135507422316,0.005668252536194154,4.6897461970993315e-5,0.8342732553231258,23
meta_analysis_level,k_effect_sizes,influence_check,two_derivations,yang2024_FE_VCV,own_CRVE,CR2_Satterthwaite,z_1.96,reported_sensitivity,type_S,MA13_02.csv,37,0.6445993031358885,0.00562135507422316,0.0056615343867734355,4.0179312550275154e-5,0.7147620461571247,27
meta_analysis_level,k_effect_sizes,influence_check,two_derivations,yang2024_FE_VCV,own_CRVE,CR2_Satterthwaite,z_1.96,reported_sensitivity,type_S,MA13_03.csv,14,0.24390243902439024,0.00562135507422316,0.0056365438263036236,1.5188752080463191e-5,0.2701973435215166,37
meta_analysis_level,k_effect_sizes,influence_check,two_derivations,yang2024_FE_VCV,own_CRVE,CR2_Satterthwaite,z_1.96,reported_sensitivity,type_S,MA15_01.csv,5,0.08710801393728224,0.00562135507422316,0.0056267278444209375,5.372770197777099e-6,0.0955778478113567,46
meta_analysis_level,k_effect_sizes,influence_check,two_derivations,yang2024_FE_VCV,own_CRVE,CR2_Satterthwaite,z_1.96,reported_sensitivity,type_S,MA15_02.csv,9,0.156794425087108,0.00562135507422316,0.005631109918607068,9.754844383907252e-6,0.17353190209667968,42
meta_analysis_level,k_effect_sizes,influence_check,two_derivations,yang2024_FE_VCV,own_CRVE,CR2_Satterthwaite,z_1.96,reported_sensitivity,type_S,MA15_03.csv,11,0.1916376306620209,0.00562135507422316,0.005633282244449256,1.192717022609549e-5,0.2121760690903196,41
meta_analysis_level,k_effect_sizes,influence_check,two_derivations,yang2024_FE_VCV,own_CRVE,CR2_Satterthwaite,z_1.96,reported_sensitivity,type_S,MA15_04.csv,11,0.1916376306620209,0.00562135507422316,0.005629201276745509,7.846202522348439e-6,0.13957848986141386,43
meta_analysis_level,k_effect_sizes,influence_check,two_derivations,yang2024_FE_VCV,own_CRVE,CR2_Satterthwaite,z_1.96,reported_sensitivity,type_S,MA21.csv,11,0.1916376306620209,0.00562135507422316,0.005622982983681607,1.6279094584466247e-6,0.028959377889359317,48
meta_analysis_level,k_effect_sizes,influence_check,two_derivations,yang2024_FE_VCV,own_CRVE,CR2_Satterthwaite,z_1.96,reported_sensitivity,type_S,MA23.csv,24,0.4181184668989547,0.00562135507422316,0.005647443198266062,2.608812404290145e-5,0.4640895958081259,31
meta_analysis_level,k_effect_sizes,influence_check,two_derivations,yang2024_FE_VCV,own_CRVE,CR2_Satterthwaite,z_1.96,reported_sensitivity,type_S,MA24.csv,139,2.421602787456446,0.00562135507422316,0.0057758740282480014,1.545189540248411e-4,2.7487848033900475,8
meta_analysis_level,k_effect_sizes,influence_check,two_derivations,yang2024_FE_VCV,own_CRVE,CR2_Satterthwaite,z_1.96,reported_sensitivity,type_S,MA25.csv,43,0.7491289198606271,0.00562135507422316,0.005668268117778669,4.6913043555509015e-5,0.8345504408826532,22
meta_analysis_level,k_effect_sizes,influence_check,two_derivations,yang2024_FE_VCV,own_CRVE,CR2_Satterthwaite,z_1.96,reported_sensitivity,type_S,MA26.csv,459,7.996515679442509,0.00562135507422316,0.006165873653528567,5.445185793054065e-4,9.686607092341614,6
meta_analysis_level,k_effect_sizes,influence_check,two_derivations,yang2024_FE_VCV,own_CRVE,CR2_Satterthwaite,z_1.96,reported_sensitivity,type_S,MA28_01.csv,84,1.4634146341463414,0.00562135507422316,0.005713731939367691,9.237686514453058e-5,1.6433202301723737,16
meta_analysis_level,k_effect_sizes,influence_check,two_derivations,yang2024_FE_VCV,own_CRVE,CR2_Satterthwaite,z_1.96,reported_sensitivity,type_S,MA28_02.csv,84,1.4634146341463414,0.00562135507422316,0.005713731939367691,9.237686514453058e-5,1.6433202301723737,16
meta_analysis_level,k_effect_sizes,influence_check,two_derivations,yang2024_FE_VCV,own_CRVE,CR2_Satterthwaite,z_1.96,reported_sensitivity,type_S,MA31.csv,734,12.787456445993032,0.00562135507422316,0.006545665692485089,9.243106182619289e-4,16.442843514731422,3
meta_analysis_level,k_effect_sizes,influence_check,two_derivations,yang2024_FE_VCV,own_CRVE,CR2_Satterthwaite,z_1.96,reported_sensitivity,type_S,MA32.csv,13,0.2264808362369338,0.00562135507422316,0.005635456246700383,1.4101172477222479e-5,0.25085005823388684,38
meta_analysis_level,k_effect_sizes,influence_check,two_derivations,yang2024_FE_VCV,own_CRVE,CR2_Satterthwaite,z_1.96,reported_sensitivity,type_S,MA14_01.csv,104,1.8118466898954704,0.00562135507422316,0.005736174235346499,1.1481916112333901e-4,2.0425530785245227,13
meta_analysis_level,k_effect_sizes,influence_check,two_derivations,yang2024_FE_VCV,own_CRVE,CR2_Satterthwaite,z_1.96,reported_sensitivity,type_S,MA14_02.csv,167,2.9094076655052263,0.00562135507422316,0.005808030409317714,1.8667533509455353e-4,3.32082447434352,7
meta_analysis_level,k_effect_sizes,influence_check,two_derivations,yang2024_FE_VCV,own_CRVE,CR2_Satterthwaite,z_1.96,reported_sensitivity,type_S,MA18.csv,23,0.40069686411149824,0.00562135507422316,0.005646351385265126,2.499631104196584e-5,0.4446670013176446,32
meta_analysis_level,k_effect_sizes,influence_check,two_derivations,yang2024_FE_VCV,own_CRVE,CR2_Satterthwaite,z_1.96,reported_sensitivity,type_S,MA39_1.csv,37,0.6445993031358885,0.00562135507422316,0.00546806082119948,-1.5329425302368013e-4,-2.7269982237310364,9
meta_analysis_level,k_effect_sizes,influence_check,two_derivations,yang2024_FE_VCV,own_CRVE,CR2_Satterthwaite,z_1.96,reported_sensitivity,type_S,MA39_2.csv,15,0.2613240418118467,0.00562135507422316,0.005487330438469391,-1.3402463575376902e-4,-2.3842051246387497,11
meta_analysis_level,k_effect_sizes,influence_check,two_derivations,yang2024_FE_VCV,own_CRVE,CR2_Satterthwaite,z_1.96,reported_sensitivity,type_S,MA17.csv,66,1.1498257839721255,0.00562135507422316,0.0056644752301473165,4.312015592415619e-5,0.7670776059296447,25
meta_analysis_level,k_effect_sizes,influence_check,two_derivations,yang2024_FE_VCV,own_CRVE,CR2_Satterthwaite,z_1.96,reported_sensitivity,type_S,MA34.csv,555,9.668989547038327,0.00562135507422316,0.006293296154133439,6.719410799102786e-4,11.953364821081625,4
meta_analysis_level,k_effect_sizes,influence_check,two_derivations,yang2024_FE_VCV,own_CRVE,CR2_Satterthwaite,z_1.96,reported_sensitivity,type_S,MA41_01.csv,110,1.916376306620209,0.00562135507422316,0.005742873607683073,1.2151853345991268e-4,2.161730256413419,12
meta_analysis_level,k_effect_sizes,influence_check,two_derivations,yang2024_FE_VCV,own_CRVE,CR2_Satterthwaite,z_1.96,reported_sensitivity,type_S,MA41_02.csv,184,3.205574912891986,0.00562135507422316,0.005548653810077971,-7.270126414518976e-5,-1.2933049626870696,20
meta_analysis_level,k_effect_sizes,influence_check,two_derivations,yang2024_FE_VCV,own_CRVE,CR2_Satterthwaite,z_1.96,reported_sensitivity,type_S,MA41_03.csv,129,2.2473867595818815,0.00562135507422316,0.005764467391015837,1.4311231679267622e-4,2.545868654497929,10
meta_analysis_level,k_effect_sizes,influence_check,two_derivations,yang2024_FE_VCV,own_CRVE,CR2_Satterthwaite,z_1.96,reported_sensitivity,type_S,MA41_04.csv,104,1.8118466898954704,0.00562135507422316,0.005736173675250346,1.1481860102718552e-4,2.042543114803208,14
meta_analysis_level,k_effect_sizes,influence_check,two_derivations,yang2024_FE_VCV,own_CRVE,CR2_Satterthwaite,z_1.96,reported_sensitivity,type_S,MA43.csv,13,0.2264808362369338,0.00562135507422316,0.005614695099123931,-6.659975099229665e-6,-0.11847632841712752,45
meta_analysis_level,k_effect_sizes,influence_check,two_derivations,yang2024_FE_VCV,own_CRVE,CR2_Satterthwaite,z_1.96,reported_sensitivity,type_S,MA45_01.csv,28,0.4878048780487805,0.00562135507422316,0.005651814718157313,3.045964393415257e-5,0.541855896522625,30
meta_analysis_level,k_effect_sizes,influence_check,two_derivations,yang2024_FE_VCV,own_CRVE,CR2_Satterthwaite,z_1.96,reported_sensitivity,type_S,MA45_02.csv,11,0.1916376306620209,0.00562135507422316,0.005633282246176586,1.1927171953425575e-5,0.21217609981831753,40
meta_analysis_level,k_effect_sizes,influence_check,two_derivations,yang2024_FE_VCV,own_CRVE,CR2_Satterthwaite,z_1.96,reported_sensitivity,type_S,MA47_1.csv,65,1.132404181184669,0.00562135507422316,0.005578081728393636,-4.327334582952466e-5,-0.7698027478811209,24
meta_analysis_level,k_effect_sizes,influence_check,two_derivations,yang2024_FE_VCV,own_CRVE,CR2_Satterthwaite,z_1.96,reported_sensitivity,type_S,MA47_2.csv,38,0.662020905923345,0.00562135507422316,0.005662773062152855,4.141798792969484e-5,0.7367972202933393,26
meta_analysis_level,k_effect_sizes,influence_check,two_derivations,yang2024_UWLS,own_CRVE,CR2_naive_t,z_1.96,supplementary,power,MA09.csv,1297,22.59581881533101,0.3826850291624546,0.6608546307103184,0.27816960154786374,72.68891656322862,1
meta_analysis_level,k_effect_sizes,influence_check,two_derivations,yang2024_UWLS,own_CRVE,CR2_naive_t,z_1.96,supplementary,power,MA20_cleaned.csv,29,0.5052264808362369,0.3826850291624546,0.38462616024871615,0.0019411310862615383,0.5072398809302436,23
meta_analysis_level,k_effect_sizes,influence_check,two_derivations,yang2024_UWLS,own_CRVE,CR2_naive_t,z_1.96,supplementary,power,MA22_01.csv,92,1.602787456445993,0.3826850291624546,0.3885105006968904,0.0058254715344358,1.5222627201240346,12
meta_analysis_level,k_effect_sizes,influence_check,two_derivations,yang2024_UWLS,own_CRVE,CR2_naive_t,z_1.96,supplementary,power,MA22_02.csv,92,1.602787456445993,0.3826850291624546,0.3909508976889489,0.008265868526494302,2.1599665251042177,9
meta_analysis_level,k_effect_sizes,influence_check,two_derivations,yang2024_UWLS,own_CRVE,CR2_naive_t,z_1.96,supplementary,power,MA22_03.csv,92,1.602787456445993,0.3826850291624546,0.3855177222473347,0.0028326930848801,0.7402152864667055,18
meta_analysis_level,k_effect_sizes,influence_check,two_derivations,yang2024_UWLS,own_CRVE,CR2_naive_t,z_1.96,supplementary,power,MA01_01.csv,22,0.3832752613240418,0.3826850291624546,0.3812733547093621,-0.0014116744530925374,-0.36888677254559576,30
meta_analysis_level,k_effect_sizes,influence_check,two_derivations,yang2024_UWLS,own_CRVE,CR2_naive_t,z_1.96,supplementary,power,MA01_02.csv,14,0.24390243902439024,0.3826850291624546,0.3817873418133489,-8.976873491057247e-4,-0.23457603007632777,36
meta_analysis_level,k_effect_sizes,influence_check,two_derivations,yang2024_UWLS,own_CRVE,CR2_naive_t,z_1.96,supplementary,power,MA01_03.csv,16,0.2787456445993031,0.3826850291624546,0.381658914852599,-0.001026114309855608,-0.2681354721665974,33
meta_analysis_level,k_effect_sizes,influence_check,two_derivations,yang2024_UWLS,own_CRVE,CR2_naive_t,z_1.96,supplementary,power,MA05_01.csv,17,0.2961672473867596,0.3826850291624546,0.3844944447805703,0.0018094156181157062,0.4728211140309746,24
meta_analysis_level,k_effect_sizes,influence_check,two_derivations,yang2024_UWLS,own_CRVE,CR2_naive_t,z_1.96,supplementary,power,MA05_02.csv,16,0.2787456445993031,0.3826850291624546,0.3823196068547304,-3.654223077242391e-4,-0.09548905232169558,45
meta_analysis_level,k_effect_sizes,influence_check,two_derivations,yang2024_UWLS,own_CRVE,CR2_naive_t,z_1.96,supplementary,power,MA05_03.csv,4,0.06968641114982578,0.3826850291624546,0.382557883098927,-1.271460635275945e-4,-0.033224728912406576,48
meta_analysis_level,k_effect_sizes,influence_check,two_derivations,yang2024_UWLS,own_CRVE,CR2_naive_t,z_1.96,supplementary,power,MA06_01.csv,33,0.5749128919860628,0.3826850291624546,0.38485347038072226,0.002168441218267647,0.5666386330851481,21
meta_analysis_level,k_effect_sizes,influence_check,two_derivations,yang2024_UWLS,own_CRVE,CR2_naive_t,z_1.96,supplementary,power,MA06_02.csv,13,0.2264808362369338,0.3826850291624546,0.38194197012052983,-7.430590419247873e-4,-0.1941698747795373,40
meta_analysis_level,k_effect_sizes,influence_check,two_derivations,yang2024_UWLS,own_CRVE,CR2_naive_t,z_1.96,supplementary,power,MA08.csv,531,9.250871080139373,0.3826850291624546,0.3469898679926196,-0.03569516116983501,-9.327556201494879,4
meta_analysis_level,k_effect_sizes,influence_check,two_derivations,yang2024_UWLS,own_CRVE,CR2_naive_t,z_1.96,supplementary,power,MA10.csv,32,0.5574912891986062,0.3826850291624546,0.3811160004235957,-0.0015690287388588908,-0.4100052574026347,26
meta_analysis_level,k_effect_sizes,influence_check,two_derivations,yang2024_UWLS,own_CRVE,CR2_naive_t,z_1.96,supplementary,power,MA12.csv,70,1.2195121951219512,0.3826850291624546,0.3795208059552345,-0.003164223207220096,-0.8268479208986323,17
meta_analysis_level,k_effect_sizes,influence_check,two_derivations,yang2024_UWLS,own_CRVE,CR2_naive_t,z_1.96,supplementary,power,MA13_01.csv,43,0.7491289198606271,0.3826850291624546,0.3806128159318886,-0.002072213230566,-0.5414931530248968,22
meta_analysis_level,k_effect_sizes,influence_check,two_derivations,yang2024_UWLS,own_CRVE,CR2_naive_t,z_1.96,supplementary,power,MA13_02.csv,37,0.6445993031358885,0.3826850291624546,0.38171052911026465,-9.745000521899638e-4,-0.25464807293944514,35
meta_analysis_level,k_effect_sizes,influence_check,two_derivations,yang2024_UWLS,own_CRVE,CR2_naive_t,z_1.96,supplementary,power,MA13_03.csv,14,0.24390243902439024,0.3826850291624546,0.3818550461776446,-8.299829848100182e-4,-0.21688410090839882,38
meta_analysis_level,k_effect_sizes,influence_check,two_derivations,yang2024_UWLS,own_CRVE,CR2_naive_t,z_1.96,supplementary,power,MA15_01.csv,5,0.08710801393728224,0.3826850291624546,0.3824120587492738,-2.729704131808064e-4,-0.07133030883863523,46
meta_analysis_level,k_effect_sizes,influence_check,two_derivations,yang2024_UWLS,own_CRVE,CR2_naive_t,z_1.96,supplementary,power,MA15_02.csv,9,0.156794425087108,0.3826850291624546,0.3821082057562718,-5.768234061828137e-4,-0.15073059101508024,43
meta_analysis_level,k_effect_sizes,influence_check,two_derivations,yang2024_UWLS,own_CRVE,CR2_naive_t,z_1.96,supplementary,power,MA15_03.csv,11,0.1916376306620209,0.3826850291624546,0.3819807896252025,-7.042395372521271e-4,-0.1840258916826265,41
meta_analysis_level,k_effect_sizes,influence_check,two_derivations,yang2024_UWLS,own_CRVE,CR2_naive_t,z_1.96,supplementary,power,MA15_04.csv,11,0.1916376306620209,0.3826850291624546,0.38210997252019085,-5.750566422637604e-4,-0.1502689152806269,44
meta_analysis_level,k_effect_sizes,influence_check,two_derivations,yang2024_UWLS,own_CRVE,CR2_naive_t,z_1.96,supplementary,power,MA21.csv,11,0.1916376306620209,0.3826850291624546,0.38403660711477106,0.0013515779523164406,0.3531828656256897,31
meta_analysis_level,k_effect_sizes,influence_check,two_derivations,yang2024_UWLS,own_CRVE,CR2_naive_t,z_1.96,supplementary,power,MA23.csv,24,0.4181184668989547,0.3826850291624546,0.381169622344248,-0.0015154068182066105,-0.3959932327437077,27
meta_analysis_level,k_effect_sizes,influence_check,two_derivations,yang2024_UWLS,own_CRVE,CR2_naive_t,z_1.96,supplementary,power,MA24.csv,139,2.421602787456446,0.3826850291624546,0.37370831548779193,-0.008976713674662684,-2.345718538901076,8
meta_analysis_level,k_effect_sizes,influence_check,two_derivations,yang2024_UWLS,own_CRVE,CR2_naive_t,z_1.96,supplementary,power,MA25.csv,43,0.7491289198606271,0.3826850291624546,0.3800864232038848,-0.0025986059585698107,-0.6790456277469548,19
meta_analysis_level,k_effect_sizes,influence_check,two_derivations,yang2024_UWLS,own_CRVE,CR2_naive_t,z_1.96,supplementary,power,MA26.csv,459,7.996515679442509,0.3826850291624546,0.35223384324861146,-0.03045118591384316,-7.957245147658032,5
meta_analysis_level,k_effect_sizes,influence_check,two_derivations,yang2024_UWLS,own_CRVE,CR2_naive_t,z_1.96,supplementary,power,MA28_01.csv,84,1.4634146341463414,0.3826850291624546,0.37726459987971406,-0.005420429282740558,-1.4164205207096048,14
meta_analysis_level,k_effect_sizes,influence_check,two_derivations,yang2024_UWLS,own_CRVE,CR2_naive_t,z_1.96,supplementary,power,MA28_02.csv,84,1.4634146341463414,0.3826850291624546,0.37726461562778346,-0.0054204135346711535,-1.4164164055579298,15
meta_analysis_level,k_effect_sizes,influence_check,two_derivations,yang2024_UWLS,own_CRVE,CR2_naive_t,z_1.96,supplementary,power,MA31.csv,734,12.787456445993032,0.3826850291624546,0.3328096143931913,-0.049875414769263327,-13.033019577071192,2
meta_analysis_level,k_effect_sizes,influence_check,two_derivations,yang2024_UWLS,own_CRVE,CR2_naive_t,z_1.96,supplementary,power,MA32.csv,13,0.2264808362369338,0.3826850291624546,0.381851577528193,-8.334516342616283e-4,-0.21779049890865432,37
meta_analysis_level,k_effect_sizes,influence_check,two_derivations,yang2024_UWLS,own_CRVE,CR2_naive_t,z_1.96,supplementary,power,MA14_01.csv,104,1.8118466898954704,0.3826850291624546,0.3760543374708299,-0.006630691691624724,-1.7326760093376747,11
meta_analysis_level,k_effect_sizes,influence_check,two_derivations,yang2024_UWLS,own_CRVE,CR2_naive_t,z_1.96,supplementary,power,MA14_02.csv,167,2.9094076655052263,0.3826850291624546,0.37182701408929086,-0.010858015073163751,-2.83732423422145,7
meta_analysis_level,k_effect_sizes,influence_check,two_derivations,yang2024_UWLS,own_CRVE,CR2_naive_t,z_1.96,supplementary,power,MA18.csv,23,0.40069686411149824,0.3826850291624546,0.3812091171789252,-0.001475911983529421,-0.38567277814854917,29
meta_analysis_level,k_effect_sizes,influence_check,two_derivations,yang2024_UWLS,own_CRVE,CR2_naive_t,z_1.96,supplementary,power,MA39_1.csv,37,0.6445993031358885,0.3826850291624546,0.3836783093964614,9.932802340067992e-4,0.2595555504694591,34
meta_analysis_level,k_effect_sizes,influence_check,two_derivations,yang2024_UWLS,own_CRVE,CR2_naive_t,z_1.96,supplementary,power,MA39_2.csv,15,0.2613240418118467,0.3826850291624546,0.3841885866847167,0.0015035575222621111,0.3928968754154827,28
meta_analysis_level,k_effect_sizes,influence_check,two_derivations,yang2024_UWLS,own_CRVE,CR2_naive_t,z_1.96,supplementary,power,MA17.csv,66,1.1498257839721255,0.3826850291624546,0.3824872308769817,-1.9779828547289435e-4,-0.051686967192265953,47
meta_analysis_level,k_effect_sizes,influence_check,two_derivations,yang2024_UWLS,own_CRVE,CR2_naive_t,z_1.96,supplementary,power,MA34.csv,555,9.668989547038327,0.3826850291624546,0.3452939886213008,-0.03739104054115383,-9.770708988273713,3
meta_analysis_level,k_effect_sizes,influence_check,two_derivations,yang2024_UWLS,own_CRVE,CR2_naive_t,z_1.96,supplementary,power,MA41_01.csv,110,1.916376306620209,0.3826850291624546,0.3834922297190011,8.072005565464835e-4,0.21093079034555373,39
meta_analysis_level,k_effect_sizes,influence_check,two_derivations,yang2024_UWLS,own_CRVE,CR2_naive_t,z_1.96,supplementary,power,MA41_02.csv,184,3.205574912891986,0.3826850291624546,0.4088934173845379,0.026208388222083268,6.848553307518457,6
meta_analysis_level,k_effect_sizes,influence_check,two_derivations,yang2024_UWLS,own_CRVE,CR2_naive_t,z_1.96,supplementary,power,MA41_03.csv,129,2.2473867595818815,0.3826850291624546,0.3760520615592821,-0.0066329676031725016,-1.7332707312040507,10
meta_analysis_level,k_effect_sizes,influence_check,two_derivations,yang2024_UWLS,own_CRVE,CR2_naive_t,z_1.96,supplementary,power,MA41_04.csv,104,1.8118466898954704,0.3826850291624546,0.37809418865497635,-0.0045908405074782666,-1.199639431290478,16
meta_analysis_level,k_effect_sizes,influence_check,two_derivations,yang2024_UWLS,own_CRVE,CR2_naive_t,z_1.96,supplementary,power,MA43.csv,13,0.2264808362369338,0.3826850291624546,0.38378328557003105,0.0010982564075764367,0.2869870321240642,32
meta_analysis_level,k_effect_sizes,influence_check,two_derivations,yang2024_UWLS,own_CRVE,CR2_naive_t,z_1.96,supplementary,power,MA45_01.csv,28,0.4878048780487805,0.3826850291624546,0.38088737529517236,-0.0017976538672822562,-0.469747633247275,25
meta_analysis_level,k_effect_sizes,influence_check,two_derivations,yang2024_UWLS,own_CRVE,CR2_naive_t,z_1.96,supplementary,power,MA45_02.csv,11,0.1916376306620209,0.3826850291624546,0.38198957027339997,-6.954588890546454e-4,-0.18173140730818327,42
meta_analysis_level,k_effect_sizes,influence_check,two_derivations,yang2024_UWLS,own_CRVE,CR2_naive_t,z_1.96,supplementary,power,MA47_1.csv,65,1.132404181184669,0.3826850291624546,0.38839780993399703,0.005712780771542414,1.4928153275411526,13
meta_analysis_level,k_effect_sizes,influence_check,two_derivations,yang2024_UWLS,own_CRVE,CR2_naive_t,z_1.96,supplementary,power,MA47_2.csv,38,0.662020905923345,0.3826850291624546,0.3802500220042954,-0.002435007158159197,-0.636295379385099,20
meta_analysis_level,k_effect_sizes,influence_check,two_derivations,yang2024_UWLS,own_CRVE,CR2_naive_t,z_1.96,supplementary,type_M,MA09.csv,1297,22.59581881533101,2.0112554553950264,1.3210645704238364,-0.69019088497119,-34.31642077687397,1
meta_analysis_level,k_effect_sizes,influence_check,two_derivations,yang2024_UWLS,own_CRVE,CR2_naive_t,z_1.96,supplementary,type_M,MA20_cleaned.csv,29,0.5052264808362369,2.0112554553950264,2.007817996888142,-0.003437458506884372,-0.170911084301284,35
meta_analysis_level,k_effect_sizes,influence_check,two_derivations,yang2024_UWLS,own_CRVE,CR2_naive_t,z_1.96,supplementary,type_M,MA22_01.csv,92,1.602787456445993,2.0112554553950264,2.001787765499692,-0.00946768989533453,-0.4707353245426038,18
meta_analysis_level,k_effect_sizes,influence_check,two_derivations,yang2024_UWLS,own_CRVE,CR2_naive_t,z_1.96,supplementary,type_M,MA22_02.csv,92,1.602787456445993,2.0112554553950264,1.99216745074629,-0.01908800464873628,-0.9490591857704733,14
meta_analysis_level,k_effect_sizes,influence_check,two_derivations,yang2024_UWLS,own_CRVE,CR2_naive_t,z_1.96,supplementary,type_M,MA22_03.csv,92,1.602787456445993,2.0112554553950264,2.0111098315156544,-1.4562387937200327e-4,-0.007240446706124892,48
meta_analysis_level,k_effect_sizes,influence_check,two_derivations,yang2024_UWLS,own_CRVE,CR2_naive_t,z_1.96,supplementary,type_M,MA01_01.csv,22,0.3832752613240418,2.0112554553950264,2.0166699407974353,0.005414485402408964,0.26920923385862494,28
meta_analysis_level,k_effect_sizes,influence_check,two_derivations,yang2024_UWLS,own_CRVE,CR2_naive_t,z_1.96,supplementary,type_M,MA01_02.csv,14,0.24390243902439024,2.0112554553950264,2.0146945368562585,0.003439081461232174,0.1709917778971004,34
meta_analysis_level,k_effect_sizes,influence_check,two_derivations,yang2024_UWLS,own_CRVE,CR2_naive_t,z_1.96,supplementary,type_M,MA01_03.csv,16,0.2787456445993031,2.0112554553950264,2.015187688827274,0.003932233432247578,0.19551138676590085,32
meta_analysis_level,k_effect_sizes,influence_check,two_derivations,yang2024_UWLS,own_CRVE,CR2_naive_t,z_1.96,supplementary,type_M,MA05_01.csv,17,0.2961672473867596,2.0112554553950264,2.0059904515350286,-0.00526500385999773,-0.2617769834197259,29
meta_analysis_level,k_effect_sizes,influence_check,two_derivations,yang2024_UWLS,own_CRVE,CR2_naive_t,z_1.96,supplementary,type_M,MA05_02.csv,16,0.2787456445993031,2.0112554553950264,2.013462871791375,0.0022074163963488047,0.10975315892507442,44
meta_analysis_level,k_effect_sizes,influence_check,two_derivations,yang2024_UWLS,own_CRVE,CR2_naive_t,z_1.96,supplementary,type_M,MA05_03.csv,4,0.06968641114982578,2.0112554553950264,2.0118951997023835,6.397443073571374e-4,0.031808207437844516,46
meta_analysis_level,k_effect_sizes,influence_check,two_derivations,yang2024_UWLS,own_CRVE,CR2_naive_t,z_1.96,supplementary,type_M,MA06_01.csv,33,0.5749128919860628,2.0112554553950264,2.0074966482968906,-0.003758807098135808,-0.18688859677437053,33
meta_analysis_level,k_effect_sizes,influence_check,two_derivations,yang2024_UWLS,own_CRVE,CR2_naive_t,z_1.96,supplementary,type_M,MA06_02.csv,13,0.2264808362369338,2.0112554553950264,2.014183507611963,0.002928052216936816,0.14558330763416727,38
meta_analysis_level,k_effect_sizes,influence_check,two_derivations,yang2024_UWLS,own_CRVE,CR2_naive_t,z_1.96,supplementary,type_M,MA08.csv,531,9.250871080139373,2.0112554553950264,2.1597443631580413,0.14848890776301493,7.382896457270305,4
meta_analysis_level,k_effect_sizes,influence_check,two_derivations,yang2024_UWLS,own_CRVE,CR2_naive_t,z_1.96,supplementary,type_M,MA10.csv,32,0.5574912891986062,2.0112554553950264,2.017792504190226,0.006537048795199674,0.3250232971482747,23
meta_analysis_level,k_effect_sizes,influence_check,two_derivations,yang2024_UWLS,own_CRVE,CR2_naive_t,z_1.96,supplementary,type_M,MA12.csv,70,1.2195121951219512,2.0112554553950264,2.024945173196923,0.013689717801896428,0.6806553471452315,15
meta_analysis_level,k_effect_sizes,influence_check,two_derivations,yang2024_UWLS,own_CRVE,CR2_naive_t,z_1.96,supplementary,type_M,MA13_01.csv,43,0.7491289198606271,2.0112554553950264,2.019960841262751,0.008705385867724846,0.43283342473345865,20
meta_analysis_level,k_effect_sizes,influence_check,two_derivations,yang2024_UWLS,own_CRVE,CR2_naive_t,z_1.96,supplementary,type_M,MA13_02.csv,37,0.6445993031358885,2.0112554553950264,2.016699161430424,0.005443706035397788,0.2706620892336531,27
meta_analysis_level,k_effect_sizes,influence_check,two_derivations,yang2024_UWLS,own_CRVE,CR2_naive_t,z_1.96,supplementary,type_M,MA13_03.csv,14,0.24390243902439024,2.0112554553950264,2.0144919097586027,0.0032364543635763354,0.1609171204431048,36
meta_analysis_level,k_effect_sizes,influence_check,two_derivations,yang2024_UWLS,own_CRVE,CR2_naive_t,z_1.96,supplementary,type_M,MA15_01.csv,5,0.08710801393728224,2.0112554553950264,2.012345521614646,0.001090066219619601,0.05419829771975415,45
meta_analysis_level,k_effect_sizes,influence_check,two_derivations,yang2024_UWLS,own_CRVE,CR2_naive_t,z_1.96,supplementary,type_M,MA15_02.csv,9,0.156794425087108,2.0112554553950264,2.013463689625431,0.0022082342304048375,0.10979382178835095,43
meta_analysis_level,k_effect_sizes,influence_check,two_derivations,yang2024_UWLS,own_CRVE,CR2_naive_t,z_1.96,supplementary,type_M,MA15_03.csv,11,0.1916376306620209,2.0112554553950264,2.013952549982716,0.00269709458768963,0.13410005081426757,39
meta_analysis_level,k_effect_sizes,influence_check,two_derivations,yang2024_UWLS,own_CRVE,CR2_naive_t,z_1.96,supplementary,type_M,MA15_04.csv,11,0.1916376306620209,2.0112554553950264,2.0135883010686078,0.002332845673581385,0.11598952620979208,42
meta_analysis_level,k_effect_sizes,influence_check,two_derivations,yang2024_UWLS,own_CRVE,CR2_naive_t,z_1.96,supplementary,type_M,MA21.csv,11,0.1916376306620209,2.0112554553950264,2.00610418834274,-0.00515126705228619,-0.25612196792149655,30
meta_analysis_level,k_effect_sizes,influence_check,two_derivations,yang2024_UWLS,own_CRVE,CR2_naive_t,z_1.96,supplementary,type_M,MA23.csv,24,0.4181184668989547,2.0112554553950264,2.0170843259005995,0.005828870505573125,0.2898125392245765,25
meta_analysis_level,k_effect_sizes,influence_check,two_derivations,yang2024_UWLS,own_CRVE,CR2_naive_t,z_1.96,supplementary,type_M,MA24.csv,139,2.421602787456446,2.0112554553950264,2.046304106476744,0.03504865108171762,1.7426255321124184,8
meta_analysis_level,k_effect_sizes,influence_check,two_derivations,yang2024_UWLS,own_CRVE,CR2_naive_t,z_1.96,supplementary,type_M,MA25.csv,43,0.7491289198606271,2.0112554553950264,2.0213840889445107,0.010128633549484345,0.5035975674952287,17
meta_analysis_level,k_effect_sizes,influence_check,two_derivations,yang2024_UWLS,own_CRVE,CR2_naive_t,z_1.96,supplementary,type_M,MA26.csv,459,7.996515679442509,2.0112554553950264,2.1364212838931733,0.12516582849814695,6.2232685640404295,6
meta_analysis_level,k_effect_sizes,influence_check,two_derivations,yang2024_UWLS,own_CRVE,CR2_naive_t,z_1.96,supplementary,type_M,MA28_01.csv,84,1.4634146341463414,2.0112554553950264,2.0322361355618632,0.02098068016683685,1.0431633689573339,11
meta_analysis_level,k_effect_sizes,influence_check,two_derivations,yang2024_UWLS,own_CRVE,CR2_naive_t,z_1.96,supplementary,type_M,MA28_02.csv,84,1.4634146341463414,2.0112554553950264,2.0322360741625105,0.020980618767484138,1.0431603161699554,12
meta_analysis_level,k_effect_sizes,influence_check,two_derivations,yang2024_UWLS,own_CRVE,CR2_naive_t,z_1.96,supplementary,type_M,MA31.csv,734,12.787456445993032,2.0112554553950264,2.2265707443558402,0.21531528896081387,10.705516715106889,2
meta_analysis_level,k_effect_sizes,influence_check,two_derivations,yang2024_UWLS,own_CRVE,CR2_naive_t,z_1.96,supplementary,type_M,MA32.csv,13,0.2264808362369338,2.0112554553950264,2.0144479876171006,0.0031925322220742736,0.15873330329623236,37
meta_analysis_level,k_effect_sizes,influence_check,two_derivations,yang2024_UWLS,own_CRVE,CR2_naive_t,z_1.96,supplementary,type_M,MA14_01.csv,104,1.8118466898954704,2.0112554553950264,2.037047706182182,0.025792250787155524,1.2823955663100906,10
meta_analysis_level,k_effect_sizes,influence_check,two_derivations,yang2024_UWLS,own_CRVE,CR2_naive_t,z_1.96,supplementary,type_M,MA14_02.csv,167,2.9094076655052263,2.0112554553950264,2.053813035863613,0.04255758046858649,2.1159709153021566,7
meta_analysis_level,k_effect_sizes,influence_check,two_derivations,yang2024_UWLS,own_CRVE,CR2_naive_t,z_1.96,supplementary,type_M,MA18.csv,23,0.40069686411149824,2.0112554553950264,2.0169171550312486,0.005661699636222206,0.28150077211899216,26
meta_analysis_level,k_effect_sizes,influence_check,two_derivations,yang2024_UWLS,own_CRVE,CR2_naive_t,z_1.96,supplementary,type_M,MA39_1.csv,37,0.6445993031358885,2.0112554553950264,2.0115737506612894,3.182952662630356e-4,0.015825700579674695,47
meta_analysis_level,k_effect_sizes,influence_check,two_derivations,yang2024_UWLS,own_CRVE,CR2_naive_t,z_1.96,supplementary,type_M,MA39_2.csv,15,0.2613240418118467,2.0112554553950264,2.0071965014146818,-0.004058953980344615,-0.20181195628117266,31
meta_analysis_level,k_effect_sizes,influence_check,two_derivations,yang2024_UWLS,own_CRVE,CR2_naive_t,z_1.96,supplementary,type_M,MA17.csv,66,1.1498257839721255,2.0112554553950264,2.017118964227194,0.005863508832167685,0.2915347633459131,24
meta_analysis_level,k_effect_sizes,influence_check,two_derivations,yang2024_UWLS,own_CRVE,CR2_naive_t,z_1.96,supplementary,type_M,MA34.csv,555,9.668989547038327,2.0112554553950264,2.167455686338786,0.1562002309437598,7.766304898006138,3
meta_analysis_level,k_effect_sizes,influence_check,two_derivations,yang2024_UWLS,own_CRVE,CR2_naive_t,z_1.96,supplementary,type_M,MA41_01.csv,110,1.916376306620209,2.0112554553950264,2.0181534009622233,0.006897945567196917,0.3429671526157252,22
meta_analysis_level,k_effect_sizes,influence_check,two_derivations,yang2024_UWLS,own_CRVE,CR2_naive_t,z_1.96,supplementary,type_M,MA41_02.csv,184,3.205574912891986,2.0112554553950264,1.867736242612756,-0.14351921278227042,-7.13580228693933,5
meta_analysis_level,k_effect_sizes,influence_check,two_derivations,yang2024_UWLS,own_CRVE,CR2_naive_t,z_1.96,supplementary,type_M,MA41_03.csv,129,2.2473867595818815,2.0112554553950264,2.0388379349775234,0.027582479582497044,1.371406079148696,9
meta_analysis_level,k_effect_sizes,influence_check,two_derivations,yang2024_UWLS,own_CRVE,CR2_naive_t,z_1.96,supplementary,type_M,MA41_04.csv,104,1.8118466898954704,2.0112554553950264,2.0314173034010152,0.02016184800598886,1.002450879718264,13
meta_analysis_level,k_effect_sizes,influence_check,two_derivations,yang2024_UWLS,own_CRVE,CR2_naive_t,z_1.96,supplementary,type_M,MA43.csv,13,0.2264808362369338,2.0112554553950264,2.0087826671468276,-0.002472788248198743,-0.12294749737362665,41
meta_analysis_level,k_effect_sizes,influence_check,two_derivations,yang2024_UWLS,own_CRVE,CR2_naive_t,z_1.96,supplementary,type_M,MA45_01.csv,28,0.4878048780487805,2.0112554553950264,2.0181564004367933,0.0069009450417669704,0.343116287056211,21
meta_analysis_level,k_effect_sizes,influence_check,two_derivations,yang2024_UWLS,own_CRVE,CR2_naive_t,z_1.96,supplementary,type_M,MA45_02.csv,11,0.1916376306620209,2.0112554553950264,2.0139242336726846,0.0026687782776582125,0.13269215854700978,40
meta_analysis_level,k_effect_sizes,influence_check,two_derivations,yang2024_UWLS,own_CRVE,CR2_naive_t,z_1.96,supplementary,type_M,MA47_1.csv,65,1.132404181184669,2.0112554553950264,1.9981864050111107,-0.013069050383915704,-0.6497956462397148,16
meta_analysis_level,k_effect_sizes,influence_check,two_derivations,yang2024_UWLS,own_CRVE,CR2_naive_t,z_1.96,supplementary,type_M,MA47_2.csv,38,0.662020905923345,2.0112554553950264,2.020619470200381,0.009364014805354426,0.4655805795447998,19
meta_analysis_level,k_effect_sizes,influence_check,two_derivations,yang2024_UWLS,own_CRVE,CR2_naive_t,z_1.96,supplementary,type_S,MA09.csv,1297,22.59581881533101,0.02303523337151369,0.005063257580529862,-0.017971975790983828,-78.01950820784262,1
meta_analysis_level,k_effect_sizes,influence_check,two_derivations,yang2024_UWLS,own_CRVE,CR2_naive_t,z_1.96,supplementary,type_S,MA20_cleaned.csv,29,0.5052264808362369,0.02303523337151369,0.023072622332664952,3.738896115126206e-5,0.16231205713548302,45
meta_analysis_level,k_effect_sizes,influence_check,two_derivations,yang2024_UWLS,own_CRVE,CR2_naive_t,z_1.96,supplementary,type_S,MA22_01.csv,92,1.602787456445993,0.02303523337151369,0.023216875829589707,1.816424580760173e-4,0.7885418617058271,23
meta_analysis_level,k_effect_sizes,influence_check,two_derivations,yang2024_UWLS,own_CRVE,CR2_naive_t,z_1.96,supplementary,type_S,MA22_02.csv,92,1.602787456445993,0.02303523337151369,0.022784503675158774,-2.507296963549163e-4,-1.0884617156298404,18
meta_analysis_level,k_effect_sizes,influence_check,two_derivations,yang2024_UWLS,own_CRVE,CR2_naive_t,z_1.96,supplementary,type_S,MA22_03.csv,92,1.602787456445993,0.02303523337151369,0.02347039204560515,4.351586740914612e-4,1.889100349335271,15
meta_analysis_level,k_effect_sizes,influence_check,two_derivations,yang2024_UWLS,own_CRVE,CR2_naive_t,z_1.96,supplementary,type_S,MA01_01.csv,22,0.3832752613240418,0.02303523337151369,0.023156080558422387,1.2084718690869717e-4,0.5246188955834175,32
meta_analysis_level,k_effect_sizes,influence_check,two_derivations,yang2024_UWLS,own_CRVE,CR2_naive_t,z_1.96,supplementary,type_S,MA01_02.csv,14,0.24390243902439024,0.02303523337151369,0.023111993509954798,7.67601384411079e-5,0.3332292632035161,36
meta_analysis_level,k_effect_sizes,influence_check,two_derivations,yang2024_UWLS,own_CRVE,CR2_naive_t,z_1.96,supplementary,type_S,MA01_03.csv,16,0.2787456445993031,0.02303523337151369,0.023122999936142564,8.776656462887444e-5,0.3810100953325346,33
meta_analysis_level,k_effect_sizes,influence_check,two_derivations,yang2024_UWLS,own_CRVE,CR2_naive_t,z_1.96,supplementary,type_S,MA05_01.csv,17,0.2961672473867596,0.02303523337151369,0.02290987943890356,-1.2535393261012967e-4,-0.5441834714170812,31
meta_analysis_level,k_effect_sizes,influence_check,two_derivations,yang2024_UWLS,own_CRVE,CR2_naive_t,z_1.96,supplementary,type_S,MA05_02.csv,16,0.2787456445993031,0.02303523337151369,0.02312270556464465,8.747219313096077e-5,0.37973217687967686,34
meta_analysis_level,k_effect_sizes,influence_check,two_derivations,yang2024_UWLS,own_CRVE,CR2_naive_t,z_1.96,supplementary,type_S,MA05_03.csv,4,0.06968641114982578,0.02303523337151369,0.023057087040219568,2.1853668705877627e-5,0.09487061994737367,48
meta_analysis_level,k_effect_sizes,influence_check,two_derivations,yang2024_UWLS,own_CRVE,CR2_naive_t,z_1.96,supplementary,type_S,MA06_01.csv,33,0.5749128919860628,0.02303523337151369,0.023084150210471478,4.89168389577882e-5,0.21235660246567978,44
meta_analysis_level,k_effect_sizes,influence_check,two_derivations,yang2024_UWLS,own_CRVE,CR2_naive_t,z_1.96,supplementary,type_S,MA06_02.csv,13,0.2264808362369338,0.02303523337151369,0.023106493657385187,7.126028587149669e-5,0.30935343576601326,39
meta_analysis_level,k_effect_sizes,influence_check,two_derivations,yang2024_UWLS,own_CRVE,CR2_naive_t,z_1.96,supplementary,type_S,MA08.csv,531,9.250871080139373,0.02303523337151369,0.02634188622170057,0.0033066528501868794,14.354761668167093,4
meta_analysis_level,k_effect_sizes,influence_check,two_derivations,yang2024_UWLS,own_CRVE,CR2_naive_t,z_1.96,supplementary,type_S,MA10.csv,32,0.5574912891986062,0.02303523337151369,0.02321140634717194,1.7617297565825085e-4,0.7647978764396379,25
meta_analysis_level,k_effect_sizes,influence_check,two_derivations,yang2024_UWLS,own_CRVE,CR2_naive_t,z_1.96,supplementary,type_S,MA12.csv,70,1.2195121951219512,0.02303523337151369,0.02342401129681762,3.8877792530393057e-4,1.6877533604009898,16
meta_analysis_level,k_effect_sizes,influence_check,two_derivations,yang2024_UWLS,own_CRVE,CR2_naive_t,z_1.96,supplementary,type_S,MA13_01.csv,43,0.7491289198606271,0.02303523337151369,0.023272569359056597,2.373359875429068e-4,1.0303172697021967,20
meta_analysis_level,k_effect_sizes,influence_check,two_derivations,yang2024_UWLS,own_CRVE,CR2_naive_t,z_1.96,supplementary,type_S,MA13_02.csv,37,0.6445993031358885,0.02303523337151369,0.02323870760324844,2.0347423173475154e-4,0.8833174314021752,22
meta_analysis_level,k_effect_sizes,influence_check,two_derivations,yang2024_UWLS,own_CRVE,CR2_naive_t,z_1.96,supplementary,type_S,MA13_03.csv,14,0.24390243902439024,0.02303523337151369,0.023111993337621158,7.675996610746749e-5,0.33322851507286977,37
meta_analysis_level,k_effect_sizes,influence_check,two_derivations,yang2024_UWLS,own_CRVE,CR2_naive_t,z_1.96,supplementary,type_S,MA15_01.csv,5,0.08710801393728224,0.02303523337151369,0.023062590163882624,2.735679236893357e-5,0.11876064777691653,46
meta_analysis_level,k_effect_sizes,influence_check,two_derivations,yang2024_UWLS,own_CRVE,CR2_naive_t,z_1.96,supplementary,type_S,MA15_02.csv,9,0.156794425087108,0.02303523337151369,0.02308452204237045,4.928867085676053e-5,0.21397079014495723,43
meta_analysis_level,k_effect_sizes,influence_check,two_derivations,yang2024_UWLS,own_CRVE,CR2_naive_t,z_1.96,supplementary,type_S,MA15_03.csv,11,0.1916376306620209,0.02303523337151369,0.02309550299272163,6.026962120794094e-5,0.26164102718608806,40
meta_analysis_level,k_effect_sizes,influence_check,two_derivations,yang2024_UWLS,own_CRVE,CR2_naive_t,z_1.96,supplementary,type_S,MA15_04.csv,11,0.1916376306620209,0.02303523337151369,0.023095500923876675,6.026755236298448e-5,0.26163204596620915,42
meta_analysis_level,k_effect_sizes,influence_check,two_derivations,yang2024_UWLS,own_CRVE,CR2_naive_t,z_1.96,supplementary,type_S,MA21.csv,11,0.1916376306620209,0.02303523337151369,0.02289690128086988,-1.3833209064380986e-4,-0.6005239383199745,28
meta_analysis_level,k_effect_sizes,influence_check,two_derivations,yang2024_UWLS,own_CRVE,CR2_naive_t,z_1.96,supplementary,type_S,MA23.csv,24,0.4181184668989547,0.02303523337151369,0.02316712792199057,1.318945504768798e-4,0.5725774440817455,29
meta_analysis_level,k_effect_sizes,influence_check,two_derivations,yang2024_UWLS,own_CRVE,CR2_naive_t,z_1.96,supplementary,type_S,MA24.csv,139,2.421602787456446,0.02303523337151369,0.023820081387298457,7.84848015784767e-4,3.4071632925383843,8
meta_analysis_level,k_effect_sizes,influence_check,two_derivations,yang2024_UWLS,own_CRVE,CR2_naive_t,z_1.96,supplementary,type_S,MA25.csv,43,0.7491289198606271,0.02303523337151369,0.023272591881628404,2.3735851011471437e-4,1.0304150441481585,19
meta_analysis_level,k_effect_sizes,influence_check,two_derivations,yang2024_UWLS,own_CRVE,CR2_naive_t,z_1.96,supplementary,type_S,MA26.csv,459,7.996515679442509,0.02303523337151369,0.02584061897886021,0.002805385607346521,12.178672393290245,6
meta_analysis_level,k_effect_sizes,influence_check,two_derivations,yang2024_UWLS,own_CRVE,CR2_naive_t,z_1.96,supplementary,type_S,MA28_01.csv,84,1.4634146341463414,0.02303523337151369,0.02350338869204814,4.68155320534451e-4,2.032344595706981,13
meta_analysis_level,k_effect_sizes,influence_check,two_derivations,yang2024_UWLS,own_CRVE,CR2_naive_t,z_1.96,supplementary,type_S,MA28_02.csv,84,1.4634146341463414,0.02303523337151369,0.02350338869204814,4.68155320534451e-4,2.032344595706981,13
meta_analysis_level,k_effect_sizes,influence_check,two_derivations,yang2024_UWLS,own_CRVE,CR2_naive_t,z_1.96,supplementary,type_S,MA31.csv,734,12.787456445993032,0.02303523337151369,0.027862220614779283,0.004826987243265593,20.95480069776434,2
meta_analysis_level,k_effect_sizes,influence_check,two_derivations,yang2024_UWLS,own_CRVE,CR2_naive_t,z_1.96,supplementary,type_S,MA32.csv,13,0.2264808362369338,0.02303523337151369,0.023106494123008657,7.126075149496702e-5,0.30935545711940904,38
meta_analysis_level,k_effect_sizes,influence_check,two_derivations,yang2024_UWLS,own_CRVE,CR2_naive_t,z_1.96,supplementary,type_S,MA14_01.csv,104,1.8118466898954704,0.02303523337151369,0.0236175967410183,5.823633695046099e-4,2.528141825664254,11
meta_analysis_level,k_effect_sizes,influence_check,two_derivations,yang2024_UWLS,own_CRVE,CR2_naive_t,z_1.96,supplementary,type_S,MA14_02.csv,167,2.9094076655052263,0.02303523337151369,0.023984517258773992,9.492838872603021e-4,4.121008335145526,7
meta_analysis_level,k_effect_sizes,influence_check,two_derivations,yang2024_UWLS,own_CRVE,CR2_naive_t,z_1.96,supplementary,type_S,MA18.csv,23,0.40069686411149824,0.02303523337151369,0.023161602959749117,1.2636958823542682e-4,0.5485926111419515,30
meta_analysis_level,k_effect_sizes,influence_check,two_derivations,yang2024_UWLS,own_CRVE,CR2_naive_t,z_1.96,supplementary,type_S,MA39_1.csv,37,0.6445993031358885,0.02303523337151369,0.02321352806500232,1.7829469348863008e-4,0.7740086267548518,24
meta_analysis_level,k_effect_sizes,influence_check,two_derivations,yang2024_UWLS,own_CRVE,CR2_naive_t,z_1.96,supplementary,type_S,MA39_2.csv,15,0.2613240418118467,0.02303523337151369,0.02294960424571993,-8.562912579376109e-5,-0.371731097370398,35
meta_analysis_level,k_effect_sizes,influence_check,two_derivations,yang2024_UWLS,own_CRVE,CR2_naive_t,z_1.96,supplementary,type_S,MA17.csv,66,1.1498257839721255,0.02303523337151369,0.023394638056634838,3.59404685121148e-4,1.5602389579677745,17
meta_analysis_level,k_effect_sizes,influence_check,two_derivations,yang2024_UWLS,own_CRVE,CR2_naive_t,z_1.96,supplementary,type_S,MA34.csv,555,9.668989547038327,0.02303523337151369,0.026513190312044986,0.003477956940531296,15.098422857014683,3
meta_analysis_level,k_effect_sizes,influence_check,two_derivations,yang2024_UWLS,own_CRVE,CR2_naive_t,z_1.96,supplementary,type_S,MA41_01.csv,110,1.916376306620209,0.02303523337151369,0.023628188004152673,5.929546326389826e-4,2.574120361950638,10
meta_analysis_level,k_effect_sizes,influence_check,two_derivations,yang2024_UWLS,own_CRVE,CR2_naive_t,z_1.96,supplementary,type_S,MA41_02.csv,184,3.205574912891986,0.02303523337151369,0.019842075374938692,-0.003193157996574998,-13.862060544712296,5
meta_analysis_level,k_effect_sizes,influence_check,two_derivations,yang2024_UWLS,own_CRVE,CR2_naive_t,z_1.96,supplementary,type_S,MA41_03.csv,129,2.2473867595818815,0.02303523337151369,0.023761847423920637,7.266140524069473e-4,3.1543594140683195,9
meta_analysis_level,k_effect_sizes,influence_check,two_derivations,yang2024_UWLS,own_CRVE,CR2_naive_t,z_1.96,supplementary,type_S,MA41_04.csv,104,1.8118466898954704,0.02303523337151369,0.023617466632290224,5.822332607765338e-4,2.5275770007893605,12
meta_analysis_level,k_effect_sizes,influence_check,two_derivations,yang2024_UWLS,own_CRVE,CR2_naive_t,z_1.96,supplementary,type_S,MA43.csv,13,0.2264808362369338,0.02303523337151369,0.023009634737734062,-2.5598633779627677e-05,-0.11112817207783454,47
meta_analysis_level,k_effect_sizes,influence_check,two_derivations,yang2024_UWLS,own_CRVE,CR2_naive_t,z_1.96,supplementary,type_S,MA45_01.csv,28,0.4878048780487805,0.02303523337151369,0.023189253489748658,1.540201182349682e-4,0.668628425642237,27
meta_analysis_level,k_effect_sizes,influence_check,two_derivations,yang2024_UWLS,own_CRVE,CR2_naive_t,z_1.96,supplementary,type_S,MA45_02.csv,11,0.1916376306620209,0.02303523337151369,0.023095502991213004,6.026961969931438e-5,0.26164102063688244,41
meta_analysis_level,k_effect_sizes,influence_check,two_derivations,yang2024_UWLS,own_CRVE,CR2_naive_t,z_1.96,supplementary,type_S,MA47_1.csv,65,1.132404181184669,0.02303523337151369,0.022876520173246144,-1.5871319826754604e-4,-0.6890019115839197,26
meta_analysis_level,k_effect_sizes,influence_check,two_derivations,yang2024_UWLS,own_CRVE,CR2_naive_t,z_1.96,supplementary,type_S,MA47_2.csv,38,0.662020905923345,0.02303523337151369,0.023244747870051284,2.0951449853759407e-4,0.9095392920858814,21
