case,es_type,study_ID,sei,power_base,power_opt,type_M_base,type_M_opt,type_S_base,type_S_opt,power_change_pp
MA09.csv,lnRR,CD001,0.27894200472499653,0.12335751991990473,0.18452990410764225,3.098,2.371,0.02440166301759795,0.0069198020027515265,6.117238418773752
MA09.csv,lnRR,CD001,0.35438543423792124,0.09495536803509763,0.13227127127729843,3.887,2.946,0.05214576122693052,0.019808439045129154,3.73159032422008
MA09.csv,lnRR,CD003,0.5726930399437381,0.06698401230495521,0.08087187506022586,6.214,4.688,0.14273388963895148,0.0824297835593409,1.3887862755270652
MA09.csv,lnRR,CD003,0.5697292558751043,0.0671628209559667,0.08119880672705715,6.208,4.594,0.14159506523757326,0.08148437419007495,1.4035985771090442
MA09.csv,lnRR,CD003,0.5448120675976258,0.06878482164058142,0.08416588410132442,5.896,4.431,0.13185693309536642,0.07354868511069056,1.5381062460743
MA09.csv,lnRR,CD004,0.1954533038861201,0.20226436379850743,0.32605232396464745,2.244,1.735,0.005070486179144606,8.030049304066058e-4,12.378796016614002
MA09.csv,lnRR,CD004,0.10308940294715067,0.5670219077445546,0.8159127415982663,1.325,1.118,3.8257213834779e-5,8.805195629302108e-7,24.88908338537117
MA09.csv,lnRR,CD006,0.09105615849573273,0.6736706623118873,0.8993456218058339,1.223,1.058,9.222345953984898e-6,1.1213999888844458e-7,22.567495949394655
MA09.csv,lnRR,CD006,0.08935629804328288,0.6900230073661743,0.9097839022251814,1.201,1.058,7.291313546568581e-6,7.944915707307345e-8,21.976089485900708
MA09.csv,lnRR,CD006,0.10062664657037916,0.5874089484721742,0.833949367041222,1.303,1.102,2.9463663304252343e-5,6.051341254374393e-7,24.654041856904783
MA09.csv,lnRR,CD006,0.13888888724444443,0.3521930693937473,0.5646640723971881,1.659,1.328,5.680880940897388e-4,3.942163490562967e-5,21.24710030034408
MA09.csv,lnRR,CD006,0.13850705758191528,0.35380780197624695,0.5669662225392608,1.66,1.325,5.562339067028227e-4,3.828433227547493e-5,21.31584205630138
MA09.csv,lnRR,CD006,0.2000461196824372,0.1951917604608019,0.31371110389769874,2.297,1.766,0.005727814120381105,9.488613774597974e-4,11.851934343689685
MA09.csv,lnRR,CD006,0.09401052600639993,0.6459247086267746,0.8802188146113767,1.246,1.068,1.3568798826387694e-5,1.9704739738234592e-7,23.42941059846021
MA09.csv,lnRR,CD006,0.1364940877840502,0.3625152777153947,0.5792754392433629,1.647,1.313,4.967000980354013e-4,3.27136610391637e-5,21.67601615279682
MA09.csv,lnRR,CD006,0.22407245256836014,0.16503806916173835,0.26024224000871643,2.538,1.96,0.009965328809799187,0.0020250133373630186,9.520417084697808
MA09.csv,lnRR,CD006,0.19229251155466248,0.20742848017991455,0.3350110958541379,2.216,1.712,0.0046462272994292385,7.12437582959162e-4,12.758261567422336
MA09.csv,lnRR,CD010,0.07453794335772888,0.8374757250439863,0.9769978023351832,1.098,1.015,5.604622948820575e-7,1.6955495097120565e-9,13.952207729119692
MA09.csv,lnRR,CD010,0.07950293076358883,0.7882252231536709,0.9597975901975502,1.138,1.028,1.4945618973423345e-6,7.51442842676444e-9,17.157236704387923
MA09.csv,lnRR,CD010,0.03144194650462977,0.9999997409305565,0.99999999999994,1.001,1,1.9564589550450975e-19,4.3195332058163166e-30,2.5906938350139797e-5
MA09.csv,lnRR,CD010,0.056278272894608274,0.9737710393961814,0.999478509650539,1.018,1,2.3869337067224556e-9,3.043361565263548e-13,2.57074702543576
MA09.csv,lnRR,CD010,0.49272014572168654,0.07301737811013298,0.09191952918424384,5.4,4.042,0.11064016312871634,0.05721297367781843,1.8902151074110862
MA09.csv,lnRR,CD010,0.39109306309368363,0.08677852279645581,0.11721043037668466,4.264,3.246,0.06741101621850684,0.028374487834861482,3.0431907580228845
MA09.csv,lnRR,CD010,0.11232233526774628,0.4975567396279005,0.7469175302285352,1.406,1.159,9.134279225897432e-5,3.042822418774849e-6,24.936079060063477
MA09.csv,lnRR,CD010,0.142663176748592,0.3368393469601114,0.5424712708198227,1.704,1.366,6.953490156346596e-4,5.217682684293317e-5,20.563192385971128
MA09.csv,lnRR,CD010,0.09017919383094972,0.6820742048971146,0.9047867123464137,1.219,1.061,8.179584142752475e-6,9.405699589309587e-8,22.271250744929915
MA09.csv,lnRR,CD010,0.09259238089605429,0.6591299226314075,0.8895451715673667,1.229,1.067,1.1311210657193164e-5,1.5114020639888803e-7,23.04152489359592
MA09.csv,lnRR,CD010,0.03464625520889668,0.9999938995916504,0.9999999999711358,1.001,1.001,5.479940484016101e-17,5.96787066817622e-26,6.100379485340923e-4
MA09.csv,lnRR,CD010,0.0544480761827266,0.9807938090515312,0.9997246064186309,1.014,1.002,1.067419254561176e-9,8.238919290732518e-14,1.8930797367099683
MA09.csv,lnRR,CD010,0.6292884076478765,0.06404404249000972,0.07550125032290245,6.818,5.084,0.16364507709385623,0.10041528772090706,1.1457207832892724
MA09.csv,lnRR,CD010,0.37663205917712317,0.08970980213167012,0.1226080272214286,4.131,3.113,0.06132258189169007,0.02484649844228159,3.289822508975848
MA09.csv,lnRR,CD010,0.1466820950218533,0.3216367934652047,0.5199624292776652,1.74,1.379,8.521745321640355e-4,6.914316857754499e-5,19.832563581246056
MA09.csv,lnRR,CD010,0.19908297516362367,0.1966344448125611,0.31623508098662145,2.264,1.758,0.00558593622382612,9.168312778261724e-4,11.960063617406036
MA09.csv,lnRR,CD011,0.06562289234710704,0.9168358573727347,0.9943405089414712,1.051,1,6.177555320822392e-8,5.527863959760157e-11,7.750465156873654
MA09.csv,lnRR,CD011,0.07825269963394234,0.8007707689442776,0.9646647569216993,1.124,1.019,1.1832873048193336e-6,5.282211485748698e-9,16.38939879774217
MA09.csv,lnRR,CD013,0.0693119614496661,0.8861132548347609,0.9890925635563081,1.069,1.002,1.6696380849168333e-7,2.619369079651028e-10,10.297930872154726
MA09.csv,lnRR,CD013,0.06908483914723983,0.8881070919875171,0.98948818209495,1.07,1.003,1.5762552105971232e-7,2.3950459351866355e-10,10.13810901074329
MA09.csv,lnRR,CD013,0.021960737692527543,0.9999999999999996,1,1,1,3.143900425536641e-33,1.0337024436790104e-53,4.440892098500626e-14
MA09.csv,lnRR,CD013,0.02254579783462985,0.9999999999999962,1,0.999,1,6.891731881486873e-32,2.1163872669072305e-51,3.774758283725532e-13
MA09.csv,lnRR,CD015,0.38142257143488506,0.0887009992760619,0.12075019008869492,4.164,3.167,0.06333091917682908,0.02599433506026356,3.204919081263302
MA09.csv,lnRR,CD015,0.28959502412852334,0.11793110919720506,0.1745680644958213,3.228,2.445,0.027868068005505123,0.008309827377671617,5.663695529861624
MA09.csv,lnRR,CD015,0.6226703333225375,0.06434654209211155,0.07605341359447637,6.742,5.061,0.1612832685435438,0.09832563095147792,1.1706871502364824
MA09.csv,lnRR,CD015,0.3232793590689019,0.10423100782915629,0.14936060804952145,3.545,2.707,0.03991378996099954,0.013657139508507372,4.512960022036516
MA09.csv,lnRR,CD030,0.3385738530955986,0.09934376219912233,0.14035701994708893,3.779,2.843,0.045821864303086636,0.01654381043447565,4.10132577479666
MA09.csv,lnRR,CD030,0.48756115513851184,0.0735130078287265,0.09282843616425707,5.293,3.979,0.10848490750190619,0.05562953936687839,1.9315428335530571
MA09.csv,lnRR,CD030,0.3503929808086914,0.09600638037479814,0.13420776622729658,3.855,2.9,0.05053095388901115,0.018958234607358827,3.8201385852498437
MA09.csv,lnRR,CD030,0.14949373565470894,0.3116534298536614,0.5048958127952708,1.771,1.4,9.758798341054297e-4,8.339232743612108e-5,19.324238294160946
MA09.csv,lnRR,CD030,0.21150003546098994,0.17952355801979214,0.2860916671194015,2.42,1.853,0.007580329585579873,0.0013924934260491786,10.656810909960935
MA09.csv,lnRR,CD031,0.3502283612159358,0.09605050661968062,0.1342890701292373,3.876,2.925,0.050464615868139905,0.018923546975500728,3.823856350955668
MA09.csv,lnRR,CD031,0.39406347712012085,0.08621678337270278,0.11617633132740579,4.295,3.257,0.0686701738044054,0.02912186683196477,2.9959547954703014
MA09.csv,lnRR,CD033,0.21234222848976603,0.17847119170201853,0.28422347564675343,2.417,1.859,0.0077286125661204085,0.0014299123850247237,10.575228394473491
MA09.csv,lnRR,CD033,0.06323268142345381,0.9345426619681011,0.9965591691918967,1.037,1.002,3.007761992446922e-8,1.7726245371085227e-11,6.20165072237956
MA09.csv,lnRR,CD042,0.16666666733333332,0.2605458691891469,0.424344521929919,1.944,1.529,0.0020159199944541246,2.2661330188581403e-4,16.37986527407721
MA09.csv,lnRR,CD042,0.593121302095954,0.06582434697656292,0.07875234712149215,6.377,4.815,0.15046677505517542,0.08894369573842001,1.292800014492923
MA09.csv,lnRR,CD042,0.4,0.08513209740929284,0.11417984008068538,4.346,3.306,0.07119346549532002,0.03063750446513021,2.904774267139254
MA09.csv,lnRR,CD042,1.0164353034010576,0.055356616728457486,0.059692493377757394,10.877,8.035,0.26704605287693095,0.20478119021824115,0.4335876649299908
MA09.csv,lnRR,CD045,0.06081427464008759,0.9503764927050448,0.9980610725849932,1.037,1.003,1.3522312683837252e-8,4.96273293184144e-12,4.768457987994845
MA09.csv,lnRR,CD045,0.05983923462077369,0.956118036580164,0.998496022152637,1.027,1.005,9.575969900302276e-9,2.8563274539888297e-12,4.237798557247297
MA09.csv,lnRR,CD045,0.0764553595243656,0.8186684040571148,0.9710304228353529,1.111,1.018,8.329204206775305e-7,3.1019371873245334e-9,15.236201877823808
MA09.csv,lnRR,CD045,0.058250450642033665,0.9646451973829198,0.9990366508406663,1.027,0.999,5.290140470356836e-9,1.1006556061175321e-12,3.4391453457746524
MA09.csv,lnRR,CD046,0.04701831558020768,0.9966083839037951,0.999991851426581,1.005,1.001,1.7160316560978657e-11,9.336418627832724e-17,0.33834675227858435
MA09.csv,lnRR,CD046,0.051830473661736876,0.9885162365735718,0.9999035809034857,1.006,1,2.968722125761894e-10,1.0195832094556328e-14,1.138734432991395
MA09.csv,lnRR,CD046,0.03471692670729942,0.9999935287363105,0.9999999999675908,1,1.001,6.107171317960653e-17,7.165097736606905e-26,6.471231280280598e-4
MA09.csv,lnRR,CD046,0.1104665062360533,0.5106439362459858,0.7608116880317464,1.395,1.153,7.764501679882026e-5,2.4166509747295176e-6,25.016775178576054
MA09.csv,lnRR,CD046,0.07608125261849992,0.8223650271052683,0.9722613566217968,1.111,1.016,7.723606638518562e-7,2.7654766966274366e-9,14.989632951652855
MA09.csv,lnRR,CD046,0.10860782660563648,0.5241880453588124,0.7747522504944693,1.379,1.142,6.559457769406566e-5,1.9015951123885723e-6,25.05642051356569
MA09.csv,lnRR,CD046,0.08495630053150854,0.7333913193909328,0.9345171821397049,1.177,1.04,3.7806236621834287e-6,3.011214105608806e-8,20.11258627487721
MA09.csv,lnRR,CD046,0.0974359174021572,0.6149668441351492,0.8567504705394838,1.278,1.087,2.0563259660883516e-5,3.601911545741723e-7,24.17836264043346
MA09.csv,lnRR,CD046,0.2449062902417984,0.14582769232256287,0.22555779266317466,2.735,2.105,0.014709248043813277,0.0034522524555971237,7.973010034061179
MA09.csv,lnRR,CD046,0.2213345363923127,0.16798089928820492,0.2655164985346784,2.483,1.927,0.00941475913590424,0.0018734168903303515,9.753559924647348
MA09.csv,lnRR,CD046,0.2242745148250242,0.16482520628871355,0.25986030831064577,2.521,1.952,0.010006644978623374,0.00203651761424525,9.503510202193223
MA09.csv,lnRR,CD046,0.28335557167629505,0.12103324735505216,0.18026498506038058,3.17,2.414,0.025815168812267197,0.007477901297116703,5.923173770532841
MA09.csv,lnRR,CD048,1.108056940775157,0.05450513787060851,0.05814869432163605,11.785,8.928,0.2837072027386313,0.22366689805520362,0.3643556451027541
MA09.csv,lnRR,CD048,0.12668310858200474,0.41004611608603825,0.6433000971646187,1.547,1.252,2.710778050531645e-4,1.4063523694710865e-5,23.325398107858042
MA09.csv,lnRR,CD068,0.12644738036036968,0.41130051716374094,0.644916565197789,1.543,1.244,2.668389284436629e-4,1.3756921095212923e-5,23.361604803404802
MA09.csv,lnRR,CD068,0.11675268305268192,0.4680310439159303,0.7140391999322488,1.455,1.192,1.3167785653731034e-4,5.102362712733991e-6,24.600815601631854
MA09.csv,lnRR,CD068,0.11907241914062215,0.4535043526004837,0.6970837379293024,1.477,1.202,1.5765209071551508e-4,6.575160624295423e-6,24.357938532881874
MA09.csv,lnRR,CD068,0.1326628923248698,0.38003158544645876,0.6034961419367759,1.603,1.285,3.964837935050752e-4,2.390885498907512e-5,22.346455649031714
MA09.csv,lnRR,CD068,0.14451041138962964,0.3297106226153931,0.5319822513370975,1.721,1.365,7.645983968699298e-4,5.9508730902011136e-5,20.227162872170446
MA09.csv,lnRR,CD069,0.047603896899308565,0.9959741051208246,0.9999884831645263,1,1.001,2.529016066896425e-11,1.7724157298477658e-16,0.40143780437016385
MA09.csv,lnRR,CD069,0.06085550920007161,0.9501253325103793,0.9980407281107829,1.032,1.001,1.3716946796626538e-8,5.077393584538042e-12,4.791539560040359
MA09.csv,lnRR,CD069,0.06236799660082084,0.9404568415409311,0.9971726415044421,1.039,1.001,2.279905120889643e-8,1.1415105363848339e-11,5.671579996351095
MA09.csv,lnRR,CD083,0.34597693275708424,0.09721249971318968,0.13643009384172144,3.836,2.888,0.04875842304296403,0.018037959223539235,3.9217594128531763
MA09.csv,lnRR,CD083,0.3860805006731109,0.08775661535828327,0.11901121574843498,4.224,3.185,0.06529218962641872,0.027130459778509475,3.125460039015171
MA09.csv,lnRR,CD083,0.7042794118813924,0.06119476947927227,0.07030559056277697,7.558,5.688,0.1888511943943969,0.12360014551135096,0.9110821083504694
MA09.csv,lnRR,CD083,0.7542637628840457,0.05975225983121646,0.06767897092995911,8.113,6.05,0.20410517345322418,0.13838307385060178,0.7926711098742656
MA09.csv,lnRR,CD085,0.11248382994901979,0.49643827365066473,0.7457107594909641,1.408,1.166,9.261844071325577e-5,3.103190255179103e-6,24.927248584029936
MA09.csv,lnRR,CD085,0.1269112997333177,0.4088371518201611,0.641738593872396,1.557,1.257,2.752291950665063e-4,1.4365605194698926e-5,23.290144205223484
MA09.csv,lnRR,CD085,0.13416811096531098,0.3729977847128061,0.5938573487114416,1.62,1.295,4.3388205976050304e-4,2.710574504205529e-5,22.085956399863548
MA09.csv,lnRR,CD085,2.6553736531795296,0.050782729244292946,0.05141330448823156,28.288,21.222,0.4045804311731941,0.37305064032411445,0.06305752439386136
MA09.csv,lnRR,CD085,3.309897637390015,0.05050368603067357,0.05090933755355531,35.125,26.301,0.42311480551512426,0.3973587122900153,0.04056515228817448
MA09.csv,lnRR,CD085,5.661590473533034,0.0501721171763897,0.0503106840466917,59.966,44.885,0.4548159083216964,0.4394289472783043,0.013856687030200376
MA09.csv,lnRR,CD085,0.46652043149255534,0.07571029967930387,0.09686009364447923,5.082,3.823,0.0996168249286928,0.04926770428004849,2.1149793965175356
MA09.csv,lnRR,CD085,0.3919457258345854,0.08661594117180083,0.11691112574061346,4.27,3.26,0.06777220548313216,0.028588259916988715,3.029518456881264
MA09.csv,lnRR,CD085,0.34906463441603475,0.09636426535702203,0.13486718163892253,3.822,2.929,0.04999622964720119,0.018679173266231714,3.85029162819005
MA09.csv,lnRR,CD085,0.12379148193635942,0.42582747990155034,0.6633599365376134,1.525,1.229,2.2245382183049833e-4,1.066353268251465e-5,23.753245663606304
MA09.csv,lnRR,CD085,0.11941815607352176,0.45139244778733734,0.6945759830821306,1.478,1.202,1.6183722974701326e-4,6.822047727474508e-6,24.31835352947933
MA09.csv,lnRR,CD085,0.11079941335584768,0.5082644084683136,0.7583164419689797,1.396,1.154,7.99753629299934e-5,2.5202400254697474e-6,25.00520335006662
MA09.csv,lnRR,CD085,0.9279631328883707,0.0564307454625953,0.061641536782014006,9.894,7.415,0.24862335433284818,0.1845033161806713,0.5210791319418706
MA09.csv,lnRR,CD085,2.71607055854593,0.05074812058048783,0.05135079201768755,28.742,21.489,0.4066624686983664,0.3757683324113692,0.060267143719971994
MA09.csv,lnRR,CD085,7.886382086863406,0.05008869994156673,0.05016010329487963,83.682,62.496,0.46751976034863485,0.45641293364098007,0.007140335331290437
MA09.csv,lnRR,CD085,0.2614050056904037,0.13381548353878603,0.20367573572293352,2.918,2.234,0.01912671996341881,0.004950176791125618,6.986025218414749
MA09.csv,lnRR,CD085,0.25815056459361074,0.1359999587775994,0.2076645654766296,2.901,2.207,0.01821165429183714,0.004627848501545881,7.166460669903019
MA09.csv,lnRR,CD085,0.21230963708696785,0.17851168141318763,0.2842953835002082,2.407,1.855,0.007722843505823594,0.0014284515802611797,10.57837020870206
MA09.csv,lnRR,CD092,0.00425440947723653,1,1,1,1,0,0,0
MA09.csv,lnRR,CD092,0.08467734643929273,0.7361795582991253,0.9359625139914378,1.177,1.037,3.6171142500889565e-6,2.8198200311491846e-8,19.978295569231253
MA09.csv,lnRR,CD093,0.15076330787031703,0.3073116780168471,0.49827361475609744,1.79,1.415,0.0010356966906582567,9.053432391193533e-5,19.096193673925033
MA09.csv,lnRR,CD093,0.08959204205731668,0.6877397785810847,0.9083633383332569,1.214,1.057,7.537235849887467e-6,8.341699737004381e-8,22.06235597521722
MA09.csv,lnRR,CD108,0.19967414204147718,0.19574646404363727,0.31468195288961887,2.287,1.767,0.005672764913706621,9.363985346280501e-4,11.89354888459816
MA09.csv,lnRR,CD108,0.28739967118979104,0.11899903852564686,0.1765298316431464,3.196,2.455,0.02713863606279396,0.008011382658668527,5.7530793117499535
MA09.csv,lnRR,CD113,0.14489352642544112,0.32826256321705594,0.5298373951849468,1.717,1.368,7.795572283169466e-4,6.112641525966e-5,20.157483196789084
MA09.csv,lnRR,CD116,0.10360106659682611,0.562884437076212,0.81213032704997,1.329,1.119,4.032280379017493e-5,9.49427120287153e-7,24.924588997375796
MA09.csv,lnRR,CD116,0.07101180183603287,0.8708306916811673,0.985801472645694,1.078,1.011,2.5333513134866336e-7,5.000227525475688e-10,11.497078096452661
MA09.csv,lnRR,CD116,0.09291584364358965,0.6560990099231413,0.8874405077276287,1.244,1.078,1.1796913414366947e-5,1.6070218861668827e-7,23.134149780448745
MA09.csv,lnRR,CD116,0.2735442944022046,0.12635815925950844,0.19003104621755573,3.067,2.311,0.022718490222710164,0.006271463908938667,6.36728869580473
MA09.csv,lnRR,CD116,0.12714856664547972,0.4075856397757439,0.6401184285783476,1.549,1.257,2.795961824764903e-4,1.4685285374390184e-5,23.253278880260364
MA09.csv,lnRR,CD116,0.07449428837165974,0.8378994545076501,0.9771238226523757,1.099,1.016,5.552766596220987e-7,1.671618335046589e-9,13.922436814472562
MA09.csv,lnRR,CD116,0.08656488318019034,0.7173897411137692,0.9258860257003856,1.188,1.046,4.848316002931828e-6,4.35339625695941e-8,20.84962845866164
MA09.csv,lnRR,CD116,0.23179183549038132,0.1573033169463135,0.24632812568887175,2.602,2.009,0.011609942971793569,0.002496182914776309,8.902480874255826
MA09.csv,lnRR,CD116,0.09569296734870332,0.6305479205411295,0.8688442981131769,1.262,1.079,1.671027349361011e-5,2.666855197009859e-7,23.829637757204736
MA09.csv,lnRR,CD116,0.05936265661171171,0.958784751757068,0.9986785340792445,1.027,0.997,8.048046651004458e-9,2.1611889154717103e-12,3.989378232217644
MA09.csv,lnRR,CD116,0.10382409161654149,0.5610916005176502,0.8104785339553042,1.34,1.115,4.125051721069132e-5,9.808640416354277e-7,24.938693343765404
MA09.csv,lnRR,CD116,0.27699486637842224,0.12441927090097471,0.1864770880148835,3.079,2.344,0.02378861105804211,0.006681587523973079,6.205781711390879
MA09.csv,lnRR,CD120,0.2904922993815843,0.11750174862060836,0.17377917640255092,3.243,2.464,0.028168376158758245,0.008433595550247376,5.627742778194255
MA09.csv,lnRR,CD123,0.04616840911272555,0.9973907060141317,0.9999951960256614,1.005,0.997,9.548279606656359e-12,3.5384388841870143e-17,0.26044900115297365
MA09.csv,lnRR,CD123,0.02931612184447322,0.9999999835797713,0.9999999999999998,1,0.999,1.768474283355931e-21,1.4536666646174174e-33,1.642022851022773e-6
MA09.csv,lnRR,CD123,0.07769259939016071,0.8063692410117237,0.966728630675097,1.121,1.023,1.062771090282091e-6,4.48973653006593e-9,16.035938966337326
MA09.csv,lnRR,CD123,0.06826638264914876,0.8951891113044343,0.9908310496738301,1.063,1.004,1.2761613731537976e-7,1.7234101339983745e-10,9.564193836939571
MA09.csv,lnRR,CD123,0.03798383866857061,0.9999325713815514,0.9999999967194539,1.001,0.999,5.076140357613888e-15,1.218185165917985e-22,0.006742533790249361
MA09.csv,lnRR,CD123,0.0338565503263401,0.9999969328579601,0.9999999999925044,0.999,0.998,1.5646471457858805e-17,7.190845574598244e-27,3.067134544343375e-4
MA09.csv,lnRR,CD123,0.06675427327145432,0.9078154351280439,0.9929860884961805,1.06,1.008,8.498589515741052e-8,9.124330131951225e-11,8.517065336813667
MA09.csv,lnRR,CD123,0.039279154777057006,0.9998565740993614,0.9999999853717361,1.001,0.999,2.2303705314272736e-14,1.4572172470583166e-21,0.014341127237471607
MA09.csv,lnRR,CD123,0.07774424737560973,0.805853693003326,0.9665413495459161,1.118,1.022,1.0734300005184332e-6,4.558104382007699e-9,16.06876565425901
MA09.csv,lnRR,CD123,0.01632831895817815,1,1,1,1,8.231383685325402e-54,2.006369096465551e-89,0
MA09.csv,lnRR,CD123,0.03965991679265099,0.9998237148826,0.9999999779717041,1.002,1.001,3.361730087651454e-14,2.896549214112017e-21,0.01762630891041228
MA09.csv,lnRR,CD123,0.04953752113297556,0.9932434309476523,0.9999671728204685,1.004,0.996,8.35729628068016e-11,1.2722215409018754e-15,0.6723741872816213
MA09.csv,lnRR,CD123,0.046122521613632526,0.9974286032411462,0.9999953354596098,1,1,9.243213572540335e-12,3.353156971845133e-17,0.25667322184635966
MA09.csv,lnRR,CD123,0.04591332050723406,0.9975960474225414,0.9999959266525613,1.001,0.999,7.962601896500125e-12,2.6191029868035098e-17,0.23998792300199412
MA09.csv,lnRR,CD123,0.03796832890712995,0.9999332132662501,0.9999999967809323,1,0.999,4.982800071015185e-15,1.180825547466726e-22,0.006678351468225596
MA09.csv,lnRR,CD141,0.8397849986752561,0.05785860642778584,0.06423504415180625,9.046,6.732,0.22755631989042352,0.16214761094534014,0.6376437724020412
MA09.csv,lnRR,CD144,0.3326500864271645,0.10115501325980791,0.14369413154609623,3.687,2.768,0.043506580929958724,0.015393201969772502,4.253911828628832
MA09.csv,lnRR,CD144,0.280428325958702,0.12256223590171234,0.18307095503937554,3.129,2.388,0.024874008096078194,0.007104936723493208,6.05087191376632
MA09.csv,lnRR,CD144,0.19474430415290714,0.20340095242665857,0.3280279320793966,2.229,1.734,0.004973334951657105,7.820107547713769e-4,12.462697965273806
MA09.csv,lnRR,CD144,0.48738763833318544,0.07352995591348943,0.09285951958816763,5.354,3.962,0.10841227496056846,0.05557642839611607,1.9329563674678196
MA09.csv,lnRR,CD148,0.23751578684373803,0.15205620952869725,0.23684890702595218,2.679,2.063,0.012916139705168132,0.0028887704450002985,8.479269749725493
MA09.csv,lnRR,CD148,0.18716811694303068,0.2163601403933052,0.35039799630257407,2.15,1.664,0.0040065057691918825,5.815841598314518e-4,13.403785590926887
MA09.csv,lnRR,CD148,0.25896155120017333,0.1354477149475687,0.2066565453459298,2.901,2.194,0.01843772878244719,0.0047069204314207505,7.120883039836112
MA09.csv,lnRR,CD148,0.22271449211939487,0.16648390275873803,0.2628349150773055,2.534,1.934,0.009690097773674333,0.0019488304137844923,9.635101231856746
MA09.csv,lnRR,CD148,0.21354390415087948,0.17699134444896725,0.28159373499920537,2.425,1.863,0.007943052194138572,0.0014844954244043636,10.460239055023813
MA09.csv,lnRR,CD148,0.2108883614616985,0.180295869266221,0.28746168311187703,2.401,1.856,0.007473670675329237,0.0013657444436308574,10.716581384565604
MA09.csv,lnRR,CD148,0.11842237541951267,0.4575121382332803,0.701812902208313,1.469,1.196,1.5000855881398638e-4,6.1309410849989885e-6,24.430076397503274
MA09.csv,lnRR,CD148,0.2102944435785216,0.1810522772516141,0.2888026510069531,2.395,1.836,0.0073709431252560334,0.0013401141681364036,10.775037375533902
MA09.csv,lnRR,CD148,0.30610482681591283,0.11063813949713919,0.161157305698155,3.412,2.581,0.03358446252024977,0.010752320118783729,5.051916620101582
MA09.csv,lnRR,CD148,0.31967824918189225,0.10548738076774289,0.1516746022568246,3.525,2.673,0.0385578156653306,0.013017986883890201,4.618722148908172
MA09.csv,lnRR,CD148,0.2838323078861883,0.12078880845020856,0.17981627250623755,3.198,2.413,0.025969797999690573,0.0075396917427717905,5.902746405602899
MA09.csv,lnRR,CD148,0.2941924251234216,0.11577345887174029,0.17060280587416454,3.231,2.494,0.0294198418769041,0.008954931827655804,5.482934700242426
MA09.csv,lnRR,CD148,0.45370246417668925,0.07720377504397369,0.09960224935402873,4.92,3.729,0.09416473945780385,0.04548170316641835,2.239847431005504
MA09.csv,lnRR,CD148,0.4615585921635519,0.07627344514203704,0.09789390934527731,5.031,3.831,0.0975100173530996,0.047793231776737895,2.1620464203240264
MA09.csv,lnRR,CD148,0.5104137586311717,0.07143173358503052,0.0890130033475891,5.554,4.184,0.11796438777229715,0.06270043755774271,1.7581269762558582
MA09.csv,lnRR,CD148,0.5155977463100474,0.07099821384410643,0.08821870863787029,5.619,4.208,0.12008879328161173,0.0643224374103282,1.7220494793763863
MA09.csv,lnRR,CD148,0.44561987500559264,0.07821360609551575,0.10145718307442464,4.868,3.688,0.09071308687506123,0.04313536893268962,2.3243576978908886
MA09.csv,lnRR,CD148,0.4419760468622706,0.0786873947564054,0.10232768198468234,4.778,3.658,0.08915445278831621,0.04208889559152706,2.3640287228276935
MA09.csv,lnRR,CD148,0.21699939631252432,0.17287352431513014,0.27426006949611637,2.462,1.884,0.00857842687165593,0.001649400085402192,10.138654518098623
MA09.csv,lnRR,CD148,0.20083784752879622,0.1940213791348735,0.3116610782175573,2.31,1.776,0.005846048990259373,9.757778611236764e-4,11.763969908268379
MA09.csv,lnRR,CD159,0.27433128148280866,0.1259093487431996,0.1892085991912501,3.075,2.332,0.022960702454025646,0.006363650658924372,6.3299250448050515
MA09.csv,lnRR,CD159,0.24010916059159426,0.14980369601339016,0.23277024246604494,2.706,2.065,0.013531819005387115,0.003079135153672612,8.296654645265477
MA09.csv,lnRR,CD159,0.2553436429598356,0.13795305231720556,0.2112275053967405,2.876,2.175,0.017439323303092318,0.004360547778503738,7.327445307953495
MA09.csv,lnRR,CD159,0.2130289440428225,0.17762241393031375,0.2827155478160793,2.416,1.87,0.00785074512463066,0.0014609321888031537,10.509313388576558
MA09.csv,lnRR,CD159,0.1556938084831892,0.2913697180845186,0.4736006782363139,1.821,1.442,0.0012925242930025215,1.2290171952383306e-4,18.22309601517953
MA09.csv,lnRR,CD159,0.1459826188284071,0.32420190750664934,0.5237972813236956,1.74,1.377,8.232245716420073e-4,6.591513330238795e-5,19.959537381704628
MA09.csv,lnRR,CD159,0.14684786004569492,0.321033748126173,0.5190587095641266,1.739,1.395,8.591401499493996e-4,6.992607198129147e-5,19.802496143795356
MA09.csv,lnRR,CD159,0.15550333115403026,0.29195957481895374,0.474523502902634,1.838,1.433,0.0012818557736892398,1.2150530868532975e-4,18.256392808368027
MA09.csv,lnRR,CD160,0.014433745182730641,1,1,0.999,1,2.481845161404966e-66,2.7067914151807692e-111,0
MA09.csv,lnRR,CD160,0.019774377360614923,1,1,1,1,2.8790857386372617e-39,3.7897383243725424e-64,0
MA09.csv,lnRR,CD161,0.21994774379383844,0.16951418700758458,0.26826005564828515,2.501,1.91,0.009142485620608308,0.0017996426401533058,9.874586864070057
MA09.csv,lnRR,CD170,0.11723397545080522,0.46496549527292086,0.7105038759241974,1.459,1.188,1.367739914668017e-4,5.382949848081644e-6,24.553838065127653
MA09.csv,lnRR,CD174,0.436663710422563,0.07939986662042275,0.10363695674721951,4.747,3.625,0.08688006389986577,0.040576583101867195,2.4237090126796756
MA09.csv,lnRR,CD174,0.3279490554949046,0.10266443751322307,0.14647489973810168,3.639,2.74,0.04169297797932395,0.014509226883341891,4.381046222487861
MA09.csv,lnRR,CD174,0.39134483770710454,0.08673040286209088,0.11712184313711016,4.289,3.224,0.0675176464076256,0.028437546094341584,3.0391440275019277
MA09.csv,lnRR,CD174,0.2951399600189713,0.11534154259470786,0.1698087868358955,3.276,2.502,0.02974364567573874,0.009091266313372882,5.446724424118765
MA09.csv,lnRR,CD180,0.11086346106810846,0.5078082189829188,0.7578364939568891,1.393,1.154,8.042991053394441e-5,2.540590083573042e-6,25.00282749739703
MA09.csv,lnRR,CD180,0.14154763509151258,0.3412648780464109,0.5489240855828903,1.687,1.349,6.557865674734544e-4,4.8108284180760535e-5,20.765920753647936
MA09.csv,lnRR,CD180,0.10755322403349887,0.5320694979319642,0.782659309167128,1.374,1.133,5.94438157214173e-5,1.6528670103487595e-6,25.05898112351638
MA09.csv,lnRR,CD180,0.1210087310899507,0.4418505514423804,0.6831104208027283,1.488,1.21,1.821982103421034e-4,8.058584770504746e-6,24.125986936034792
MA09.csv,lnRR,CD180,0.20326983298069587,0.19051163977346774,0.3055004977884197,2.331,1.793,0.006218328543573464,0.0010618287941064268,11.498885801495195
MA09.csv,lnRR,CD180,0.16134795009543815,0.2747436661251783,0.44728142830157436,1.895,1.481,0.0016379166891067741,1.703099205181432e-4,17.253776217639604
MA09.csv,lnRR,CD180,0.11688174793354178,0.4672062990806376,0.7130903185157815,1.451,1.193,1.3302983504074402e-4,5.17638739535939e-6,24.58840194351439
MA09.csv,lnRR,CD180,0.1358477640596267,0.36538196434640846,0.5832889457106942,1.632,1.306,4.786158736221425e-4,3.106983489597843e-5,21.790698136428578
MA09.csv,lnRR,CD180,0.1372904111728128,0.35903106203045143,0.5743713518476362,1.662,1.312,5.19663772412411e-4,3.4833984952344874e-5,21.53402898171848
MA09.csv,lnRR,CD180,0.11414266511694915,0.485136307242512,0.7333455346808639,1.431,1.178,1.0654163646400473e-4,3.783360861623915e-6,24.820922743835194
MA09.csv,lnRR,CD180,0.17383501373428772,0.2433565506192613,0.39602531765541893,2.024,1.572,0.002612285572282034,3.235077656495116e-4,15.266876703615761
MA09.csv,lnRR,CD180,0.1411570154119164,0.3428364866687461,0.5512047466679796,1.684,1.341,6.4232606599745e-4,4.6744732730245394e-5,20.83682599992335
MA09.csv,lnRR,CD180,0.1354849991696498,0.3670063718561155,0.5855546078271185,1.636,1.305,4.686799944044587e-4,3.0176636843798207e-5,21.854823597100303
MA09.csv,lnRR,CD180,0.15981099461551448,0.2790990824306617,0.45423316808136704,1.863,1.479,0.0015384285607755565,1.5623337987186403e-4,17.51340856507053
MA09.csv,lnRR,CD180,0.1443452735630786,0.3303379803262406,0.5329100021371774,1.719,1.364,7.582144444386759e-4,5.8821954183558255e-5,20.25720218109368
MA09.csv,lnRR,CD180,0.13620757321089016,0.36378175798740753,0.5810509604822017,1.638,1.313,4.886226695124275e-4,3.197657106088174e-5,21.72692024947942
MA09.csv,lnRR,CD180,0.16413654072143716,0.2671357567855853,0.4350426691673268,1.925,1.508,0.0018294725261899206,1.9830387303066343e-4,16.790691238174148
MA09.csv,lnRR,CD180,0.13652730496131535,0.3623688907149364,0.579069971188793,1.649,1.314,4.976428466374109e-4,3.279998862484708e-5,21.67010804738566
MA09.csv,lnRR,CD180,0.07844364218979126,0.7988586809744755,0.9639446273526718,1.126,1.019,1.2269289445129475e-6,5.579460297591379e-9,16.50859463781963
MA09.csv,lnRR,CD180,0.09590211155131048,0.6286592179964083,0.8674088469708721,1.262,1.08,1.713896082701152e-5,2.7666709027505974e-7,23.874962897446373
MA09.csv,lnRR,CD180,0.08377275810190327,0.7452429555848581,0.9405411930434959,1.163,1.037,3.126865621592394e-6,2.2705371608638412e-8,19.529823745863784
MA09.csv,lnRR,CD180,0.4072329579000206,0.08387529392696325,0.11186707491845438,4.48,3.371,0.07427780461913722,0.0325221748641575,2.7991780991491133
MA09.csv,lnRR,CD180,0.3884798733525329,0.08728361172895727,0.11814032479590209,4.239,3.217,0.06630541801627916,0.0277232159377881,3.085671306694482
MA09.csv,lnRR,CD180,0.5648333568407589,0.06746445752946151,0.08175038777249999,6.091,4.587,0.13970460902034287,0.07992295307113667,1.428593024303848
MA09.csv,lnRR,CD180,0.5168192875657797,0.07089798047821749,0.08803508368177537,5.63,4.248,0.12058787852329116,0.0647054493332248,1.713710320355788
MA09.csv,lnRR,CD180,0.4911141863151583,0.0731699667195328,0.09219933269722569,5.34,3.997,0.10997014037836245,0.0567191768550434,1.9029365977692891
MA09.csv,lnRR,CD180,0.6074271223776561,0.065081671085087,0.07739569317409234,6.551,4.917,0.1557585702829316,0.09349475798003691,1.2314022089005339
MA09.csv,lnRR,CD180,0.3989441640129606,0.08532141092438161,0.11452826457473164,4.371,3.335,0.07074408459354198,0.030365841413873915,2.920685365035003
MA09.csv,lnRR,CD180,0.3640532928020292,0.09255498912883775,0.12784888547669027,3.998,3.059,0.05609969845696009,0.02193675780050425,3.5293896347852516
MA09.csv,lnRR,CD180,0.8008818826768402,0.05864451681621141,0.0656637635099454,8.582,6.467,0.21728373801690748,0.15158747351039975,0.7019246693733994
MA09.csv,lnRR,CD180,0.30002835032709824,0.11317940001418669,0.16583278848884508,3.303,2.517,0.03143506373173004,0.009812890443503055,5.26533884746584
MA09.csv,lnRR,CD180,0.25367785476860216,0.13914359388487185,0.2133977298168369,2.859,2.177,0.016988495463687723,0.004206573214307225,7.425413593196506
MA09.csv,lnRR,CD180,0.2991870535300617,0.1135437916970885,0.16650300831752796,3.338,2.504,0.031141516115037876,0.009686522857793726,5.295921662043945
MA09.csv,lnRR,CD213,0.1444524973823575,0.3299304183836447,0.5323073926911447,1.729,1.362,7.623551677701537e-4,5.926716086336483e-5,20.23769743075
MA09.csv,lnRR,CD213,0.14485769223620815,0.3283975692428821,0.5300375675951928,1.737,1.373,7.781492607631888e-4,6.0973653025655944e-5,20.163999835231074
MA09.csv,lnRR,CD213,0.12824633328091686,0.4018680156389981,0.6326686617654486,1.56,1.26,3.004817414078854e-4,1.6240673195477374e-5,23.080064612645046
MA09.csv,lnRR,CD213,0.1420174003423524,0.3393899900821531,0.5461958494673772,1.691,1.343,6.722429810578802e-4,4.978971244152378e-5,20.680585938522412
MA09.csv,lnRR,CD213,0.14373162143383758,0.33268619945255007,0.5363746076400296,1.713,1.368,7.348264643963738e-4,5.6324538618295837e-5,20.36884081874796
MA09.csv,lnRR,CD213,0.10960799240931293,0.5168451760220271,0.7672497878121879,1.382,1.144,7.188047364716402e-5,2.1658539659983906e-6,25.040461179016084
MA09.csv,lnRR,CD216,0.06666257570781375,0.9085606941082978,0.9931038005603486,1.055,1.004,8.285716903270778e-8,8.768442528263665e-11,8.454310645205087
MA09.csv,lnRR,CD216,0.058100197934258364,0.9653976085546051,0.9990783834009023,1.018,1.002,4.9908688233244495e-9,1.0020866254773605e-12,3.368077484629717
MA09.csv,lnRR,CD216,0.062000258063979054,0.9428881094545442,0.9974065927222769,1.028,1.002,2.0206425613418708e-8,9.41970386142981e-12,5.451848326773279
MA09.csv,lnRR,CD216,0.0668593972452639,0.9069580738506885,0.9928493691780556,1.054,1.007,8.748467003465077e-8,9.548450228067986e-11,8.589129532736706
MA09.csv,lnRR,CD216,0.11769080252933957,0.4620809258851647,0.7071563694282749,1.452,1.192,1.417503735324962e-4,5.660983824214718e-6,24.507544354311015
MA09.csv,lnRR,CD216,0.08415602771043795,0.7413990815736986,0.9386216103971964,1.172,1.041,3.32732753359209e-6,2.4905709195646338e-8,19.72225288234978
MA09.csv,lnRR,CD216,0.11177804346113775,0.5013502873938313,0.7509878984632756,1.407,1.154,8.714407958998389e-5,2.8465397548080137e-6,24.96376110694444
MA09.csv,lnRR,CD216,0.13776503910644383,0.35697914756541704,0.5714699251269726,1.651,1.327,5.337144741498438e-4,3.6149104718004324e-5,21.449077756155553
MA09.csv,lnRR,CD216,0.16852299546352717,0.2558908763446931,0.41673398209941637,1.965,1.54,0.0021605602198544165,2.4925512460050194e-4,16.084310575472326
MA09.csv,lnRR,CD216,0.22345145781578601,0.16569592960359059,0.2614222495927897,2.536,1.946,0.009838939543892079,0.001989930950234679,9.572631998919912
MA09.csv,lnRR,CD216,0.09352302390320792,0.6504396443637516,0.8834533391782472,1.249,1.07,1.2754677509048223e-5,1.8006966863802543e-7,23.301369481449562
MA09.csv,lnRR,CD216,0.08503766812419071,0.7325786866277698,0.9340926758505209,1.172,1.04,3.829460906394207e-6,3.069145314079859e-8,20.15139892227511
MA09.csv,lnRR,CD216,0.24147702996351433,0.14864529771323898,0.23067060390811545,2.727,2.094,0.013862480802331613,0.00318273321210618,8.202530619487646
MA09.csv,lnRR,CD216,0.35772261600295835,0.09410429759299432,0.13070322155040204,3.945,2.948,0.053503918285967005,0.02053211569026161,3.6598923957407714
MA09.csv,lnRR,CD216,0.2185756528069858,0.17106041999137311,0.27102362158663007,2.477,1.899,0.008877478394998197,0.001728614541991399,9.996320159525695
MA09.csv,lnRR,CD216,0.2687330794673406,0.1291902927451296,0.19521778410663848,3.002,2.285,0.02126207492679444,0.0057252174426710165,6.602749136150887
MA09.csv,lnRR,CD216,0.5514931640555484,0.0683280038483226,0.0833299851068694,6.002,4.499,0.1344962232549261,0.07567296075554493,1.5001981258546793
MA09.csv,lnRR,CD216,0.6512249657376473,0.06310706504724739,0.07379161139400292,7.091,5.311,0.17131367981697945,0.10729969464609469,1.068454634675553
MA09.csv,lnRR,CD216,0.06079680090267908,0.9504827229128145,0.9980696440621333,1.031,1.001,1.3440571488320877e-8,4.914867013003104e-12,4.758692114931873
MA09.csv,lnRR,CD216,0.060420451835450556,0.9527413185066866,0.998247197874551,1.029,1.002,1.1782656868659243e-8,3.981667043188132e-12,4.550587936786432
MA09.csv,lnRR,CD216,0.05438478647563122,0.9810121655897753,0.9997309727847568,1.012,1,1.0368314243640857e-9,7.858120220095504e-14,1.8718807194981424
MA09.csv,lnRR,CD216,0.06693363130743767,0.9063507367587631,0.9927516768895344,1.059,1.007,8.92874414043267e-8,9.858655672821011e-11,8.640094013077126
MA09.csv,lnRR,CD216,0.08945808515723998,0.689036593995545,0.9091716476988098,1.202,1.053,7.396670870631056e-6,8.114173615983636e-8,22.01350537032648
MA09.csv,lnRR,CD216,0.11423431621014764,0.48452171926196286,0.7326642077156056,1.424,1.174,1.0735571811332208e-4,3.824295812849587e-6,24.814248845364272
MA09.csv,lnRR,CD216,0.08863418076566172,0.6970458256781471,0.9140785480874241,1.205,1.054,6.578833505141561e-6,6.82984926796778e-8,21.703272240927696
MA09.csv,lnRR,CD216,0.07310570429179929,0.8512511878393478,0.9809065511039949,1.092,1.009,4.103611155454317e-7,1.0515547366825667e-9,12.965536326464711
MA09.csv,lnRR,CD216,0.12484149951037915,0.4199967709711221,0.6560185344759034,1.521,1.239,2.3927543279158583e-4,1.1810062804872263e-5,23.602176350478132
MA09.csv,lnRR,CD216,0.08671526393893984,0.7159013967741438,0.925053968332662,1.185,1.046,4.95977018112313e-6,4.5021945353134895e-8,20.91525715585182
MA09.csv,lnRR,CD216,0.16383866149355591,0.2679308435929194,0.43632736654007487,1.923,1.506,0.0018083202956236907,1.9515703889910242e-4,16.839652294715545
MA09.csv,lnRR,CD216,0.3662232078937653,0.09204273042757072,0.12690520155644025,4.043,3.065,0.05699484321870854,0.02242760610758004,3.486247112886953
MA09.csv,lnRR,CD216,0.4075797149024961,0.0838167478963393,0.11175935353601352,4.465,3.361,0.07442589746703399,0.03261354287318261,2.794260563967421
MA09.csv,lnRR,CD216,0.25375361475257846,0.13908892751149515,0.21329810664386917,2.849,2.174,0.017008876514697287,0.004213500981552408,7.4209179132374015
MA09.csv,lnRR,CD216,0.4629484139728745,0.07611385079420341,0.09760090660743337,5.066,3.809,0.09810064641824975,0.04820513984089441,2.148705581322996
MA09.csv,lnRR,CD216,0.7011577789627668,0.06129530884441414,0.07048875783362518,7.464,5.721,0.1878583419257604,0.12265714176035984,0.9193448989211039
MA09.csv,lnRR,CD230,0.23374908769875444,0.15546490557765313,0.2430104807866058,2.624,2.017,0.012048361379872622,0.0026262032532320583,8.754557520895268
MA09.csv,lnRR,CD230,0.2345527851039079,0.1547235379586771,0.24167149197127924,2.641,2.034,0.012230870716003291,0.0026808563923574175,8.694795401260214
MA09.csv,lnRR,CD230,0.3901275394021806,0.08696393823659054,0.11755178078251827,4.299,3.234,0.0670022766420511,0.0281331702290544,3.0587842545927724
MA09.csv,lnRR,CD230,0.4974832831362276,0.07257359606678038,0.09110586356532391,5.368,4.061,0.11262247024423032,0.058682004718973106,1.853226749854353
MA09.csv,lnRR,CD233,0.025333396929744737,0.9999999999897486,1,1.002,1,1.1732142770352534e-26,2.0685751468813436e-42,1.0251355320178845e-9
MA09.csv,lnRR,CD233,0.10852691371268235,0.5247876771783455,0.7753591301847267,1.368,1.136,6.510563397136734e-5,1.8814586640135215e-6,25.05714530063812
MA09.csv,lnRR,CD233,0.09094455453736634,0.6747360965795376,0.90004447895131,1.223,1.057,9.083878364382431e-6,1.0968308871776658e-7,22.530838237177242
MA09.csv,lnRR,CD233,0.09455037810606576,0.6409556618060273,0.8766038109706287,1.254,1.071,1.4519285977135669e-5,2.1744300131348062e-7,23.564814916460143
MA09.csv,lnRR,CD236,0.09447782808680563,0.6416215458000912,0.8770916022655009,1.241,1.07,1.4388485605289954e-5,2.1460045596947443e-7,23.547005646540963
MA09.csv,lnRR,CD236,0.062230924788243346,0.9413690198922697,0.997261657193879,1.036,1,2.1800384948530427e-8,1.0629937302929706e-11,5.589263730160932
MA09.csv,lnRR,CD236,0.08566641699055703,0.726310141459127,0.9307684705196116,1.17,1.043,4.224853000529398e-6,3.550737165066377e-8,20.445832906048466
MA09.csv,lnRR,CD238,0.27159803018431483,0.12748529354622362,0.19209593016109983,3.035,2.301,0.022124258289928117,0.006046907263084318,6.4610636614876205
MA09.csv,lnRR,CD244,0.1809385088918332,0.22824521481189475,0.3706526350877295,2.097,1.616,0.0033074385030422183,4.471651066926692e-4,14.240742027583476
MA09.csv,lnRR,CD244,0.056307202026028604,0.9736489155108055,0.9994735144153026,1.013,1.001,2.416199218749965e-9,3.104024830601154e-13,2.5824598904497176
MA09.csv,lnRR,CD248,0.039412802488531566,0.9998456860662717,0.9999999830863147,0.998,1,2.5790075692895925e-14,1.8584853863751488e-21,0.015429702004299273
MA09.csv,lnRR,CD248,0.038545168309400336,0.9999054986912932,0.9999999936015826,0.999,0.998,9.802285184863268e-15,3.6741156606389995e-22,0.009449491028945545
MA09.csv,lnRR,CD248,0.04066288233758153,0.9997056596163413,0.9999999389794678,1,1.002,9.428065102919385e-14,1.6254667923484688e-20,0.029427936312653724
MA09.csv,lnRR,CD248,0.04143736236779556,0.9995748958882116,0.9999998731167195,1.001,1.001,1.996769111147738e-13,5.692871103486495e-20,0.042497722850787234
MA09.csv,lnRR,CD248,0.03264348327001884,0.9999990443009144,0.9999999999992342,1,1.001,1.935797810716378e-18,2.09916386055962e-28,9.556983198155677e-5
MA09.csv,lnRR,CD248,0.032441593672321335,0.9999992239525304,0.99999999999949,0.998,1,1.3387280426716645e-18,1.1243030966022064e-28,7.760469595829989e-5
MA09.csv,lnRR,CD248,0.03442741640030515,0.9999949314928416,0.9999999999799347,0.999,1.001,3.902602763495763e-17,3.3654615785347835e-26,5.068487093140561e-4
MA09.csv,lnRR,CD248,0.032541235379130895,0.999999139495916,0.999999999999376,1.001,1.002,1.6072543135429014e-18,1.5321641563703305e-28,8.605034600428496e-5
MA09.csv,lnRR,CD257,0.2970249248800511,0.11449486433731204,0.16825204876510447,3.295,2.507,0.0303917490634905,0.009365904209298104,5.375718442779243
MA09.csv,lnRR,CD257,0.3838552083794096,0.08820341328197234,0.1198339136480443,4.193,3.199,0.06435422400029504,0.026585255594737487,3.1630500366071956
MA09.csv,lnRR,CD257,0.2970202754022021,0.11449693248301274,0.16825585171669766,3.309,2.533,0.030390144036779136,0.009365221185648885,5.375891923368492
MA09.csv,lnRR,CD257,0.1985814417310943,0.19739402274297557,0.31756261816053,2.263,1.751,0.00551290582231826,9.00459778827144e-4,12.016859541755442
MA09.csv,lnRR,CD257,0.35493169906335503,0.09481437526368541,0.1320114962425164,3.884,2.973,0.05236756976703923,0.019926092942844174,3.719712097883099
MA09.csv,lnRR,CD257,0.3965307806463453,0.08575993896695622,0.1153354071571503,4.376,3.3,0.0697178583361265,0.02974827813657603,2.9575468190194076
MA09.csv,lnRR,CD258,0.4806343350198777,0.07420412153568101,0.09409613831085206,5.209,3.889,0.10557851611620553,0.0535171653114883,1.989201677517105
MA09.csv,lnRR,CD258,0.16389225118961542,0.26778749931385704,0.43609584851932637,1.922,1.507,0.0018121133770772984,1.9572034346947316e-4,16.830834920546934
MA09.csv,lnRR,CD258,0.47133911783343424,0.07518059831894253,0.0958878692890911,5.129,3.84,0.10165772543653465,0.05070969235929262,2.0707270970148572
MA09.csv,lnRR,CD258,0.25364389210071664,0.13916811668522866,0.21344241893032545,2.869,2.178,0.016979362586231568,0.004203469861017631,7.4274302245096795
MA09.csv,lnRR,CD258,0.12377741716484474,0.4259063691830359,0.663458701592642,1.517,1.226,2.2223475935359959e-4,1.064881835773561e-5,23.755233240960607
MA09.csv,lnRR,CD258,0.14549898968721398,0.32599499037198465,0.5264690711492946,1.731,1.378,8.036232585024654e-4,6.375347295759885e-5,20.047408077731
MA09.csv,lnRR,CD258,0.24687548886027547,0.14426358988930266,0.22271612929465,2.776,2.123,0.015206873742800194,0.003613413010536332,7.845253940534736
MA09.csv,lnRR,CD258,0.45610257070093346,0.07691436378624661,0.09907075221398254,4.914,3.754,0.09518787697749402,0.04618477992795036,2.215638842773593
MA09.csv,lnRR,CD258,0.10971342670794673,0.5160785543607983,0.7664589498413493,1.386,1.152,7.256972837324865e-5,2.1954241573639244e-6,25.038039548055103
MA09.csv,lnRR,CD258,0.555177286098774,0.06808321282303931,0.08288214060742027,6.013,4.522,0.1359428847249065,0.07684574222025649,1.4798927784380966
MA09.csv,lnRR,CD258,0.3101405068674519,0.10903417871910326,0.15820516239907256,3.448,2.614,0.035039238682419864,0.011401999722396862,4.91709836799693
MA09.csv,lnRR,CD258,0.23049346194632073,0.15854923645619023,0.24857430529430313,2.609,2,0.011323863373121431,0.002412319636152078,9.00250688381129
MA09.csv,lnRR,CD258,0.6493316517774257,0.06318417297478762,0.07393226679736398,7.018,5.246,0.17066150334074026,0.10670834782026667,1.0748093822576354
MA09.csv,lnRR,CD258,0.2914019612150886,0.11707059926888697,0.17298691167357516,3.246,2.467,0.028474104268512893,0.008560131087247286,5.5916312404688195
MA09.csv,lnRR,CD258,0.21120519169755275,0.17989498805362436,0.28675066061696397,2.409,1.853,0.007528808089217711,0.001379554894611712,10.685567256333961
MA09.csv,lnRR,CD258,0.1643133682936358,0.2666657251778175,0.4342825777209125,1.923,1.507,0.00184210788254677,2.0019007462602372e-4,16.761685254309498
MA09.csv,lnRR,CD258,0.46239508323510536,0.07617721505740094,0.0977172364339165,5.061,3.792,0.09786554468925321,0.04804104286870166,2.154002137651556
MA09.csv,lnRR,CD258,0.1843674537438753,0.22155638857687676,0.35928502318125477,2.12,1.654,0.003681676834673279,5.179523600469326e-4,13.7728634604378
MA09.csv,lnRR,CD258,0.15043561081073856,0.3084227185707519,0.499972216585282,1.783,1.405,0.0010200161884058553,8.864681439604651e-5,19.154949801453014
MA09.csv,lnRR,CD258,0.45179132351119805,0.07743758612978946,0.10003167610305919,4.919,3.769,0.09334940019379995,0.044923891854997976,2.2594089973269726
MA09.csv,lnRR,CD258,0.20630324767196467,0.18630745007479932,0.298095828326861,2.355,1.808,0.006701948246074868,0.0011764681871621,11.178837825206166
MA09.csv,lnRR,CD258,0.12785485129630397,0.4038933670985153,0.6353165777285804,1.556,1.259,2.929039390702769e-4,1.5671342546958554e-5,23.14232106300651
MA09.csv,lnRR,CD258,0.2689135660393503,0.1290812324830295,0.19501815625118224,3.004,2.289,0.021315945019699606,0.005745172260406468,6.593692376815275
MA09.csv,lnRR,CD258,0.3076480602896758,0.11001715487177688,0.1600144592052256,3.408,2.59,0.03413826599192646,0.01099834005297838,4.999730433344873
MA09.csv,lnRR,CD258,0.22219425285096822,0.16704494507326417,0.2638402556274174,2.529,1.927,0.009585780296775105,0.0019201637166504312,9.679531055415325
MA09.csv,lnRR,CD258,0.14845391540811578,0.3152854960646039,0.5104031824809367,1.764,1.4,9.287410595073681e-4,7.787772840533271e-5,19.51176864163329
MA09.csv,lnRR,CD258,0.2612331563948191,0.13392875024670825,0.20388265524719762,2.929,2.226,0.019077880395390785,0.004932821594032358,6.995390500048937
MA09.csv,lnRR,CD258,0.3076622856315021,0.11001147516435184,0.1600040058204767,3.44,2.597,0.034143385411811465,0.011000621774660092,4.999253065612486
MA09.csv,lnRR,CD258,0.22660827875432973,0.1624084379997346,0.25551999701960737,2.588,1.97,0.01049061710875395,0.0021725803203235597,9.311155901987277
MA09.csv,lnRR,CD258,0.3879575505129395,0.08738581885981123,0.11832850245818993,4.243,3.231,0.06608468655882471,0.027593748867085287,3.0942683598378706
MA09.csv,lnRR,CD258,0.1400511513697763,0.34734868734152324,0.5577208897586583,1.68,1.333,6.053034702352449e-4,4.305021237989991e-5,21.037220241713506
MA09.csv,lnRR,CD258,0.19796723718837925,0.1983321239172372,0.3192008778085754,2.258,1.761,0.005424259864707901,8.806945533017984e-4,12.086875389133823
MA09.csv,lnRR,CD258,0.30286844668931756,0.1119721405831795,0.16361193056525425,3.395,2.532,0.032433376501046385,0.010246144195332922,5.163978998207474
MA09.csv,lnRR,CD258,0.5960053137347016,0.06567026535115805,0.07847083628627605,6.436,4.816,0.15154185101804388,0.0898621942783339,1.2800570935117994
MA09.csv,lnRR,CD258,0.3086281597651128,0.10962771201391797,0.1592976740428953,3.419,2.593,0.034491599416591544,0.011156140976564147,4.966996202897733
MA09.csv,lnRR,CD258,0.3043947601388697,0.11133758256488291,0.16244439128668675,3.345,2.571,0.03297448027624932,0.010483211742730248,5.110680872180384
MA09.csv,lnRR,CD258,0.23502839828412225,0.15428845272777636,0.24088539159737132,2.649,2.015,0.01233955488280724,0.00271354770717604,8.659693886959497
MA09.csv,lnRR,CD258,0.38972907256195294,0.08704086824554413,0.11769341220910001,4.282,3.223,0.06683367351747775,0.028033813032525143,3.065254396355588
MA09.csv,lnRR,CD258,0.24641085406288415,0.144629194499297,0.22338057637635467,2.786,2.13,0.015088715580158988,0.0035749637232014675,7.875138187705765
MA09.csv,lnRR,CD258,0.10446385977935144,0.5559844655345517,0.8057306888915312,1.331,1.124,4.4006404613507655e-5,1.0759859778692443e-6,24.974622335697948
MA09.csv,lnRR,CD258,0.1514378255258573,0.30504557368300944,0.49480059893154416,1.791,1.416,0.0010685057678749253,9.45181256958685e-5,18.97550252485347
MA09.csv,lnRR,CD258,0.5167346069308694,0.07090490570065289,0.08804777023681265,5.563,4.254,0.12055329930891248,0.06467888835127318,1.7142864536159763
MA09.csv,lnRR,CD258,0.14979832108538466,0.31060257463968277,0.5032968699118625,1.773,1.404,9.900020907093834e-4,8.506414055541419e-5,19.269429527217973
MA09.csv,lnRR,CD258,0.6706995541969594,0.06235178424569321,0.07241424549883069,7.196,5.406,0.17791602681067425,0.1133467342362859,1.0062461253137478
MA09.csv,lnRR,CD258,0.304949697491242,0.1111092840836545,0.16202430446334293,3.393,2.575,0.033171997504065,0.010570135780534591,5.0915020379688425
MA09.csv,lnRR,CD258,0.27370106137901623,0.12626844056158382,0.18986664700166223,3.064,2.337,0.022766650467772223,0.0062897637370724945,6.359820644007841
MA09.csv,lnRR,CD258,0.1224744871391589,0.433306092215583,0.6726557441655765,1.504,1.219,2.026402294218988e-4,9.356003048907536e-6,23.934965194999346
MA09.csv,lnRR,CD258,0.1790070194154408,0.23218040946833463,0.3773017695353573,2.073,1.609,0.003107840834542104,4.105773474274976e-4,14.51213600670227
MA09.csv,lnRR,CD258,0.3678466025397,0.09166552796268468,0.1262103431171473,4.029,3.071,0.057666223750606635,0.0227979054100654,3.4544815154462616
MA09.csv,lnRR,CD258,0.21740464806438706,0.17240356463158102,0.27342160467383336,2.461,1.893,0.00865476145739549,0.0016695243913292682,10.101804004225235
MA09.csv,lnRR,CD258,0.1119832398173941,0.4999157884317965,0.7494528418349405,1.404,1.151,8.870888936789546e-5,2.919255062621081e-6,24.953705340314404
MA09.csv,lnRR,CD258,0.18668195413590463,0.2172455884495872,0.3519157716624669,2.156,1.664,0.003948871801364098,5.701508517312747e-4,13.467018321287972
MA09.csv,lnRR,CD258,0.125201030347198,0.418026777822996,0.6535195580603804,1.533,1.239,2.452505354912548e-4,1.2225050820685055e-5,23.54927802373844
MA09.csv,lnRR,CD258,0.4450824373079666,0.07828274327627871,0.10158420172583749,4.862,3.635,0.09048328580704228,0.042980566747421865,2.3301458449558776
MA09.csv,lnRR,CD258,0.22792432735449722,0.16107870458774187,0.2531288177051062,2.588,1.952,0.010769024752149114,0.002251922353690668,9.205011311736433
MA09.csv,lnRR,CD258,0.5331636399830731,0.06962326890331438,0.08570060469290086,5.753,4.378,0.12720790473098176,0.06985552052973652,1.6077335789586478
MA09.csv,lnRR,CD258,0.12975572434386085,0.39419847133302865,0.6225523935008409,1.579,1.271,3.310793852593869e-4,1.8595306148056444e-5,22.835392216781226
MA09.csv,lnRR,CD258,0.48722875633525575,0.07354549067587612,0.09288801111587519,5.246,3.995,0.10834576042620817,0.055527805487647186,1.9342520439999067
MA09.csv,lnRR,CD258,0.31768877380228594,0.10620030714970397,0.15298752913652092,3.504,2.665,0.03781495715963503,0.012671652349860762,4.678722198681696
MA09.csv,lnRR,CD258,0.2765129852285422,0.12468558560799381,0.1869653823592623,3.106,2.343,0.023637907235988125,0.006623389687635565,6.227979675126849
MA09.csv,lnRR,CD265,0.049454463903676076,0.9933826657067383,0.9999685293978523,1.005,1.002,7.959087597187929e-11,1.1739930919747228e-15,0.6585863691114024
MA09.csv,lnRR,CD265,0.08596128779863643,0.7233774263895489,0.9291830262232131,1.19,1.044,4.421652326749887e-6,3.798532326541565e-8,20.58055998336642
MA09.csv,lnRR,CD265,0.09892237866125136,0.601970209223364,0.8462225943414796,1.284,1.096,2.4390283674509764e-5,4.6090384995102137e-7,24.425238511811564
MA09.csv,lnRR,CD265,0.08859828440776943,0.6973960354292822,0.9142897623145496,1.208,1.049,6.544974511681588e-6,6.778170960173158e-8,21.689372688526742
MA09.csv,lnRR,CD265,0.08956360868120489,0.6880149082332402,0.9085351497119124,1.207,1.055,7.5072173189001294e-6,8.292947219440882e-8,22.052024147867222
MA09.csv,lnRR,CD265,0.09197922591542071,0.6649051252847409,0.89349634207001,1.233,1.064,1.0435410828154227e-5,1.3435832756383247e-7,22.85912167852692
MA09.csv,lnRR,CD265,0.08712252865935424,0.7118779216080643,0.9227796176966523,1.188,1.049,5.272333963714846e-6,4.9277195350804874e-8,21.0901696088588
MA09.csv,lnRR,CD265,0.08956984425575384,0.687954565008118,0.9084974817794024,1.211,1.055,7.513792076561e-6,8.303617614093329e-8,22.054291677128436
MA09.csv,lnRR,CD265,0.041372962185466,0.9995873289339899,0.9999998804053944,1.002,0.999,1.8786905705855095e-13,5.142089365003637e-20,0.041255147140450976
MA09.csv,lnRR,CD265,0.10399535085762247,0.5597192712603161,0.8092089306374763,1.33,1.119,4.197437617596345e-5,1.005599414049784e-6,24.94896593771603
MA09.csv,lnRR,CD265,0.11117770459943846,0.5055774653297712,0.7554822691262983,1.4,1.159,8.268948790651617e-5,2.642441532052684e-6,24.990480379652713
MA09.csv,lnRR,CD265,0.1194820237525294,0.45100380690787756,0.6941133146733753,1.478,1.207,1.6261957241757254e-4,6.868481572939737e-6,24.310950776549777
MA09.csv,lnRR,CD265,0.1072157217948935,0.5346220334600749,0.7851878284575807,1.365,1.137,5.7574733949979644e-5,1.579307728742749e-6,25.056579499750587
MA09.csv,lnRR,CD265,0.10026015160571024,0.590509267220514,0.8366049655560293,1.299,1.101,2.8306923869418816e-5,5.712398900819283e-7,24.609569833551525
MA09.csv,lnRR,CD265,0.09762953446575477,0.6132585849619855,0.8553895987160304,1.277,1.095,2.103225572236673e-5,3.7213144867661526e-7,24.213101375404488
MA09.csv,lnRR,CD265,0.07841990181070109,0.7990965051066369,0.9640346199437069,1.125,1.017,1.2214298537158757e-6,5.541711856936704e-9,16.493811483707
MA09.csv,lnRR,CD265,0.06340080441130065,0.9333612605249636,0.9964290421209882,1.039,1.001,3.1708218498668974e-8,1.9274255495513255e-11,6.306778159602455
MA09.csv,lnRR,CD265,0.11133320708575677,0.5044781808240147,0.7543176853980228,1.396,1.16,8.382584306798225e-5,2.6940933295580744e-6,24.983950457400805
MA09.csv,lnRR,CD265,0.09653383862667018,0.6229856616799845,0.8630462266239062,1.266,1.086,1.848833751191995e-5,3.087917464872695e-7,24.00605649439217
MA09.csv,lnRR,CD265,0.0889379446580592,0.6940864052138579,0.912282522032259,1.202,1.048,6.871190811014713e-6,7.281082972864398e-8,21.81961168184011
MA09.csv,lnRR,CD265,0.1107047379293226,0.5089396969670011,0.7590259702198471,1.388,1.151,7.930713694696996e-5,2.4904088144740004e-6,25.008627325284593
MA09.csv,lnRR,CD265,0.11690305385232672,0.4670703399091375,0.712933736388835,1.457,1.19,1.3325404403588377e-4,5.188692518520018e-6,24.586339647969744
MA09.csv,lnRR,CD265,0.10614505640867125,0.5428169000709929,0.7931988610238605,1.354,1.129,5.195074569681883e-5,1.3639464902320877e-6,25.038196095286757
MA09.csv,lnRR,CD265,0.10506802082460677,0.5512103199737234,0.8012354711984127,1.339,1.12,4.67414465243214e-5,1.172875968227693e-6,25.002515122468928
MA09.csv,lnRR,CD265,0.054437376865532384,0.9808308363367603,0.99972569138954,1.016,0.998,1.0621921047286095e-9,8.173357285984132e-14,1.8894855052779769
MA09.csv,lnRR,CD265,0.10039419305916056,0.5893733786394626,0.8356346813224554,1.305,1.104,2.8725677770421696e-5,5.834433774230205e-7,24.626130268299285
MA09.csv,lnRR,CD265,0.11951883533569091,0.4507800154718138,0.6938467292611087,1.481,1.203,1.63071807681069e-4,6.8953630570665796e-6,24.30667137892949
MA09.csv,lnRR,CD265,0.11343308159439203,0.4899293661247537,0.7386275077601574,1.417,1.17,1.0039988286262158e-4,3.4786146934827536e-6,24.869814163540372
MA09.csv,lnRR,CD265,0.1077158669834672,0.5308446711722147,0.7814403959103982,1.373,1.143,6.036146305539313e-5,1.689333319722459e-6,25.05957247381835
MA09.csv,lnRR,CD265,0.09847246315595036,0.6058751433312637,0.8494279653261094,1.29,1.093,2.3175935593777298e-5,4.2815311337516963e-7,24.355282199484574
MA09.csv,lnRR,CD265,0.10080320431414867,0.5859214855552674,0.8326671064557503,1.303,1.104,3.0034299317789068e-5,6.220652320094808e-7,24.67456209004829
MA09.csv,lnRR,CD265,0.10285964223153803,0.5688908476541378,0.8176077844455231,1.321,1.115,3.735758074018624e-5,8.509872461469165e-7,24.87169367913853
MA09.csv,lnRR,CD267,0.05612413919161701,0.9744158367852903,0.9995044752295875,1.019,0.999,2.2362768053897305e-9,2.7383125636004695e-13,2.5088638444297207
MA09.csv,lnRR,CD267,0.03731089653171041,0.9999560214969274,0.9999999985902903,1.004,1.001,2.225294139810005e-15,3.050106777905236e-23,0.004397709336290134
MA09.csv,lnRR,CD267,0.03378813401180953,0.9999971175296216,0.9999999999933631,0.999,0.999,1.3983166110559108e-17,5.947248400222783e-27,2.882463741471497e-4
MA09.csv,lnRR,CD267,0.05497902327251731,0.9788980719958441,0.9996660972743446,1.007,1.001,1.35767933785707e-9,1.2183312350411758e-13,2.0768025278500524
MA09.csv,lnRR,CD267,0.09467989226863326,0.6397684230247213,0.875731522381387,1.256,1.074,1.4755193920092063e-5,2.2259815921605374e-7,23.59630993566657
MA09.csv,lnRR,CD267,0.09848590254447588,0.6057581346498512,0.8493324459095205,1.288,1.09,2.3211488085948328e-5,4.291017226239871e-7,24.357431125966933
MA09.csv,lnRR,CD267,0.0931239818736291,0.6541545593199162,0.8860790159447355,1.241,1.069,1.2118367332990387e-5,1.6712775279549842e-7,23.19244566248193
MA09.csv,lnRR,CD267,0.10401255693424713,0.5595816062823384,0.809081319949425,1.339,1.118,4.20476562925085e-5,1.0081135035523992e-6,24.949971366708656
MA09.csv,lnRR,CD267,0.21590928650708843,0.17415101303543745,0.2765377369100296,2.454,1.887,0.008374984243294126,0.001596089886421571,10.238672387459214
MA09.csv,lnRR,CD267,0.18170521181298022,0.22671720567011633,0.368063045835999,2.087,1.633,0.0033888965185125694,4.623343750741251e-4,14.13458401658827
MA09.csv,lnRR,CD267,0.221049888034353,0.16829323238595673,0.2660756159039196,2.516,1.911,0.009358510686233789,0.001858110373763924,9.778238351796286
MA09.csv,lnRR,CD267,0.22525833613875426,0.16379709174945623,0.2580147956726395,2.549,1.956,0.010209147676153107,0.0020931579433275008,9.42177039231833
MA09.csv,lnRR,CD267,0.07984335914777133,0.7848006859877219,0.9584104615165036,1.133,1.029,1.590390439286298e-6,8.251616919829361e-9,17.360977552878165
MA09.csv,lnRR,CD267,0.07213427063469902,0.8604269181054197,0.9832963068181643,1.087,1.009,3.294278299481714e-7,7.499967620190692e-10,12.286938871274454
MA09.csv,lnRR,CD267,0.08887138459594292,0.6947342276231356,0.9126773849693292,1.214,1.054,6.8062299723551804e-6,7.180049602911817e-8,21.794315734619353
MA09.csv,lnRR,CD267,0.0708336431365774,0.8724604698810734,0.9861743841398539,1.074,1.009,2.427722227400755e-7,4.681434552668968e-10,11.371391425878052
MA09.csv,lnRR,CD273,0.16430258975439188,0.2666943345700179,0.4343288552567288,1.908,1.507,0.001841336007555633,2.0007471201988607e-4,16.763452068671093
MA09.csv,lnRR,CD273,0.0815759400803938,0.7673466142219842,0.9509470650749335,1.151,1.03,2.1622566993925813e-6,1.3087299814441035e-8,18.360045085294928
MA09.csv,lnRR,CD273,0.0915508383358667,0.6689626764600473,0.8962260734355377,1.229,1.064,9.857136059769051e-6,1.2361378041639116e-7,22.726339697549047
MA09.csv,lnRR,CD273,0.11698355439975314,0.4665571258019955,0.7123422697839348,1.451,1.187,1.3410380861990243e-4,5.235404325050143e-6,24.578514398193928
MA09.csv,lnRR,CD273,0.12212996356341059,0.4352933221085147,0.6751030499430887,1.5,1.223,1.9768585836225092e-4,9.036620452424423e-6,23.9809727834574
MA09.csv,lnRR,CD276,0.07897383110879198,0.7935413908820151,0.9619010955403199,1.132,1.024,1.3553106594193234e-6,6.48417763831941e-9,16.835970465830474
MA09.csv,lnRR,CD276,0.4347490747546221,0.07966318758068913,0.10412091955919778,4.734,3.559,0.08605989743581083,0.04003554601274732,2.4457731978508646
MA09.csv,lnRR,CD276,0.030650073409373754,0.9999999002438862,0.9999999999999907,1,1,3.7659530966531385e-20,2.6358131680836643e-31,9.975610448798022e-6
MA09.csv,lnRR,CD276,0.06992205660590942,0.8806991520003514,0.9879791499857447,1.073,1.009,1.9445185933403463e-7,3.3190882461117065e-10,10.727999798539322
MA09.csv,lnRR,CD280,0.08130790859442887,0.7700477677421687,0.9521453147977167,1.141,1.028,2.063911161362738e-6,1.2205519887919472e-8,18.209754705554804
MA09.csv,lnRR,CD280,0.19888357649640154,0.1969357475034037,0.3167617881297309,2.277,1.753,0.005556831365500496,9.102972469765497e-4,11.982604062632717
MA09.csv,lnRR,CD280,0.08899257834224156,0.6935549320543245,0.9119578606790298,1.202,1.054,6.924893437088382e-6,7.364935625079425e-8,21.840292862470534
MA09.csv,lnRR,CD280,0.08750036571352145,0.708155112487538,0.9206426152676225,1.195,1.051,5.576743728935175e-6,5.3534925549727475e-8,21.248750278008444
MA09.csv,lnRR,CD280,0.19570553645719888,0.20186298314426854,0.32535413471375263,2.242,1.739,0.005105326320501568,8.105700167923999e-4,12.34911515694841
MA09.csv,lnRR,CD280,0.12303367425221438,0.4301080104846947,0.6686971551887418,1.517,1.225,2.108817927450336e-4,9.894077528584083e-6,23.858914470404713
MA09.csv,lnRR,CD290,0.11863035446292824,0.4562245795955798,0.70029785097629,1.475,1.2,1.5242240667811573e-4,6.2702815710326126e-6,24.40732713807102
MA09.csv,lnRR,CD290,0.1334021738953305,0.3765518889330225,0.5987423966419787,1.614,1.297,4.145406443618767e-4,2.5438642715892263e-5,22.21905077089562
MA09.csv,lnRR,CD290,0.11549716879646878,0.4761571653593878,0.7232998478241962,1.44,1.181,1.1907208784067741e-4,4.42696435164295e-6,24.71426824648084
MA09.csv,lnRR,CD290,0.1100230430409921,0.513835483457139,0.7641368174224933,1.398,1.151,7.462381170057226e-5,2.2842254688270944e-6,25.030133396535426
MA09.csv,lnRR,CD290,0.08896906203844121,0.6937836671888372,0.9120976673796494,1.208,1.051,6.90173559500186e-6,7.328739944665481e-8,21.831400019081215
MA09.csv,lnRR,CD290,0.1337391827401379,0.3749817431051077,0.5965879526268205,1.622,1.29,4.2297061039745e-4,2.6161677362525718e-5,22.160620952171286
MA09.csv,lnRR,CD290,0.11540663325823174,0.4767504230442512,0.7239696327885705,1.437,1.181,1.1820058943891092e-4,4.3812842246120595e-6,24.72192097443193
MA09.csv,lnRR,CD290,0.14008664461682277,0.3472024074646548,0.557510385636572,1.669,1.331,6.064670835076229e-4,4.316506164578601e-5,21.030797817191715
MA09.csv,lnRR,CD290,0.14350539014267025,0.3335586926845726,0.5376586809237401,1.712,1.362,7.263364041783327e-4,5.542527535913818e-5,20.40999882391675
MA09.csv,lnRR,CD290,0.28556376345748075,0.11991154855079433,0.17820563024374303,3.188,2.408,0.02653452955602691,0.00776657854262652,5.82940816929487
MA09.csv,lnRR,CD290,0.24062603142636085,0.14936360891165268,0.23197273525009,2.695,2.083,0.013656285973491226,0.0031180210081688336,8.26091263384373
MA09.csv,lnRR,CD290,0.25677895941840717,0.1369461611434043,0.2093910876484968,2.894,2.215,0.01783227961294113,0.004495997796879078,7.244492650509249
MA09.csv,lnRR,CD290,0.0512137091021535,0.9899630446138707,0.9999266886716942,1.009,1.001,2.141971089902151e-10,5.97183709950254e-15,0.9963644057823462
MA09.csv,lnRR,CD290,0.05846711896442307,0.9635436695833898,0.9989738193104947,1.022,0.998,5.74975937706998e-9,1.2586754018478254e-12,3.54301497271049
MA09.csv,lnRR,CD290,0.05233481632718319,0.9872312165672489,0.999880328891265,1.011,1,3.848268249620793e-10,1.559119171914716e-14,1.264911232401611
MA09.csv,lnRR,CD290,0.2555907510063695,0.13777846687549844,0.2109091508449713,2.885,2.19,0.01750667979443647,0.004383683605757322,7.313068396947287
MA09.csv,lnRR,CD290,0.09091452579208671,0.6750229709647209,0.9002322024845625,1.217,1.062,9.04691457689746e-6,1.0903004641560986e-7,22.520923151984164
MA09.csv,lnRR,CD290,0.16588293462559675,0.26255634340524303,0.4276178292981553,1.945,1.514,0.001956858876773336,2.1753647132233503e-4,16.506148589291225
MA09.csv,lnRR,CD290,0.17515932747073448,0.24040268306392465,0.39110002026060353,2.024,1.585,0.0027338478514876896,3.443478724142858e-4,15.069733719667887
MA09.csv,lnRR,CD290,0.10057377888893307,0.5878551210100805,0.8343329555710391,1.308,1.103,2.9294498494032407e-5,6.0014145721071e-7,24.647783456095862
MA09.csv,lnRR,CD290,0.14874877142349782,0.314248516528714,0.5088338097235136,1.775,1.389,9.419403314761656e-4,7.941155281920834e-5,19.458529319479958
MA09.csv,lnRR,CD298,1.078242133752897,0.05475843995252838,0.05860783473089637,11.68,8.605,0.2785300936145271,0.217745041197661,0.3849394778367987
MA09.csv,lnRR,CD298,0.5935736719228709,0.0658000283957677,0.07870791482470207,6.385,4.771,0.1506356801089245,0.08908779422283812,1.2907886428934368
MA09.csv,lnRR,CD298,0.680044246354603,0.06201238782786733,0.07179552759232288,7.351,5.471,0.18101585135209158,0.11622344740941654,0.9783139764455551
MA09.csv,lnRR,CD298,0.6031728823480048,0.06529695701424243,0.07778889752130658,6.554,4.912,0.15419565987551656,0.09214281074565203,1.2491940507064148
MA09.csv,lnRR,CD298,0.7700878281079373,0.059353471622231924,0.0669533062941241,8.236,6.231,0.2086885445744087,0.14293083884712965,0.759983467189218
MA09.csv,lnRR,CD298,0.4822372870278697,0.07404149764725299,0.09379780736666721,5.225,3.93,0.10625232047199315,0.05400453263783877,1.9756309719414222
MA09.csv,lnRR,CD298,0.7278523126294235,0.060477153368104664,0.06899857342888749,7.866,5.873,0.19619456853109166,0.13064822110109395,0.8521420060782825
MA09.csv,lnRR,CD298,0.9697385317702911,0.05588675052672121,0.060654224627342934,10.342,7.822,0.2576340461621761,0.19433946033699256,0.4767474100621727
MA09.csv,lnRR,CD298,0.7237567305386527,0.060596779427931846,0.0692164068511032,7.877,5.825,0.1949381055801064,0.12943317896725035,0.861962742317135
MA09.csv,lnRR,CD298,0.8207687908296708,0.05822872410433533,0.06490778094920169,8.837,6.563,0.2226145047960763,0.15703878259123746,0.667905684486636
MA09.csv,lnRR,CD298,0.8246221746957816,0.05815163880698959,0.0647676527703972,8.767,6.709,0.2236280227891037,0.15808224812460314,0.6616013963407608
MA09.csv,lnRR,CD298,0.9502295969922216,0.056131828443416354,0.061098969538988745,10.206,7.529,0.25349846426770556,0.18980522974956152,0.49671410955723916
MA09.csv,lnRR,CD298,0.12473364020984877,0.4205903877498992,0.6567697111104625,1.531,1.235,2.375045396913431e-4,1.1687837581150123e-5,23.617932336056324
MA09.csv,lnRR,CD298,0.10560524134719829,0.5470049188790467,0.7972301440010127,1.352,1.128,4.928526676774138e-5,1.2651349322460318e-6,25.0225225121966
MA09.csv,lnRR,CD298,0.12293290039692385,0.4306818644522774,0.6694092968911398,1.508,1.224,2.0937806391429305e-4,9.795277934055804e-6,23.87274324388624
MA09.csv,lnRR,CD298,0.12194440126549476,0.43636900853248206,0.676423780025188,1.504,1.219,1.9505589600650128e-4,8.868345730893606e-6,24.005477149270593
MA09.csv,lnRR,CD300,0.4813283411560138,0.07413351024851733,0.09396660064780216,5.284,3.976,0.10587033149632896,0.053728062236441346,1.9833090399284825
MA09.csv,lnRR,CD300,0.41292262108051186,0.08293356236650395,0.11013451187816115,4.534,3.44,0.07670982138929382,0.034032707289545563,2.720094951165719
MA09.csv,lnRR,CD300,0.36582649986024796,0.09213568769234382,0.12707644482685931,4.024,3.041,0.05683099554159284,0.022337515424987,3.49407571345155
MA09.csv,lnRR,CD300,0.4262587172129152,0.08087471031137294,0.10634807099299082,4.698,3.504,0.08242151969259588,0.037663321399862386,2.5473360681617874
MA09.csv,lnRR,CD301,0.11220481273100544,0.49837270759817953,0.747795998405535,1.415,1.161,9.042312810557526e-5,2.9995113296999153e-6,24.942329080735547
MA09.csv,lnRR,CD301,0.11019595273874626,0.5125881085372945,0.7628401827246369,1.397,1.148,7.579062962418232e-5,2.335115794509979e-6,25.02520741873424
MA09.csv,lnRR,CD301,0.09334037175841974,0.652137929517142,0.8846576719300875,1.243,1.067,1.2460119008155858e-5,1.7404226209459957e-7,23.251974241294548
MA09.csv,lnRR,CD301,0.06188882774782537,0.9436147405811436,0.9974744624897858,1.032,0.998,1.9473832828091758e-8,8.88161527253663e-12,5.385972190864219
MA09.csv,lnRR,CD301,0.14602589838792296,0.32404222768590185,0.5235589954165446,1.735,1.376,8.249951558699475e-4,6.611135546411178e-5,19.951676773064275
MA09.csv,lnRR,CD301,0.165912470899568,0.26248008014745416,0.4274938141444865,1.93,1.517,0.001959063290324444,2.1787346388288912e-4,16.501373399703233
MA09.csv,lnRR,CD301,0.11851675408987541,0.45692724015682473,0.7011251612932125,1.466,1.196,1.5110027016763337e-4,6.193851555790185e-6,24.41979211363877
MA09.csv,lnRR,CD301,0.09768481970091361,0.6127716505233876,0.8550004185075031,1.283,1.084,2.116774774596624e-5,3.7560251677449646e-7,24.22287679841155
MA09.csv,lnRR,CD315,0.4336878704782969,0.0798106663026199,0.10439198991784915,4.696,3.55,0.08560523778689075,0.03973661338101851,2.4581323615229245
MA09.csv,lnRR,CD315,0.25136938954455057,0.14083361350748247,0.21647626544321996,2.817,2.155,0.016373111880765737,0.003998891702915886,7.56426519357375
MA09.csv,lnRR,CD315,0.7588683910929483,0.05963362155554908,0.06746306598278862,8.118,6.121,0.20545078772101028,0.13971324331433874,0.782944442723954
MA09.csv,lnRR,CD315,0.23341065314162504,0.1557794285074241,0.24357835326027588,2.634,2.035,0.011971939105155005,0.0026034097644332356,8.779892475285179
MA09.csv,lnRR,CD315,0.214145247437341,0.17626022880750492,0.28029337364918494,2.431,1.864,0.008051625679960166,0.0015123406391196036,10.403314484168003
MA09.csv,lnRR,CD315,0.430912710418247,0.08020159274790184,0.10511058021569175,4.671,3.554,0.08441606784713414,0.038958107411918456,2.490898746778991
MA09.csv,lnRR,CD315,0.11665476415474851,0.4686580736152094,0.7147594986467444,1.456,1.191,1.306592288918964e-4,5.046789211218359e-6,24.610142503153497
MA09.csv,lnRR,CD316,0.265054175594349,0.13146322256622833,0.1993762571006873,2.971,2.252,0.02017729814657573,0.00532756307019017,6.791303453445896
MA09.csv,lnRR,CD316,0.4395747740714883,0.07900619190858571,0.10291348492721719,4.768,3.595,0.08812664778177191,0.041403303479275524,2.390729301863148
MA09.csv,lnRR,CD316,0.26669948443894675,0.1304348072584448,0.19749517779964743,2.965,2.27,0.020659297073941405,0.005503265408997264,6.706037054120262
MA09.csv,lnRR,CD316,0.1714938599483958,0.2487419664386814,0.4049610710704502,2.002,1.545,0.002406189626438168,2.889894083300039e-4,15.62191046317688
MA09.csv,lnRR,CD316,0.3699006123271493,0.09119551690114147,0.1253445504280506,4.034,3.076,0.05851768280311656,0.02327016208010113,3.4149033526909123
MA09.csv,lnRR,CD316,0.4600548380356411,0.07644778033287547,0.0982139941562622,5.058,3.749,0.09687054800243515,0.047348540984522305,2.1766213823386726
MA09.csv,lnRR,CD316,0.27000818691291567,0.12842458689778702,0.19381602921298724,2.982,2.32,0.02164394747935996,0.005867090393185484,6.539144231520022
MA09.csv,lnRR,CD316,0.19704750696215367,0.1997533085309927,0.3216800463345708,2.261,1.747,0.005293144572167961,8.516772976405466e-4,12.19267378035781
MA09.csv,lnRR,CD316,0.34114378200401074,0.09858781591490273,0.13896417704677322,3.766,2.837,0.046836072364620826,0.017055500679763344,4.037636113187048
MA09.csv,lnRR,CD316,0.4665346021465075,0.07570871746547148,0.09685718933353182,5.084,3.829,0.09962283440988666,0.049271930600035076,2.114847186806035
MA09.csv,lnRR,CD316,0.22911461542206338,0.15989603750842674,0.2510002873171967,2.597,1.998,0.01102422239496485,0.0023253240824550776,9.110424980876996
MA09.csv,lnRR,CD316,0.2127945370539385,0.17791120728924736,0.28322872948307287,2.426,1.855,0.007808932180695753,0.001450292138804874,10.53175221938255
MA09.csv,lnRR,CD316,0.3887351720644789,0.0872338081713816,0.11804863055803283,4.262,3.206,0.06641333781889833,0.027786582674072264,3.081482238665123
MA09.csv,lnRR,CD316,0.4422325508146138,0.07865365269144797,0.10226568291587679,4.765,3.656,0.08926421373980997,0.04216232198813248,2.3612030224428815
MA09.csv,lnRR,CD316,0.20524600361517395,0.1877514874429741,0.30064220108013273,2.33,1.804,0.0065309583522452095,0.0011355757652349032,11.289071363715863
MA09.csv,lnRR,CD316,0.2361453853032068,0.15327715166367573,0.23905737822784556,2.675,2.035,0.012596780028270369,0.0027913476362520285,8.578022656416984
MA09.csv,lnRR,CD317,0.5532385543325772,0.06821141456214597,0.08311667818192814,5.958,4.554,0.13518237242656284,0.07622846908266799,1.4905263619782172
MA09.csv,lnRR,CD317,0.3907452917182752,0.08684514598585336,0.11733308267717524,4.342,3.247,0.06726376062183548,0.028287475760985958,3.048793669132188
MA09.csv,lnRR,CD317,0.46574104607603567,0.0757975474228696,0.09702024816954669,5.087,3.806,0.09928623671566429,0.04903538911816967,2.1222700746677092
MA09.csv,lnRR,CD317,0.430293571878549,0.08028986023021145,0.10527284212084165,4.711,3.516,0.0841507369967161,0.03878506991908864,2.4982981890630196
MA09.csv,lnRR,CD318,0.27857550681996435,0.1235556270593755,0.18489327256655408,3.115,2.371,0.024285772272016618,0.006874590153661366,6.133764550717857
MA09.csv,lnRR,CD318,0.17377262154896553,0.24349733805726448,0.39625964358951604,2.026,1.579,0.0026066477269513664,3.2254973778208357e-4,15.276230553225156
MA09.csv,lnRR,CD318,0.3268577886482132,0.10302438883492748,0.14713798371792852,3.592,2.74,0.041275153936782,0.014307766426499691,4.4113594883001035
MA09.csv,lnRR,CD318,0.2594392414419993,0.1351249051391057,0.20606719756347325,2.918,2.222,0.018571501554418942,0.004753883491569584,7.0942292424367555
MA09.csv,lnRR,CD319,0.12879263177682176,0.39906674733387193,0.6289900897466828,1.567,1.261,3.113005002199887e-4,1.706313848678681e-5,22.992334241281085
MA09.csv,lnRR,CD319,0.15717530022239498,0.28685011836510443,0.46650478994152955,1.858,1.455,0.0013776137909213679,1.341907702507045e-4,17.96546715764251
MA09.csv,lnRR,CD320,0.589252696217845,0.06603463418240108,0.07913658720475181,6.342,4.776,0.14901815858774245,0.08771100580204745,1.3101953022350732
MA09.csv,lnRR,CD320,0.2986126253191583,0.11379440800478247,0.16696393222078043,3.337,2.515,0.030941664118131446,0.009600759211372612,5.3169524215997965
MA09.csv,lnRR,CD320,0.2813303094229273,0.12208589094381328,0.18219692057801362,3.141,2.389,0.025162480964708446,0.007218679070898452,6.011102963420035
MA09.csv,lnRR,CD320,0.6446882037078079,0.06337619574062303,0.07428257258201965,6.991,5.22,0.16905426139665924,0.10525564364473457,1.0906376841396614
MA09.csv,lnRR,CD320,0.3813852120887751,0.08870871680256487,0.12076440196811455,4.168,3.18,0.06331522118428026,0.02598530179288933,3.2055685165549686
MA09.csv,lnRR,CD320,0.326370464349947,0.10318632583932297,0.14743628958229893,3.581,2.745,0.0410889644693439,0.014218259188937337,4.424996374297596
MA09.csv,lnRR,CD320,0.6390433975873626,0.06361534283061043,0.0747189064342213,6.867,5.145,0.16708558780405197,0.10348526796759888,1.1103563603610866
MA09.csv,lnRR,CD320,0.5390638218244663,0.06919169872946562,0.08491056431624022,5.83,4.406,0.12957015753648013,0.07172427926217508,1.57188655867746
MA09.csv,lnRR,CD320,0.3846242452056292,0.08804810997394374,0.11954794450895989,4.213,3.177,0.06467817726908122,0.02677317328344428,3.1499834535016147
MA09.csv,lnRR,CD320,0.57990795821406,0.06656025919610042,0.08009721859084462,6.324,4.71,0.14548841491971684,0.08473131352939188,1.3536959394744197
MA09.csv,lnRR,CD320,0.4938825457535425,0.07290787465435067,0.09171874249657541,5.39,4.037,0.11112461259477266,0.057570868983563575,1.8810867842224743
MA09.csv,lnRR,CD320,0.42842176181888797,0.08055908731434036,0.10576778633899764,4.665,3.536,0.08334854296470691,0.0382633939705109,2.5208699024657277
MA09.csv,lnRR,CD321,0.20823692035755811,0.18372338050528603,0.2935313148380966,2.383,1.824,0.007021425660660717,0.0012539013282381805,10.980793433281056
MA09.csv,lnRR,CD321,0.3953504824835806,0.08597739436648244,0.1157356737888412,4.317,3.244,0.06921647795117494,0.029447988386169365,2.9758279422358758
MA09.csv,lnRR,CD321,0.3406125849113623,0.09874263464356592,0.1392494349379938,3.777,2.87,0.04662597279849788,0.016949121357027055,4.050680029442788
MA09.csv,lnRR,CD321,0.41190837330649155,0.08309852998283229,0.11043798657789516,4.5,3.398,0.07627598959080566,0.033761687811038416,2.733945659506287
MA09.csv,lnRR,CD321,0.3658736708209543,0.09212461834058994,0.12705605311061496,4.011,3.071,0.0568504734826846,0.02234821950403075,3.4931434770025027
MA09.csv,lnRR,CD321,0.6660840104671483,0.06252476101155935,0.07272963445202107,7.169,5.469,0.17636866863234263,0.1119196950315907,1.0204873440461726
MA09.csv,lnRR,CD321,0.298362184266036,0.11390413672032595,0.16716573308816585,3.334,2.513,0.030854679933415778,0.00956349958329681,5.32615963678399
MA09.csv,lnRR,CD321,0.3575071719560322,0.09415850742407883,0.13080309839134618,3.9,3.01,0.05341601640621829,0.020485042472181563,3.6644590967267354
MA09.csv,lnRR,CD321,0.26578963674304534,0.13100110083525285,0.19853108630649652,2.981,2.289,0.02039212103606272,0.005405675547396163,6.752998547124367
MA09.csv,lnRR,CD321,0.6394351874897095,0.06359853756106804,0.07468824237321403,6.906,5.144,0.16722275356827795,0.10360829492949833,1.1089704812145995
MA09.csv,lnRR,CD321,0.665533262880226,0.06254564420753828,0.07276771324845721,7.217,5.33,0.1761833096477479,0.11174915064927486,1.0222069040918935
MA09.csv,lnRR,CD321,0.38560481584129624,0.08785146148631484,0.11918585330000586,4.264,3.188,0.0650915420005612,0.027013545382482705,3.133439181369102
MA09.csv,lnRR,CD321,0.37179895911634825,0.09076817727504516,0.12455739451273062,4.097,3.096,0.059306515653038565,0.023710297657330827,3.3789217237685465
MA09.csv,lnRR,CD321,0.4529474770875758,0.07729578161565831,0.09977122825776041,4.951,3.716,0.09384270916604104,0.04526112493271542,2.2475446642102104
MA09.csv,lnRR,CD321,0.43298721112753435,0.07990864427945465,0.10457208280566266,4.731,3.563,0.08530502460309194,0.03953961589323957,2.4663438526208004
MA09.csv,lnRR,CD321,0.36451086677903033,0.09244619044093727,0.12764845327614194,3.976,3.039,0.05628823949394642,0.022039869902752182,3.5202262835204667
MA09.csv,lnRR,CD321,0.6846595811058223,0.061849907249880265,0.07149937569282616,7.42,5.501,0.18253062656469643,0.11763784071193614,0.9649468442945897
MA09.csv,lnRR,CD321,0.3490730510938935,0.09636198457025325,0.13486297919870316,3.843,2.917,0.0499996136502945,0.01868093541127351,3.8500994628449914
MA09.csv,lnRR,CD321,0.2077481744805475,0.18436966150759693,0.2946738451221087,2.379,1.825,0.006939852602064115,0.0012340041428050377,11.030418361451177
MA09.csv,lnRR,CD321,0.490697937635772,0.07320976442765181,0.09227231315954232,5.304,4.046,0.10979634375911372,0.05659131805653677,1.9062548731890505
MA09.csv,lnRR,CD321,0.42450512482183295,0.08113420024164908,0.10682518994656065,4.623,3.498,0.08167000911966853,0.037179057905340276,2.569098970491157
MA09.csv,lnRR,CD321,0.6486289108573561,0.06321296667864551,0.07398479222420784,7.008,5.215,0.17041896968563305,0.10648871185184547,1.077182554556233
MA09.csv,lnRR,CD321,0.26589020102290345,0.1309382166678773,0.19841606550285962,2.965,2.254,0.02042157481520301,0.0054164100315663545,6.747784883498231
MA09.csv,lnRR,CD321,0.33696114761200585,0.09982719967783127,0.14124774565205822,3.71,2.843,0.04518837214999169,0.016226555831868425,4.142054597422695
MA09.csv,lnRR,CD321,0.1451937946332418,0.3271348189000002,0.5281636730867089,1.727,1.371,7.914268916282115e-4,6.241836414999892e-5,20.10288541867087
MA09.csv,lnRR,CD321,0.8150485568357262,0.05834518996251381,0.06511951195645771,8.634,6.541,0.22109844567477224,0.1554821022938747,0.6774321993943899
MA09.csv,lnRR,CD321,0.32762904480524924,0.10276961093331749,0.1466686467812004,3.584,2.755,0.04157032562695283,0.014450002338939134,4.389903584788291
MA09.csv,lnRR,CD321,0.4282870637784896,0.08057859993875527,0.1058036595750459,4.645,3.517,0.08329081486112512,0.038225938728535414,2.5225059636290625
MA09.csv,lnRR,CD321,0.24780609556667488,0.1435376310449369,0.22139639098521768,2.757,2.13,0.015444903209292522,0.0036912113180092424,7.78587599402808
MA09.csv,lnRR,CD321,0.3343173342798725,0.1006352653754069,0.14273655729311108,3.707,2.794,0.04415494018261817,0.0157129349982519,4.2101291917704176
MA09.csv,lnRR,CD321,0.39266438977834495,0.08647974764603661,0.11666040659281118,4.313,3.239,0.06807679404100306,0.028768916609986234,3.0180658946774575
MA09.csv,lnRR,CD321,0.19702575466166852,0.19978716166954713,0.3217390607961199,2.27,1.733,0.005290067177019919,8.509993772847407e-4,12.195189912657279
MA09.csv,lnRR,CD321,0.3562598602144227,0.09447433218108736,0.1313849826793806,3.93,2.97,0.052907702070807625,0.020213468638812737,3.691065049829323
MA09.csv,lnRR,CD321,0.5043294885290766,0.0719579318045841,0.08997731328542524,5.515,4.078,0.11545824219375828,0.06080442188361253,1.8019381480841146
MA09.csv,lnRR,CD321,0.42614903613642025,0.08089084497338084,0.10637773650666893,4.62,3.489,0.08237451401344703,0.037632973769812984,2.548689153328809
MA09.csv,lnRR,CD321,0.1528413065895473,0.3004187238235275,0.48767419822926383,1.813,1.43,0.0011391011371714493,1.0324449784925618e-4,18.72554744057363
MA09.csv,lnRR,CD321,0.4715385530367586,0.07515902982735834,0.09584828613863816,5.155,3.919,0.10174207767841857,0.050769578235588,2.0689256311279824
MA09.csv,lnRR,CD321,0.41256225712006184,0.08299203373058661,0.110242074571681,4.486,3.416,0.07655566710588685,0.033936327897722204,2.725004084109439
MA09.csv,lnRR,CD321,0.5487339883768819,0.06851461486659038,0.08367142779645398,5.998,4.48,0.13340869327837054,0.07479523625585156,1.5156812929863595
MA09.csv,lnRR,CD321,0.23846441453600578,0.15122357252723428,0.23534187497208592,2.681,2.068,0.013139635913636316,0.002957489515832558,8.411830244485163
MA09.csv,lnRR,CD321,0.33911884642408185,0.0991819827685203,0.14005894100909244,3.753,2.827,0.04603646486736144,0.016651694925630556,4.087695824057214
MA09.csv,lnRR,CD321,0.38778374385732056,0.08741992245055008,0.11839129262057124,4.242,3.202,0.06601125604860943,0.027550720531206014,3.097137017002116
MA09.csv,lnRR,CD321,0.19244864509785461,0.2071674218687235,0.33455928928910705,2.214,1.712,0.004666649785444126,7.167301150126646e-4,12.739186742038356
MA09.csv,lnRR,CD321,0.3264331799924757,0.10316544393363825,0.14739782302693605,3.617,2.757,0.041112912069876224,0.014229762323567716,4.42323790932978
MA09.csv,lnRR,CD321,0.4857461693106802,0.07369119782280342,0.09315525410379644,5.265,3.952,0.10772472307918105,0.055074484966603825,1.9464056280993014
MA09.csv,lnRR,CD321,0.8724635190081016,0.057278499220986934,0.06318101027553957,9.363,6.953,0.23570749203184946,0.17068817635908368,0.5902511054552639
MA09.csv,lnRR,CD322,0.2915926953817602,0.11698072116168112,0.17282174365318126,3.257,2.468,0.028538369797896,0.008586797665759116,5.584102249150014
MA09.csv,lnRR,CD322,0.27007308455305207,0.12838591217587347,0.19374521753328522,3.001,2.32,0.021663463305832863,0.005874366953343082,6.5359305357411746
MA09.csv,lnRR,CD322,0.3216124297971084,0.10480720680787459,0.15042189245590065,3.55,2.696,0.03928433173021721,0.01335932438809645,4.561468564802606
MA09.csv,lnRR,CD322,0.2651882067513561,0.13137871188433725,0.19922170825245156,2.916,2.273,0.020216371160536203,0.00534174692617617,6.784299636811431
MA09.csv,lnRR,CD322,0.8690939327828724,0.057335288793498695,0.06328417386280805,9.25,6.959,0.23488638588428434,0.16982150555547673,0.5948885069309351
MA09.csv,lnRR,CD322,0.551396224143764,0.0683345121490998,0.08334189280611037,6.043,4.48,0.13445807322783823,0.07564211363234148,1.5007380657010572
MA09.csv,lnRR,CD322,0.6989664734448999,0.06136669759908464,0.07061882480949622,7.636,5.674,0.18715850654600855,0.12199387643763779,0.9252127210411576
MA09.csv,lnRR,CD322,0.5697690110913369,0.0671604037830903,0.08119438698279313,6.135,4.607,0.14161036901118593,0.08149705494342768,1.4033983199702837
MA09.csv,lnRR,CD324,0.17154449860021742,0.24862321501041862,0.40476464922716204,1.995,1.551,0.0024105295700273034,2.8970544866673654e-4,15.614143421674342
MA09.csv,lnRR,CD326,0.40809093716964606,0.08373071090471129,0.11160105282655797,4.448,3.366,0.07464426288481496,0.032748412116727896,2.7870341921846675
MA09.csv,lnRR,CD326,0.39687217589546386,0.08569740956440586,0.11522031323921034,4.319,3.297,0.0698629440708585,0.029835349354428473,2.952290367480448
MA09.csv,lnRR,CD326,0.40216637477541556,0.08474840872012868,0.11347371480124391,4.435,3.339,0.07211624382120649,0.031197694627741725,2.872530608111523
MA09.csv,lnRR,CD326,0.4108495941339117,0.08327206999357728,0.11075724347485671,4.547,3.359,0.07582323701918942,0.033479571052846116,2.7485173481279435
MA09.csv,lnRR,CD329,0.10974782913570545,0.515828717672167,0.7662009125433652,1.389,1.148,7.279574624934298e-5,2.2051457156071344e-6,25.03721948711982
MA09.csv,lnRR,CD329,0.10442449904117328,0.5562971414264962,0.8060231764415374,1.332,1.119,4.3832736074347026e-5,1.0699163409311453e-6,24.97260350150412
MA09.csv,lnRR,CD329,0.038061213853475565,0.9999292895988496,0.9999999963961135,1.002,1.003,5.566864837493143e-15,1.4222329265755604e-22,0.007070679726384199
MA09.csv,lnRR,CD330,0.23538924571866066,0.15396014391572688,0.24029207082192394,2.652,2.031,0.012422349448704616,0.0027385240469001127,8.633192690619707
MA09.csv,lnRR,CD330,0.18799054763471487,0.2148777059714333,0.3478537970985883,2.158,1.684,0.00410520341205315,6.013038445442062e-4,13.297609112715502
MA09.csv,lnRR,CD330,0.23177280686051158,0.15732142316844688,0.24636078115573257,2.63,2.008,0.011605722837550597,0.0024949401392217302,8.903935798728568
MA09.csv,lnRR,CD330,0.19205391951220366,0.20782863546139185,0.3357034083836917,2.202,1.713,0.00461512608044039,7.059138248277792e-4,12.787477292229987
MA09.csv,lnRR,CD333,0.174875907431527,0.24102935885294963,0.3921463589550447,2.03,1.583,0.0027075266348099815,3.398060051106845e-4,15.111700010209505
MA09.csv,lnRR,CD333,0.22826869255331533,0.16073461030378922,0.25250970151739993,2.588,1.974,0.010842525650626803,0.0022729975039745315,9.177509121361071
MA09.csv,lnRR,CD333,0.23908898552630983,0.15068087428034116,0.2343592134639889,2.686,2.042,0.013287864464005901,0.0030033085383589777,8.367833918364775
MA09.csv,lnRR,CD338,2.106709282506725,0.051243870745561804,0.05224644686195612,22.603,16.709,0.3805861395727834,0.3420035619713982,0.10025761163943159
MA09.csv,lnRR,CD338,0.43645775969731593,0.07942802204333521,0.10368870236209071,4.751,3.578,0.08679185080453716,0.0405182815535518,2.42606803187555
MA09.csv,lnRR,CD338,0.1781450392236618,0.23397722342596594,0.38032809595782846,2.057,1.607,0.003021339470908354,3.9498395040503577e-4,14.635087253186253
MA09.csv,lnRR,CD338,0.21419432532165739,0.1762008342215864,0.28018770150899597,2.452,1.875,0.00806052395425408,0.001514628908595752,10.398686728740959
MA09.csv,lnRR,CD338,0.1631926438293099,0.26966943925094944,0.43913200267434094,1.915,1.492,0.0017630180245773491,1.8846315288244993e-4,16.94625634233915
MA09.csv,lnRR,CD338,0.12180313624862046,0.43719042996433255,0.6774304329081822,1.5,1.221,1.930716805218617e-4,8.741975144548456e-6,24.02400029438496
MA09.csv,lnRR,CD338,0.1834622195439704,0.22328638503239262,0.3622329943184569,2.122,1.651,0.0035803853350606634,4.985197381596622e-4,13.894660928606427
MA09.csv,lnRR,CD338,0.33610119309517483,0.10008790070769524,0.14172807678587973,3.689,2.821,0.04485152466888405,0.01605860454647057,4.164017607818449
MA09.csv,lnRR,CD338,3.00243246618471,0.050612168884852204,0.05110524722119647,31.557,23.667,0.415385229270838,0.38719076578406925,0.04930783363442659
MA09.csv,lnRR,CD338,0.4400126259552105,0.0789476659856394,0.10280593683512063,4.8,3.616,0.08831409427140596,0.04152807223209376,2.3858270849481222
MA09.csv,lnRR,CD338,0.18868862445839177,0.21363446232018524,0.3457171174542618,2.175,1.678,0.004190164101940354,6.184189676891312e-4,13.208265513407657
MA09.csv,lnRR,CD338,0.5243144028157152,0.07029842953585963,0.0869369018304248,5.733,4.275,0.12363722756919071,0.06706166761615803,1.6638472294565165
MA09.csv,lnRR,CD338,0.13317730287102228,0.37760516966399704,0.6001843573985548,1.61,1.287,4.089851822916823e-4,2.4965209770129153e-5,22.257918773455778
MA09.csv,lnRR,CD338,0.1405618547117247,0.3452532592952118,0.5547007205913419,1.666,1.343,6.222031720922898e-4,4.472636567888404e-5,20.944746129613012
MA09.csv,lnRR,CD338,0.20135271291939424,0.19326768837788355,0.3103397718825548,2.317,1.764,0.005923717293526454,9.935687358222523e-4,11.707208350467123
MA09.csv,lnRR,CD338,0.1614639526333974,0.27441970738435695,0.4467627520002877,1.893,1.476,0.0016455994183376206,1.7141041719207666e-4,17.234304461593076
MA09.csv,lnRR,CD349,0.0684490905710222,0.8936225113258465,0.9905423514952175,1.061,1.005,1.3384675084778055e-7,1.8564433933175283e-10,9.691984016937106
MA09.csv,lnRR,CD349,0.06932263699542884,0.8860192421676734,0.9890737183512481,1.071,1.008,1.674142577541041e-7,2.630365876153518e-10,10.305447618357476
MA09.csv,lnRR,CD349,0.08637318449611546,0.719289046785982,0.9269405790515217,1.182,1.039,4.709260425089417e-6,4.169960994056198e-8,20.765153226553966
MA09.csv,lnRR,CD351,0.5643703137125482,0.06749339745312155,0.08180331285902331,6.182,4.576,0.13952522284609084,0.07977530732017943,1.4309915405901763
MA09.csv,lnRR,CD351,0.47917562333658004,0.07435355395372578,0.09437028670682979,5.257,3.915,0.10496472388513627,0.05307444841269518,2.0016732753104005
MA09.csv,lnRR,CD351,0.28935619744529406,0.11804608128922145,0.17477929372075884,3.221,2.454,0.027788347023852578,0.008277059015970686,5.673321243153739
MA09.csv,lnRR,CD351,0.32007068125649996,0.1053483571014372,0.15141856320605074,3.563,2.71,0.03870488101141769,0.013086873757537228,4.607020610461355
MA09.csv,lnRR,CD351,0.11303970983685335,0.4926131535026975,0.7415606136739332,1.418,1.173,9.711585072996238e-5,3.3186872073041525e-6,24.89474601712357
MA09.csv,lnRR,CD351,0.14906797107360117,0.31313223705604076,0.5071417259071912,1.77,1.398,9.563785492535792e-4,8.10985752483105e-5,19.400948885115042
MA09.csv,lnRR,CD351,0.3691466402393499,0.09136711514701845,0.12566064192990678,4.036,3.065,0.05820488182578755,0.023096327519506802,3.429352678288833
MA09.csv,lnRR,CD351,0.366982875622283,0.09186558217656982,0.12657886757223302,4.067,3.049,0.05730883938266993,0.022600561616132248,3.4713285395663207
MA09.csv,lnRR,CD351,0.3815624876740375,0.08867211655350316,0.12069700248231285,4.217,3.161,0.06338971525319992,0.026028177271377628,3.20248859288097
MA09.csv,lnRR,CD351,0.3337432246503291,0.100813339245447,0.14306464027876054,3.653,2.773,0.04393138386136044,0.01560247090498297,4.225130103331354
MA09.csv,lnRR,CD363,0.3439867090455676,0.0977716615812243,0.13746037849512838,3.822,2.872,0.047964522863439794,0.01763023551612332,3.9688716913904076
MA09.csv,lnRR,CD363,0.42482595612791835,0.08108648027825138,0.10673744572437482,4.619,3.516,0.0818074988775736,0.03726750702330468,2.565096544612344
MA09.csv,lnRR,CD363,0.6318694548718113,0.06392866109373008,0.07529066765441972,6.761,5.137,0.16456012223380423,0.10122879500301356,1.1362006560689641
MA09.csv,lnRR,CD365,0.00737563556583431,1,1,1,1,5.153636795029094e-221,0,0
MA09.csv,lnRR,CD365,0.010428854203602619,1,1,1,1,2.2123961085943216e-117,4.8195852909936994e-201,0
MA09.csv,lnRR,CD369,0.6325386865639129,0.06389897680654921,0.07523649327397919,6.865,5.188,0.1647968259663511,0.10143958657126922,1.1337516467429976
MA09.csv,lnRR,CD369,0.6286753160415955,0.06407166086466909,0.0755516588650208,6.8,5.04,0.16342722095487133,0.10022192654098204,1.147999800035171
MA09.csv,lnRR,CD381,0.14475654734760704,0.32877911966176854,0.5306030645887582,1.719,1.373,7.741849845512614e-4,6.054409334643296e-5,20.18239449269896
MA09.csv,lnRR,CD381,0.24379663246238656,0.14672616530077842,0.22718903611330576,2.732,2.107,0.014432477505219251,0.003363498640412056,8.046287081252734
MA09.csv,lnRR,CD385,0.1810612161673504,0.22799938101200745,0.37023630108480465,2.103,1.626,0.003320390035857887,4.495678919896778e-4,14.22369200727972
MA09.csv,lnRR,CD385,0.2213550473786401,0.16795844058694231,0.2654762895867525,2.508,1.923,0.009418819472841898,0.0018745231177534243,9.75178489998102
MA09.csv,lnRR,CD385,0.16761768104827127,0.2581425121938262,0.4204207212836899,1.955,1.532,0.0020891813541414725,2.3800931033180668e-4,16.227820908986367
MA09.csv,lnRR,CD385,0.2227912273856401,0.16640148625550977,0.2626871974472047,2.507,1.945,0.009705537358331713,0.001953083014377343,9.628571119169493
MA09.csv,lnRR,CD387,0.5298296311079629,0.0698736195368691,0.08615897834376818,5.774,4.351,0.12586647626110473,0.06880155156638666,1.6285358806899075
MA09.csv,lnRR,CD387,7.000155002569586,0.050112582268009964,0.050203213253835255,74.51,55.725,0.4634215574416067,0.4509281976747621,0.009063098582529072
MA09.csv,lnRR,CD387,0.08669302740128527,0.7161213859752,0.9251772677385618,1.188,1.046,4.943156996835807e-6,4.479915758322093e-8,20.905588176336177
MA09.csv,lnRR,CD387,0.09705644749319851,0.6183280846072253,0.8594079853185833,1.276,1.081,1.966861068742863e-5,3.377397530872413e-7,24.1079900711358
MA09.csv,lnRR,CD387,0.30653621156398475,0.11046358658310229,0.1608360750815927,3.418,2.595,0.03373895314127486,0.010820788821865324,5.037248849849041
MA09.csv,lnRR,CD387,0.10142156575403477,0.5807433251760084,0.8281619609026963,1.31,1.105,3.2103148174845455e-5,6.845856722751978e-7,24.741863572668798
MA09.csv,lnRR,CD387,0.10988788832259905,0.5148131369060258,0.7651504342348933,1.389,1.156,7.372162109156282e-5,2.2450980109601805e-6,25.033729732886744
MA09.csv,lnRR,CD387,0.2934983901148352,0.11609254327328622,0.17118934533858654,3.267,2.48,0.029183519619012555,0.008855803107301738,5.509680206530032
MA09.csv,lnRR,CD389,0.08396227128895455,0.7433416562320508,0.9395958027806753,1.164,1.036,3.2246871544821633e-6,2.3771019227019942e-8,19.62541465486245
MA09.csv,lnRR,CD389,0.06455195581854976,0.9250065106241209,0.9954360750820691,1.047,1.001,4.510790944901952e-8,3.3668730687647104e-11,7.0429564457948235
MA09.csv,lnRR,CD389,0.06561115758771521,0.9169273751051978,0.9943534678649623,1.05,1.002,6.156721566298959e-8,5.498548351507261e-11,7.7426092759764416
MA09.csv,lnRR,CD394,0.05836090300877806,0.9640861020620848,0.9990050178347255,1.024,0.996,5.520194844763951e-9,1.178758351741931e-12,3.4918915772640724
MA09.csv,lnRR,CD394,0.06102465075688676,0.9490880805520414,0.9979555324561878,1.034,1.002,1.4541431563185673e-8,5.573712350849626e-12,4.8867451904146435
MA09.csv,lnRR,CD394,0.05065129810774843,0.9911669126612753,0.9999434549814242,1.004,0.999,1.576195939690253e-10,3.61016360651447e-15,0.8776542320148906
MA09.csv,lnRR,CD394,0.052936093546841936,0.985575530913466,0.9998465560983698,1.012,1.002,5.199852861807695e-10,2.5501966246722863e-14,1.4271025184903863
MA09.csv,lnRR,CD394,0.028866520399937364,0.9999999916037796,1,0.998,1,5.769911175740317e-22,2.1585233343767832e-34,8.396220385620268e-7
MA09.csv,lnRR,CD394,0.02842711733538946,0.9999999957861514,1,1,1,1.8407476470353955e-22,3.0804187004079974e-35,4.2138486033849176e-7
MA09.csv,lnRR,CD399,0.0958291187479046,0.629317805915228,0.86791034149145585,1.261,1.078,1.698834343805587e-5,2.731475717806462e-7,23.859253557622782
MA09.csv,lnRR,CD399,0.08923709990805394,0.6911792680308272,0.910498742316403,1.2,1.06,7.169510554242255e-6,7.750617301494036e-8,21.931947428557585
MA09.csv,lnRR,CD399,0.09100949401024049,0.6741160028102169,0.8996380556894871,1.218,1.058,9.164239745957742e-6,1.1110695619205693e-7,22.55220528792702
MA09.csv,lnRR,CD399,0.049483704388414575,0.9933338866703109,0.9999680574645066,1.001,1,8.097264970132266e-11,1.2077287869874643e-15,0.6634170794195704
MA09.csv,lnRR,CD399,0.05472203395342684,0.9798299491666055,0.9996955849576074,1.01,1.002,1.2093724251995282e-9,1.0094609331647282e-13,1.9865635791001868
MA09.csv,lnRR,CD399,0.26469079507984405,0.13169300597004518,0.19979644586206136,2.963,2.264,0.02007153678272384,0.0052892235723687765,6.810343989201617
MA09.csv,lnRR,CD399,0.12532159829813855,0.4173691408826319,0.6526832454105237,1.532,1.245,2.472792785594096e-4,1.2366854544218044e-5,23.53141045278918
MA09.csv,lnRR,CD399,0.1542915519398259,0.2957598688078973,0.4804508565352583,1.819,1.434,0.0012154142390126605,1.1290667995999618e-4,18.469098772736103
MA09.csv,lnRR,CD399,0.24102757103700814,0.14902371045651164,0.23135664579320503,2.72,2.08,0.013753381837533158,0.0031484482019131237,8.23329353366934
MA09.csv,lnRR,CD399,0.32069231203756665,0.10512920502121859,0.1510149440345967,3.569,2.696,0.03893819479603384,0.013196377740833334,4.588573901337812
MA09.csv,lnRR,CD399,0.06271285354694044,0.9381309862863998,0.9969389087167819,1.036,1.002,2.549146664209916e-8,1.3631694685428845e-11,5.880792243038213
MA09.csv,lnRR,CD399,0.25539819889732973,0.13791446319819967,0.21115714086955362,2.878,2.182,0.01745418349490731,0.004365649091007898,7.324267767135395
MA09.csv,lnRR,CD399,0.11792358118714,0.4606204476134148,0.7054537783993617,1.456,1.199,1.4433910783141023e-4,5.8071662482140745e-6,24.483333078594693
MA09.csv,lnRR,CD399,0.08976170675739183,0.6860995139796942,0.9073354328468064,1.21,1.051,7.718422544471488e-6,8.63782410846083e-8,22.123591886711225
MA09.csv,lnRR,CD399,0.12607713115390912,0.41328210793127373,0.647462390051966,1.548,1.245,2.6028203717783094e-4,1.3286370422504063e-5,23.41802821206923
MA09.csv,lnRR,CD399,0.14125384242561334,0.3424458433245223,0.5506383929068155,1.684,1.349,6.456438573111561e-4,4.7079833353059026e-5,20.819254958229315
MA09.csv,lnRR,CD399,0.23146004838848538,0.157619672090757,0.24689863265628764,2.626,2,0.01153647662844785,0.0024745721237463066,8.927896056553063
MA09.csv,lnRR,CD399,0.222896924608663,0.16628810489684664,0.2624839662732368,2.523,1.928,0.009726826457456362,0.001958950892930618,9.619586137639013
MA09.csv,lnRR,CD399,0.09939691645116562,0.5978789702776294,0.8428253362272625,1.285,1.096,2.5726134146855324e-5,4.977457834855903e-7,24.494636594963314
MA09.csv,lnRR,CD399,0.09768583827761321,0.6127626827374694,0.854993245769048,1.272,1.09,2.117025065820138e-5,3.7566672729816784e-7,24.223056303157865
MA09.csv,lnRR,CD399,0.11549541549342987,0.4761686449845307,0.7233128163984814,1.44,1.174,1.1905516340306901e-4,4.426075971118259e-6,24.714417141395074
MA09.csv,lnRR,CD399,0.04614096878046667,0.9974134193813091,0.9999952798439034,1.001,0.997,9.364760149292956e-12,3.4265067307822385e-17,0.2581860462594232
MA09.csv,lnRR,CD399,0.25165683579032777,0.1406205822134029,0.21608835147468353,2.837,2.167,0.016449140519168366,0.004024392402445096,7.546776926128063
MA09.csv,lnRR,CD399,0.16666309729511208,0.2605549656609609,0.42435935076382025,1.944,1.516,0.0020156482780198,2.26571315843396e-4,16.380438510285934
MA09.csv,lnRR,CD400,0.24846193471032943,0.14303101068824609,0.22047509181507352,2.784,2.128,0.015613749527766788,0.0037466731134551063,7.744408112682743
MA09.csv,lnRR,CD405,3.0499999959016395,0.050593216270773955,0.0510710191270064,32.595,24.261,0.41668017208522273,0.3888913073901252,0.047780285623244545
MA09.csv,lnRR,CD405,0.7298698657980065,0.06041896814244496,0.06889262748891267,7.848,5.96,0.19681055498309474,0.13124526313838622,0.847365934646771
MA09.csv,lnRR,CD405,0.5362161000939826,0.0693981947915675,0.08528855870172913,5.775,4.375,0.128431895739012,0.070821789676778,1.5890363910161631
MA09.csv,lnRR,CD405,0.18886417341571163,0.21332396642070295,0.3451830655646283,2.167,1.685,0.004211701422577179,6.22777982686799e-4,13.185909914392536
MA09.csv,lnRR,CD405,0.10423495095216383,0.5578056977411701,0.8074310152981643,1.338,1.123,4.300402456149007e-5,1.0410915599080774e-6,24.962531755699423
MA09.csv,lnRR,CD405,0.08751944355398976,0.7079674022119937,0.920534032684582,1.191,1.046,5.592491961337461e-6,5.375817004500023e-8,21.25666304725883
MA09.csv,lnRR,CD411,0.26714567000046996,0.13015925980351994,0.19699103867649215,2.958,2.272,0.02079088870139124,0.005551509872854635,6.68317788729722
MA09.csv,lnRR,CD411,0.2985179341346178,0.11383586293717773,0.16704017210272282,3.346,2.533,0.03090876501390704,0.009586662013756412,5.320430916554509
MA09.csv,lnRR,CD411,0.24073596947693546,0.14927037524397646,0.2318037548816253,2.695,2.087,0.013682835090819778,0.003126332732769041,8.253337963764885
MA09.csv,lnRR,CD411,0.18885433540165286,0.21334134434183116,0.3452129599899463,2.183,1.685,0.004210492611829944,6.225331100518026e-4,13.187161564811511
MA09.csv,lnRR,CD411,0.09682458365518543,0.620390443318708,0.8610253158755077,1.272,1.081,1.913765642782787e-5,3.24621374275587e-7,24.063487255679973
MA09.csv,lnRR,CD411,0.8682777752539794,0.05734914407665692,0.06330934398083099,9.419,6.972,0.23468684395603703,0.1696111035167311,0.5960199904174068
MA09.csv,lnRR,CD411,0.7781233970264614,0.05916027734128304,0.06660183150649357,8.383,6.277,0.21097223401001244,0.14521465298568945,0.7441554165210529
MA09.csv,lnRR,CD411,0.09682458365518543,0.620390443318708,0.8610253158755077,1.272,1.087,1.913765642782787e-5,3.24621374275587e-7,24.063487255679973
MA09.csv,lnRR,CD411,0.6400725701043594,0.0635712644815487,0.07463847870815843,7,5.174,0.1674457338298346,0.10380839405482768,1.1067214226609723
MA09.csv,lnRR,CD411,0.7123988707178023,0.06093947404348499,0.06984053832341375,7.685,5.771,0.1914111613462556,0.12604253892896558,0.8901064279928761
MA09.csv,lnRR,CD414,0.0622711971942085,0.9411017469892521,0.9972357296167047,1.033,1.002,2.2089728889347356e-8,1.0855318109259255e-11,5.613398262745262
MA09.csv,lnRR,CD414,0.10417677284308628,0.5582696545605293,0.8078628922650164,1.341,1.125,4.2752184197947375e-5,1.032377470040809e-6,24.959323770448705
MA09.csv,lnRR,CD414,0.08344345390742164,0.7485494558566913,0.9421662358592132,1.162,1.03,2.962784069488563e-6,2.0953236199832335e-8,19.36167800025219
MA09.csv,lnRR,CD414,0.17301587210426678,0.245216734477556,0.39911827184337867,2.022,1.564,0.0025389030698217256,3.1109788640319627e-4,15.390153736582269
MA09.csv,lnRR,CD414,0.21278688869382906,0.17792064644075234,0.2832455007204885,2.433,1.86,0.0078075700429273195,0.0014499458715542858,10.532485427973615
MA09.csv,lnRR,CD414,0.16310551186272032,0.2699054393776762,0.4395122237770366,1.91,1.497,0.0017569674573109724,1.8757388315703848e-4,16.96067843993604
MA09.csv,lnRR,CD414,0.10834721500804716,0.5261223984300032,0.7767068498587718,1.378,1.137,6.403000674156195e-5,1.8373785634906329e-6,25.058445142876863
MA09.csv,lnRR,CD414,0.11230351730912082,0.4976872785037304,0.747058176850086,1.404,1.158,9.119504517242632e-5,3.0358524238549086e-6,24.93708983463556
MA09.csv,lnRR,CD414,0.13734280833010515,0.35880363538832083,0.5740502546977694,1.65,1.315,5.21201486631624e-4,3.497726164235822e-5,21.524661930944855
MA09.csv,lnRR,CD414,0.20960323947878287,0.1819407670401033,0.29037671065631865,2.388,1.841,0.007252424583765259,0.0013107073929533334,10.843594361621534
MA09.csv,lnRR,CD414,0.21693975661459566,0.17294291198605705,0.27438383997234017,2.458,1.886,0.008567225141546269,0.0016464524967909019,10.144092798628312
MA09.csv,lnRR,CD414,0.2226174251939861,0.16658828008861437,0.2630219812158381,2.515,1.94,0.009670586765986741,0.0019434599962326723,9.643370112722371
MA09.csv,lnRR,CD417,0.0944224496610843,0.6421302230732648,0.8774635317378411,1.247,1.08,1.4289291229389938e-5,2.1245231453942274e-7,23.533330866457625
MA09.csv,lnRR,CD419,0.34875873179033096,0.09644727470532055,0.13502012975103084,3.85,2.914,0.04987327465377799,0.018615180881500566,3.8572855045710286
MA09.csv,lnRR,CD419,0.35983915295587277,0.09357701339490043,0.12973176119857455,4.009,2.997,0.05436904200307073,0.02099713711045485,3.6154747803674114
MA09.csv,lnRR,CD419,0.3590148074940642,0.09378124687971268,0.13010803464392562,3.98,2.978,0.05403175933902118,0.020815467902087575,3.632678776421294
MA09.csv,lnRR,CD419,0.3417439143569348,0.09841379304893882,0.13864353402458596,3.762,2.846,0.04707372456910816,0.017176068687526694,4.022974097564713
MA09.csv,lnRR,CD419,0.5758755533967387,0.06679510796402832,0.0805265194823297,6.143,4.64,0.14395203557069225,0.08344501830644599,1.3731411518301373
MA09.csv,lnRR,CD419,0.24150871205817814,0.14861870487690032,0.2306223868998365,2.71,2.091,0.013870187673614353,0.003185158988013069,8.200368202293618
MA09.csv,lnRR,CD419,0.29138642727484754,0.11707792715999865,0.17300037789004596,3.241,2.462,0.028468872760478946,0.008557961346613708,5.592245073004731
MA09.csv,lnRR,CD419,0.3115085376037068,0.1085048875608775,0.15723081267683314,3.407,2.622,0.03553711965391436,0.011626860785015894,4.872592511595563
MA09.csv,lnRR,CD419,0.1805279701320546,0.22907127785191583,0.3720507984306435,2.092,1.628,0.0032643430525740582,4.391948819196451e-4,14.297952057872765
MA09.csv,lnRR,CD419,0.2370067615069241,0.15250720123946648,0.2376648636781542,2.663,2.044,0.012797031310737993,0.002852328908938091,8.515766243868772
MA09.csv,lnRR,CD419,0.23084025645454478,0.15821435829267783,0.24797075696648874,2.608,2,0.011399902878959096,0.0024345341328605254,8.97563986738109
MA09.csv,lnRR,CD419,0.2656088665688704,0.1311143225836615,0.1987381715826707,2.976,2.281,0.020339224282827428,0.00538641215808126,6.762384899900919
MA09.csv,lnRR,CD419,0.26407333072463035,0.13208568668984033,0.2005144199959661,2.969,2.257,0.019892402477862704,0.005224462225004049,6.8428733306125755
MA09.csv,lnRR,CD419,0.24547462597995745,0.1453723264040373,0.22473073328423454,2.757,2.125,0.014852021937845461,0.0034982839907102296,7.935840688019724
MA09.csv,lnRR,CD419,0.2687518595284505,0.12917893428252225,0.19519699356316556,3.028,2.287,0.02126767742547206,0.005727291841944796,6.60180592806433
MA09.csv,lnRR,CD419,0.17374548339453316,0.24355862108075932,0.3963616306718488,2.011,1.58,0.002604197983977564,3.221336951176527e-4,15.28030095910895
MA09.csv,lnRR,CD419,0.17032078557827285,0.2515216538476357,0.4095508351936381,1.986,1.543,0.002307096826576468,2.727706163133526e-4,15.80291813460024
MA09.csv,lnRR,CD419,0.233985512372027,0.15524600891738527,0.24261519520860908,2.642,2.019,0.012101900635969094,0.0026422039463945193,8.736918629122382
MA09.csv,lnRR,CD419,0.21120575512992065,0.1798942767710935,0.2867493988451669,2.394,1.852,0.007528906350954862,0.001379579539956997,10.685512207407344
MA09.csv,lnRR,CD419,0.18975901559609756,0.21175451058262051,0.342481029434748,2.194,1.692,0.00432256123598697,6.453442625783949e-4,13.07265188521275
MA09.csv,lnRR,CD419,0.41666666653333334,0.08233517847493588,0.10903382267009465,4.597,3.431,0.07831218707209328,0.03503957056031971,2.669864419515877
MA09.csv,lnRR,CD419,0.5590169943749475,0.06783327848608378,0.08242494589413374,6.094,4.563,0.1374439558098019,0.07806889223098079,1.4591667408049958
MA09.csv,lnRR,CD419,0.41666666653333334,0.08233517847493588,0.10903382267009465,4.564,3.481,0.07831218707209328,0.03503957056031971,2.669864419515877
MA09.csv,lnRR,CD419,0.41666666653333334,0.08233517847493588,0.10903382267009465,4.546,3.426,0.07831218707209328,0.03503957056031971,2.669864419515877
MA09.csv,lnRR,CD419,0.37964806465989,0.08907014015335646,0.12142998183830056,4.157,3.137,0.06258589558342287,0.025566679722672608,3.23598416849441
MA09.csv,lnRR,CD419,0.3910147848867099,0.0867935028862099,0.11723800838109633,4.3,3.229,0.067377868048073275,0.028354893681627528,3.044450549488642
MA09.csv,lnRR,CD419,0.2723102880906265,0.12706993529291877,0.19133510341419468,3.031,2.305,0.02234093172619739,0.006128520544471729,6.426516812127591
MA09.csv,lnRR,CD419,0.3910147848867099,0.0867935028862099,0.11723800838109633,4.275,3.236,0.067377868048073275,0.028354893681627528,3.044450549488642
MA09.csv,lnRR,CD419,0.30274228809335507,0.11202503055794444,0.1637092376307847,3.374,2.529,0.032388793521917605,0.010226681313460374,5.168420707284027
MA09.csv,lnRR,CD419,0.4034402111837639,0.08452573316849732,0.11306393647315971,4.405,3.331,0.07265927366314563,0.03152882004333812,2.853820330466239
MA09.csv,lnRR,CD419,0.17169291773395895,0.24827574687888898,0.4041897560867479,2.005,1.562,0.002423279554733725,2.9181179099369557e-4,15.591400920785892
MA09.csv,lnRR,CD419,0.1795074037470321,0.23114896301551469,0.3755617818727012,2.063,1.622,0.0031587820856617825,4.1983554685914474e-4,14.441281885718649
MA09.csv,lnRR,CD419,0.23122719130759686,0.15784252647524377,0.2473004522728688,2.617,2.004,0.011485064036393775,0.0024594791309231656,8.945792579762502
MA09.csv,lnRR,CD419,0.3906911414403966,0.08685553597918128,0.11735221062206491,4.243,3.244,0.06724083517932142,0.028273936723631984,3.0496674642883637
MA09.csv,lnRR,CD419,0.252608275794757,0.1399207447590024,0.21481370773301334,2.814,2.154,0.016702008972406493,0.004109527624135605,7.4892962974010935
MA09.csv,lnRR,CD419,0.18442101561373095,0.22145481306780002,0.35911176628815866,2.137,1.651,0.0036877265497659573,5.19119264335703e-4,13.765695322035864
MA09.csv,lnRR,CD419,0.3100179204497701,0.10908195787808772,0.15829311300843185,3.445,2.613,0.03499473994241788,0.011381964505483008,4.9211155130344135
MA09.csv,lnRR,CD419,0.1967565805761017,0.20020700678279502,0.32247079936822864,2.268,1.737,0.00525207599599833,8.426422355779476e-4,12.226379258543362
MA09.csv,lnRR,CD419,0.3433632362382438,0.0979488769395297,0.13778690639904878,3.806,2.854,0.04771647527977952,0.017503416317094813,3.9838029459519086
MA09.csv,lnRR,CD419,0.19881717984117972,0.1970362780790692,0.31693749303644647,2.278,1.757,0.005547160284618308,9.081288714177551e-4,11.990121495737727
MA09.csv,lnRR,CD419,1.054092552388072,0.05497962119415445,0.05900883324303763,11.39,8.381,0.2741679232872393,0.21279245616999376,0.40292120488831795
MA09.csv,lnRR,CD419,1.1180339878554677,0.05442488131174983,0.05800324045637817,11.958,9.09,0.28539029793008114,0.22560225301638603,0.357835914462834
MA09.csv,lnRR,CD419,1.0440306499332286,0.055076355466625704,0.05918423472230483,11.161,8.286,0.2723039751711237,0.21068672944005892,0.41078792556791255
MA09.csv,lnRR,CD419,1.054092552388072,0.05497962119415445,0.05900883324303763,11.309,8.382,0.2741679232872393,0.21279245616999376,0.40292120488831795
MA09.csv,lnRR,CD419,0.9999999989999999,0.055534717156077495,0.06001554346172877,10.737,8.016,0.2638092896569311,0.2011713541760252,0.44808263056512754
MA09.csv,lnRR,CD419,0.31991511217821517,0.10540340664087788,0.15151994809437586,3.536,2.667,0.038646560093232245,0.013059542959395789,4.611654145349798
MA09.csv,lnRR,CD419,0.1866699734826145,0.21726749528873746,0.3519533052185001,2.159,1.676,0.003947458149795829,5.69871179505349e-4,13.468580992976264
MA09.csv,lnRR,CD419,0.33702425432007116,0.09980814878540245,0.14121264496765562,3.703,2.826,0.045213117622412945,0.01623891423963088,4.1404496182253165
MA09.csv,lnRR,CD419,0.24845199737575063,0.14303865649708924,0.22048899770071761,2.811,2.146,0.015611184406067161,0.003745828832962093,7.745034120362837
MA09.csv,lnRR,CD419,0.3513641842874712,0.09574733814209435,0.1337304748041701,3.872,2.927,0.05092272859104748,0.019163477674056687,3.7983136662075756
MA09.csv,lnRR,CD419,0.23829088946075971,0.15137512338822223,0.23561623067510695,2.681,2.035,0.01309860551041642,0.0029448406973112684,8.424110728688472
MA09.csv,lnRR,CD419,0.21672792851868447,0.17318983167835023,0.2748242303985019,2.474,1.899,0.008527505680906133,0.0016360123346619599,10.163439872015168
MA09.csv,lnRR,CD419,0.2611782935084767,0.13396495879892278,0.20394880010319816,2.929,2.239,0.01906230049348105,0.004927288825387679,6.998384130427537
MA09.csv,lnRR,CD419,0.43173002906909314,0.08008566290465924,0.1048974727961347,4.703,3.559,0.08476631594712372,0.03918689628834379,2.4811809891475467
MA09.csv,lnRR,CD419,0.2802838347104592,0.12263898074546364,0.18321175993325511,3.13,2.366,0.02482792460516864,0.007086813743125743,6.057277918779147
MA09.csv,lnRR,CD419,0.29844785139116015,0.11386657053796012,0.16709664608784236,3.312,2.504,0.030884424047646263,0.009576235784306598,5.323007554988224
MA09.csv,lnRR,CD419,0.3459528363809148,0.0972192107573614,0.13644245929122611,3.803,2.877,0.048748792192864716,0.01803299647936288,3.922324853386472
MA09.csv,lnRR,CD419,0.26267491315312164,0.13298551565459027,0.20215920951359523,2.955,2.243,0.019489407430519613,0.005079586557558993,6.917369385900496
MA09.csv,lnRR,CD419,0.2573978632389943,0.13651729552717262,0.20860863671722718,2.889,2.196,0.018002998030169536,0.004555199758244838,7.209134119005456
MA09.csv,lnRR,CD419,0.263683605861267,0.13233498878988348,0.20097018022182445,2.952,2.255,0.01977971394228571,0.005183836790880877,6.863519143194097
MA09.csv,lnRR,CD419,1.054092552388072,0.05497962119415445,0.05900883324303763,11.209,8.454,0.2741679232872393,0.21279245616999376,0.40292120488831795
MA09.csv,lnRR,CD419,1.1180339878554677,0.05442488131174983,0.05800324045637817,12.035,8.906,0.28539029793008114,0.22560225301638603,0.357835914462834
MA09.csv,lnRR,CD419,1.0440306499332286,0.055076355466625704,0.05918423472230483,11.146,8.354,0.2723039751711237,0.21068672944005892,0.41078792556791255
MA09.csv,lnRR,CD419,1.054092552388072,0.05497962119415445,0.05900883324303763,11.385,8.399,0.2741679232872393,0.21279245616999376,0.40292120488831795
MA09.csv,lnRR,CD419,0.9999999989999999,0.055534717156077495,0.06001554346172877,10.896,8.027,0.2638092896569311,0.2011713541760252,0.44808263056512754
MA09.csv,lnRR,CD419,0.325,0.103645730762149,0.14828254200991464,3.583,2.703,0.040566689757566235,0.01396806721509829,4.4636811247765635
MA09.csv,lnRR,CD419,0.19525624189766635,0.20257903189565563,0.32659949241722086,2.232,1.73,0.005043368072345052,7.971297739591468e-4,12.402046052156523
MA09.csv,lnRR,CD419,0.34185474839469465,0.09838175650591652,0.1385845055088275,3.773,2.894,0.047117647945621566,0.017198379936373256,4.020274900291099
MA09.csv,lnRR,CD419,0.2549661075515724,0.13822078904821455,0.2117156685013184,2.88,2.193,0.01733665358124725,0.0043253477517212905,7.3494879453103845
MA09.csv,lnRR,CD419,0.35600015589884226,0.09454051739966673,0.13150692518654017,3.915,2.964,0.052801993832911114,0.020157129638424167,3.6966407786873434
MA09.csv,lnRR,CD419,0.23829088946075971,0.15137512338822223,0.23561623067510695,2.689,2.067,0.01309860551041642,0.0029448406973112684,8.424110728688472
MA09.csv,lnRR,CD419,0.21672792851868447,0.17318983167835023,0.2748242303985019,2.479,1.895,0.008527505680906133,0.0016360123346619599,10.163439872015168
MA09.csv,lnRR,CD419,0.2611782935084767,0.13396495879892278,0.20394880010319816,2.922,2.229,0.01906230049348105,0.004927288825387679,6.998384130427537
MA09.csv,lnRR,CD419,0.43173002906909314,0.08008566290465924,0.1048974727961347,4.733,3.533,0.08476631594712372,0.03918689628834379,2.4811809891475467
MA09.csv,lnRR,CD419,0.2802838347104592,0.12263898074546364,0.18321175993325511,3.119,2.377,0.02482792460516864,0.007086813743125743,6.057277918779147
MA09.csv,lnRR,CD419,0.2976190467695238,0.11423140747048743,0.1677675838827134,3.296,2.511,0.030597101968378945,0.009453410245800396,5.353617641222597
MA09.csv,lnRR,CD419,0.284786595541293,0.12030328269461621,0.17892490283696239,3.169,2.4,0.02628044292784956,0.007664260720333838,5.862162014234618
MA09.csv,lnRR,CD419,0.2906322762529998,0.1174351343124651,0.1736567741660875,3.229,2.446,0.02821533770632042,0.008452997194566127,5.6221639853622385
MA09.csv,lnRR,CD419,0.25643641902038794,0.13718488812141394,0.2098265688523715,2.852,2.205,0.0177381233350235,0.004463438180772547,7.264168073095756
MA09.csv,lnRR,CD419,0.2627451636091519,0.13293996127802488,0.20207595627555375,2.941,2.251,0.019509562284445146,0.005086805170801389,6.913599499752888
MA09.csv,lnRR,CD419,0.1707875024701749,0.25040909800304056,0.4077156505025564,2.001,1.554,0.0023461906462808576,2.791392003845908e-4,15.730655249951585
MA09.csv,lnRR,CD419,0.21081922350677607,0.1803835911208962,0.2876172398740453,2.401,1.843,0.007461669843324184,0.0013627435230132263,10.72336487531491
MA09.csv,lnRR,CD419,0.17493974391201103,0.2408879498753398,0.391910319758738,2.037,1.593,0.0027134405799945833,3.408250805803517e-4,15.102236988339824
MA09.csv,lnRR,CD419,0.2270049558930377,0.16200516121598774,0.2547950382393066,2.58,1.973,0.010574117703739396,0.0021962954955054904,9.278987702331886
MA09.csv,lnRR,CD419,0.18936150876036026,0.21244896890313114,0.3436771657361788,2.168,1.679,0.004273092888141803,6.352480638356513e-4,13.122819683304765
MA09.csv,lnRR,CD419,0.12522202681637123,0.4179121447682018,0.6533738550993838,1.535,1.24,2.4560292690134836e-4,1.2249649417963539e-5,23.546171033118203
MA09.csv,lnRR,CD419,0.1327433840159275,0.37965035173351447,0.602976726973215,1.614,1.286,3.9842101315929113e-4,2.407172460272139e-5,22.332637523970057
MA09.csv,lnRR,CD419,0.10745547915299619,0.5328072326630243,0.7833917261285359,1.358,1.142,5.889764989504357e-5,1.631272354802446e-6,25.05844934655116
MA09.csv,lnRR,CD419,0.15968767641868925,0.279453697391259,0.4547974037678584,1.867,1.469,0.0015306303593118236,1.5514391754547788e-4,17.534370637659936
MA09.csv,lnRR,CD419,0.16034888836533917,0.2775613312216908,0.45178332860248105,1.879,1.478,0.001572761829412525,1.6105422513087623e-4,17.422199738079026
MA09.csv,lnRR,CD419,0.17566407714726423,0.23929393031144375,0.38924691455218263,2.039,1.585,0.0027811375776244014,3.525483529454646e-4,14.995298424073889
MA09.csv,lnRR,CD419,0.16150184209475754,0.2743140372650359,0.44659352034728306,1.906,1.479,0.0016481141195049383,1.7177104377751737e-4,17.22794830822472
MA09.csv,lnRR,CD419,0.170771221228871,0.25044776073906627,0.4077794668827155,1.987,1.551,0.0023448195245645985,2.789151721782306e-4,15.733170614364923
MA09.csv,lnRR,CD419,0.1910518908569083,0.2095255069904416,0.33863613945646254,2.192,1.706,0.004485918132028926,6.789846452909643e-4,12.911063246602094
MA09.csv,lnRR,CD419,0.17474042176897708,0.24132998343223655,0.3926480312995533,2.02,1.582,0.0026950029582136826,3.37650659348726e-4,15.131804786731673
MA09.csv,lnRR,CD419,0.17429642853483832,0.24231993116354145,0.394298783378745,2.017,1.576,0.0026542285709524977,3.30658861435427e-4,15.197885221520357
MA09.csv,lnRR,CD419,0.16393671034884164,0.26766867949941064,0.43590390807583035,1.92,1.502,0.001815264288574116,1.961886116349081e-4,16.82352285764197
MA09.csv,lnRR,CD419,0.2045674338696167,0.18869019952416555,0.30229579441308807,2.342,1.805,0.0064225840236061494,0.0011098606022954438,11.360559488892253
MA09.csv,lnRR,CD419,0.1531181635208573,0.29951985750270993,0.48628425920275387,1.811,1.424,0.0011534031553099558,1.0503748193668472e-4,18.676440170004394
MA09.csv,lnRR,CD419,0.16469180914666035,0.2656646283269959,0.432662172147079,1.911,1.509,0.0018693478836799872,2.042726948314534e-4,16.699754382008315
MA09.csv,lnRR,CD419,0.1374535848932286,0.35832355580581665,0.573372045902621,1.651,1.311,5.244634248595457e-4,3.528172442441355e-5,21.504849009680438
MA09.csv,lnRR,CD419,0.1409744799600268,0.34357484567070795,0.552274252872218,1.691,1.341,6.361050371306666e-4,4.61181632863332e-5,20.869940720151003
MA09.csv,lnRR,CD419,0.1155604690194705,0.4757429588891341,0.7228317025018794,1.449,1.177,1.196843658910801e-4,4.459137323168763e-6,24.708874361274535
MA09.csv,lnRR,CD419,0.12179131742451922,0.4372592525420571,0.6775147007311916,1.503,1.219,1.929063723549111e-4,8.731469905686143e-6,24.025544818913446
MA09.csv,lnRR,CD419,0.10033440088025641,0.5898797850083554,0.8360676384434209,1.302,1.102,2.8538272879327634e-5,5.779725398950035e-7,24.618785343506556
MA09.csv,lnRR,CD419,0.06465173624892065,0.9242610548914849,0.9953412487047824,1.048,1.004,4.647388114271199e-8,3.529295378616547e-11,7.108019381329744
MA09.csv,lnRR,CD419,0.12222157338211613,0.43476365283888074,0.6744516897103425,1.507,1.221,1.9899414465297138e-4,9.120657577163144e-6,23.968803687146178
MA09.csv,lnRR,CD419,0.07817137583540411,0.8015846270260363,0.9649689143458984,1.125,1.022,1.1651029656658049e-6,5.15994205986963e-9,16.33842873198621
MA09.csv,lnRR,CD419,0.0947421236831854,0.6391986318675508,0.8753117105574572,1.255,1.081,1.4869652272812685e-5,2.2511243776937634e-7,23.61130786899064
MA09.csv,lnRR,CD419,0.07015322515750791,0.8786263177930765,0.9875376653600826,1.077,1.006,2.0584267069390783e-7,3.625534841456837e-10,10.891134756700605
MA09.csv,lnRR,CD419,0.10273983161364438,0.5698681294225784,0.8184907875820654,1.317,1.111,3.689520644713608e-5,8.359241180897972e-7,24.862265815948703
MA09.csv,lnRR,CD419,0.11608651515141627,0.47231932617255834,0.7189462333623252,1.45,1.182,1.248673442592252e-4,4.734099165058487e-6,24.662690718976688
MA09.csv,lnRR,CD419,0.09804192980556839,0.6096353676714488,0.8524802742274246,1.282,1.09,2.206004366484863e-5,3.9869930306352604e-7,24.28449065559758
MA09.csv,lnRR,CD419,0.10550803760851588,0.5477630630715055,0.7979553787165581,1.344,1.129,4.8817040260524004e-5,1.2480015421682358e-6,25.01923156450526
MA09.csv,lnRR,CD419,0.10525277193499466,0.5497598516100146,0.7998588396953578,1.352,1.122,4.7604220823296504e-5,1.2039392066384415e-6,25.009898808534313
MA09.csv,lnRR,CD420,0.09399434557461422,0.6460741420103553,0.880326632359946,1.247,1.074,1.3541114402236829e-5,1.964625037804807e-7,23.425249034959073
MA09.csv,lnRR,CD420,0.36837180945343795,0.09154458269943866,0.12598755014761442,4.05,3.059,0.057883731948997194,0.02291826543380121,3.4442967448175765
MA09.csv,lnRR,CD420,0.09385996484124634,0.6473163248115122,0.8812208578227252,1.246,1.071,1.3312966633966388e-5,1.9166248435873544e-7,23.390453301121294
MA09.csv,lnRR,CD420,0.3592147895062229,0.0937315688975171,0.13001650908178675,3.954,3.008,0.05411354341276372,0.020859475227111724,3.6284940184269643
MA09.csv,lnRR,CD450,0.23544368541118277,0.15391074660899462,0.240202789370766,2.641,2.046,0.012434865489968857,0.002742305146905092,8.629204276177138
MA09.csv,lnRR,CD450,0.21871221959460793,0.17090519840601281,0.2707463399836042,2.48,1.904,0.00890365957385108,0.0017355971827054334,9.984114157759139
MA09.csv,lnRR,CD450,0.25112353334564247,0.14101641492251982,0.21680909974510965,2.811,2.16,0.016308219254164275,0.003977161561222488,7.579268482258983
MA09.csv,lnRR,CD450,0.18077714457309033,0.22856924370894505,0.37120122556025126,2.097,1.627,0.0032904562659916924,4.440197714468487e-4,14.263198185130621
MA09.csv,lnRR,CD450,0.08627709429506768,0.7202419233873529,0.9274665853285253,1.183,1.042,4.640813901130742e-6,4.0805836534196835e-8,20.72246619411724
MA09.csv,lnRR,CD450,0.11462053044721089,0.48194310744941604,0.7297955509352707,1.433,1.176,1.1083941421055629e-4,4.000869947354939e-6,24.785244348585465
MA09.csv,lnRR,CD450,0.405342016080248,0.084197256646804,0.11245949226756202,4.387,3.364,0.07347055419733572,0.0320255361244826,2.8262235620758025
MA09.csv,lnRR,CD450,0.3174102518823234,0.10630121149408944,0.15317334565658325,3.522,2.674,0.03771132313998758,0.01262355316002478,4.687213416249381
MA09.csv,lnRR,CD450,0.36483531627297267,0.0923692983100739,0.12750680126255687,4.022,3.049,0.05642199909063873,0.022113110950338022,3.513750295248297
MA09.csv,lnRR,CD450,0.22466128950043884,0.1644193824780792,0.2591319952303526,2.558,1.964,0.010085991116329521,0.0020586606098314197,9.471261275227338
MA09.csv,lnRR,CD450,0.1659807820200881,0.2623038487525964,0.42720719060626733,1.948,1.513,0.0019641680373238928,2.1865437244398734e-4,16.490334185367097
MA09.csv,lnRR,CD450,0.09678970503106206,0.6207012381841363,0.8612681729812964,1.268,1.081,1.905880102010377e-5,3.226863759705435e-7,24.056693479716017
MA09.csv,lnRR,CD450,0.11015034271394711,0.5129167719622321,0.7631821924730549,1.38,1.149,7.548146738585202e-5,2.321600527622001e-6,25.02654205108228
MA09.csv,lnRR,CD450,0.4374186141443914,0.07929700976850618,0.10344792433880223,4.748,3.615,0.0872033839654655,0.040790497649729904,2.4150914570296056
MA09.csv,lnRR,CD454,0.26579522192846133,0.13099760643017422,0.19852469480294133,2.976,2.25,0.02039375635175671,0.005406271385376526,6.75270883727671
MA09.csv,lnRR,CD454,0.5562258597008952,0.06801443885494651,0.08275632916865294,6.024,4.573,0.1363534877764312,0.07717969055189487,1.474189031370643
MA09.csv,lnRR,CD457,0.9483558340622996,0.056156170365710745,0.06114314788222541,10.342,7.554,0.253094667481658,0.1893642992508161,0.4986977516514668
MA09.csv,lnRR,CD457,1.0395358800926497,0.055120481813128896,0.05926425068494945,11.114,8.275,0.2714622757896846,0.20973793104018326,0.41437688718205523
MA09.csv,lnRR,CD457,0.2956341438332183,0.11511796318895495,0.16939773440018857,3.27,2.473,0.029913053860274992,0.00916282813371244,5.427977121123362
MA09.csv,lnRR,CD457,0.5205784465380794,0.070593996764714,0.08747824582801011,5.663,4.233,0.12212008036707098,0.06588593203990459,1.6884249063296108
MA09.csv,lnRR,CD457,0.6139318064736506,0.06476120198260138,0.07681047240416483,6.7,4.997,0.15813054086437867,0.0955589683856906,1.2049270421563452
MA09.csv,lnRR,CD457,1.0822362043472766,0.05472328408197369,0.05854410456492498,11.791,8.648,0.2792367478332467,0.21855055293998887,0.38208204829512926
MA09.csv,lnRR,CD457,0.5851423117498853,0.06626270040304871,0.07955336556271786,6.302,4.766,0.14747086846275542,0.08640064698268667,1.3290665159669146
MA09.csv,lnRR,CD457,0.459158630540688,0.07655250934391233,0.0984062893469998,5.019,3.774,0.09648923462367401,0.04708400760283998,2.1853780003087464
MA09.csv,lnRR,CD457,0.11038245331573311,0.5112469397082913,0.7614418284415846,1.396,1.156,7.706514817912096e-5,2.391068793371966e-6,25.019488873329333
MA09.csv,lnRR,CD457,0.31784298010181067,0.10614455722428973,0.15288486400556545,3.509,2.663,0.037872373900016555,0.012698323856392215,4.674030678127572
MA09.csv,lnRR,CD457,0.6775798499070054,0.062100520389503866,0.07195617943265098,7.292,5.451,0.18020263743277376,0.11546646000381489,0.9855659043147114
MA09.csv,lnRR,CD457,0.520242581878877,0.0706208850079858,0.08752749655298586,5.601,4.271,0.121983412745412,0.06578035366349386,1.690661154500006
MA09.csv,lnRR,CD457,0.48715991522291735,0.07355222643798842,0.09290036489544784,5.291,3.973,0.10831693833953876,0.05550674047945243,1.9348138457459418
MA09.csv,lnRR,CD457,0.7101476508445269,0.0610093742407678,0.06996786205496741,7.592,5.791,0.19070462197836316,0.12536687628588833,0.8958487814199612
MA09.csv,lnRR,CD457,0.9874868277602491,0.05567634583602987,0.060272472834704716,10.547,7.905,0.2612903249364874,0.1983757371417553,0.4596126998674843
MA09.csv,lnRR,CD457,0.6007867342077386,0.06541973636404363,0.07801316754308019,6.48,4.875,0.1533150493090718,0.09138394095454304,1.2593431179036552
MA09.csv,lnRR,CD457,0.898438157582368,0.056862071761363264,0.06242467159708187,9.695,7.19,0.2418925588717938,0.17726138722610413,0.5562599835718607
MA09.csv,lnRR,CD457,0.28339320210619023,0.12101390702950032,0.18022948354956547,3.187,2.398,0.02582736059412069,0.007482767951495531,5.9215576520065145
MA09.csv,lnRR,CD459,0.37495114081704034,0.09007316329019055,0.12327725805329015,4.107,3.109,0.060620195491734453,0.024448814720034247,3.32040947630996
MA09.csv,lnRR,CD459,0.44130639356347423,0.0787757671493623,0.10249006415422124,4.806,3.637,0.08886787293761134,0.04189737492075931,2.371429700485894
MA09.csv,lnRR,CD459,0.19972646044027317,0.19566825769305318,0.3145451049891037,2.29,1.77,0.005680488198491552,9.381443749249112e-4,11.887684729605052
MA09.csv,lnRR,CD459,0.49982696605925536,0.07235994336920859,0.09071419076733866,5.393,4.055,0.11359507504192347,0.059407182168775025,1.8354247398130075
MA09.csv,lnRR,CD459,0.1797288040354133,0.23069528184109067,0.3747958165375108,2.074,1.605,0.0031814924996775356,4.2398075396143974e-4,14.410053469642016
MA09.csv,lnRR,CD459,0.108488492477313,0.5250727045455466,0.7756472965785408,1.372,1.139,6.487446779168672e-5,1.8719599266108708e-6,25.057459203299427
MA09.csv,lnRR,CD459,0.17920297430567383,0.2317754770348608,0.3766189115783801,2.074,1.616,0.0031277261389156116,4.1418477654472555e-4,14.484343454351933
MA09.csv,lnRR,CD459,0.14529966276629824,0.3267386963732195,0.5275750866878668,1.738,1.37,7.95642543707448e-4,6.28789747764754e-5,20.083639031464728
MA09.csv,lnRR,CD459,0.267491850343146,0.1299464429285152,0.19660163258282304,2.992,2.289,0.020893243424006537,0.005589116629972941,6.665518965430783
MA09.csv,lnRR,CD459,0.09584859414722784,0.6291420251760872,0.8677765898788924,1.265,1.081,1.702842451805288e-5,2.7408283631001855e-7,23.863456470280518
MA09.csv,lnRR,CD459,0.10397557405467882,0.5598775519136308,0.8093555948593859,1.329,1.123,4.189027306527969e-5,1.002716267622754e-6,24.947804294575516
MA09.csv,lnRR,CD466,0.20018205713799625,0.1949898192222289,0.3133575418018473,2.295,1.764,0.0057480114895231684,9.53445025640938e-4,11.836772257961837
MA09.csv,lnRR,CD466,0.5155936859582358,0.0709985482201615,0.08821932122051412,5.598,4.184,0.1200871333757582,0.06432116479127596,1.722077300035263
MA09.csv,lnRR,CD466,0.45159471321086125,0.07746181097188276,0.1000761703367502,4.942,3.7,0.09326549077588274,0.04486661028649854,2.2614359364867442
MA09.csv,lnRR,CD466,0.19621177589533204,0.20106205745043815,0.3239601521889326,2.256,1.727,0.005175692146158264,8.259068470267035e-4,12.289809473849445
MA09.csv,lnRR,CD466,0.13950847286096998,0.34959743637152263,0.5609506916064342,1.68,1.331,5.877133915407601e-4,4.132428893087684e-5,21.135325523491154
MA09.csv,lnRR,CD466,0.18246862196005098,0.2252145428690817,0.36551220552774866,2.12,1.639,0.0034712711384194215,4.7781105275485606e-4,14.029766265866694
MA09.csv,lnRR,CD466,0.5294454721687588,0.06990277424816516,0.08621236212629313,5.752,4.283,0.12571160964443037,0.0686802102622924,1.6309587878127974
MA09.csv,lnRR,CD466,0.4444082672498341,0.07836983090684235,0.10174420286784946,4.839,3.635,0.09019497588492549,0.04278660136223396,2.337437196100711
MA09.csv,lnRR,CD466,1.192219041954959,0.05389011021136081,0.05703429965098206,12.718,9.43,0.2971833003962117,0.23929877222096044,0.3144189439621248
MA09.csv,lnRR,CD466,1.0213883859727404,0.05530462841068762,0.05959820264630811,10.997,8.206,0.26800588077655424,0.2058554194585292,0.429357423562049
MA09.csv,lnRR,CD466,0.22885779427408628,0.16014962820033063,0.25145683506833205,2.597,1.99,0.010968887740386107,0.0023093540674473546,9.130720686800142
MA09.csv,lnRR,CD466,0.15566974336716818,0.2914441298202429,0.47371713628120404,1.818,1.445,0.0012911730295417896,1.2272461396578988e-4,18.22730064609611
MA09.csv,lnRR,CD470,0.035536769689998554,0.9999875247207046,0.9999999998822993,0.999,1,2.0567543405749155e-16,5.549823609591871e-25,0.001247516159463835
MA09.csv,lnRR,CD470,0.0414999036143459,0.999562528482954,0.9999998656523486,1.001,1,2.1180205598531146e-13,6.281538445490841e-20,0.043733716939453604
MA09.csv,lnRR,CD470,0.03703478094980447,0.999963373773169,0.9999999990176145,1,1.001,1.567771210507213e-15,1.6932126474342186e-23,0.0036625244445476213
MA09.csv,lnRR,CD470,0.03948322428576471,0.9998396739907475,0.9999999817535978,1.001,1,2.7826306142636375e-14,2.1106755763470775e-21,0.016030776285036463
MA09.csv,lnRR,CD470,0.03860360086831279,0.9999022114356435,0.9999999931532608,0.999,1,1.0481639650748214e-14,4.1110194845206803e-22,0.009778171761731791
MA09.csv,lnRR,CD470,0.03421764164871682,0.9999957721269428,0.9999999999859399,1,1,2.8028801330201654e-17,1.9247840127450514e-26,0.00042278589971189717
MA09.csv,lnRR,CD477,0.1015511201316854,0.5796646431288601,0.8272153879529329,1.314,1.103,3.2550725365806786e-5,6.983410277977993e-7,24.75507448240728
MA09.csv,lnRR,CD477,0.11212185781550357,0.4989497060449384,0.7484162143067803,1.411,1.167,8.977833216354201e-5,2.9692508409191308e-6,24.94665082618419
MA09.csv,lnRR,CD477,0.0902110359102477,0.6817678329326645,0.90459120067367,1.214,1.057,8.21566797137282e-6,9.466626204317762e-8,22.282336774100553
MA09.csv,lnRR,CD477,0.10442726176626485,0.5562751881878641,0.806002648346263,1.335,1.12,4.384490802975581e-5,1.070341419287633e-6,24.972746015839885
MA09.csv,lnRR,CD481,0.135006733165424,0.3691650793575024,0.5885558604778017,1.634,1.31,4.558132989977724e-4,2.9030659642909528e-5,21.939078112029932
MA09.csv,lnRR,CD481,0.12137127749183495,0.4397151587067397,0.680514241108443,1.495,1.214,1.8710100720374434e-4,8.364795799730195e-6,24.079908240170333
MA09.csv,lnRR,CD481,0.1663505665755305,0.26135347245604645,0.4256603969378039,1.937,1.513,0.0019919568008220645,2.2291851641694402e-4,16.430692448175744
MA09.csv,lnRR,CD481,0.16654706842211303,0.26085091310793573,0.42484170444358926,1.953,1.525,0.002006830690097197,2.2520994235081926e-4,16.39907913356535
MA09.csv,lnRR,CD481,0.17669523196736237,0.23705759113586367,0.3855020241954602,2.053,1.586,0.0028793998253997945,3.69751693153752e-4,14.844443305959654
MA09.csv,lnRR,CD481,0.17511519637084613,0.24050006746962493,0.39126266948978417,2.044,1.579,0.0027297384319093193,3.436377068179766e-4,15.076260202015924
MA09.csv,lnRR,CD481,0.13298972516702182,0.3784872121389332,0.6013898638819501,1.605,1.291,4.043933234233422e-4,2.457574553440718e-5,22.290265174301695
MA09.csv,lnRR,CD481,0.1335458011320461,0.37588149411249117,0.5978232430274782,1.612,1.299,4.1811802557180047e-4,2.574479347537304e-5,22.194174891498708
MA09.csv,lnRR,CD481,0.15736179332989314,0.2862896316477189,0.46562173597773016,1.852,1.451,0.0013885925192777785,1.3566663766942263e-4,17.933210433001122
MA09.csv,lnRR,CD481,0.17403797286799225,0.24289959277175954,0.395264492782453,2.029,1.582,0.002630680671197584,3.2663889179809964e-4,15.236490001069347
MA09.csv,lnRR,CD481,0.1506866118804189,0.30757111605330323,0.4986704995735871,1.776,1.412,0.0010320116241424673,9.008977613965223e-5,19.109938352028387
MA09.csv,lnRR,CD481,0.15542760694291088,0.2921946339856255,0.4748910397726287,1.839,1.437,0.0012776315558161821,1.2095358758301002e-4,18.26964057870032
MA09.csv,lnRR,CD481,0.5010430879674921,0.07225027669504092,0.09051316152693867,5.378,4.087,0.1140990114391989,0.05978405525970445,1.8262884831897752
MA09.csv,lnRR,CD484,0.4495175346969237,0.077719722542403,0.10054990366307515,4.851,3.686,0.09237865987575679,0.0442626336729732,2.2830181120672144
MA09.csv,lnRR,CD484,0.16305221249648838,0.2700499801249052,0.43974503680349075,1.915,1.5,0.00175327323679445,1.8703148845427325e-4,16.969505667858552
MA09.csv,lnRR,CD484,0.23155359422820454,0.15753033715743625,0.2467375401383225,2.627,2.011,0.011557165036799,0.0024806526281450497,8.920720298088625
MA09.csv,lnRR,CD484,0.3559502647842813,0.09455324901886919,0.13153038251090188,3.936,2.966,0.05278169161996053,0.0201463146413233,3.6977133492032688
MA09.csv,lnRR,CD484,0.5681042421950394,0.06726206384300193,0.08138027506287249,6.127,4.565,0.14096886749762,0.08096606345588994,1.4118211219870558
MA09.csv,lnRR,CD490,0.3031843894398259,0.11183998310527987,0.16336878257320409,3.355,2.563,0.03254512278057383,0.010294974254911531,5.152879946792421
MA09.csv,lnRR,CD490,0.2514971411368328,0.14073884251515967,0.21630369974608643,2.826,2.154,0.016406880699076327,0.004010212549066157,7.556485723092676
MA09.csv,lnRR,CD490,0.3166692943750625,0.10657097733589738,0.1536701109946237,3.506,2.651,0.03743606456565184,0.01249605779585162,4.709913365872631
MA09.csv,lnRR,CD490,0.17927647921576328,0.23162391779735025,0.3763632502634541,2.07,1.617,0.003135206494576935,4.1554398581460696e-4,14.473933246610382
MA09.csv,lnRR,CD490,0.3802696556392582,0.08894023385816818,0.12119074902821214,4.21,3.148,0.06284672750605745,0.025716154332433724,3.225051517004396
MA09.csv,lnRR,CD490,0.2976581025270436,0.11421414517667305,0.16773583963223504,3.317,2.517,0.030610619178239654,0.009459178440148427,5.352169445556198
MA09.csv,lnRR,CD490,0.2631625999263573,0.13267004101534396,0.20158262807272753,2.956,2.263,0.01962952124393317,0.005129828347412169,6.891258705738357
MA09.csv,lnRR,CD490,0.20335377055761714,0.19039275611160944,0.30529148632839653,2.311,1.787,0.006231422679179445,0.0010648907690620666,11.48987302167871
MA09.csv,lnRR,CD490,0.11034387613275147,0.5115239955617193,0.761731056086441,1.388,1.153,7.68001490497298e-5,2.3794037696769445e-6,25.020706052472164
MA09.csv,lnRR,CD490,0.11347809480247718,0.4896234780172577,0.7382920894545619,1.421,1.167,1.0078111107163489e-4,3.497318013310559e-6,24.866861143730425
MA09.csv,lnRR,CD490,0.1559874289806714,0.29046440042990784,0.47218284861984017,1.835,1.457,0.0013090903330434625,1.2507855147771442e-4,18.171844818993232
MA09.csv,lnRR,CD490,0.19413832439783754,0.20438225350622719,0.3297318861469588,2.235,1.717,0.004891211808605369,7.643810697944394e-4,12.534963264073163
MA09.csv,lnRR,CD490,0.4712886917803142,0.07518605619355867,0.09589788579740699,5.151,3.88,0.1016363959454952,0.050694553088203,2.071182960384832
MA09.csv,lnRR,CD490,0.42625413194478246,0.08087538457449606,0.10634931070413045,4.62,3.538,0.08241955459588154,0.03766205254723876,2.5473926129634394
MA09.csv,lnRR,CD490,0.6258148376317072,0.06420160416755638,0.0757888404621232,6.793,5.104,0.16240824189910757,0.0993191583337295,1.1587236294566816
MA09.csv,lnRR,CD490,0.3472088708544181,0.09687129516685955,0.1358014070062652,3.819,2.907,0.04925140844096274,0.018292536024160255,3.8930111839405646
MA09.csv,lnRR,CD490,0.44471924064515134,0.07832961008941375,0.10167030690266265,4.88,3.668,0.09032797014357323,0.04287604085033311,2.3340696813248907
MA09.csv,lnRR,CD490,0.3093686603390848,0.10933598304088898,0.15876070435284062,3.429,2.583,0.034759378091950045,0.011276164535418302,4.942472131195164
MA09.csv,lnRR,CD490,0.22908863350240666,0.15992165319721308,0.2510464076095811,2.582,1.986,0.011018617530346756,0.0023237051128812474,9.1124754412368
MA09.csv,lnRR,CD490,0.21444095924053316,0.1759029789406863,0.2796576963847176,2.434,1.872,0.008105325904274223,0.001526164290771167,10.37547174440313
MA09.csv,lnRR,CD490,0.14710067640904986,0.3201175621636704,0.5176841443211249,1.742,1.382,8.698416960110417e-4,7.11335138687886e-5,19.75665821574545
MA09.csv,lnRR,CD490,0.1703271117585219,0.25150651445146655,0.4095258790051055,1.971,1.549,0.002307623814575339,2.7285620298669546e-4,15.801936455363897
MA09.csv,lnRR,CD490,0.10573406262884255,0.5460020601877582,0.796268681521207,1.351,1.131,4.9911273908891334e-5,1.2881473930632e-6,25.026662133344878
MA09.csv,lnRR,CD490,0.027310547413041723,0.999999999381159,1,0.998,1.001,7.997205962793702e-24,1.4599198192529176e-37,6.188409784613214e-8
MA09.csv,lnRR,CD515,0.10335038461466894,0.5649072934267338,0.8139847439215708,1.337,1.112,3.929997529297197e-5,9.151162175633916e-7,24.907745049483697
MA09.csv,lnRR,CD515,0.13612464875987743,0.36414958989028245,0.5815659292126402,1.638,1.314,4.863029426538835e-4,3.176574089940401e-5,21.74163393223577
MA09.csv,lnRR,CD515,0.04653497609325699,0.9970723811611796,0.9999939425909603,0.999,1.002,1.2338201060168392e-11,5.409268293992331e-17,0.2921561429780728
MA09.csv,lnRR,CD515,0.06626173103685112,0.9117896293290404,0.993601682440821,1.053,1.004,7.408664927695863e-8,7.356181670052096e-11,8.181205311178063
MA09.csv,lnRR,CD515,0.14225473981558576,0.33844898438307025,0.5448234906971265,1.692,1.347,6.806696343075352e-4,5.0656755286460894e-5,20.637450631405628
MA09.csv,lnRR,CD515,0.05914937024178702,0.959948138796093,0.99875431015329,1.024,1.002,7.4372320090400114e-9,1.9038847843332522e-12,3.8806171357196995
MA09.csv,lnRR,CD515,0.05194624144247589,0.9882294956406892,0.9998986155980197,1.005,1.005,3.1527505712093655e-10,1.1251072681690215e-14,1.1669119957330554
MA09.csv,lnRR,CD515,0.06999020645776093,0.8800892623480596,0.9878501283381733,1.071,1.008,1.97751958054884e-7,3.4069032187839944e-10,10.77608659901137
MA09.csv,lnRR,CD515,0.08635606521837363,0.7194587692764177,0.9270344187517742,1.189,1.047,4.6970051178722245e-6,4.153913446053861e-8,20.757564947535645
MA09.csv,lnRR,CD515,0.085699089843475,0.7259849518192459,0.9305936220939793,1.181,1.041,4.246293586482476e-6,3.577477575838325e-8,20.46086702747334
MA09.csv,lnRR,CD515,0.08283610927608805,0.754655566138694,0.9451037432255031,1.156,1.033,2.6790200191935296e-6,1.803130010647399e-8,19.044817708680906
MA09.csv,lnRR,CD515,0.05718694781154175,0.9697682337649822,0.9993018843456295,1.021,1.002,3.4740551857637903e-9,5.585076544247398e-13,2.9533650580647275
MA09.csv,lnRR,CD515,0.13622642181309763,0.36369823070774887,0.5809339770055219,1.645,1.31,4.891510697191906e-4,3.2024648459931866e-5,21.723574629777296
MA09.csv,lnRR,CD515,0.13220254914335047,0.38222313137435115,0.6064753282061854,1.591,1.291,3.855382659286874e-4,2.2994368663742895e-5,22.42521968318343
MA09.csv,lnRR,CD515,0.11877333875916767,0.4553422786521871,0.6992573314311505,1.471,1.199,1.5409913253399925e-4,6.367587461240273e-6,24.391505277896343
MA09.csv,lnRR,CD515,0.12378182015142611,0.42588167058429904,0.6634277819208093,1.521,1.233,2.2230331943146837e-4,1.065342289798783e-5,23.754611133651025
MA09.csv,lnRR,CD515,0.1392408919822047,0.3507147056000236,0.5625510110081526,1.67,1.332,5.791783034355536e-4,4.049381530921864e-5,21.183630540812903
MA09.csv,lnRR,CD515,0.1652793453520433,0.26412340161427994,0.4301634484763579,1.941,1.507,0.0019121759727154463,2.1073604106809407e-4,16.604004686207794
MA09.csv,lnRR,CD515,0.1338974869069618,0.3742476477457731,0.5955786735678117,1.615,1.297,4.2697382906462834e-4,2.6506971792524666e-5,22.133102582203858
MA09.csv,lnRR,CD515,0.13494254703391367,0.36945628016423215,0.5889598751043569,1.62,1.306,4.5410650381859445e-4,2.887955998008641e-5,21.950359494012474
MA09.csv,lnRR,CD515,0.14488487498700475,0.32829514945932026,0.5298857143671363,1.72,1.371,7.792171361805356e-4,6.108950630365228e-5,20.1590564907816
MA09.csv,lnRR,CD515,0.13910424148817319,0.35128745395707806,0.5633702588725646,1.678,1.329,5.748544797320329e-4,4.007486298655239e-5,21.20828049154866
MA09.csv,lnRR,CD516,0.13742929090990755,0.3584287543703907,0.5735207062237944,1.661,1.319,5.237467879117083e-4,3.521477316740069e-5,21.509195185340367
MA09.csv,lnRR,CD516,0.15569542061345285,0.29136473436724053,0.4735928780427098,1.83,1.44,0.001292614849681115,1.2291359094308076e-4,18.222814367546924
MA09.csv,lnRR,CD516,0.19539309097304336,0.202360410814995,0.3262193551502728,2.248,1.742,0.0050621907135611,8.012064841547326e-4,12.385894433527778
MA09.csv,lnRR,CD516,0.11241209009710655,0.49693472294152186,0.7462467802742798,1.411,1.17,9.205006325692693e-5,3.0762510465934975e-6,24.931205733275796
MA09.csv,lnRR,CD516,0.1449227552870839,0.3281525093925516,0.5296741884437902,1.726,1.366,7.807070148768708e-4,6.125124217657293e-5,20.152167905123864
MA09.csv,lnRR,CD516,0.17236880228161938,0.2467043954454502,0.4015869427020283,2.011,1.557,0.0024819057989941187,3.0154937606659905e-4,15.488254725657812
MA09.csv,lnRR,CD516,0.2072666278010042,0.1850109316093923,0.2958069014268637,2.356,1.81,0.006860026006733637,0.0012146161853863195,11.079596981747141
MA09.csv,lnRR,CD516,0.22145186384404172,0.16785251587377514,0.26528663834119315,2.522,1.931,0.009437998287854873,0.0018797507214415054,9.743412246741801
MA09.csv,lnRR,CD516,0.20681241016921592,0.1856199462154423,0.29688239564269125,2.362,1.831,0.006785225379769681,0.001196524162094745,11.126244942724895
MA09.csv,lnRR,CD516,0.184065705659691,0.22213026389906254,0.3602635284486877,2.124,1.648,0.0036477127885043968,5.114142591144485e-4,13.813326454962516
MA09.csv,lnRR,CD516,0.104836219886068,0.553036436709794,0.8029613991082878,1.344,1.118,4.567656703423878e-5,1.1348636924272224e-6,24.99249623984938
MA09.csv,lnRR,CD516,0.1005057709785861,0.5884295917886851,0.8348261446297138,1.311,1.105,2.907803591548346e-5,5.937706891938727e-7,24.63965528410287
MA09.csv,lnRR,CD516,0.12846736161375777,0.4007311434349724,0.6311780137918451,1.559,1.259,3.0482445119881646e-4,1.6569465107324e-5,23.04468703568727
MA09.csv,lnRR,CD516,0.10801413333448545,0.5286073487952306,0.7792044789013183,1.377,1.142,6.207332728024192e-5,1.7579700000044615e-6,25.059713010608764
MA09.csv,lnRR,CD516,0.11937450732882629,0.45165832132207895,0.6948922880892987,1.486,1.207,1.6130421879032906e-4,6.790462989518484e-6,24.323396676721977
MA09.csv,lnRR,CD516,0.10446282592386633,0.5559926757596259,0.8057383720293118,1.335,1.124,4.4001836020716286e-5,1.0758261795980698e-6,24.97456962696859
MA09.csv,lnRR,CD516,0.09285514525323839,0.656666926865146,0.8878364972317506,1.246,1.067,1.1704493905603324e-5,1.5886903105924874e-7,23.11695703666046
MA09.csv,lnRR,CD516,0.11245208312877089,0.4966578869390982,0.7459479519686942,1.407,1.167,9.236658179258857e-5,3.0912447194195946e-6,24.929006502959606
MA09.csv,lnRR,CD516,0.12683321331575576,0.4092502675732915,0.642272571787878,1.54,1.25,2.7380325936624195e-4,1.4261644563085956e-5,23.302230421458646
MA09.csv,lnRR,CD516,0.11001173119263236,0.5139172197016206,0.7642216493997208,1.376,1.147,7.454797188572572e-5,2.2809288879182027e-6,25.030442969810018
MA09.csv,lnRR,CD516,0.09557110965140041,0.631650730564049,0.8696785688303046,1.263,1.08,1.6464542353126406e-5,2.610138365312377e-7,23.80278382662556
MA09.csv,lnRR,CD516,0.1230958813283369,0.4297543181418021,0.668257832420492,1.51,1.233,2.1181411909117196e-4,9.955472850161726e-6,23.850351427868986
MA09.csv,lnRR,CD516,0.1174441143693459,0.4636355706287363,0.708963031990256,1.469,1.193,1.3904610566011256e-4,5.509404868053609e-6,24.53274613615197
MA09.csv,lnRR,CD516,0.12155500812389426,0.4386385285203377,0.6792010922414842,1.504,1.215,1.8962371837667966e-4,8.523592900204128e-6,24.05625637211465
MA09.csv,lnRR,CD516,0.12016117925519872,0.44689965462220316,0.6892049970844579,1.482,1.214,1.711192454967008e-4,7.378588979439229e-6,24.230534246225478
MA09.csv,lnRR,CD516,0.13735168728486738,0.35876511909795783,0.5739958626425404,1.66,1.308,5.214623890686414e-4,3.5001587200844195e-5,21.52307435445826
MA09.csv,lnRR,CD516,0.10884066335703767,0.5224672135398095,0.7730057696759215,1.378,1.142,6.701771696122543e-5,1.960554295800633e-6,25.053855613611198
MA09.csv,lnRR,CD516,0.1306247449758276,0.3898814542204758,0.616796205771006,1.585,1.275,3.4971755613979495e-4,2.0071777405909766e-5,22.69147515505302
MA09.csv,lnRR,CD516,0.11511875173054996,0.47864339517239474,0.7261010562338645,1.438,1.18,1.1546220567457354e-4,4.238627730582925e-6,24.74576610614697
MA09.csv,lnRR,CD516,0.09307249862338499,0.654635092306855,0.8864163018558184,1.236,1.071,1.203819683118002e-5,1.6551806730542946e-7,23.178120954896343
MA09.csv,lnRR,CD517,0.29929157689450603,0.11349834817421145,0.16641942763819262,3.311,2.513,0.031177931985639434,0.009702173756598268,5.292107946398117
MA09.csv,lnRR,CD517,0.628713877690003,0.06406992134573031,0.07554848390217217,6.781,5.115,0.16344092911702177,0.10023408976777644,1.1478562556441863
MA09.csv,lnRR,CD517,0.5922751024650623,0.06586998845697833,0.07883574000865912,6.336,4.815,0.15015054851203338,0.08867411990250675,1.2965751551680782
MA09.csv,lnRR,CD517,0.4843205188715423,0.0738325920342543,0.0934146018660863,5.252,3.988,0.10712692080821432,0.054639261461118686,1.9582009831832003
MA09.csv,lnRR,CD517,0.410667707520326,0.08330201995300501,0.11081234288580266,4.475,3.377,0.07574547282745311,0.03343118945966842,2.751032293279765
MA09.csv,lnRR,CD517,0.1921998959416992,0.20758363459479423,0.3352795624155558,2.218,1.699,0.004634139214989573,7.099000890391073e-4,12.769592782076156
MA09.csv,lnRR,CD517,0.0829952468518529,0.7530547618058019,0.9443415822439871,1.157,1.031,2.7510742043929456e-6,1.8759928275626034e-8,19.12868204381852
MA09.csv,lnRR,CD517,0.04019090693179242,0.9997675039049106,0.9999999618265811,1.001,1.001,5.85382413814865e-14,7.326919867589574e-21,0.02324579216704814
MA09.csv,lnRR,CD518,0.25602374499252994,0.13747379513982605,0.21035352192133916,2.872,2.191,0.01762500217265717,0.004424407295749789,7.287972678151311
MA09.csv,lnRR,CD518,0.17316875872974316,0.24486759835570726,0.39853827469419634,2.016,1.566,0.0025524949711290814,3.13386613114258e-4,15.367067633848908
MA09.csv,lnRR,CD518,0.22461409127657153,0.16446879130049752,0.25922067806959515,2.546,1.961,0.01007629009861962,0.002055949879711953,9.475188676909763
MA09.csv,lnRR,CD524,0.25650797453490604,0.13713493808888655,0.20973545500424384,2.866,2.199,0.0177577727910334,0.004470227624966569,7.260051691535729
MA09.csv,lnRR,CD524,0.09628148316265178,0.6252463968248952,0.864793701514089,1.269,1.082,1.7939338232253893e-5,2.9559429618734535e-7,23.954730468919372
MA09.csv,lnRR,CD524,0.21479924115322194,0.1754721346095619,0.2788908303088966,2.437,1.874,0.008170661489836853,0.0015430288168279832,10.34186956993347
MA09.csv,lnRR,CD524,0.3338782592502842,0.1007713705110469,0.14298731741484105,3.706,2.82,0.04398393801109152,0.015628418364749597,4.2215946903794155
MA09.csv,lnRR,CD524,0.23786408093699227,0.15174932252781126,0.23629354446244966,2.674,2.054,0.01299796743798436,0.0029138789827729368,8.45442219346384
MA09.csv,lnRR,CD524,0.11538628168027601,0.47688391766427607,0.7241202293760927,1.441,1.175,1.1800536588892523e-4,4.371069864254137e-6,24.72363117118166
MA09.csv,lnRR,CD524,0.6466750876599469,0.06329352002745736,0.07413174262188704,7.007,5.216,0.1697433312192971,0.1058776513126427,1.083822259442968
MA09.csv,lnRR,CD524,0.2913200696828147,0.11710924382195531,0.17305792716720303,3.236,2.467,0.02844652908226287,0.008548696187598254,5.594868334524772
MA09.csv,lnRR,CD524,0.3575208749150181,0.09415505651663802,0.13079674039049005,3.887,2.998,0.053421606366934236,0.02048803503992626,3.6641683873852027
MA09.csv,lnRR,CD524,0.4632786008440278,0.07607614952194197,0.09753169246981397,5.051,3.771,0.09824090845824753,0.04830312572061524,2.1455542947871997
MA09.csv,lnRR,CD524,0.361667273885819,0.09312917042755398,0.1289066847322906,3.973,3.013,0.055118512554842146,0.02140252014701285,3.5777514304736635
MA09.csv,lnRR,CD524,0.34477145473487214,0.09755000162653615,0.13705195875243215,3.771,2.872,0.04827718004301028,0.017790475361674885,3.9501957125895992
MA09.csv,lnRR,CD524,0.1984338857151167,0.19761859618190258,0.31795493340728265,2.268,1.755,0.005491530146854191,8.956829230675238e-4,12.033633722538006
MA09.csv,lnRR,CD524,0.1669372876262221,0.25985795616368,0.42322261442731224,1.943,1.521,0.0020365886923338263,2.2981316440902471e-4,16.336465826363224
MA09.csv,lnRR,CD524,0.2799878533079605,0.12279656776273296,0.18350087622140854,3.11,2.381,0.02473363600431874,0.007049774190763868,6.070430845867558
MA09.csv,lnRR,CD524,0.4557619477314884,0.07695515426635724,0.09914565981267276,4.98,3.732,0.09504273045518712,0.04608482897262229,2.219050554631552
MA09.csv,lnRR,CD524,0.3404265089560447,0.09879704227693797,0.13934968233181588,3.796,2.832,0.04655243271691626,0.01691193268150778,4.055264005487791
MA09.csv,lnRR,CD524,0.43087134970893576,0.08020747727120359,0.10512139759565908,4.658,3.556,0.08439834301252051,0.03894654045266844,2.4913920324455496
MA09.csv,lnRR,CD524,0.13272835793454238,0.3797214757662828,0.6030736566982974,1.617,1.288,3.9805884486301295e-4,2.4041252611926832e-5,22.33521809320146
MA09.csv,lnRR,CD524,0.15198332145337526,0.30323319629081535,0.49201476424771773,1.798,1.416,0.00109556818623702,9.783871737871116e-5,18.878156795690238
MA09.csv,lnRR,CD524,0.13119149362668298,0.38710415091556283,0.6130694876706966,1.59,1.271,3.622864440447151e-4,2.1084777148117147e-5,22.596533675513374
MA09.csv,lnRR,CD524,0.12533840991491796,0.4172775612551666,0.6525667013534171,1.532,1.238,2.475631631367125e-4,1.2386733510438144e-5,23.52891400982505
MA09.csv,lnRR,CD524,0.17849298025412652,0.23324886540691248,0.37910207697242215,2.062,1.611,0.0030560657643969617,4.0122454487424955e-4,14.585321156550968
MA09.csv,lnRR,CD524,0.579903218649457,0.06656053232535386,0.08009771783536934,6.225,4.724,0.145486613767666,0.08472980175877404,1.3537185510015481
MA09.csv,lnRR,CD524,0.1323323958824898,0.3816030341053315,0.6056335272373983,1.607,1.28,3.8860265540643165e-4,2.3249405288053647e-5,22.40304931320668
MA09.csv,lnRR,CD524,0.07040793989316829,0.8763292429177995,0.9870385471390968,1.076,1.005,2.1905567804854467e-7,3.992579548349273e-10,11.070930422129733
MA09.csv,lnRR,CD524,0.32214644340734233,0.10462162034374389,0.15008007285416936,3.569,2.72,0.03948565164513546,0.013454365687197167,4.545845251042547
MA09.csv,lnRR,CD524,0.12820415359885964,0.40208551173127427,0.632953485369879,1.559,1.259,2.996582991076831e-4,1.6178535292011773e-5,23.086797363860477
MA09.csv,lnRR,CD525,0.08102740277214864,0.7728746841951942,0.9533823500710885,1.139,1.029,1.9650407297707763e-6,1.1339279603529169e-8,18.05076658758943
MA09.csv,lnRR,CD525,0.10479798185079711,0.5533383439661991,0.8032459663561524,1.348,1.127,4.550277151015129e-5,1.1286945098600694e-6,24.990762238995334
MA09.csv,lnRR,CD525,0.22064668363698559,0.16873775129047952,0.2668711427927253,2.506,1.922,0.009279155106118262,0.0018365738254454535,9.813339150224575
MA09.csv,lnRR,CD525,0.3004200342853319,0.11301081782534705,0.16552270032276806,3.339,2.532,0.03157207298583445,0.009872031399374648,5.2511882497421
MA09.csv,lnRR,CD543,0.24768887338756257,0.1436286155180473,0.22156182188015128,2.78,2.133,0.015414819642194955,0.003681353557917162,7.7933206362103995
MA09.csv,lnRR,CD543,0.11720464581235678,0.4651515281176425,0.7107190693008644,1.453,1.195,1.3645915566928493e-4,5.365493022233651e-6,24.55675411832219
MA09.csv,lnRR,CD543,0.1224205701669454,0.4336162375791418,0.6730383237968154,1.507,1.215,2.01858719152961e-4,9.305417779183173e-6,23.942208621767357
MA09.csv,lnRR,CD543,0.13593669482520163,0.36498544289757207,0.5827349484543501,1.639,1.309,4.8107503931901194e-4,3.129200242088834e-5,21.77495055567781
MA09.csv,lnRR,CD543,0.14014977345682725,0.34694247250597166,0.5571362034536511,1.685,1.334,6.085407137867124e-4,4.336993664507023e-5,21.019373094767946
MA09.csv,lnRR,CD543,0.28174599021104096,0.12186794126550371,0.18179696566120473,3.136,2.389,0.02529588523377161,0.007271451451936107,5.992902439570102
MA09.csv,lnRR,CD543,0.2881651505647413,0.1186238323652361,0.1758406504730241,3.224,2.436,0.027392110519849276,0.008114738828222291,5.721681810778801
MA09.csv,lnRR,CD543,0.10351046806965951,0.563614574617573,0.8128008044279661,1.33,1.117,3.9950725983866816e-5,9.369030677295925e-7,24.918622981039306
MA09.csv,lnRR,CD543,0.10675206321191175,0.5381526736212637,0.7886592151419508,1.359,1.136,5.5083035999422906e-5,1.4827674109993896e-6,25.05065415206871
MA09.csv,lnRR,CD543,0.0498031625501835,0.9927839194591589,0.9999624881124666,1.006,0.999,9.755612359443544e-11,1.641003323576495e-15,0.7178568653307682
MA09.csv,lnRR,CD543,0.013069047402163633,1,1,1.001,1,9.442216039609422e-79,4.666748750936614e-133,0
MA09.csv,lnRR,CD543,0.3259157498495585,0.10333809741579913,0.14771586595861497,3.6,2.712,0.040915457185159175,0.014134997278740827,4.437776854281584
MA09.csv,lnRR,CD550,1.215417581327504,0.05374269939904541,0.05676728837741696,12.934,9.693,0.30062713003907554,0.243342302199276,0.3024588978371545
MA09.csv,lnRR,CD550,1.1089015398131612,0.05449825948804532,0.05813622781590766,11.804,8.967,0.28385062366467995,0.2238316221791157,0.363796832786234
MA09.csv,lnRR,CD554,0.2424872945125167,0.14780254461706877,0.22914220206855196,2.739,2.098,0.014109305161909804,0.0032606732409508903,8.13396574514832
MA09.csv,lnRR,CD554,0.26379139485585956,0.13226592444570473,0.2008439254469464,2.963,2.245,0.019810851877074615,0.005195053515017009,6.857800100124168
MA09.csv,lnRR,CD554,0.2848220514637166,0.12028533951255449,0.17889195873855002,3.185,2.422,0.02629201344719099,0.00766891167107015,5.860661922599553
MA09.csv,lnRR,CD554,0.22160787666506804,0.16768212184442421,0.26498152830730826,2.528,1.938,0.009468949102836457,0.0018881953479283355,9.729940646288405
MA09.csv,lnRR,CD554,0.23437821784457702,0.15488390699880183,0.2419611884696634,2.649,2.027,0.012191106171542718,0.0026689226004216198,8.707728147086158
MA09.csv,lnRR,CD554,0.22334469548211794,0.16580959126187123,0.26162606948952627,2.513,1.94,0.009817299815753362,0.0019839410189331067,9.581647822765504
MA09.csv,lnRR,CD554,0.3604080007436017,0.09343691396305764,0.12947364884274148,3.959,2.96,0.054602032872848545,0.021122909558866435,3.603673487968384
MA09.csv,lnRR,CD554,0.256607911023803,0.13706524790381014,0.20960832956296793,2.88,2.197,0.017785232998540443,0.004479720693347387,7.254308165915779
MA09.csv,lnRR,CD554,0.31582010069025057,0.1068825425412332,0.15424382706193007,3.524,2.669,0.037121391721312354,0.012350769058734118,4.736128452069687
MA09.csv,lnRR,CD554,0.1972851819068021,0.1993841436754311,0.32103637816271746,2.258,1.752,0.00532684046342325,8.591096368520475e-4,12.165223448728636
MA09.csv,lnRR,CD554,0.2909519376116956,0.11728337794448129,0.17337791737439612,3.24,2.458,0.028322696212286683,0.008497398829889554,5.6094539429914825
MA09.csv,lnRR,CD554,0.1975725360468909,0.1989395928753439,0.3202609729871283,2.261,1.749,0.005367753207187103,8.681570396582801e-4,12.132138011178439
MA09.csv,lnRR,CD554,0.2789857612854104,0.12333392109569574,0.18448661751546247,3.154,2.375,0.024415514735173283,0.0069252114897455285,6.115269641976672
MA09.csv,lnRR,CD554,0.21260959761967474,0.17813973696340368,0.28363473941314143,2.41,1.861,0.0077760335391325935,0.0014419352583929373,10.549500244973775
MA09.csv,lnRR,CD554,0.26454330836367795,0.13178654555278924,0.19996748358140637,2.952,2.263,0.02002868279636105,0.005273710598753884,6.818093802861713
MA09.csv,lnRR,CD554,0.4627729054298663,0.07613392402302477,0.09763775856414725,4.997,3.79,0.09802608216578929,0.048153075853783985,2.150383454112248
MA09.csv,lnRR,CD554,0.435107348823253,0.07961364486425526,0.1040298611586824,4.757,3.543,0.08621338423206037,0.04013662137504814,2.441621629442714
MA09.csv,lnRR,CD554,0.5339863472037464,0.06956222131397594,0.08558883957679331,5.807,4.364,0.12753819171707856,0.07011583379535509,1.6026618262817371
MA09.csv,lnRR,CD554,0.504066591830881,0.07198110485673048,0.09001978538913336,5.469,4.12,0.11534965074359153,0.06072269665000804,1.8038680532402873
MA09.csv,lnRR,CD554,0.48335027568007033,0.07392954654881978,0.09359244613441597,5.28,3.929,0.10671974018678185,0.05434345776331272,1.9662899585596194
MA09.csv,lnRR,CD554,0.5251829471717451,0.07023062933277446,0.08681273360828212,5.727,4.295,0.1239891254715391,0.06733534638990002,1.6582104275507659
MA09.csv,lnRR,CD554,0.4329245742620763,0.07991742679535374,0.1045882261575719,4.736,3.58,0.08527818558082634,0.03952201941474508,2.4670799362218165
MA09.csv,lnRR,CD554,0.4071236704000395,0.08389377749022486,0.11190108391181963,4.471,3.369,0.07423113394858623,0.03249339727148213,2.800730642159477
MA09.csv,lnRR,CD554,0.4975143103469487,0.07257074757260962,0.09110064140583685,5.383,4.043,0.11263535839031574,0.058691595240391685,1.852989383322723
MA09.csv,lnRR,CD554,0.7251668773461734,0.06055536045318555,0.06914098278009895,7.804,5.875,0.19537163049111866,0.12985199021566293,0.85856223269134
MA09.csv,lnRR,CD554,0.837231715237783,0.057906831362644184,0.064322688416801,8.851,6.735,0.2269014489393571,0.16146758287164112,0.6415857054156815
MA09.csv,lnRR,CD554,0.890039191271935,0.05699272221001117,0.06266193940708786,9.591,7.143,0.2399202289655214,0.17515671828643917,0.5669217197076692
MA09.csv,lnRR,CD554,0.25254332895564674,0.13996825997885876,0.21490026333593382,2.829,2.152,0.016684688515747694,0.004103680526574376,7.493200335707506
MA09.csv,lnRR,CD554,0.3565298556923389,0.09440568087618917,0.13125849691296254,3.946,2.975,0.053017646388299255,0.020272115453443342,3.6852816036773373
MA09.csv,lnRR,CD554,0.33564636598658415,0.10022661391994592,0.14198364827739418,3.701,2.8,0.044673639271869015,0.015970120282404805,4.175703435744826
MA09.csv,lnRR,CD554,0.23968491608776718,0.15016708802031564,0.23342861121401115,2.701,2.067,0.013430092928045818,0.003047453482246866,8.326152319369552
MA09.csv,lnRR,CD554,0.24332684192254664,0.14711033183956335,0.22788626922385535,2.717,2.098,0.01431609854576723,0.00332636887925305,8.0775937384292
MA09.csv,lnRR,CD554,0.31813964072400663,0.10603753927379544,0.15268778532543648,3.503,2.679,0.03798290919437704,0.01274971624352696,4.665024605164103
MA09.csv,lnRR,CD554,0.40448837560552964,0.08434411206687642,0.11272972234043299,4.415,3.352,0.07310632565071347,0.03180223435319173,2.838561027355657
MA09.csv,lnRR,CD554,0.4728452685604457,0.07501839628439178,0.09559019912476185,5.104,3.887,0.102294522607212,0.051162348121620425,2.057180284037008
MA09.csv,lnRR,CD554,0.5807757054147495,0.06651036698871948,0.08000602344705465,6.255,4.711,0.1458179949912858,0.08500809164617334,1.349565645833517
MA09.csv,lnRR,CD554,0.2540787004059962,0.13885492134050637,0.21287162721897612,2.849,2.199,0.017096464409858972,0.004243309013395066,7.401670587846976
MA09.csv,lnRR,CD554,0.28505713637795493,0.12016654340959276,0.17867384192878566,3.18,2.416,0.026368781810536614,0.00769979015609367,5.85072985191929
MA09.csv,lnRR,CD554,0.2937472706256179,0.11597785347153577,0.17097852837461458,3.263,2.485,0.029268181378617142,0.008891279448701838,5.500067490307881
MA09.csv,lnRR,CD554,0.34103337226729,0.09861993422763005,0.13902335601741356,3.753,2.87,0.046792383273497766,0.01703336338640453,4.040342178978351
MA09.csv,lnRR,CD554,0.40812837073646324,0.08372442390002333,0.111589485391826,4.459,3.41,0.07466025391188195,0.03275829548230423,2.786506149180268
MA09.csv,lnRR,CD554,0.32816318196897104,0.10259423927121447,0.14634558196321612,3.627,2.752,0.04177510586003046,0.014548923343527443,4.375134269200165
MA09.csv,lnRR,CD554,0.40618582939339476,0.08405301799578846,0.11219408546169096,4.403,3.344,0.07383071031848903,0.032246818424039786,2.8141067465902503
MA09.csv,lnRR,CD554,0.39004200414827117,0.08698043183755877,0.11758214605607253,4.265,3.236,0.06696608007616299,0.028111830601530444,3.0601714218513765
MA09.csv,lnRR,CD554,0.8671185063184847,0.05736889176508386,0.06334521897339662,9.19,6.974,0.23440297148848344,0.1693119248436742,0.5976327208312759
MA09.csv,lnRR,CD554,0.5381241390237015,0.06925947079592254,0.08503461788249955,5.915,4.404,0.1291949475908254,0.07142637367871704,1.5775147086577013
MA09.csv,lnRR,CD554,0.5788625631356721,0.06662066708750691,0.08020763816544862,6.296,4.739,0.145090872785054,0.08439785845370955,1.3586971077941712
MA09.csv,lnRR,CD554,0.7013999451097783,0.061287460876544575,0.07047445958931631,7.596,5.661,0.1879355364824981,0.12273037512462819,0.9186998712771732
MA09.csv,lnRR,CD554,0.41069324075275454,0.08329781313362306,0.1108046035115473,4.534,3.362,0.07575638911117655,0.033437979792478915,2.750679037792425
MA09.csv,lnRR,CD554,0.4161008062957821,0.08242456184351987,0.10919822769994159,4.566,3.46,0.07806993090119702,0.034886757719408634,2.6773665856421713
MA09.csv,lnRR,CD554,1.1393398246353017,0.05426052232466305,0.05770539398322283,12.22,9.109,0.2889048738111961,0.22965940317947744,0.34448716585597783
MA09.csv,lnRR,CD554,1.2691783964439356,0.053431707326993316,0.05620408927968257,13.459,10.072,0.308201756381931,0.25230334730191906,0.2772381952689251
MA09.csv,lnRR,CD554,1.0610717671298204,0.0549141400580927,0.05889010902114822,11.382,8.446,0.27544458210710376,0.2142383583952638,0.39759689630555206
MA09.csv,lnRR,CD555,0.32194841978180294,0.10469032953156687,0.15020662459297973,3.576,2.686,0.03941096122983932,0.013419082035591225,4.5516295061412855
MA09.csv,lnRR,CD555,0.3154268631553121,0.10702769279531188,0.15451109863344537,3.497,2.634,0.036975965343299194,0.012283791033014645,4.748340583813349
MA09.csv,lnRR,CD568,0.4736823091482307,0.07492893120498056,0.0954260223323139,5.13,3.889,0.10264818156674148,0.05141429870372528,2.0497091127333333
MA09.csv,lnRR,CD568,0.6742530645091648,0.062221043632632145,0.07217588960380461,7.287,5.487,0.17909999244529165,0.11444266863360504,0.9954845971172466
MA09.csv,lnRR,CD571,0.3991223484096073,0.08528935466101306,0.11446926532104429,4.429,3.322,0.07081990562779736,0.03041162470250708,2.9179910660031227
MA09.csv,lnRR,CD571,0.2695832505924654,0.1286785276436454,0.19428095712057325,3.026,2.291,0.0215163532351757,0.005819578632939783,6.560242947692785
MA09.csv,lnRR,CD571,0.10776132887079669,0.5305029176301839,0.7810996429648437,1.365,1.141,6.061995161345595e-5,1.6996467172439613e-6,25.05967253346598
MA09.csv,lnRR,CD571,0.05180798201049719,0.9885713823300627,0.999904521162674,1.012,0.997,2.9341158340685066e-10,1.00019069457834e-14,1.1333138832611334
MA09.csv,lnRR,CD571,0.24380445032853687,0.1467197914768238,0.22717746684121154,2.748,2.103,0.01443441820040266,0.0033641187616666353,8.045767536438774
MA09.csv,lnRR,CD571,0.13679681282836967,0.3611845670858963,0.5774058084750804,1.639,1.316,5.053403833722295e-4,3.350717364828193e-5,21.62212413891841
MA09.csv,lnRR,CD571,0.13778614589282914,0.35688832432167816,0.5713412722164729,1.658,1.326,5.343456852753872e-4,3.620849654727e-5,21.445294789479476
MA09.csv,lnRR,CD571,0.1120169139014283,0.49968088018376255,0.7492009892470954,1.402,1.159,8.896776672535995e-5,2.931335188415913e-6,24.95201090633329
MA09.csv,lnRR,CD571,0.31706721684841527,0.10642586217041894,0.1534028880807219,3.515,2.683,0.037583809022641294,0.0125644438016051,4.6977025910302945
MA09.csv,lnRR,CD571,0.14070659899237137,0.34466301183418746,0.5538481494979961,1.686,1.34,6.270544656114921e-4,4.5210736653009516e-5,20.918513766380865
MA09.csv,lnRR,CD571,0.12954911423857748,0.3952353658173494,0.6239283179473016,1.571,1.271,3.2675938916451537e-4,1.8257565595021113e-5,22.869295212995222
MA09.csv,lnRR,CD571,0.11253211541600024,0.49610449195126605,0.7453500349539708,1.412,1.168,9.30025328967194e-5,3.1214327905814034e-6,24.924554300270472
MA09.csv,lnRR,CD573,1.5937338250159592,0.052174688539439296,0.053929257577057244,17.025,12.632,0.3443757950502283,0.2962835934277841,0.1754569037617948
MA09.csv,lnRR,CD575,0.16251133806599463,0.2715244155387784,0.44211742973289037,1.898,1.499,0.001716083015378419,1.8159473805558787e-4,17.0593014194112
MA09.csv,lnRR,CD575,0.19504497942782326,0.20291743309429877,0.32718774602937695,2.227,1.746,0.005014394628515098,7.90865463469183e-4,12.427031293507817
MA09.csv,lnRR,CD575,0.17789936199998022,0.23449402983563616,0.38119740814513203,2.055,1.598,0.002996974391085668,3.906210317002905e-4,14.670337830949586
MA09.csv,lnRR,CD575,0.15768810037539294,0.28531342874447063,0.4640821012562937,1.87,1.453,0.0014079471873353587,1.3827902352551552e-4,17.876867251182304
MA09.csv,lnRR,CD575,0.16296124999520592,0.2702969698829998,0.44014276443069167,1.917,1.497,0.001746980752059837,1.861085821987461e-4,16.98457945476919
MA09.csv,lnRR,CD575,0.1446051658828273,0.32935151928262574,0.5314507963724399,1.719,1.36,7.68278795666957e-4,5.990564471493442e-5,20.20992770898141
MA09.csv,lnRR,CD575,0.16882508107505828,0.25514729469137687,0.41551421941126554,1.968,1.541,0.0021847358824851424,2.530953964729915e-4,16.036692471988868
MA09.csv,lnRR,CD575,0.17397422797644482,0.24304294547407035,0.39550321574414593,2.02,1.581,0.0026248940471378774,3.256530495339467e-4,15.246027027007559
MA09.csv,lnRR,CD575,0.14782309359501308,0.3175230123421332,0.5137812178748684,1.757,1.388,9.009435641041625e-4,7.467420434125543e-5,19.62582055327352
MA09.csv,lnRR,CD575,0.6912363423605561,0.06162402160804281,0.07108770949966836,7.498,5.574,0.18467070363171148,0.11964570714264591,0.946368789162555
MA09.csv,lnRR,CD575,0.7282010828061161,0.06046706016117542,0.06898019501113994,7.846,5.887,0.19630119265678045,0.13075150198442922,0.8513134849964521
MA09.csv,lnRR,CD575,1.1314931767359449,0.05431997074723949,0.05781311977414705,12.168,9.152,0.2876229358080771,0.22817709740530584,0.34931490269075605
MA09.csv,lnRR,CD575,0.38479819906023466,0.0880131124835829,0.11948350245060246,4.199,3.208,0.06475148380296711,0.026815752997449014,3.1470389967019563
MA09.csv,lnRR,CD575,0.3911630184462739,0.08676514320928996,0.11718579891913583,4.277,3.243,0.0674406414627893,0.028392003087815778,3.0420655709845867
MA09.csv,lnRR,CD575,0.3698593070344452,0.09120488993761933,0.1253618158426647,4.055,3.1,0.05850053895046986,0.023260624387773526,3.4156925905045377
MA09.csv,lnRR,CD575,0.3142707431499152,0.10745766996868678,0.15530280364379145,3.473,2.639,0.036549483382086224,0.012087981494241468,4.784513367510468
MA09.csv,lnRR,CD575,0.4276848629540213,0.08066606551311917,0.10596446415050242,4.67,3.552,0.08303272659983679,0.03805862695926805,2.5298398637383257
MA09.csv,lnRR,CD575,0.2833620828551343,0.12102990034156569,0.18025884122655988,3.164,2.415,0.025817278184211777,0.0074787432415109635,5.92289408849942
MA09.csv,lnRR,CD578,0.18193975651297328,0.22625355712540762,0.367276424675991,2.103,1.625,0.003414069972666735,4.670495143308793e-4,14.102286755058335
MA09.csv,lnRR,CD578,0.1776250855031462,0.23507347766996123,0.38217148560573355,2.056,1.603,0.0029699240238503857,3.85792515135034e-4,14.709800793577232
MA09.csv,lnRR,CD579,0.09985051326858566,0.5939947334481935,0.839563025488831,1.295,1.098,2.7057493072840382e-5,5.35285938856903e-7,24.556829204063746
MA09.csv,lnRR,CD579,0.1418501744799773,0.3400555204353718,0.5471652227317754,1.691,1.345,6.66351083887752e-4,4.918590486435777e-5,20.710970229640356
MA09.csv,lnRR,CD579,0.15449855015500955,0.29510480240472103,0.47943139132716783,1.835,1.434,0.001226589919024958,1.1434105329121552e-4,18.43265889224468
MA09.csv,lnRR,CD579,0.13871849191798474,0.3529122265668414,0.56569013809439594,1.662,1.324,5.627755431603143e-4,3.891081998506758e-5,21.277791152755455
MA09.csv,lnRR,CD579,0.11485075968403517,0.48041456905717994,0.7280874337441564,1.429,1.18,1.1295742636591864e-4,4.1093199403756164e-6,24.767286468697648
MA09.csv,lnRR,CD579,0.15060698854966856,0.30784084115811605,0.49908296259790874,1.787,1.411,0.0010281956886548232,8.96300648924888e-5,19.124212143979268
MA09.csv,lnRR,CD579,0.162583556979173,0.27132673589057965,0.441799623486162,1.896,1.489,0.0017210174028357457,1.823136018893486e-4,17.04728875955823
MA09.csv,lnRR,CD579,0.14654509886038494,0.3221365751456554,0.5207107745629221,1.746,1.38,8.464482582737773e-4,6.850135488361295e-5,19.857419941726672
MA09.csv,lnRR,CD579,0.09789789578943972,0.6108984473304094,0.8534980238728085,1.282,1.092,2.16965670140791e-5,3.892413198672807e-7,24.259957654239905
MA09.csv,lnRR,CD579,0.18910284767818805,0.21290319496658971,0.3444590708485258,2.174,1.684,0.004241094232342459,6.287401048703225e-4,13.155587588193606
MA09.csv,lnRR,CD579,0.19040709545602547,0.21063153891063902,0.3405450483846685,2.182,1.708,0.004403975621613245,6.620528319868451e-4,12.991350947402946
MA09.csv,lnRR,CD579,0.23514034957871438,0.15418643168993573,0.24070103181451163,2.635,2.032,0.012365210532276275,0.002721280473899851,8.65146001245759
MA09.csv,lnRR,CD579,0.04912262207985237,0.9939182893034966,0.9999734760169594,1.005,1,6.534455239909876e-11,8.484549490282454e-16,0.6055186713462835
MA09.csv,lnRR,CD579,0.15395082331705798,0.29684348545800376,0.4821352040208322,1.824,1.428,0.0011971734972689718,1.1057605337632463e-4,18.529171856282844
MA09.csv,lnRR,CD579,0.18193466134851818,0.22626361051952992,0.36729348536438056,2.107,1.627,0.0034135218450019396,4.6694671040923007e-4,14.102987484485062
MA09.csv,lnRR,CD579,0.22165497738602669,0.16763075107818615,0.2648895356412123,2.499,1.913,0.009478304282517492,0.0018907498334874058,9.725878456302617
MA09.csv,lnRR,CD580,0.3660321707172745,0.09208745604080026,0.1269875936704865,3.981,3.047,0.056915930588379675,0.02238420275292262,3.4900137629686245
MA09.csv,lnRR,CD580,0.3752599858764587,0.0900060269162799,0.12315360562189848,4.165,3.13,0.060749154669553294,0.02452168328435707,3.3147578705618574
MA09.csv,lnRR,CD580,0.578417271526361,0.0666464988020361,0.08025485708910318,6.181,4.665,0.14492137537413655,0.08425581751299083,1.360835828706708
MA09.csv,lnRR,CD580,0.30737998470947975,0.1101243395558007,0.1602117284799366,3.405,2.597,0.034041840265631056,0.010955388738411828,5.008738892413589
MA09.csv,lnRR,CD580,0.3989689662116591,0.08531694626203801,0.11452004738367416,4.367,3.308,0.0707546380040634,0.030372212637493318,2.9203101121636155
MA09.csv,lnRR,CD580,0.724913613474047,0.06056278140474314,0.06915449619309344,7.737,5.838,0.1952938396813785,0.1297768068333468,0.8591714788350302
MA09.csv,lnRR,CD580,0.3258602890810723,0.10335665323182752,0.14775004713088746,3.624,2.742,0.04089430959382274,0.014124858881766808,4.439339389905994
MA09.csv,lnRR,CD580,0.4241145269853415,0.08119244603549047,0.1069322898524081,4.596,3.481,0.08150262460485795,0.03707146634565673,2.573984381691763
MA09.csv,lnRR,CD580,0.5582986432009306,0.0678796408668203,0.08250975014422424,6.021,4.552,0.13716365044130563,0.07784000226565722,1.4630109277403935
MA09.csv,lnRR,CD580,0.33924126223087897,0.09914575365583556,0.13999218861132467,3.735,2.832,0.04608470393410413,0.0166759743902396,4.084643495548912
MA09.csv,lnRR,CD580,0.44247262627195366,0.07862212577804362,0.10220775464585319,4.809,3.659,0.08936693930872473,0.042231078749760814,2.358562886780957
MA09.csv,lnRR,CD580,0.72607950873165406,0.060528684071762706,0.06909240617269852,7.815,5.844,0.19565169152321843,0.13012278260147195,0.8563722100935811
MA09.csv,lnRR,CD583,0.20149964267958392,0.19305366569790372,0.3099644019160841,2.317,1.785,0.0059459946410454845,9.986875316162094e-4,11.691073621818038
MA09.csv,lnRR,CD590,0.04207203346642518,0.9994350699847543,0.9999997762671682,1.002,1,3.5924364766512836e-13,1.5166355847778335e-19,0.0564706282413896
MA09.csv,lnRR,CD590,0.30068629499862476,0.11289660313856786,0.16531260886494004,3.335,2.513,0.03166533311988101,0.009912346073352271,5.241600572637218
MA09.csv,lnRR,CD590,0.09534963555252847,0.6336594916961624,0.8711908288952923,1.259,1.085,1.6025450136326688e-5,2.509710595855804e-7,23.753133719912988
MA09.csv,lnRR,CD590,0.23301261553830083,0.15615112992931257,0.24424931542020112,2.631,2.026,0.011882385884738401,0.002576768970199463,8.809818549088854
MA09.csv,lnRR,CD590,0.3685758212362824,0.09149774491356599,0.1259012710145413,4.057,3.082,0.057968259988268565,0.022965091589173404,3.44035261009753
MA09.csv,lnRR,CD590,0.1639123088727628,0.2677338825232509,0.43600924007462305,1.924,1.5,0.001813534446755264,1.9593149649627193e-4,16.827535755137212
MA09.csv,lnRR,CD590,0.1596894611425563,0.2794485596951699,0.454789230974904,1.865,1.473,0.0015307430249705785,1.5515964310943442e-4,17.534067127973408
MA09.csv,lnRR,CD590,0.3545978637837515,0.09490046014660003,0.1321701049488916,3.911,2.95,0.05223199324698167,0.019854154235127333,3.7269644802291557
MA09.csv,lnRR,CD590,0.10144170246994083,0.5805755236094202,0.8280148937381587,1.314,1.105,3.217238985112397e-5,6.867084054678786e-7,24.74393701287385
MA09.csv,lnRR,CD592,0.19924802884846815,0.19638572414237898,0.3158001823215002,2.284,1.769,0.005610097480311947,9.222649859994858e-4,11.941445817912122
MA09.csv,lnRR,CD592,0.23168212274580013,0.1574077737640871,0.24651651345399583,2.635,1.997,0.011585622277283695,0.002489023095983826,8.910873968990874
MA09.csv,lnRR,CD592,0.24942798158987695,0.142292180301424,0.2191310744022984,2.782,2.145,0.01586410331701152,0.003829325595651358,7.683889410087441
MA09.csv,lnRR,CD592,0.25773576973326773,0.13628447693403034,0.20818380151458948,2.881,2.211,0.018096529333908127,0.0045877255251031675,7.189932458055914
MA09.csv,lnRR,CD592,0.4141466322451506,0.08273611806364944,0.1097713083319124,4.55,3.436,0.0772335236405122,0.03436077037610422,2.7035190268262954
MA09.csv,lnRR,CD592,0.4077420299650258,0.08378939509163796,0.11170902639228253,4.485,3.371,0.07449522514128681,0.032656343004053755,2.7919631300644565
MA09.csv,lnRR,CD592,0.2790851321729626,0.12328037050281815,0.1843883900718083,3.114,2.372,0.024446984089694725,0.006937505591840884,6.110801956899015
MA09.csv,lnRR,CD592,0.1712009199741637,0.24943093527865257,0.4061001143542181,1.98,1.557,0.0023811849860341343,2.8487320361040956e-4,15.666917907556554
MA09.csv,lnRR,CD592,0.2803483368953702,0.1226047061510851,0.18314887626065834,3.148,2.372,0.02484849231540102,0.007094900669156163,6.054417010957325
MA09.csv,lnRR,CD592,0.3152137703210315,0.10710658114560812,0.15465635704928482,3.483,2.645,0.03689723679865784,0.012247575803238755,4.7549775903676705
MA09.csv,lnRR,CD592,0.3639682651001321,0.09257525259446642,0.12788621561530078,3.965,3.056,0.05606467635912282,0.021917620510813307,3.5310963020834363
MA09.csv,lnRR,CD592,0.3393045814603746,0.0991270299810556,0.1399576900822469,3.741,2.847,0.04610966057836417,0.016688539571148214,4.083066010119129
MA09.csv,lnRR,CD592,0.44845413477857465,0.07785317119636714,0.10079503864492323,4.826,3.692,0.09192442715616936,0.04395429013403875,2.2941867448556086
MA09.csv,lnRR,CD592,0.37631588459696996,0.08977776977591756,0.1227332064464639,4.16,3.114,0.0611903702256439,0.024771492159416347,3.2955436670546345
MA09.csv,lnRR,CD592,0.4018625921879268,0.08480183098520822,0.11357202777727282,4.494,3.296,0.0719867889443579,0.031118916816357076,2.8770196792064606
MA09.csv,lnRR,CD592,0.20544989900216548,0.18747125061536163,0.30014828751937217,2.371,1.809,0.006563732001164934,0.001143383429760983,11.267703690401055
MA09.csv,lnRR,CD592,0.1443669629797621,0.33025547244007325,0.5327880389942818,1.724,1.366,7.590507325445113e-4,5.8911797620191465e-5,20.25325665542086
MA09.csv,lnRR,CD592,0.5493158372011497,0.06847502579064635,0.08359898879836147,5.945,4.443,0.1336383175181137,0.07498028097105451,1.5123963007715124
MA09.csv,lnRR,CD592,0.5222148303141151,0.07046374430072433,0.08723967352114848,5.754,4.254,0.12278529898215897,0.06640061579117715,1.6775929220424146
MA09.csv,lnRR,CD592,0.4229984822667807,0.08135977624367319,0.1072399787053332,4.651,3.468,0.0810243839466483,0.03676460332986891,2.5880202461660007
MA09.csv,lnRR,CD592,0.4449090300274878,0.07830510515302325,0.10162528550635663,4.886,3.629,0.09040913251502554,0.04293065222594068,2.3320180353333386
MA09.csv,lnRR,CD592,0.3842167851617105,0.08813027608938429,0.11969924102811536,4.225,3.173,0.06450651015521475,0.026673542638419433,3.156896493873107
MA09.csv,lnRR,CD592,0.316997954252074,0.10645108079662813,0.15344932737787986,3.496,2.642,0.03755807919642403,0.012552526504814593,4.6998246581251735
MA09.csv,lnRR,CD592,0.20879785439510629,0.18298727100200607,0.29222922596670886,2.377,1.831,0.007115733883506454,0.0012770112101152971,10.92419549647028
MA09.csv,lnRR,CD592,0.19978026429054496,0.19558789505022944,0.31440447373988556,2.28,1.766,0.005688437371521099,9.399421882594634e-4,11.881657868965611
MA09.csv,lnRR,CD592,0.12248060254587255,0.43327093459158406,0.6726123607831362,1.511,1.231,2.0272901543938384e-4,9.361754792746062e-6,23.934142619155217
MA09.csv,lnRR,CD592,0.2052375355533193,0.18776314424135332,0.3006627434340453,2.356,1.799,0.0065295993110639754,0.0011352523117599143,11.289959919269199
MA09.csv,lnRR,CD592,0.5282128784874522,0.06999675412263495,0.08638444927863564,5.712,4.33,0.12521429496437603,0.06829102827485568,1.6387695156000692
MA09.csv,lnRR,CD592,0.7781712857719694,0.05915914401131672,0.06659976980729543,8.354,6.245,0.2109857565005816,0.14522821135536343,0.7440625795978706
MA09.csv,lnRR,CD592,0.778431636047765,0.05915298627327359,0.06658856797737145,8.369,6.319,0.21105925435959022,0.145301911443161,0.743558170409786
MA09.csv,lnRR,CD592,0.13358194863079367,0.3757130591787332,0.5975921405632026,1.613,1.29,4.1902194579542874e-4,2.5822309515545624e-5,22.187908138446943
MA09.csv,lnRR,CD592,0.1138047626419914,0.48741105845511146,0.7358592985620672,1.419,1.172,1.0358158993825119e-4,3.6355799294649308e-6,24.844824010695575
MA09.csv,lnRR,CD592,0.13714394992124151,0.3596679617941584,0.5752699267549313,1.651,1.313,5.153831287413007e-4,3.4435983969446136e-5,21.56019649607729
MA09.csv,lnRR,CD592,0.13430420693336453,0.3723716494549115,0.5929936379650248,1.622,1.296,4.373871643453668e-4,2.7410949760125767e-5,22.062198851011328
MA09.csv,lnRR,CD592,0.535984488581526,0.06941513630705543,0.08531957214717278,5.879,4.373,0.1283391635875545,0.07074843077034326,1.590443584011736
MA09.csv,lnRR,CD594,0.6954202254752159,0.06148367269956212,0.07083196164145877,7.467,5.626,0.18602089989711537,0.1209182513892895,0.9348288941896654
MA09.csv,lnRR,CD594,0.7386715968547863,0.06017072417575642,0.06844066402672055,7.947,5.951,0.1994750577804271,0.13383809766751556,0.8269939850964136
MA09.csv,lnRR,CD594,0.7497020581537709,0.05987196990363608,0.06789684511395255,8.033,5.974,0.2027623773129679,0.13705985088364556,0.8024875210316473
MA09.csv,lnRR,CD594,1.0240171653834715,0.055277343512082244,0.05954871791771643,10.985,8.15,0.26851240056449793,0.20642300219551998,0.42713744056341874
MA09.csv,lnRR,CD594,0.6911964887063591,0.061625370873260144,0.07109016828769055,7.381,5.623,0.1846578003663184,0.11963356742183061,0.9464797414430404
MA09.csv,lnRR,CD594,0.7151078645910699,0.060856240476644285,0.06968893578801949,7.665,5.719,0.1922580853682391,0.12685402632217707,0.8832695311375205
MA09.csv,lnRR,CD594,0.7877055668204967,0.058937634472795986,0.06619684343044963,8.414,6.306,0.21365753868199192,0.14791515730490779,0.725920895765364
MA09.csv,lnRR,CD594,0.7886577331136746,0.05891595588556797,0.06615741357562344,8.458,6.389,0.21392214100696316,0.14818213319371767,0.7241457690055464
MA09.csv,lnRR,CD594,0.6329356641871273,0.06388141346663989,0.07520444031931939,6.856,5.148,0.16493712676182698,0.10156459703992181,1.1323026852679496
MA09.csv,lnRR,CD594,0.6581210792855673,0.06283186599037072,0.07328966734637121,7.069,5.347,0.17367368349118917,0.1094485941146596,1.0457801356000496
MA09.csv,lnRR,CD594,0.676064826033717,0.06215518435324119,0.07205582798795351,7.336,5.508,0.17970118335921434,0.11500049275636873,0.9900643634712325
MA09.csv,lnRR,CD594,0.5879448724157733,0.06610667494408362,0.07926823185256338,6.378,4.804,0.14852675616117317,0.08729414396364374,1.3161556908479755
MA09.csv,lnRR,CD594,0.39305787487340843,0.08640550103025801,0.11652372818909118,4.309,3.246,0.06824362453106106,0.02886801532884663,3.0118227158833166
MA09.csv,lnRR,CD594,0.6429270596265177,0.06345012605361289,0.0744174545007622,6.961,5.191,0.16844179466197343,0.10470380343391088,1.0967328447149316
MA09.csv,lnRR,CD594,0.4649007055275352,0.07589211858115386,0.09719385153993343,5.054,3.787,0.09892964774811512,0.04878519776481457,2.1301732958779573
MA09.csv,lnRR,CD594,1.0340195728321586,0.05517542844257339,0.05936389162490174,11.03,8.289,0.2704215417609337,0.20856657098959608,0.418846318232835
MA09.csv,lnRR,CD594,0.7457936048264291,0.05997630201346371,0.06808674644275037,8.037,6.017,0.20160412911062625,0.13592183757498524,0.8110444429286656
MA09.csv,lnRR,CD594,0.7261281842760271,0.060527264123138025,0.06908982052938639,7.896,5.862,0.19566661740557964,0.13013721971730674,0.8562556406248367
MA09.csv,lnRR,CD594,0.8888888462569434,0.05701090690881294,0.06269496568569344,9.5,7.089,0.2396480579812005,0.17486691218701417,0.5684058776880496
MA09.csv,lnRR,CD594,0.5673123187451512,0.06731074118967184,0.08146928650648744,6.143,4.617,0.14066324234950967,0.08071349059160876,1.4158545316815596
MA09.csv,lnRR,CD594,0.8322039383468454,0.05800310174029555,0.06449766043700578,8.883,6.653,0.22560411285160897,0.16012312948912777,0.6494558696710229
MA09.csv,lnRR,CD594,0.697717124628599,0.06140770299430087,0.07069353758443764,7.519,5.686,0.1867584380869218,0.121615247062543,0.9285834590136766
MA09.csv,lnRR,CD594,0.9152514692695117,0.05661130989993346,0.0619693445192373,9.874,7.359,0.2457635450384303,0.18141516266627702,0.5358034619303842
MA09.csv,lnRR,CD594,0.5915360631440826,0.06591001211769121,0.07890887021431958,6.369,4.823,0.14987407609922984,0.08843865533573177,1.2998858096628374
MA09.csv,lnRR,CD594,0.9396609367213261,0.05627104645092973,0.061351649173898126,10.041,7.519,0.2512055102990219,0.18730567566385262,0.5080602722968397
MA09.csv,lnRR,CD594,0.6596599381499532,0.06277164121872802,0.07317983339278322,7.154,5.34,0.1741970097630348,0.109927015867756,1.0408192174055197
MA09.csv,lnRR,CD594,0.5826967384497703,0.06640071551310245,0.07980560668782521,6.251,4.773,0.1465463110025231,0.08562078068389622,1.3404891174722766
MA09.csv,lnRR,CD594,0.47788960231417466,0.07448644955741957,0.09461411027131872,5.168,3.909,0.10442311620828137,0.052684783640537684,2.0127660713899154
MA09.csv,lnRR,CD594,0.4028166481167331,0.08463446739689973,0.1132640321523467,4.447,3.333,0.0723934135412737,0.031366569830546226,2.862956475544698
MA09.csv,lnRR,CD594,0.4399541919336603,0.07895546635433481,0.10282027079590872,4.768,3.629,0.0882890792419637,0.04151141476245209,2.3864804441573906
MA09.csv,lnRR,CD594,0.44645108130678773,0.07810717737876571,0.10126165798953068,4.86,3.673,0.09106843599158271,0.04337509291773537,2.315448061076497
MA09.csv,lnRR,CD594,0.41805148965169353,0.08211798845960427,0.10863435466995641,4.588,3.45,0.07890516194108935,0.03541449465203482,2.651636621035214
MA09.csv,lnRR,CD594,0.3838792257989484,0.08819854867066224,0.11982495605588828,4.184,3.199,0.06436433801029928,0.02659111635117462,3.162640738522604
MA09.csv,lnRR,CD594,0.40545573864479956,0.08417776377614228,0.11242362387384763,4.479,3.338,0.07351908634504292,0.032055326952239296,2.8245860097705355
MA09.csv,lnRR,CD594,0.3178262544221292,0.1061506000141369,0.1528959920152928,3.548,2.671,0.03786614497319743,0.012695429574430747,4.674539200115591
MA09.csv,lnRR,CD594,0.3406167641206169,0.09874141371139733,0.13924718533933633,3.746,2.856,0.04662762482590928,0.01694995705360047,4.0505771627939
MA09.csv,lnRR,CD594,0.6259472190209011,0.06419555073030903,0.07577779088479641,6.769,5.044,0.16245549184647612,0.09936095976087368,1.1582240154487389
MA09.csv,lnRR,CD594,0.5429179118430336,0.06891745069378341,0.08440860942408546,5.875,4.419,0.1311050149013764,0.07294713948651929,1.5491158730302046
MA09.csv,lnRR,CD594,0.44072498567700924,0.07885282651790704,0.10263166252445943,4.779,3.63,0.08861902664373472,0.04173129653106749,2.3778836006552395
MA09.csv,lnRR,CD594,0.45919370204740395,0.07654839924025181,0.09839874256372416,4.989,3.79,0.09650415943678092,0.047094352660785835,2.1850343323472354
MA09.csv,lnRR,CD594,0.7019020059808919,0.06127121648434408,0.07044486410918382,7.526,5.63,0.1880954844937607,0.122882161383077,0.9173647624839742
MA09.csv,lnRR,CD594,0.5168021594382128,0.07089938094625126,0.08803764924441615,5.647,4.252,0.12058088450332134,0.06470007680019346,1.7138268298164894
MA09.csv,lnRR,CD594,0.2698352312060084,0.12852779660363,0.194004996395153,3.035,2.289,0.02159197454547857,0.0058477243853166175,6.5477199791522995
MA09.csv,lnRR,CD594,0.3088386212895013,0.10954457966582898,0.15914465950049872,3.399,2.623,0.03456763449089684,0.011190183578736398,4.960007983466975
MA09.csv,lnRR,CD594,0.38089829876228115,0.08880951315499286,0.12095002050553594,4.173,3.158,0.06311067504134135,0.025867685491135477,3.214050735054308
MA09.csv,lnRR,CD594,0.3265180852571569,0.10313719334566562,0.14734578251708152,3.602,2.725,0.04114533917121884,0.014245342904073541,4.42085891714159
MA09.csv,lnRR,CD594,0.31343921420269033,0.10776994285300068,0.15587775319396902,3.467,2.623,0.036243738625402706,0.01194816996299529,4.810781034096834
MA09.csv,lnRR,CD594,0.3193522522231525,0.10560326804993314,0.15188802806141843,3.541,2.685,0.038435779887664424,0.012960904757017978,4.628476001148529
MA09.csv,lnRR,CD594,0.27976500138509103,0.12291555707725976,0.1837191696334891,3.152,2.37,0.02466274197410656,0.0070219608903575575,6.080361255622934
MA09.csv,lnRR,CD594,0.30006506127838345,0.11316357077749373,0.16580367284132858,3.298,2.507,0.03144789585881692,0.009818425184275111,5.264010206383485
MA09.csv,lnRR,CD594,0.33446767407329514,0.10058878876055066,0.1426509283950973,3.699,2.795,0.04421353301979266,0.015741925056628674,4.206213963454664
MA09.csv,lnRR,CD594,0.3652617226044908,0.09226856118370363,0.12732122282882397,4.027,3.054,0.05659788197179891,0.022209528723051885,3.505266164512033
MA09.csv,lnRR,CD594,0.3995960910719723,0.08520433847140918,0.11431279557339336,4.385,3.269,0.07102152664586793,0.03053347417041832,2.9108457101984175
MA09.csv,lnRR,CD594,0.41091440957941594,0.08326140708973018,0.11073762685332178,4.475,3.37,0.07585094934633224,0.03349681776794709,2.7476219763591603
MA09.csv,lnRR,CD594,0.32248446319163965,0.10450463511215546,0.14986460202983543,3.555,2.7,0.03961324530058343,0.013514703401449219,4.535996691767997
MA09.csv,lnRR,CD594,0.42591823628485315,0.08092483828863117,0.10644023772067235,4.661,3.512,0.08227560128320052,0.03756913926609583,2.5515399432041175
MA09.csv,lnRR,CD603,0.2100644448734721,0.18134694120900519,0.2893248091138163,2.38,1.843,0.007331382243305055,0.001330278805537359,10.797786790481112
MA09.csv,lnRR,CD603,0.2049071472643158,0.1882190786805752,0.3014660574516743,2.355,1.792,0.006476705595046587,0.0011226828235931024,11.324697877109912
MA09.csv,lnRR,CD603,0.16506816773684743,0.2646755533800371,0.4310591913602946,1.932,1.511,0.0018967068398903946,2.083953073267625e-4,16.638363798025747
MA09.csv,lnRR,CD603,0.2914426410119151,0.11705141490106752,0.17295165709172755,3.252,2.453,0.028487806135962777,0.008565814608103498,5.590024219066003
MA09.csv,lnRR,CD603,0.2797293763622262,0.12293460565752745,0.18375411467295,3.097,2.38,0.024651416718593142,0.007017520617391013,6.081950901542255
MA09.csv,lnRR,CD603,0.3172479629564231,0.10636013180779602,0.15328184701419967,3.563,2.675,0.03765097943181568,0.012595570671856108,4.692171520640365
MA09.csv,lnRR,CD603,0.20645153668597382,0.1861066922842154,0.29774156788250583,2.344,1.821,0.006726139589687146,0.0011822848837633392,11.163487559829044
MA09.csv,lnRR,CD603,0.158994723182878,0.2814608460962055,0.4579859768905721,1.868,1.469,0.0014873146477305497,1.4912998402227847e-4,17.65251307943666
MA09.csv,lnRR,CD603,0.18283613428422732,0.22449774569131564,0.36429394605091203,2.108,1.637,0.0035113792082757606,4.8539576245397464e-4,13.97962003595964
MA09.csv,lnRR,CD603,0.17715973018719577,0.2360626327451566,0.38383282302959265,2.06,1.604,0.0029243923763074974,3.777015407339128e-4,14.777019028443606
MA09.csv,lnRR,CD603,0.36373218444344463,0.09263159050851033,0.12799000378111391,3.962,3.029,0.055967458686764546,0.02186452387813892,3.5358413272603584
MA09.csv,lnRR,CD603,0.42074509741647614,0.08170177056674899,0.10786888368798886,4.642,3.452,0.08005891304177429,0.03614755779798391,2.616711312123987
MA09.csv,lnRR,CD603,0.12507477363561367,0.4187170549933803,0.6543962556081019,1.53,1.237,2.4313956558633408e-4,1.2077983279906778e-5,23.567920061472158
MA09.csv,lnRR,CD603,0.15688345674417045,0.2877309850438633,0.46789123815253353,1.847,1.444,0.0013605538446701078,1.319060602653728e-4,18.016025310867022
MA09.csv,lnRR,CD603,0.1390383112670749,0.3515643165836989,0.5637660034927315,1.676,1.32,5.72776770867601e-4,3.9873969102905226e-5,21.220168690903265
MA09.csv,lnRR,CD603,0.20710603805780264,0.18522578925246247,0.2961863945252352,2.364,1.828,0.006833525087616124,0.0012081980557111947,11.096060527277274
MA09.csv,lnRR,CD603,0.20463311315620453,0.18859893031463826,0.3021350778552975,2.349,1.802,0.006433026791913249,0.0011123315676805573,11.353614754065921
MA09.csv,lnRR,CD603,0.29814751047090765,0.11399841973613833,0.16733912402622753,3.295,2.518,0.030780190324128535,0.009531625040208505,5.33407042900892
MA09.csv,lnRR,CD603,0.18199698074418708,0.22614070363944738,0.3670848986397288,2.103,1.636,0.003420229913654149,4.682052567307643e-4,14.094419500028144
MA09.csv,lnRR,CD603,0.14251253629067165,0.33743158769912085,0.5433374270324863,1.705,1.356,6.899086470824969e-4,5.161204404594405e-5,20.590583933336546
MA09.csv,lnRR,CD603,0.1860295433526621,0.2184446342510713,0.35396886955096407,2.153,1.665,0.00387235492588707,5.550660527309996e-4,13.552423529989277
MA09.csv,lnRR,CD603,0.3828460787313878,0.08840865240103069,0.12021184221843728,4.271,3.139,0.06392945854638042,0.02633947525698239,3.1803189817406596
MA09.csv,lnRR,CD603,0.30107094180607996,0.11273215326039532,0.1650101038105375,3.322,2.535,0.0318002346860585,0.009970745006572608,5.227795055014218
MA09.csv,lnRR,CD603,0.6529460858294504,0.06303755655696963,0.07366482434433586,6.97,5.293,0.17190495526334196,0.10783675504556817,1.0627267787366224
MA09.csv,lnRR,CD609,0.22091232650080891,0.16844461195482707,0.2663465593032083,2.523,1.924,0.009331394667644445,0.001850743633286683,9.79019473483812
MA09.csv,lnRR,CD609,0.24532959258923495,0.14548822420955376,0.22494125254417086,2.784,2.111,0.014815522029626372,0.003486500171036906,7.945302833461709
MA09.csv,lnRR,CD614,0.048379034715463266,0.9950029072962532,0.9999821765818442,1.004,1,4.14604138175025e-11,4.0082509121338497e-16,0.49792692855910037
MA09.csv,lnRR,CD614,0.030670996071207077,0.999999897589088,0.9999999999999902,1.001,1,3.9395026096280395e-20,2.845407145586528e-31,1.0241090220297622e-5
MA09.csv,lnRR,CD614,0.050854596645731054,0.9907441728781483,0.9999378210239042,1.009,0.998,1.7628061697055167e-10,4.338093405484005e-15,0.919364814575585
MA09.csv,lnRR,CD614,0.04883087138276359,0.9943625035655558,0.9999772518831258,1.001,1,5.478162767524958e-11,6.345469777809768e-16,0.5614748317570029
MA09.csv,lnRR,CD614,0.030971277015970782,0.9999998516549786,0.9999999999999798,1,1,7.451442002294858e-20,8.396654557180691e-31,1.4834500117189009e-5
MA09.csv,lnRR,CD614,0.050154371693801526,0.9921424934880703,0.9999554142001373,1.007,1.004,1.1930385903386927e-10,2.2846457419187236e-15,0.7812920712067073
MA09.csv,lnRR,CD618,0.47669358292303454,0.07461102580725454,0.09484268184115663,5.172,3.906,0.10391901704828096,0.05232293775829368,2.023165603390209
MA09.csv,lnRR,CD618,0.4941163284086046,0.07288594589108377,0.09167853480312882,5.314,4.073,0.11122199252599413,0.05764289738342535,1.879258891204505
MA09.csv,lnRR,CD618,0.19758041653969657,0.1989274286869943,0.3202397511379883,2.271,1.75,0.005368877890956227,8.684061099047989e-4,12.1312322450994
MA09.csv,lnRR,CD618,0.2663293919191046,0.13066443833561237,0.19791526576373497,2.976,2.263,0.020550431292704157,0.005463441796382571,6.72508274281226
MA09.csv,lnRR,CD632,0.1967071935644449,0.20028422539438417,0.32260535045000616,2.245,1.748,0.005245123614938389,8.411152770264531e-4,12.232112505562199
MA09.csv,lnRR,CD632,0.12242106436394025,0.43361339339025573,0.6730348164087884,1.506,1.227,2.018658719662817e-4,9.305880416260482e-6,23.942142301853263
MA09.csv,lnRR,CD634,0.03831863776284329,0.9999173685389537,0.9999999950947562,1,1,7.539850676383067e-15,2.366026358527999e-22,0.008262655580248968
MA09.csv,lnRR,CD634,0.03601070674119018,0.9999821728448592,0.9999999997623936,1,1,4.0098290778272176e-16,1.708416111094062e-24,0.001782691753438037
MA09.csv,lnRR,CD634,0.026463389805540787,0.9999999998793994,1,0.999,1,5.7696461084215435e-25,1.63154001089119e-39,1.2060064058516673e-8
MA09.csv,lnRR,CD634,0.027704458125002194,0.9999999987467862,1,1,1,2.51729532754186e-23,1.0343175062151956e-36,1.2532137549925437e-7
MA09.csv,lnRR,CD634,0.04035849352986308,0.9997469241885512,0.9999999548152638,1,1,6.945200769662057e-14,9.751736332341763e-21,0.025303062671266918
MA09.csv,lnRR,CD634,0.03626563111266644,0.9999785369155553,0.9999999996575313,1.001,1.001,5.686045754208619e-16,3.075445355763655e-24,0.002146274197600828
MA09.csv,lnRR,CD634,0.027133816539513935,0.9999999995539846,1,1,1.001,4.709066102873957e-24,5.90751319615398e-38,4.4601544679778726e-8
MA09.csv,lnRR,CD634,0.02715048802507977,0.9999999995398539,1,0.997,0.998,4.9523363060395745e-24,6.438436934239572e-38,4.601461434106113e-8
MA09.csv,lnRR,CD634,0.04488383896237041,0.9983011359986979,0.9999979727971291,0.998,1.001,3.719901904529137e-12,7.412780213228063e-18,0.1696836798431245
MA09.csv,lnRR,CD634,0.044608956499788244,0.9984587319927457,0.999998332658101,0.997,1.002,3.0117342694996744e-12,5.2204121534567135e-18,0.15396006653553007
MA09.csv,lnRR,CD634,0.04923476414079791,0.9937409446305496,0.9999718859457952,1.005,1.001,6.987553281125007e-11,9.475038196369976e-16,0.6230941315245597
MA09.csv,lnRR,CD634,0.03936288861351514,0.9998498312569788,0.9999999839758684,1.001,1,2.4432255236577143e-14,1.697554793325556e-21,0.0150152718889629
MA09.csv,lnRR,CD634,0.045424828012883,0.9979543107797163,0.9999970556339728,1,1,5.5810202571815854e-12,1.4531113700391695e-17,0.2042744854256484
MA09.csv,lnRR,CD634,0.04496644304367425,0.9982513921104833,0.9999978518396806,1.003,1,3.9609530305776814e-12,8.227000082428801e-18,0.17464597291972916
MA09.csv,lnRR,CD634,0.04933855490384776,0.993573487097048,0.999970341151143,1.006,1,7.432201729460033e-11,1.0488106995875487e-15,0.6396854054095069
MA09.csv,lnRR,CD634,0.03942655196691691,0.9998445274148038,0.9999999828333892,0.999,0.998,2.617633461956739e-14,1.905330634036703e-21,0.015545541858541512
MA09.csv,lnRR,CD642,2.5577504950639733,0.050843650527583995,0.05152334962046701,27.294,20.294,0.4010324107651551,0.3684275434578316,0.06796990928830127
MA09.csv,lnRR,CD642,0.12037205240420219,0.4456359187869112,0.6876854015692475,1.478,1.208,1.7382623258203704e-4,7.543181350706712e-6,24.20494827823363
MA09.csv,lnRR,CD645,0.07538044176044606,0.8292565428258772,0.9744801549803425,1.1,1.015,6.689517468088465e-7,2.2216015397429053e-9,14.522361215446523
MA09.csv,lnRR,CD645,0.09669457585614613,0.6215496534258881,0.8619299670708714,1.263,1.086,1.8845065192293848e-5,3.1745905027908844e-7,24.038031364498337
MA09.csv,lnRR,CD645,0.09216569318352681,0.6631447414796343,0.8923001630739238,1.232,1.064,1.0695656582288393e-5,1.392820626043513e-7,22.91554215942895
MA09.csv,lnRR,CD645,0.04669298662540232,0.9969263739573134,0.9999933184054418,0.999,1,1.3757001823189006e-11,6.476962557926206e-17,0.30669444481283836
MA09.csv,lnRR,CD646,0.37512711045724223,0.0900348904751831,0.12320676669323927,4.13,3.112,0.060693666869824775,0.02449032172250435,3.3171876218056173
MA20_cleaned.csv,lnRR,Carazo_etal_2014,0.11916375287812986,0.2586151075052988,0.9164233999213868,1.96,1.048,0.00207454072171639,6.272091741627912e-8,65.7808292416088
MA20_cleaned.csv,lnRR,Leal_Powell_2012,0.07681145747868608,0.5292903882281293,0.9993674353074624,1.372,0.999,6.154576467351237e-5,4.5453690294981874e-13,47.00770470793331
MA20_cleaned.csv,lnRR,Riley_etal_2016,0.5719265687131522,0.05858632555656573,0.10710773739357549,8.581,3.49,0.21801632640497487,0.03689608451017536,4.852141183700976
MA20_cleaned.csv,lnRR,Riley_etal_2016,0.7921489758877429,0.05446511796384701,0.07941080563895186,11.876,4.79,0.2845438245896222,0.08684577631814902,2.4945687675104855
MA20_cleaned.csv,lnRR,Szabo_etal_2018,0.2202271554554524,0.10931300270292499,0.43968963838760944,3.401,1.499,0.034780585738536686,1.8716040737683001e-4,33.037663568468446
MA20_cleaned.csv,lnRR,Szabo_etal_2018,0.3627671429443411,0.07149237908120643,0.1953573265457872,5.555,2.305,0.11767155657454291,0.005711317396921053,12.386494746458077
MA20_cleaned.csv,lnRR,Szabo_etal_2018,0.34176014981270125,0.07424995006456125,0.21422315542970016,5.252,2.169,0.10538973351623587,0.004149681228383937,13.997320536513891
MA20_cleaned.csv,lnRR,Szabo_etal_2018,0.39102429592034305,0.0684690746004093,0.17462565846151323,6.007,2.468,0.13367288621418122,0.008300877292654964,10.615658386110393
MA20_cleaned.csv,lnRR,Szabo_etal_2018,0.4513313638558703,0.06382846129486708,0.1428128369922499,6.815,2.794,0.16536125258908904,0.015687165803694596,7.898437569738281
MA20_cleaned.csv,lnRR,Szabo_etal_2018,0.4956813492557492,0.06144950405436567,0.12656208879825281,7.57,3.053,0.18635203415441626,0.022609499673540107,6.511258474388715
MA20_cleaned.csv,lnRR,Szabo_etal_2018,0.5496362433464518,0.05930067077159751,0.11194820315629661,8.347,3.373,0.20930848688939926,0.03245358022864823,5.26475323846991
MA20_cleaned.csv,lnRR,Szabo_etal_2018,0.5678908345800273,0.05870941052722933,0.10794106437326623,8.604,3.473,0.21647179576327613,0.03607759910284497,4.923165384603689
MA20_cleaned.csv,lnRR,Clark_etal_2014,0.2262741699796952,0.10611547970039548,0.420729658656686,3.507,1.525,0.0379023657216552,2.3709102250425856e-4,31.46141789562905
MA20_cleaned.csv,lnRR,Clark_etal_2014,0.11532562594670795,0.2728297750780069,0.932230673828396,1.902,1.042,0.0016838946899088857,3.332699383576545e-8,65.94008987503891
MA20_cleaned.csv,lnRR,Clark_etal_2014,0.08426149773176358,0.4577099623949884,0.9971577898478322,1.466,1.001,1.4964112637001975e-4,1.1549242543956789e-11,53.94478274528438
MA20_cleaned.csv,lnRR,Riley_etal_2018,0.16703293088490065,0.15460013066308342,0.6641586545825666,2.672,1.229,0.012261578418306654,1.05450603049396e-5,50.95585239194832
MA20_cleaned.csv,lnRR,Carazo_etal_2014,0.363318042491699,0.07142651998527438,0.19490609644164902,5.571,2.295,0.11798961130007843,0.005756409788338319,12.347957645637464
MA20_cleaned.csv,lnRR,Paulissen_2014,0.2345207879911715,0.10215581167617072,0.3967265632190925,3.631,1.568,0.04229285615257869,3.20649584217848e-4,29.457075154292177
MA20_cleaned.csv,lnRR,Riley_etal_2016,0.5567764362830022,0.0590624233374939,0.11033273083815431,8.401,3.405,0.2121452838116651,0.03385537049103979,5.127030750066042
MA20_cleaned.csv,lnRR,Riley_etal_2016,0.7687652437513027,0.05474165669376119,0.08125504051508747,11.689,4.692,0.27886698113194425,0.08132327052821005,2.6513383821326286
MA20_cleaned.csv,lnRR,Szabo_etal_2018,0.2469817807045694,0.09692379186226896,0.3641652349437937,3.85,1.644,0.04917513175498651,4.8620453716028105e-4,26.724144308152475
MA20_cleaned.csv,lnRR,Szabo_etal_2018,0.5787918451395113,0.058382864863247286,0.10573090996819323,8.747,3.524,0.22061189472909495,0.03830194632158368,4.734804510494595
MA20_cleaned.csv,lnRR,Szabo_etal_2018,0.34058772731852804,0.07441928450867596,0.21537951837082192,5.198,2.163,0.10469634470072588,0.004071480146362458,14.096023386214595
MA20_cleaned.csv,lnRR,Szabo_etal_2018,0.4658325879540846,0.06297480205154093,0.1369745222686769,6.985,2.881,0.1724415499206566,0.017821061167801012,7.399972021713596
MA20_cleaned.csv,lnRR,Szabo_etal_2018,0.5157518783291051,0.06057050545422771,0.12057535896612093,7.843,3.181,0.19521292596182427,0.02610578732942997,6.000485351189322
MA20_cleaned.csv,lnRR,Szabo_etal_2018,0.5779273310719956,0.05840808483013615,0.10590152867969904,8.812,3.511,0.22028723852168428,0.03812399564705248,4.749344384956289
MA20_cleaned.csv,lnRR,Szabo_etal_2018,0.700713921654194,0.05571062168837171,0.08773477415268449,10.502,4.245,0.2606878025879295,0.06533851322436632,3.2024152464312783
MA20_cleaned.csv,lnRR,Szabo_etal_2018,0.6737952211169207,0.056177710772588374,0.09086766002724722,10.129,4.062,0.25273836889004475,0.05912161226244261,3.4689949254658847
MA20_cleaned.csv,lnRR,Riley_etal_2018b,0.35213633723318016,0.07282531627182032,0.2044839753385126,5.376,2.21,0.11149187155348156,0.004882790308048385,13.165865906669227
MA22_01.csv,lnRR,AghighiBidgoli_2020,0.1443026957475154,0.06659032356731498,0.1498861110007662,6.234,2.679,0.14529035717827382,0.013508665381110035,8.329578743345124
MA22_01.csv,lnRR,AghighiBidgoli_2020,0.10756394842139257,0.08006475627422249,0.23238823091472993,4.71,2.063,0.08482969353643509,0.0030976917073758264,15.232347464050743
MA22_01.csv,lnRR,AghighiBidgoli_2020,0.05567809263974476,0.1655890069582907,0.6589919206557572,2.542,1.239,0.009859348995772324,1.1332926377839123e-5,49.340291369746645
MA22_01.csv,lnRR,Berardo_2016,0.1573657745508851,0.06393013526123836,0.1335953259685384,6.811,2.928,0.1645483809729551,0.019222097966281257,6.966519070730004
MA22_01.csv,lnRR,Bghagya_2017,0.06349902361454071,0.13822960822924601,0.5469264089770204,2.849,1.349,0.01733328447877503,4.9334000399458575e-5,40.869680074777435
MA22_01.csv,lnRR,Bghagya_2017,0.06847622945227051,0.12556626757233158,0.48681099197859223,3.059,1.429,0.023148056479560208,1.0435439613357105e-4,36.124472440626064
MA22_01.csv,lnRR,Blanco_2017,0.03419811398308392,0.3589538881665417,0.9711575360528479,1.65,1.017,5.201850303447525e-4,3.0660016641670223e-9,61.22036478863062
MA22_01.csv,lnRR,Castelhano-Carlos_2014,0.03493538320957708,0.3464549344913084,0.9653658051676659,1.676,1.024,6.124505887957128e-4,5.003281749600058e-9,61.89108706763575
MA22_01.csv,lnRR,Chen_2010,0.022497888789839816,0.6806159718634374,0.9999527891784573,1.213,0.998,8.352604519199231e-6,2.550037434148715e-15,31.933681731501995
MA22_01.csv,lnRR,Chen_2010,0.034838986782052085,0.3480498823756226,0.9661587465813779,1.677,1.02,5.997588208902616e-4,4.699941077826706e-9,61.81088642057553
MA22_01.csv,lnRR,Cordier_2021,0.31196736848587225,0.053523485140999805,0.07073031008711239,13.527,5.623,0.30592062223048805,0.12142951986803649,1.7206824946112587
MA22_01.csv,lnRR,Cordier_2021,0.3486723132111295,0.052819507709671476,0.06655885488359992,15.029,6.279,0.32453738451708697,0.1454976761961544,1.373934717392844
MA22_01.csv,lnRR,Cordier_2021,0.21229388592232232,0.05762711533687592,0.09528986443961429,9.165,3.872,0.23074736865107803,0.05162450013919714,3.766274910273837
MA22_01.csv,lnRR,Cordier_2021,0.3520289476733412,0.05276590663109637,0.06624180553604986,15.159,6.313,0.3260717073396893,0.14761161164378128,1.3475898904953487
MA22_01.csv,lnRR,Cordier_2021,0.2188712064205797,0.057173717263663715,0.09255827936140648,9.415,4.032,0.23723630176489346,0.05609400984070303,3.5384562097742767
MA22_01.csv,lnRR,Cordier_2021,0.19177528777191288,0.05935578192433577,0.105738918235181,8.305,3.505,0.2086614903677796,0.03829356979970479,4.638313631084523
MA22_01.csv,lnRR,Cordier_2021,0.2624830927888499,0.054981533676910055,0.07941166924414933,11.263,4.757,0.27413081908129544,0.08684307020985692,2.4430135567239275
MA22_01.csv,lnRR,Cui_2006,0.15930953204375436,0.06358973833570081,0.13151447168961428,6.923,2.978,0.1672946437750009,0.02015364952997583,6.792473335391347
MA22_01.csv,lnRR,Cui_2006,0.314443538652013,0.05346809595512214,0.0704016059031991,13.517,5.717,0.30729256250073284,0.12310451299941716,1.6933509948076964
MA22_01.csv,lnRR,Dandi_2018,0.15787653403846943,0.06383945865288088,0.13304091985703081,6.924,2.939,0.1652730282597726,0.01946492977386512,6.920146120414994
MA22_01.csv,lnRR,Dandi_2018,0.049548703313003054,0.19684731232674846,0.758921027059394,2.3,1.157,0.005565355318914725,2.494802067847144e-6,56.20737147326456
MA22_01.csv,lnRR,Dandi_2018,0.149447887238328,0.06545818764570988,0.14294751911152392,6.385,2.795,0.1530408461269911,0.015641794418203035,7.748933146581405
MA22_01.csv,lnRR,Dandi_2018,0.057598567690525085,0.15780831265483852,0.6295686940299362,2.62,1.262,0.011492938991306309,1.69312867901165e-5,47.17603813750977
MA22_01.csv,lnRR,doPrado_2016,0.2800333533706298,0.05437512827703339,0.07579452626088601,11.931,5.074,0.2864444514292093,0.09929765818984512,2.1419397983852617
MA22_01.csv,lnRR,doPrado_2016,0.22348350050954544,0.05687949479501264,0.09078784783538274,9.635,4.069,0.24162780822598073,0.05926989358392026,3.39083530403701
MA22_01.csv,lnRR,Gaun_2021,0.07410187581971188,0.11427300058445977,0.4288764022602395,3.315,1.506,0.030564563977850488,2.1414659773605541e-4,31.46034016757797
MA22_01.csv,lnRR,Gaun_2021,0.06031576079268171,0.14806387019088507,0.5899956668164386,2.722,1.305,0.014032193877324007,2.8495550637958587e-5,44.19317966255535
MA22_01.csv,lnRR,Gaun_2021,0.08081415717558403,0.10382317878421865,0.37186372806565093,3.574,1.621,0.04036727772231505,4.4025250744013817e-4,26.804054928143227
MA22_01.csv,lnRR,Gaun_2021,0.04648650341765877,0.21730940435124524,0.8100929311419867,2.132,1.121,0.003944755390825243,9.883235799416457e-7,59.27835267907414
MA22_01.csv,lnRR,Gonzales-Pardo_2019,0.01713709426944953,0.8905311651814186,0.9999999952383274,1.069,1,1.4681190507476781e-7,2.252622452243498e-22,10.946883005690877
MA22_01.csv,lnRR,Gonzales-Pardo_2019,0.16006126951889393,0.06346143664177606,0.13073042632113485,6.888,2.982,0.16834840063212508,0.020519280299254424,6.726898967935879
MA22_01.csv,lnRR,Grace_2009,0.11522354360112347,0.07615007706863242,0.2085152380540577,5.036,2.212,0.09796613791531297,0.004562327244973673,13.236516098542527
MA22_01.csv,lnRR,Grace_2009,0.33980207474351887,0.05296889601424193,0.06744291278403369,14.546,6.16,0.3203561463633758,0.1398383798206378,1.4474016769791764
MA22_01.csv,lnRR,Hui_2011,0.060042751435956034,0.14898242012024276,0.5938571080100434,2.739,1.298,0.013765234652573117,2.710582965146875e-5,44.48746878898007
MA22_01.csv,lnRR,Hui_2011,0.03464427802682573,0.35130705899501447,0.9677276831652695,1.676,1.019,5.747070891863017e-4,4.1366157830897706e-9,61.6420624170255
MA22_01.csv,lnRR,Lui_2011,0.0422298354247326,0.253363486119911,0.8778529496030695,1.973,1.078,0.0022439920981072595,2.1022088435327226e-7,62.44894634831585
MA22_01.csv,lnRR,Lui_2011,0.2190714746378451,0.05716055272459464,0.09247902706541711,9.462,4.015,0.23742965766199772,0.05623124674919588,3.531847434082247
MA22_01.csv,lnRR,Menezes_2020,0.0872694505540169,0.09600613902109045,0.3272925745517653,3.854,1.734,0.05053131705012793,7.897547626967654e-4,23.128643553067484
MA22_01.csv,lnRR,Menezes_2020,0.1499932965168777,0.065345030549387,0.14225440361152897,6.58,2.79,0.15384994235793037,0.015877037104994104,7.690937306214196
MA22_01.csv,lnRR,Menezes_2020,0.07192386252141914,0.118324615751073,0.4501172388071367,3.191,1.481,0.027596415133113988,1.6441863358114775e-4,33.17926230560637
MA22_01.csv,lnRR,Menezes_2020,0.10518123406767958,0.08146350354277432,0.24087935989062792,4.651,2.036,0.08072986690413864,0.0027138003023750848,15.94158563478536
MA22_01.csv,lnRR,Menezes_2020,0.19150042819795468,0.05938280205482627,0.10590264438343722,8.309,3.529,0.20834552031981687,0.03812283553815151,4.6519842328610945
MA22_01.csv,lnRR,Menezes_2020,0.3502349882578838,0.052794361654867616,0.06641010628880983,15.039,6.31,0.32525487908451517,0.14648372147265404,1.3615744633942217
MA22_01.csv,lnRR,Menezes_2020,0.4021315767258274,0.05211879595495583,0.06242070653276244,17.514,7.211,0.3462563780675622,0.1772969006676132,1.0301910577806606
MA22_01.csv,lnRR,Menezes_2020,0.12431409413256407,0.07242305955413786,0.18568169552864733,5.417,2.339,0.1133064985510094,0.0067776955464364744,11.325863597450947
MA22_01.csv,lnRR,Menezes_2020,0.2551683934189342,0.05527213113047702,0.08114820594655892,10.932,4.661,0.2686093828195955,0.08162971675101384,2.5876074816081895
MA22_01.csv,lnRR,Mitra_2009,0.113671517980539,0.07687878451544439,0.21296952408785752,4.959,2.175,0.09531473473441744,0.004236444997400082,13.609073957241314
MA22_01.csv,lnRR,Mitra_2009,0.11869899325605082,0.07462227505613594,0.19916425842648433,5.159,2.272,0.10387366731518058,0.005347030773023789,12.454198337034839
MA22_01.csv,lnRR,Mitra_2009,0.13330099024388378,0.06947163845037785,0.16756636053885798,5.818,2.519,0.12803060080458378,0.009490046290345817,9.809472208848014
MA22_01.csv,lnRR,Mohammadian_2018,0.03910063938096153,0.28740216764745796,0.9213710375484966,1.851,1.047,0.0013668945256780937,5.205472100556973e-8,63.396886990103866
MA22_01.csv,lnRR,Mohammadian_2018,0.03784085094180627,0.303396099047723,0.936581075664806,1.806,1.04,0.0010931051504948443,2.7406228605167716e-8,63.31849766170829
MA22_01.csv,lnRR,Mohammadian_2018,0.2254372994870192,0.056760298701258316,0.09007110558739317,9.732,4.071,0.24344985033040786,0.06062414257334194,3.331080688613486
MA22_01.csv,lnRR,Mohammadian_2018,0.2444328414923003,0.055747007674926685,0.08399018382665202,10.492,4.449,0.26005115938166945,0.07398835854002189,2.8243176151725335
MA22_01.csv,lnRR,Molina_1_2016,0.15423165369015532,0.06450661331937224,0.13712154508570595,6.622,2.879,0.1600548034715692,0.01776304596960147,7.261493176633371
MA22_01.csv,lnRR,Molina_1_2016,0.2795382746601975,0.05439067960912203,0.07588717443646464,11.979,5.086,0.2861140582829081,0.09894824522991054,2.1496494827342616
MA22_01.csv,lnRR,Molina_2_2019,0.21120615994804698,0.05770622946052284,0.09576690766017792,8.982,3.853,0.22964784079569356,0.050892991473735785,3.8060678199655085
MA22_01.csv,lnRR,Molina_2_2019,0.2230567057947373,0.056905952294209694,0.09094697971085874,9.581,4.044,0.24122679832020977,0.058974738205723534,3.404102741664905
MA22_01.csv,lnRR,Molina_2_2019,0.30626085286892285,0.05365630268234545,0.0715188443993573,13.134,5.524,0.30268807213197996,0.11754409688413751,1.7862541717011848
MA22_01.csv,lnRR,Molina_2_2019,0.2767493902432307,0.05447985401984423,0.07641855463836433,11.925,4.989,0.28423515498994395,0.09697733609854986,2.19387006185201
MA22_01.csv,lnRR,Molina_2_2019,0.0827623585937472,0.10126594094389074,0.3574522448370334,3.636,1.652,0.043369823117428936,5.304393395929992e-4,25.61863038931427
MA22_01.csv,lnRR,Molina_2_2019,0.15936160139757632,0.06358079235048453,0.1314597983955007,6.841,2.941,0.16736778263794613,0.020178879450263688,6.787900604501617
MA22_01.csv,lnRR,Molina_2_2019,0.07332187940853671,0.11568155577557426,0.43631751969050747,3.275,1.511,0.02948836151495758,1.9518096342655344e-4,32.06359639149332
MA22_01.csv,lnRR,Molina_2_2019,0.09293908219904047,0.0904663416997975,0.2948421785452635,4.117,1.811,0.05987228942437016,0.0012311022399603261,20.437583684546603
MA22_01.csv,lnRR,Molina_1_2016,0.7806782627946035,0.05056165762620546,0.053278324772083496,33.352,13.732,0.41888589256533076,0.3121051974018469,0.2716667145878038
MA22_01.csv,lnRR,Molina_1_2016,0.11322112435407096,0.07709597559293335,0.21429630776636777,4.969,2.177,0.09454402282329939,0.004144682638992775,13.720033217343442
MA22_01.csv,lnRR,Monteiro_2014,0.6806589116437102,0.05073893060326817,0.054315237319545684,29.217,12.086,0.4072239691423558,0.28772455623950005,0.3576306716277511
MA22_01.csv,lnRR,Nawaz_2018,0.045236058625835206,0.2268733512093407,0.8306389775725922,2.105,1.106,0.003380467015971288,6.49617256053866e-7,60.37656263632515
MA22_01.csv,lnRR,Nawaz_2018,0.03701749586344274,0.3146717656476391,0.945669674790384,1.755,1.034,9.365283762158962e-4,1.7503287159487824e-8,63.09979091427449
MA22_01.csv,lnRR,Novaes_2021,0.08748281545537957,0.09577753119022381,0.3259667558786985,3.886,1.734,0.05087685798571663,8.039279502126893e-4,23.01892246884747
MA22_01.csv,lnRR,Novaes_2021,0.08003417395088175,0.10490097012659472,0.3778857931167079,3.542,1.609,0.03918312751338338,4.0751833956335475e-4,27.29848229901132
MA22_01.csv,lnRR,Rule_2020,0.09126807766135978,0.09199003193680211,0.30383216167422866,3.998,1.788,0.057088010739181454,0.001086541950707089,21.184212973742657
MA22_01.csv,lnRR,Rule_2020,0.09194170979484774,0.09136557658322919,0.30015345309805264,4.054,1.815,0.05820767646629429,0.0011433014680682482,20.878787651482345
MA22_01.csv,lnRR,Shilpa_2017,0.17840332396006525,0.06081979998433695,0.11462583874708576,7.729,3.261,0.19263081504209395,0.030290317768778576,5.380603876274881
MA22_01.csv,lnRR,Shilpa_2017,0.1535757598060319,0.06463178874823028,0.1378875636741579,6.728,2.853,0.15910419750606544,0.01746455149068189,7.32557749259276
MA22_01.csv,lnRR,Sun_2016,0.062462828946502257,0.14126282128458212,0.5605481360575899,2.822,1.335,0.016221251515457943,4.1535738706435304e-5,41.92853147730078
MA22_01.csv,lnRR,vanderVeen_2015,0.021000595229659563,0.7397653834039309,0.9999922906134978,1.173,1,3.4158040763816162e-6,8.4291961482181e-17,26.02269072095669
MA22_01.csv,lnRR,vanderVeen_2015,0.02290853552717851,0.6649014236803097,0.9999274688215859,1.228,1,1.0435952016234542e-5,5.84887374462507e-15,33.50260451412762
MA22_01.csv,lnRR,vanderVeen_2015,0.027936535218240646,0.49863253700757537,0.9971347083381098,1.412,1,9.01322042656348e-5,1.17595010108769e-11,49.85021713305344
MA22_01.csv,lnRR,vanderVeen_2015,0.06076503929069741,0.14657965241470883,0.5836981587620145,2.742,1.307,0.014477169022229838,3.090668638511175e-5,43.71185063473057
MA22_01.csv,lnRR,vanderVeen_2015,0.02890487848097618,0.4725207934610056,0.9954008373241938,1.452,1,1.2455621456700097e-4,3.426703366065467e-11,52.28800438631882
MA22_01.csv,lnRR,vanderVeen_2015,0.048385669366042675,0.20416440479148212,0.7784115288679722,2.23,1.14,0.0049093048073844195,1.7828636711039152e-6,57.424712407649004
MA22_01.csv,lnRR,Veena_2009,0.21275656041588942,0.057593832758294994,0.09508921223913958,9.105,3.889,0.23121275723256313,0.05193635119141916,3.749537948084458
MA22_01.csv,lnRR,Veena_2009,0.17898400207839807,0.06074928191036677,0.11419707690702396,7.744,3.285,0.19335548742981964,0.030623991988210492,5.344779499665719
MA22_01.csv,lnRR,Veena_2009,0.028954861422565988,0.4712226443112585,0.9952939904913592,1.447,1,1.2657468273082824e-4,3.611930115691416e-11,52.407134618010076
MA22_01.csv,lnRR,Veena_2009,0.03812307700068293,0.2996848883860035,0.933306609038643,1.81,1.036,0.0011507625540590624,3.17851456112731e-8,63.362172065263955
MA22_01.csv,lnRR,Vivinetto_2013,0.04726876347018187,0.21170422188593185,0.7970893016215497,2.191,1.128,0.004326169327381783,1.268484635747423e-6,58.538507973561785
MA22_01.csv,lnRR,Vivinetto_2013,0.4253196221666713,0.0518938072165267,0.06109507630666933,18.089,7.519,0.35414197351350984,0.18984416729997183,0.9201269090142628
MA22_01.csv,lnRR,Vivinetto_2013,0.0894682178206317,0.09372975206362266,0.31403805533598717,3.984,1.769,0.05411653755998619,9.446441506555343e-4,22.03083032723645
MA22_01.csv,lnRR,Vivinetto_2013,0.5296592555596475,0.05122066553987081,0.057138193056410436,22.36,9.491,0.3816620858287905,0.23775872936572878,0.5917527516539622
MA22_01.csv,lnRR,Zubedat_2015,0.035591824904042224,0.3358958215173855,0.9596822480806797,1.707,1.026,7.041121644905955e-4,7.573940456784513e-9,62.37864265632942
MA22_01.csv,lnRR,Zubedat_2015,0.03422211273431259,0.3585359703251425,0.970978906761011,1.666,1.015,5.230174819325009e-4,3.1165802262197312e-9,61.24429364358684
MA22_01.csv,lnRR,Zubedat_2015,0.03379193690808504,0.3661436574849981,0.9740798885759041,1.63,1.015,4.7392933558708535e-4,2.3139650331669536e-9,60.7936231090906
MA22_02.csv,lnRR,AghighiBidgoli_2020,0.1443026957475154,0.05658327167985988,0.09597622388921445,9.88,3.843,0.24620355881485526,0.05057635665748601,3.939295220935457
MA22_02.csv,lnRR,AghighiBidgoli_2020,0.10756394842139257,0.06188416088175008,0.13390534667668064,7.35,2.899,0.18220959441578474,0.019087959009524112,7.202118579493055
MA22_02.csv,lnRR,AghighiBidgoli_2020,0.05567809263974476,0.09508352694322553,0.3681101434809473,3.892,1.625,0.051945223574117204,4.620536701936151e-4,27.302661653772176
MA22_02.csv,lnRR,Berardo_2016,0.1573657745508851,0.055532273002438015,0.08853367433490356,10.844,4.195,0.26385318154700704,0.06367256399569789,3.300140133246554
MA22_02.csv,lnRR,Bghagya_2017,0.06349902361454071,0.08449775730779319,0.2959340158501105,4.438,1.837,0.0727278913658853,0.0012124621923888356,21.14362585423173
MA22_02.csv,lnRR,Bghagya_2017,0.06847622945227051,0.07959583711849127,0.26141618903744324,4.722,1.95,0.08626864677199456,0.0019901093721972755,18.182035191895196
MA22_02.csv,lnRR,Blanco_2017,0.03419811398308392,0.17245066590038516,0.7523443778099953,2.469,1.15,0.008647074132543592,2.783573583649128e-6,57.989371190961016
MA22_02.csv,lnRR,Castelhano-Carlos_2014,0.03493538320957708,0.1672011912228395,0.7343866267393653,2.523,1.176,0.009556970824858766,3.7215404977741793e-6,56.71854355165258
MA22_02.csv,lnRR,Chen_2010,0.022497888789839816,0.3355326412142775,0.9800987543760539,1.706,1.012,7.075169723765919e-4,1.1686327476681944e-9,64.45661131617764
MA22_02.csv,lnRR,Chen_2010,0.034838986782052085,0.16786840873575115,0.7367277641101488,2.518,1.167,0.009435117705880732,3.585692845053674e-6,56.88593553743977
MA22_02.csv,lnRR,Cordier_2021,0.31196736848587225,0.05140422818724932,0.05966206820842457,21.211,8.077,0.37344094593842675,0.20512677997189716,0.8257840021175245
MA22_02.csv,lnRR,Cordier_2021,0.3486723132111295,0.05112395085058152,0.057726319458868414,23.825,9.144,0.3862737974106191,0.22937012364744275,0.660236860828689
MA22_02.csv,lnRR,Cordier_2021,0.21229388592232232,0.0530353391793289,0.07099361747566657,14.354,5.656,0.31853943048484534,0.12011161390307587,1.795827829633767
MA22_02.csv,lnRR,Cordier_2021,0.3520289476733412,0.05110260476722517,0.05757903561676958,23.659,9.149,0.38732100505936906,0.23142020704590688,0.6476430849544412
MA22_02.csv,lnRR,Cordier_2021,0.2188712064205797,0.05285534226727451,0.06973786549943184,14.911,5.749,0.3235218545981411,0.12659128317841578,1.6882523232157332
MA22_02.csv,lnRR,Cordier_2021,0.19177528777191288,0.05372112690519859,0.07578928376158145,12.968,5.081,0.3011387211310114,0.09931748181528603,2.206815685638286
MA22_02.csv,lnRR,Cordier_2021,0.2624830927888499,0.05198429180020703,0.06367920298404306,17.729,6.92,0.3509070653345188,0.1665659591081046,1.1694911183836032
MA22_02.csv,lnRR,Cui_2006,0.15930953204375436,0.055397670357143713,0.08758285578381475,10.816,4.258,0.26629295430615807,0.06566195349163259,3.2185185426671037
MA22_02.csv,lnRR,Cui_2006,0.314443538652013,0.051382180869458005,0.05950967104689331,21.285,8.258,0.3743950310962319,0.2068727364380334,0.8127490177435304
MA22_02.csv,lnRR,Dandi_2018,0.15787653403846943,0.05549641952630202,0.08828035498480913,10.626,4.271,0.26449870203446907,0.06419453946544715,3.2783935458507107
MA22_02.csv,lnRR,Dandi_2018,0.049548703313003054,0.10721092476959049,0.4457566647054283,3.503,1.481,0.03679343812102461,1.7356571875755503e-4,33.854573993583784
MA22_02.csv,lnRR,Dandi_2018,0.149447887238328,0.05613617881905342,0.09280628966908788,10.167,3.988,0.2534262074094502,0.055667421485706206,3.6670110850034465
MA22_02.csv,lnRR,Dandi_2018,0.057598567690525085,0.0920721057799998,0.34795339998025776,4.067,1.679,0.05694299769567215,6.005185064159306e-4,25.588129420025794
MA22_02.csv,lnRR,doPrado_2016,0.2800333533706298,0.05174311281048005,0.0620072022012752,18.945,7.342,0.35973776440258964,0.1810638834030552,1.026408939079515
MA22_02.csv,lnRR,doPrado_2016,0.22348350050954544,0.05273850865941421,0.06892344976310749,15.028,5.828,0.32686319594013286,0.13107115406757303,1.6184941103693284
MA22_02.csv,lnRR,Gaun_2021,0.07410187581971188,0.07521808825590537,0.2301610095349479,5.097,2.089,0.10151134173099217,0.003208478680131962,15.494292127904252
MA22_02.csv,lnRR,Gaun_2021,0.06031576079268171,0.08830224795277064,0.32228445053399657,4.22,1.741,0.0641492006247184,8.447620056960129e-4,23.398220258122592
MA22_02.csv,lnRR,Gaun_2021,0.08081415717558403,0.07115899833631933,0.20093186714762423,5.572,2.256,0.11929445910263109,0.005187237586091441,12.977286881130489
MA22_02.csv,lnRR,Gaun_2021,0.04648650341765877,0.11519246463680932,0.4934754979589778,3.3,1.42,0.02985646648441815,9.608342373500674e-5,37.82830333221685
MA22_02.csv,lnRR,Gonzales-Pardo_2019,0.01713709426944953,0.5218549719071499,0.99953683313886,1.387,0.997,6.753127247315737e-5,2.382123880999914e-13,47.768186123171006
MA22_02.csv,lnRR,Gonzales-Pardo_2019,0.16006126951889393,0.055346929187244154,0.08722457050920596,10.923,4.264,0.2672243853254431,0.06643338113171224,3.1877641321961803
MA22_02.csv,lnRR,Grace_2009,0.11522354360112347,0.06034772834846969,0.12285759225153536,7.813,3.111,0.19756912275911956,0.02469724530255342,6.250986390306568
MA22_02.csv,lnRR,Grace_2009,0.33980207474351887,0.05118343897161548,0.05813688406853801,23.019,8.871,0.3834122621259895,0.22382294555789817,0.6953445096922528
MA22_02.csv,lnRR,Hui_2011,0.060042751435956034,0.08865757612910485,0.32472344822924015,4.155,1.739,0.0634193428033299,8.17470260397596e-4,23.60658721001353
MA22_02.csv,lnRR,Hui_2011,0.03464427802682573,0.16923336822311785,0.7414634997933133,2.5,1.165,0.009191633480077207,3.323879503683467e-6,57.223013157019544
MA22_02.csv,lnRR,Lui_2011,0.0422298354247326,0.1293838209293796,0.5712187561440927,2.998,1.326,0.021166902687085744,3.626514149843655e-5,44.183493521471306
MA22_02.csv,lnRR,Lui_2011,0.2190714746378451,0.05285011520774208,0.06970141763454785,15.002,5.764,0.323669482954505,0.12678692521904303,1.685130242680577
MA22_02.csv,lnRR,Menezes_2020,0.0872694505540169,0.06811554124548991,0.17892964045305515,6.007,2.394,0.13575050884683698,0.007663592155421109,11.081409920756524
MA22_02.csv,lnRR,Menezes_2020,0.1499932965168777,0.05609147598739539,0.09248965235290785,10.235,4.026,0.25417057867972864,0.0562128215142759,3.639817636551246
MA22_02.csv,lnRR,Menezes_2020,0.07192386252141914,0.07678956180172436,0.2414192339211222,4.98,2.024,0.09563390514794459,0.0026912976467582924,16.462967211939784
MA22_02.csv,lnRR,Menezes_2020,0.10518123406767958,0.062432487975022544,0.13785586181818943,7.193,2.879,0.17719141236793168,0.017476780311182317,7.5423373843166885
MA22_02.csv,lnRR,Menezes_2020,0.19150042819795468,0.05373184017048005,0.07586433874212595,12.982,5.043,0.3008844085336125,0.09903420617869331,2.2132498571645898
MA22_02.csv,lnRR,Menezes_2020,0.3502349882578838,0.05111393679084564,0.05765722183013511,24.067,9.086,0.3867636901966518,0.23032783807261117,0.654328503928947
MA22_02.csv,lnRR,Menezes_2020,0.4021315767258274,0.05084483570257636,0.0558021105643276,26.961,10.436,0.4009647812671762,0.2590927946451458,0.49572748617512374
MA22_02.csv,lnRR,Menezes_2020,0.12431409413256407,0.05888229756594676,0.11235700950719607,8.484,3.364,0.21433408432911896,0.03211074874221195,5.347471194124931
MA22_02.csv,lnRR,Menezes_2020,0.2551683934189342,0.05209983262299345,0.06448107168479011,17.226,6.676,0.34690117692844175,0.16024984970718428,1.2381239061796667
MA22_02.csv,lnRR,Mitra_2009,0.113671517980539,0.06063394138405298,0.1249129102777723,7.804,3.101,0.1945504882859951,0.023510221027426153,6.427896889371931
MA22_02.csv,lnRR,Mitra_2009,0.11869899325605082,0.05974733355186823,0.11855063024405488,8.052,3.164,0.20416075220314522,0.027441914193399083,5.880329669218664
MA22_02.csv,lnRR,Mitra_2009,0.13330099024388378,0.05771986430428566,0.10405873715053693,9.205,3.563,0.22945929188991498,0.04010453287087574,4.633887284625127
MA22_02.csv,lnRR,Mohammadian_2018,0.03910063938096153,0.14298290776341294,0.6370801058433527,2.803,1.255,0.01562989973361833,1.530237455911817e-5,49.40971980799398
MA22_02.csv,lnRR,Mohammadian_2018,0.03784085094180627,0.14945599784282526,0.6655221973937591,2.714,1.232,0.013630039864193,1.0345544973938788e-5,51.60661995509338
MA22_02.csv,lnRR,Mohammadian_2018,0.2254372994870192,0.05269117030242354,0.0685936198036321,15.226,5.966,0.3282425127738607,0.13295219372379163,1.590244950120856
MA22_02.csv,lnRR,Mohammadian_2018,0.2444328414923003,0.05228859346296244,0.0657922899882244,16.402,6.335,0.34063155456919086,0.1506894878616366,1.3503696525261955
MA22_02.csv,lnRR,Molina_1_2016,0.15423165369015532,0.05576016749252155,0.0901447514312006,10.516,4.124,0.25982165139754637,0.060483089865839695,3.4384583938679047
MA22_02.csv,lnRR,Molina_1_2016,0.2795382746601975,0.05174929912305781,0.062050058581114786,18.8,7.31,0.3595025990075645,0.18066753787922926,1.0300759458056974
MA22_02.csv,lnRR,Molina_2_2019,0.21120615994804698,0.05306674165109271,0.07121282566548226,14.223,5.53,0.3176896571157639,0.11903023716883075,1.8146084014389552
MA22_02.csv,lnRR,Molina_2_2019,0.2230567057947373,0.05274901566734724,0.06899666933496051,15.064,5.927,0.32655907845212506,0.1306589159126307,1.624765366761327
MA22_02.csv,lnRR,Molina_2_2019,0.30626085286892285,0.05145709191333214,0.06002756400304554,20.763,7.948,0.3711873597759581,0.2010390964225017,0.8570472089713399
MA22_02.csv,lnRR,Molina_2_2019,0.2767493902432307,0.051784771386350736,0.06229582831133362,18.62,7.234,0.35816343033990605,0.17842121905949265,1.0511056924982887
MA22_02.csv,lnRR,Molina_2_2019,0.0827623585937472,0.07016411492148134,0.19374448332837535,5.672,2.282,0.1243357743766947,0.00587444245564542,12.358036840689401
MA22_02.csv,lnRR,Molina_2_2019,0.15936160139757632,0.05539413249486924,0.08755787222326339,10.8,4.263,0.26635768664027304,0.06571535164595768,3.2163739728394147
MA22_02.csv,lnRR,Molina_2_2019,0.07332187940853671,0.07576454386459375,0.2340802450087116,5.085,2.056,0.09941110706796819,0.0030164643617338707,15.831570114411786
MA22_02.csv,lnRR,Molina_2_2019,0.09293908219904047,0.06595423369170306,0.16329313599521733,6.42,2.561,0.14956950463169083,0.010310223495200374,9.733890230351427
MA22_02.csv,lnRR,Molina_1_2016,0.7806782627946035,0.05022407845269883,0.051535592311821254,52.734,20.515,0.44848778565777037,0.3679251542988583,0.13115138591224262
MA22_02.csv,lnRR,Molina_1_2016,0.11322112435407096,0.060719228166169814,0.12552561669519557,7.69,3.041,0.19366569607155285,0.023170383325357858,6.480638852902576
MA22_02.csv,lnRR,Monteiro_2014,0.6806589116437102,0.050294784035691875,0.0520206365415824,46.287,17.703,0.44098416984621897,0.34963233209401223,0.17258525058905239
MA22_02.csv,lnRR,Nawaz_2018,0.045236058625835206,0.11893919851440182,0.5148947350989067,3.216,1.389,0.02717886072711515,7.364680630395808e-5,39.59555365845049
MA22_02.csv,lnRR,Nawaz_2018,0.03701749586344274,0.15405575981886477,0.6846288215755766,2.657,1.213,0.012398166557992437,7.884158359415363e-6,53.05730617567118
MA22_02.csv,lnRR,Novaes_2021,0.08748281545537957,0.06802642969542794,0.1782849355292243,6.018,2.429,0.13628176580981538,0.00775521731899824,11.025850583379636
MA22_02.csv,lnRR,Novaes_2021,0.08003417395088175,0.07157810884052873,0.20395756530354625,5.55,2.255,0.11725939757926354,0.004926556196096435,13.237945646301752
MA22_02.csv,lnRR,Rule_2020,0.09126807766135978,0.06654909366643535,0.16759627861616733,6.282,2.511,0.14556207488246867,0.009484588360569946,10.104718494973197
MA22_02.csv,lnRR,Rule_2020,0.09194170979484774,0.06630534008179079,0.1658328926346775,6.279,2.539,0.14718428681808815,0.00981287065267616,9.95275525528867
MA22_02.csv,lnRR,Shilpa_2017,0.17840332396006525,0.05430133604223453,0.07985998975341735,12.185,4.732,0.28802344691463505,0.08545392343473127,2.555865371118282
MA22_02.csv,lnRR,Shilpa_2017,0.1535757598060319,0.05580964196495408,0.09049471180220914,10.48,4.116,0.258962341603033,0.059818803790766845,3.4685069837255056
MA22_02.csv,lnRR,Sun_2016,0.062462828946502257,0.0856712900459935,0.3041065638140158,4.353,1.799,0.06992367024177797,0.0010824341342102963,21.84352737680223
MA22_02.csv,lnRR,vanderVeen_2015,0.021000595229659563,0.37618736066019676,0.990412389247029,1.613,1.005,4.1648182604186925e-4,1.9183218425803472e-10,61.422502858683224
MA22_02.csv,lnRR,vanderVeen_2015,0.02290853552717851,0.32559265278119887,0.9763613988357265,1.735,1.015,8.079769357860709e-4,1.8198175337069654e-9,65.07687460545276
MA22_02.csv,lnRR,vanderVeen_2015,0.027936535218240646,0.23520033788651784,0.8986703010031196,2.065,1.063,0.002964039284584227,1.1455309550339014e-7,66.34699631166018
MA22_02.csv,lnRR,vanderVeen_2015,0.06076503929069741,0.08772810084203164,0.3183352136052897,4.249,1.753,0.06535267568741665,8.910789764700738e-4,23.060711276325808
MA22_02.csv,lnRR,vanderVeen_2015,0.02890487848097618,0.22279114622635532,0.8781260876759711,2.14,1.076,0.003609048142965344,2.0866651439810766e-7,65.53349414496158
MA22_02.csv,lnRR,vanderVeen_2015,0.048385669366042675,0.11006019520913402,0.4631130322241497,3.393,1.466,0.034099503646672975,1.3994920167231649e-4,35.305283701501565
MA22_02.csv,lnRR,Veena_2009,0.21275656041588942,0.05302212796638606,0.07090140657310118,14.355,5.606,0.31889861793260565,0.1205707694473417,1.787927860671512
MA22_02.csv,lnRR,Veena_2009,0.17898400207839807,0.05427340098220357,0.07966372942745514,12.042,4.779,0.28862611181593134,0.08605822085550632,2.5390328445251575
MA22_02.csv,lnRR,Veena_2009,0.028954861422565988,0.2221836570575415,0.8770314906187329,2.136,1.075,0.003644571287066328,2.1494919959490375e-7,65.48478335611914
MA22_02.csv,lnRR,Veena_2009,0.03812307700068293,0.14794877110429694,0.6590634033760141,2.718,1.236,0.014066092904432207,1.1321673299400704e-5,51.11146322717172
MA22_02.csv,lnRR,Vivinetto_2013,0.04726876347018187,0.11300170567866064,0.4806583048325975,3.353,1.435,0.031579500395488666,1.126170092739297e-4,36.76565991539369
MA22_02.csv,lnRR,Vivinetto_2013,0.4253196221666713,0.0507551862754172,0.05518482739883501,28.979,11.054,0.40623326875437377,0.27024432724165665,0.44296411234178157
MA22_02.csv,lnRR,Vivinetto_2013,0.0894682178206317,0.06722791163984121,0.17250751543753562,6.182,2.457,0.14118388980135668,0.008637806752135086,10.527960379769441
MA22_02.csv,lnRR,Vivinetto_2013,0.5296592555596475,0.05048687874034663,0.05333962363991407,36.161,13.649,0.42438814779464845,0.31053116439817224,0.28527448995674387
MA22_02.csv,lnRR,Zubedat_2015,0.035591824904042224,0.16280282254232503,0.7185162649628497,2.54,1.184,0.01040973099040342,4.765413923466998e-6,55.57134424205247
MA22_02.csv,lnRR,Zubedat_2015,0.03422211273431259,0.17227436126777618,0.7517582469849771,2.47,1.156,0.00867589081323896,2.810633985471134e-6,57.94838857172009
MA22_02.csv,lnRR,Zubedat_2015,0.03379193690808504,0.17549250761043156,0.7622749861970682,2.45,1.155,0.008167557807942297,2.357596484440532e-6,58.67824785866367
MA22_03.csv,lnRR,AghighiBidgoli_2020,0.26273037890582807,0.05348884908861662,0.07417718083770519,13.444,5.274,0.3067768432339801,0.1056897185675118,2.0688331749088573
MA22_03.csv,lnRR,AghighiBidgoli_2020,0.2239098925907473,0.05480723687568245,0.0834384650929112,11.542,4.491,0.2775553979447019,0.07539257649153416,2.8631228217228744
MA22_03.csv,lnRR,AghighiBidgoli_2020,0.115040445061726,0.06834981765428383,0.18070211953235105,6.017,2.397,0.13436841947289613,0.007418286697911167,11.235230187806721
MA22_03.csv,lnRR,Berardo_2016,0.31059387952759143,0.05249493281517392,0.06723735069824999,15.811,6.143,0.33412746789404674,0.1411244123309769,1.4742417883076064
MA22_03.csv,lnRR,Bghagya_2017,0.12259302998131663,0.06613940881790814,0.16470074486098607,6.399,2.543,0.14830428476155594,0.010030898817556493,9.856133604307793
MA22_03.csv,lnRR,Bghagya_2017,0.12949144373278104,0.06445236704266277,0.1524957027152828,6.734,2.693,0.16046948902124603,0.012800051336703472,8.804333567262002
MA22_03.csv,lnRR,Blanco_2017,0.06898403438477631,0.10183453245806318,0.4122609237405621,3.627,1.544,0.0426776030213354,2.6363994935590826e-4,31.042639128249895
MA22_03.csv,lnRR,Castelhano-Carlos_2014,0.0698603535633767,0.10051498586660057,0.4038063352018333,3.682,1.558,0.04430678575958201,2.932254447675645e-4,30.32913493352327
MA22_03.csv,lnRR,Chen_2010,0.04452083781781291,0.17728589146262907,0.7682081765547376,2.432,1.149,0.007899807547714303,2.130469127911934e-6,59.092228509210855
MA22_03.csv,lnRR,Chen_2010,0.06999841426775323,0.10031170462176364,0.40249764989587944,3.686,1.559,0.044564977448406415,2.9810437460606794e-4,30.21859452741158
MA22_03.csv,lnRR,Cordier_2021,0.5447205053970339,0.0508103172478086,0.05556762046985264,27.762,10.639,0.40295594009013674,0.2632198181951128,0.47573032220440403
MA22_03.csv,lnRR,Cordier_2021,0.7003589408296291,0.050490090716299396,0.053363642822611634,35.819,13.621,0.4241430456018333,0.30991954411587,0.2873552106312238
MA22_03.csv,lnRR,Cordier_2021,0.45487812653500936,0.05116226529760881,0.05799537981779268,22.947,8.857,0.38442141952822195,0.22570768736256006,0.68331145201838694
MA22_03.csv,lnRR,Cordier_2021,0.7244184557284553,0.05045806840371836,0.05314351229004011,37.088,14.222,0.42662556033662685,0.3156354531107793,0.2685443886321748
MA22_03.csv,lnRR,Cordier_2021,0.587762491998256,0.050695934817628796,0.05477982719402552,29.906,11.504,0.4099019713399623,0.2781020181561367,0.4083892376396725
MA22_03.csv,lnRR,Cordier_2021,0.3344255253415923,0.05215157340041798,0.06484900021785545,17.218,6.67,0.34514997396132896,0.15747519880974906,1.2697426817437463
MA22_03.csv,lnRR,Cordier_2021,0.7013799348427355,0.05048866448635636,0.05335383747706701,35.766,13.844,0.42425177544652043,0.3101688796123843,0.28651729907106516
MA22_03.csv,lnRR,Cui_2006,0.3106033354618073,0.052494780679352204,0.06723629140411302,16.039,6.24,0.33413213951099746,0.14113108529177723,1.474151072476082
MA22_03.csv,lnRR,Cui_2006,1.267295748039896,0.05014964823317636,0.05102585110671887,64.444,24.837,0.4578530192003185,0.3911818587157902,0.08762028735425087
MA22_03.csv,lnRR,Dandi_2018,0.35239739499604705,0.05193746383705822,0.0633621574794041,18.023,6.927,0.3525700633745432,0.1691709546834709,1.1424693642345884
MA22_03.csv,lnRR,Dandi_2018,0.0995888146329697,0.0745645836789337,0.2255718105424308,5.21,2.108,0.1041065401641947,0.003451478320662325,15.10072268634971
MA22_03.csv,lnRR,Dandi_2018,0.3100843175654003,0.05250315175539921,0.06729457907539205,15.834,6.142,0.3338753503281677,0.14076460743785077,1.4791427319992834
MA22_03.csv,lnRR,Dandi_2018,0.11276555768495981,0.06910528223923917,0.18616988828732794,5.894,2.364,0.1300509233634955,0.0067185132708024895,11.706460604808877
MA22_03.csv,lnRR,doPrado_2016,0.5337096392234264,0.05084411450916104,0.0558005103073147,27.085,10.411,0.4010059285288257,0.2591205295523536,0.49563957981536566
MA22_03.csv,lnRR,doPrado_2016,0.45277944851770824,0.051173072389543606,0.058070016644844125,23.201,8.878,0.3839050781929498,0.22471009305281575,0.6896944255300519
MA22_03.csv,lnRR,Gaun_2021,0.15658406687782764,0.05985859893614909,0.11938946448740195,8.103,3.165,0.20291162281603642,0.026878042826770875,5.953086555125287
MA22_03.csv,lnRR,Gaun_2021,0.11920918169335783,0.0670772840598105,0.1714898703891724,6.143,2.478,0.14213813670944142,0.008805525083507201,10.44125863293619
MA22_03.csv,lnRR,Gaun_2021,0.17485117099979627,0.05789744813244213,0.10535721315639901,9.079,3.502,0.2270286057043522,0.03869549095295702,4.745976502395688
MA22_03.csv,lnRR,Gaun_2021,0.08968317567972267,0.08037776861092316,0.2670863896910687,4.678,1.923,0.08388763251983442,0.0018307950170310117,18.670862108014553
MA22_03.csv,lnRR,Gonzales-Pardo_2019,0.03411924676777024,0.26892549330329796,0.9398977766643958,1.904,1.036,0.0017822449682783458,2.3426867934099562e-8,67.09722833610978
MA22_03.csv,lnRR,Gonzales-Pardo_2019,0.3197811079472957,0.052353434550262756,0.066252528787485,16.435,6.246,0.33855040847093704,0.14753935680372368,1.3899094237222243
MA22_03.csv,lnRR,Grace_2009,0.22868672458190484,0.05460796438380411,0.08203480094826876,11.736,4.616,0.28158133452743506,0.07913391773285651,2.742683656446465
MA22_03.csv,lnRR,Grace_2009,0.7141857888532928,0.0504712924072962,0.05323441198364964,36.245,13.947,0.42558971609226276,0.3132446076239261,0.27631195763534455
MA22_03.csv,lnRR,Hui_2011,0.12812546585281162,0.06476468889330866,0.15475415423894845,6.668,2.643,0.15810443387002557,0.012223266971482596,8.998946534563979
MA22_03.csv,lnRR,Hui_2011,0.06989108669923512,0.10046962762673084,0.40351447078387803,3.701,1.565,0.0443642256876874,2.943063061749109e-4,30.30448431571472
MA22_03.csv,lnRR,Lui_2011,0.08428556815967962,0.08445988845939734,0.2958111926705643,4.405,1.819,0.0728209150330896,0.0012145434000159939,21.1351304211167
MA22_03.csv,lnRR,Lui_2011,0.4469633788130746,0.051203822460089476,0.05828241397406153,22.96,8.801,0.38245021109695126,0.22191335314770258,0.7078591513972055
MA22_03.csv,lnRR,Menezes_2020,0.17597331047633333,0.057796596277807755,0.10463786553439614,9.07,3.557,0.228403349424521,0.039467975660247685,4.684126925658838
MA22_03.csv,lnRR,Menezes_2020,0.29934305904764186,0.05268630991381795,0.06857060981582197,15.471,5.968,0.3283849884264227,0.13308490892022953,1.5884299902004018
MA22_03.csv,lnRR,Menezes_2020,0.14068641370082613,0.06222880752786719,0.1364393452633479,7.221,2.897,0.1790293325146441,0.018034246101604503,7.42105377354807
MA22_03.csv,lnRR,Menezes_2020,0.1994464865571715,0.056063304103195155,0.09231507875143152,10.275,4.055,0.2546418432594886,0.056516573345935045,3.625177464823637
MA22_03.csv,lnRR,Menezes_2020,0.3790984173008376,0.05167388628550551,0.061534455645132935,19.374,7.501,0.3624030953006247,0.18553051306293283,0.9860569359627425
MA22_03.csv,lnRR,Menezes_2020,0.7354886294158463,0.050444379275198736,0.053049424138022716,37.51,14.464,0.42771441859072046,0.3181575880859257,0.260504486282398
MA22_03.csv,lnRR,Menezes_2020,0.6924126739163574,0.05050140748184717,0.053441449112745176,35.594,13.615,0.4232861130108434,0.3079577319730726,0.2940041630898005
MA22_03.csv,lnRR,Menezes_2020,0.26126428190627204,0.053528197320630744,0.07445269614639471,13.559,5.138,0.30580456527560723,0.10456029862302035,2.092449882576397
MA22_03.csv,lnRR,Menezes_2020,0.5291909456897387,0.05085859918874336,0.055900337304807035,27.052,10.433,0.400183123610795,0.2574013669283754,0.50417381160636765
MA22_03.csv,lnRR,Mitra_2009,0.22789548701104195,0.0546401050574461,0.08226110897775007,11.716,4.572,0.28092372990563713,0.07851372174199339,2.7621003920303977
MA22_03.csv,lnRR,Mitra_2009,0.24674258651477252,0.053956720380704426,0.07745685859068474,12.7,4.97,0.29565605239723164,0.09328263611170967,2.3500138209980315
MA22_03.csv,lnRR,Mitra_2009,0.2748658036206032,0.05318700809121668,0.07206561864495908,14.115,5.465,0.3144859237850076,0.11495485714532971,1.8878610553742403
MA22_03.csv,lnRR,Mohammadian_2018,0.08012366067523376,0.0881985534206794,0.3217265821863434,4.247,1.74,0.0643643281334957,8.51142674589231e-4,23.352802876566404
MA22_03.csv,lnRR,Mohammadian_2018,0.07771081649294388,0.0906522588782458,0.33850329048145733,4.141,1.698,0.0595229465189928,6.801802435450849e-4,24.785103160321153
MA22_03.csv,lnRR,Mohammadian_2018,0.4421062078279381,0.05123043905503444,0.05846629468903475,22.816,8.639,0.38120754073062324,0.21954108368058697,0.723585563400031
MA22_03.csv,lnRR,Mohammadian_2018,0.47068855732851633,0.05108544507696544,0.057464989150162515,24.09,9.254,0.3881709849987133,0.23303040762337693,0.6379544073197074
MA22_03.csv,lnRR,Molina_1_2016,0.3058450277509837,0.05257313264675745,0.0677819652104853,15.886,6.102,0.33174908601068154,0.13775519108245507,1.5208832563727848
MA22_03.csv,lnRR,Molina_1_2016,0.5339950589659047,0.05084321193103514,0.05579429014663384,27.592,10.565,0.4010574513611309,0.2592283894832924,0.4951078215598703
MA22_03.csv,lnRR,Molina_2_2019,0.4694123784051716,0.05109135895829664,0.05750581096909402,23.803,9.231,0.3878772173612966,0.232451736810901,0.6414452010797378
MA22_03.csv,lnRR,Molina_2_2019,0.4503438630646586,0.05118580446500631,0.05815795467699281,22.861,8.921,0.38330014593203054,0.22354467618753998,0.6972150211986494
MA22_03.csv,lnRR,Molina_2_2019,0.616695252130256,0.05063214137924976,0.054340722999879576,31.356,12.079,0.4140433696375481,0.2871783243838571,0.3708581620629814
MA22_03.csv,lnRR,Molina_2_2019,0.5735195428230846,0.05073094569846548,0.055020895361526656,29.027,11.221,0.4077148840109198,0.27336943952813186,0.42899496630611766
MA22_03.csv,lnRR,Molina_2_2019,0.1645678674589909,0.058920485307104364,0.11266723821654656,8.415,3.346,0.21386680964030835,0.03185368911045454,5.37467529094422
MA22_03.csv,lnRR,Molina_2_2019,0.3169276605157713,0.05239606483805426,0.06654914822817082,16.097,6.257,0.33720112222938675,0.14556171479709745,1.415308339011656
MA22_03.csv,lnRR,Molina_2_2019,0.1431794398648074,0.06180386545587946,0.1333766786450572,7.422,2.945,0.1829635771895176,0.019317411127584613,7.157281318917774
MA22_03.csv,lnRR,Molina_2_2019,0.18788777235360474,0.056835342182989024,0.09779406776154465,9.686,3.78,0.24229977212187664,0.04793306722796624,4.095872557855563
MA22_03.csv,lnRR,Molina_1_2016,1.197226029202506,0.05016767952542911,0.0511495307363099,61.265,23.324,0.4553990085208301,0.3850332849153761,0.09818512108807909
MA22_03.csv,lnRR,Molina_1_2016,0.21421290110541896,0.05525369621577403,0.0865879859265789,11.072,4.28,0.2689529516041995,0.0678345747129711,3.1334289710804875
MA22_03.csv,lnRR,Monteiro_2014,6.099646193018083,0.05000645922206981,0.05004425589496664,310.618,118.387,0.49122343371856075,0.4770409037236672,0.00377966728968282
MA22_03.csv,lnRR,Nawaz_2018,0.09764582940402523,0.07556476483581265,0.2327554188165578,5.088,2.074,0.10017173989278283,0.0030798528369930618,15.719065398074516
MA22_03.csv,lnRR,Nawaz_2018,0.08229911299643515,0.08617224071676788,0.30773106392015204,4.265,1.788,0.06877137904293838,0.001029746890471239,22.155882320338417
MA22_03.csv,lnRR,Novaes_2021,0.18061992968662124,0.05739890892971167,0.10180365860051988,9.395,3.669,0.23397266608336806,0.042714816762833285,4.440474967080821
MA22_03.csv,lnRR,Novaes_2021,0.1656785803898621,0.05880067764279229,0.11180999121691437,8.542,3.356,0.21533873012529475,0.0325705514948884,5.3009313574122086
MA22_03.csv,lnRR,Rule_2020,0.18381696874880732,0.057142717442898894,0.09997992855811233,9.438,3.737,0.23769207575840737,0.04499063217118801,4.283721111521343
MA22_03.csv,lnRR,Rule_2020,0.18589669711966375,0.05698314689649475,0.0988448545000089,9.597,3.778,0.24006377178989524,0.04648793334906729,4.186170760351415
MA22_03.csv,lnRR,Shilpa_2017,0.3563037945349446,0.051895164928495996,0.06306864875097729,18.165,7.027,0.3540927673218112,0.17164007145293533,1.117348382248129
MA22_03.csv,lnRR,Shilpa_2017,0.3321681848100447,0.052180954553292636,0.0650531811602929,17.024,6.527,0.344166785484573,0.15596721786509637,1.287222660700027
MA22_03.csv,lnRR,Sun_2016,0.12569089068027164,0.06534706291483783,0.1589668487773893,6.53,2.589,0.15383535288547298,0.011229901933671956,9.361978586255148
MA22_03.csv,lnRR,vanderVeen_2015,0.04198238916498202,0.19357666960231923,0.8148154555812112,2.289,1.12,0.005891729819108332,9.000767823518178e-7,62.123878597889195
MA22_03.csv,lnRR,vanderVeen_2015,0.045827655405879096,0.1699435045762041,0.7441425122629247,2.503,1.163,0.009067959600048336,3.183168681455046e-6,57.41990076867206
MA22_03.csv,lnRR,vanderVeen_2015,0.05595640267208034,0.12957959365436245,0.5724698190663652,2.986,1.325,0.021071170769780125,3.569065335271341e-5,44.289022541200275
MA22_03.csv,lnRR,vanderVeen_2015,0.12095483041201785,0.06658351797068662,0.16791539481965745,6.254,2.502,0.14533515536305175,0.009426607688168678,10.133187684897083
MA22_03.csv,lnRR,vanderVeen_2015,0.05772404178503096,0.12465912842270743,0.5465982678929105,3.07,1.354,0.023652824888269867,4.9538190818109224e-5,42.19391394702031
MA22_03.csv,lnRR,vanderVeen_2015,0.09470651508740041,0.0771983761974504,0.24445543644882795,4.956,2.02,0.09418368399239851,0.0025686474374819745,16.725706025137754
MA22_03.csv,lnRR,Veena_2009,0.40696712520792144,0.05145228897588228,0.0600001698115209,20.993,7.971,0.3713901708984664,0.201340717281641,0.8547880835638622
MA22_03.csv,lnRR,Veena_2009,0.3785578938550879,0.051678674667721025,0.061567632753788626,19.276,7.451,0.3622166992458953,0.18521126747889594,0.9888958086067601
MA22_03.csv,lnRR,Veena_2009,0.060722434075059936,0.1172955337471413,0.5058043182145491,3.215,1.398,0.028314077519872527,8.245687996739567e-5,38.85087844674078
MA22_03.csv,lnRR,Veena_2009,0.07817807876892345,0.09015892245907531,0.3351458318528,4.083,1.711,0.060455998898936644,7.111628621546429e-4,24.49869093937247
MA22_03.csv,lnRR,Vivinetto_2013,0.09442426594896039,0.0773634544891122,0.24563523873619197,4.938,2.009,0.09360683412987386,0.0025227193079758216,16.827178424707977
MA22_03.csv,lnRR,Vivinetto_2013,1.079253933048196,0.05020634565164517,0.051414801226892126,55.646,21.076,0.4505539323547397,0.3729864131005619,0.12084555752469583
MA22_03.csv,lnRR,Vivinetto_2013,0.19030993405495153,0.05666178490925755,0.09656094023687811,9.847,3.84,0.24497512131395893,0.04970555931405519,3.989915532762056
MA22_03.csv,lnRR,Vivinetto_2013,1.0139878322741354,0.05023376763970777,0.051602974671172364,51.445,19.715,0.44739407344845866,0.3652003282603021,0.1369207031464592
MA22_03.csv,lnRR,Zubedat_2015,0.07149637053725175,0.09818291742341867,0.38869476028386984,3.767,1.589,0.0473914758349498,3.5503115242191776e-4,29.051184286045117
MA22_03.csv,lnRR,Zubedat_2015,0.06555452692225,0.10753010559168785,0.44792751739467784,3.506,1.474,0.036478265230962995,1.6894911720819158e-4,34.039741180298996
MA22_03.csv,lnRR,Zubedat_2015,0.07371077940165875,0.09527551772337173,0.36956142296766514,3.889,1.622,0.051646715027133916,4.5349190247364625e-4,27.428590524429342
MA01_01.csv,SMD,Cao_etal_2019,0.5739795919717007,0.7269501933388767,0.8805494756130663,1.177,1.075,4.1829265175647285e-6,1.9525782489613625e-7,15.359928227418962
MA01_01.csv,SMD,Cao_etal_2019,0.6836734695744746,0.5762608326172619,0.749941891189127,1.319,1.163,3.4002085858863256e-5,2.895919000949477e-6,17.36810585718651
MA01_01.csv,SMD,Hajali_etal_2015a,0.5459183675239366,0.7689470124476989,0.909718138359421,1.142,1.054,2.1035237492866016e-6,7.96296981143555e-8,14.077112591172202
MA01_01.csv,SMD,Hajali_etal_2015b,0.6020408167225874,0.6858540586667725,0.8488444486735086,1.215,1.091,7.74586625050959e-6,4.3397395112638573e-7,16.29903900067361
MA01_01.csv,SMD,Hajali_etal_2012,0.5127551023636917,0.8185113104513039,0.9397153256973769,1.113,1.031,8.355766053711659e-7,2.3634377131879846e-8,12.120401524607304
MA01_01.csv,SMD,Hajali_etal_2012,0.5714285712142857,0.73074216268179,0.8833194955294159,1.182,1.072,3.941841036727379e-6,1.807492154668601e-7,15.257733284762587
MA01_01.csv,SMD,Hu_etal_2013,0.6173469389249452,0.664049205836725,0.8307976995625789,1.232,1.105,1.0561224210889591e-5,6.474263956446368e-7,16.67484937258539
MA01_01.csv,SMD,Karabulut_etal_2019,0.5127551023636917,0.8185113104513039,0.9397153256973769,1.109,1.04,8.355766053711659e-7,2.3634377131879846e-8,12.120401524607304
MA01_01.csv,SMD,Saadati_etal_2015,0.5663265303691856,0.738346689476658,0.8887939620735679,1.172,1.069,3.494267576800676e-6,1.5450217389597685e-7,15.044727259690982
MA01_01.csv,SMD,Turan_etal_2021,0.5306122444874412,0.7919288925333399,0.9242401524488258,1.131,1.044,1.3963627452772016e-6,4.651260953402963e-8,13.231125991548598
MA01_01.csv,SMD,Wang_etal_2021,0.7193877549694602,0.534074175366517,0.7066184652803946,1.368,1.19,5.7971034039905766e-5,5.7068146600593876e-6,17.254428991387762
MA01_01.csv,SMD,Wang_etal_2009,0.7474489795297068,0.5034926136809161,0.6734828078644306,1.4,1.221,8.485771525069246e-5,9.2469552099219e-6,16.999019418351445
MA01_01.csv,SMD,Yang_etal_2008,0.48469387761761545,0.8590014307305265,0.9604331546466898,1.088,1.022,3.4110154906302323e-7,7.192209018190487e-9,10.143172391616329
MA01_01.csv,SMD,Zhao_etal_2014,0.7423469391059682,0.5088872704447271,0.6794315307870142,1.396,1.218,7.935881809451137e-5,8.495533243292545e-6,17.054426034228708
MA01_01.csv,SMD,Zhou_etal_2022,0.6505102043780713,0.6186896753465873,0.7906273134883551,1.27,1.13,1.9574545300930593e-5,1.4302444347713219e-6,17.193763814176787
MA01_01.csv,SMD,Li_etal_2019,0.42857142811904764,0.9296768842802695,0.9875294701627375,1.039,1.01,3.720053711875929e-8,3.6313835710025445e-10,5.7852585882467995
MA01_01.csv,SMD,Rajizadeh_etal_2018,0.6785714288120301,0.5825869430810677,0.7561942833781761,1.313,1.152,3.1351609796286456e-5,2.6112784289564027e-6,17.360734029710834
MA01_01.csv,SMD,Wang_etal_2020,0.5331632648635876,0.7881052366088309,0.9218964881204283,1.132,1.046,1.4978364334174678e-6,5.100563518517902e-8,13.379125151159743
MA01_01.csv,SMD,Wang_etal_2018,0.5102040817163266,0.8222710478465317,0.9417866301488113,1.106,1.036,7.738548474513436e-7,2.13536628651561e-8,11.951558230227954
MA01_01.csv,SMD,Yang_etal_2019,0.5127551023636917,0.8185113104513039,0.9397153256973769,1.113,1.036,8.355766053711659e-7,2.3634377131879846e-8,12.120401524607304
MA01_01.csv,SMD,Su_etal_2016,0.599489795576205,0.6895347990237004,0.8518080747463923,1.21,1.097,7.3432908053765824e-6,4.0504448410036016e-7,16.22732757226919
MA01_01.csv,SMD,Zhang_etal_2021,0.45663265323452285,0.8965977340819772,0.9763761958378121,1.062,1.017,1.222025167037713e-7,1.8168628345513662e-9,7.977846175583492
MA01_02.csv,SMD,Cao_etal_2019,0.5280151512977634,0.7462302015052592,0.9138960969265832,1.166,1.055,3.0770812523762964e-6,6.87472275925748e-8,16.766589542132404
MA01_02.csv,SMD,Cao_etal_2019,0.5382378656319156,0.7300168108206105,0.9035401913924894,1.181,1.055,3.98700464627958e-6,9.799198079185705e-8,17.35233805718789
MA01_02.csv,SMD,Hu_etal_2013,0.5969087032369356,0.6405744579450143,0.8367950343564461,1.248,1.101,1.4594654091658623e-5,5.688733846809127e-7,19.622057641143176
MA01_02.csv,SMD,Wang_etal_2021,0.6199193495931548,0.6079163117147418,0.8084485064709246,1.28,1.115,2.2563838924130706e-5,1.020656638994136e-6,20.053219475618278
MA01_02.csv,SMD,Yang_etal_2008,0.47191100855987667,0.8350872567323439,0.9608347492966991,1.1,1.023,5.904197164955133e-7,6.99353692271607e-9,12.574749256435524
MA01_02.csv,SMD,Zhang_etal_2019,0.586770824087224,0.6554487511199357,0.8490082116468928,1.236,1.092,1.1903543458282554e-5,4.3233408134851995e-7,19.355946052695707
MA01_02.csv,SMD,Zhou_etal_2022,0.49234134500364685,0.8030868506604534,0.9458710183002483,1.122,1.03,1.1321406078764662e-6,1.7318078997689465e-8,14.278416763979497
MA01_02.csv,SMD,Li et al 2019,0.4286023798347368,0.8981315316329491,0.9836761909095535,1.064,1.009,1.1650599625894169e-7,7.07917796449522e-10,8.554465927660438
MA01_02.csv,SMD,Rajizadeh et al 2018,0.6786015030929419,0.5321860284173794,0.7347646255266932,1.363,1.175,5.935721926659375e-5,3.699311254022259e-6,20.25785971093138
MA01_02.csv,SMD,Wang et al 2020,0.5331978994707313,0.7379968972394194,0.908705146082722,1.168,1.052,3.5138497070383453e-6,8.244917711393745e-8,17.07082488433026
MA01_02.csv,SMD,Wang et al 2018,0.5101960407529639,0.7746562620451443,0.930733551774307,1.144,1.04,1.9047965093347382e-6,3.5560659425446336e-8,15.607728972916279
MA01_02.csv,SMD,Yang et al 2019,0.5127377497317708,0.7705971554781877,0.9284327864411954,1.151,1.04,2.0443763131657654e-6,3.9200239290565025e-8,15.783563096300767
MA01_02.csv,SMD,Su et al 2016,0.5994997914928745,0.6368189540234317,0.8336421213168751,1.255,1.101,1.5356506607229467e-5,6.091570398812105e-7,19.68231672934434
MA01_02.csv,SMD,Zhang et al 2021,0.45661800227323496,0.8583070823482579,0.9702891337028636,1.091,1.015,3.4690352895223095e-7,3.3170849571551175e-9,11.19820513546057
MA01_03.csv,SMD,Aleisa_etal_2011,0.5943877547527371,0.8152564142747216,0.9540133925939818,1.116,1.028,8.921755130383446e-7,1.0914206989583681e-8,13.875697831926015
MA01_03.csv,SMD,Alhaider_etal_2011,0.6709183676126329,0.7161707816337306,0.8978321822194761,1.183,1.063,4.939433405195252e-6,1.1760179090954953e-7,18.166140058574555
MA01_03.csv,SMD,Zagaar_etal_2013,0.5765306123702366,0.8379179746071214,0.9639098428057861,1.102,1.024,5.550508842755648e-7,5.594097499375169e-9,12.599186819866471
MA01_03.csv,SMD,Alhaider_etal_2010,0.6734693875745207,0.7129130332094124,0.8956347049870897,1.193,1.064,5.190321404922753e-6,1.2588452542137657e-7,18.27216717776774
MA01_03.csv,SMD,Alzoubi_etal_2016,0.45153061247273146,0.9641853085737078,0.9977323698798503,1.021,1.003,5.478890604414774e-9,6.999699222679075e-12,3.354706130614249
MA01_03.csv,SMD,Alzoubi_etal_2013,0.44897959196382187,0.9658360543699782,0.997918746727884,1.02,1.004,4.821848784979224e-9,5.796140779455164e-12,3.208269235790584
MA01_03.csv,SMD,Alzoubi_etal_2013,0.778061224454734,0.5882100619831984,0.795204583801699,1.302,1.128,2.916057719017616e-5,1.3140175838550683e-6,20.699452181850063
MA01_03.csv,SMD,Alzoubi_etal_2012,0.44387755068261786,0.9690016076254333,0.9982556889003745,1.022,1,3.7139517942038964e-9,3.939795507580271e-12,2.9254081274941224
MA01_03.csv,SMD,Alzoubi_etal_2012,0.44897959196382187,0.9658360543699782,0.997918746727884,1.022,0.998,4.821848784979224e-9,5.796140779455164e-12,3.208269235790584
MA01_03.csv,SMD,Massadeh_etal_2022a,0.44642857099428573,0.9674415178406536,0.998093010846899,1.02,1.001,4.235786060334127e-9,4.785707984354464e-12,3.065149300624548
MA01_03.csv,SMD,Massadeh_etal_2022a,0.4719387756902372,0.9493735938547261,0.9957410494206038,1.031,1.001,1.4311137002358547e-8,2.8747141098637903e-11,4.6367455565877735
MA01_03.csv,SMD,Massadeh_etal_2022b,0.48469387761761545,0.9387186235067735,0.9939636194520953,1.036,1.004,2.4791026750574918e-8,6.421548347740492e-11,5.524499594532184
MA01_03.csv,SMD,Massadeh_etal_2022b,0.4923469386520038,0.93184031015078,0.9926671142131106,1.041,1.002,3.389940991638911e-8,1.0132022647620627e-10,6.082680406233065
MA01_03.csv,SMD,Mhaidat_etal_2015,0.44897959196382187,0.9658360543699782,0.997918746727884,1.016,1,4.821848784979224e-9,5.796140779455164e-12,3.208269235790584
MA01_03.csv,SMD,Solanki_etal_2016,0.5586734690317771,0.8599506189841873,0.9724505810048261,1.082,1.015,3.332931058424601e-7,2.716002735061517e-9,11.249996202063873
MA01_03.csv,SMD,Solanki_etal_2016,0.5102040817163266,0.9144850962967711,0.9888878289769905,1.051,1.005,6.730634491667692e-8,2.7403728012639376e-10,7.440273268021935
MA05_01.csv,SMD,Berro_etal_ 2018,0.429,0.10159932123098081,0.6040271956718688,3.67,1.287,0.04296218855131722,2.3743399301056046e-5,50.2427874440888
MA05_01.csv,SMD,Bjorness _ Greene 2018,0.401,0.1092354283541519,0.6624061817923993,3.416,1.231,0.03485229964210576,1.0806571836065886e-5,55.31707534382474
MA05_01.csv,SMD,Bjorness_Greene_2020,0.408,0.10717471030270376,0.647368903172542,3.515,1.241,0.03682942050110775,1.3303387356970944e-5,54.019419286983826
MA05_01.csv,SMD,Bjorness_Greene_2020,0.445,0.09788174737035304,0.5729328267721118,3.804,1.322,0.04781023670355347,3.5480239232354236e-5,47.505107940175876
MA05_01.csv,SMD,Bjorness_Greene_2020,0.427,0.10209431593149076,0.6080341218733948,3.638,1.28,0.04236614789539849,2.2528974126214573e-5,50.5939805941904
MA05_01.csv,SMD,Frussa-Filho_etal_ 2004,0.621,0.07432078631852912,0.3361003666101855,5.242,1.698,0.10509888076068442,7.022023484162445e-4,26.177958029165637
MA05_01.csv,SMD,Kameda_etal_ 2014,0.502,0.08745395066528872,0.4762854951458685,4.225,1.439,0.06593809781236695,1.1888302775865118e-4,38.88315444805798
MA05_01.csv,SMD,Kameda_etal_ 2014,0.506,0.08685401079080046,0.4703095233286321,4.284,1.444,0.06724419983292818,0.00012801409566211467,38.345551253783164
MA05_01.csv,SMD,Puhl_etal_ 2013,0.658,0.07163274709986378,0.3052954754850181,5.486,1.795,0.11699780565015432,0.0010648322380004188,23.366272838515435
MA05_01.csv,SMD,Puhl_etal_ 2013,0.614,0.07488559319802968,0.3424956293777024,5.116,1.684,0.10282012254834293,6.452199941806416e-4,26.761003617967273
MA05_01.csv,SMD,Saito_etal_ 2014,0.456,0.09555452586139701,0.5525651260162807,3.891,1.345,0.051216953939387314,4.5949155061350014e-5,45.70106001548837
MA05_01.csv,SMD,Saito_etal_ 2014,0.46099999999999997,0.09455251960855471,0.5435815167899992,3.921,1.351,0.052782854478902304,5.145395190412049e-5,44.902899718144454
MA05_01.csv,SMD,Hanlon_etal_ 2005,0.66,0.07150036562640161,0.3037636481671536,5.546,1.8,0.11763307146669127,0.0010875702746012818,23.226328254075202
MA05_01.csv,SMD,Pinheiro-Da-Silva_etal_ 2017,0.45,0.09680228811667912,0.5635719638563101,3.815,1.328,0.04935191246533011,3.997235009763413e-5,46.676967573963104
MA05_01.csv,SMD,Pinheiro-Da-Silva_etal_ 2017,0.421,0.10362285665677495,0.6202109315438604,3.596,1.273,0.04059248858131808,1.9183339712789206e-5,51.65880748870855
MA05_01.csv,SMD,Pinheiro-Da-Silva_etal_ 2017,0.419,0.10414736263919877,0.6243211079036254,3.532,1.268,0.040006256217823284,1.816219312177898e-5,52.01737452644266
MA05_01.csv,SMD,Pinheiro-Da-Silva_etal_ 2017,0.411,0.10632434857356898,0.6410106308716059,3.5,1.251,0.03768761215167126,1.4508447370900903e-5,53.46862822980369
MA05_02.csv,SMD,Bjorness_Greene_2020,0.418,0.7045300802971911,0.9967086472242819,1.199,1.002,5.887852055820461e-6,1.6040173602941913e-11,29.217856692709077
MA05_02.csv,SMD,Bjorness_Greene_2020,0.422,0.6963053176684372,0.9962402379549504,1.203,1.002,6.650936919549494e-6,2.1655525797204486e-11,29.993492028651325
MA05_02.csv,SMD,Bjorness_Greene_2020,0.411,0.7190453520389245,0.9974203016749413,1.186,1,4.726905774956536e-6,9.309554858034702e-12,27.837494963601685
MA05_02.csv,SMD,Brutcher_Nader_2013,0.537,0.49367612861105337,0.953596373482186,1.414,1.03,9.584478614567265e-5,1.1193854620120886e-8,45.992024487113255
MA05_02.csv,SMD,Ouyang_etal_ 2011,0.447,0.6463410226401686,0.9921065606282289,1.246,1.008,1.3491799289673664e-5,1.2060118873705633e-10,34.57655379880603
MA05_02.csv,SMD,Ouyang_etal_ 2011,0.719,0.3060308219182889,0.7761333715328527,1.801,1.139,0.001054102972311133,1.8560285639407943e-6,47.010254961456376
MA05_02.csv,SMD,Shi_etal_ 2011,0.47200000000000003,0.5993941147543869,0.9854505530214202,1.296,1.007,2.522363650509983e-5,5.312397625896779e-10,38.60564382670333
MA05_02.csv,SMD,Chouhan_etal_ 2021,0.512,0.5314958877243127,0.9684539585405453,1.362,1.018,5.9871868995423156e-5,3.891925506980319e-9,43.69580708162326
MA05_02.csv,SMD,Chouhan_etal_ 2021,0.5,0.5509057047309749,0.9744230313980634,1.343,1.02,4.6921383547893234e-5,2.2346320810073876e-9,42.351732666708855
MA05_02.csv,SMD,Chowdhury_etal_ 2011,0.575,0.4426549963619826,0.9250898960461015,1.49,1.042,1.8038535038909244e-4,4.4956945471016926e-8,48.24348996841189
MA05_02.csv,SMD,Leenaars_etal_ 2013,0.343,0.8607174507085684,0.9999079764217322,1.084,0.998,3.270873279287601e-7,9.3053876949888e-15,13.919052571316382
MA05_02.csv,SMD,Pearlman_Becker 1973,0.447,0.6463410226401686,0.9921065606282289,1.247,1.005,1.3491799289673664e-5,1.2060118873705633e-10,34.57655379880603
MA05_02.csv,SMD,Pearlman_Becker 1973,0.781,0.2670286655428843,0.7065538060758566,1.911,1.196,0.001832342748013185,5.712345647844875e-6,43.95251405329723
MA05_02.csv,SMD,Tripathi_Jha 2016,1.114,0.15506838934870704,0.41890351511235413,2.638,1.534,0.012145557959234691,2.4257256425940394e-4,26.38351257636471
MA05_02.csv,SMD,Tripathi_Jha 2022,0.58,0.4364883281363736,0.9208563706140049,1.504,1.049,1.9476638092719408e-4,5.309742248147366e-8,48.436804247763135
MA05_02.csv,SMD,Tripathi_Jha 2022,0.646,0.36560435623671417,0.856894232838032,1.637,1.087,4.7724247872262644e-4,3.589475322907557e-7,49.128987660131784
MA05_03.csv,SMD,Leenaars_etal_2013,0.669,0.6348634721694678,0.9998107395660686,1.254,0.998,1.5767448651893567e-5,3.8741178778848326e-14,36.49472673966008
MA05_03.csv,SMD,Tripathi_Jha_2016,0.5599999999999999,0.7862081459570976,0.9999981539158411,1.133,1,1.5504062471020172e-6,6.265991441728561e-18,21.379000795874347
MA05_03.csv,SMD,Tripathi_etal_2018,0.618,0.7036548463658174,0.9999696034057046,1.195,1.002,5.965211512320143e-6,1.0989556277000439e-15,29.63147570398872
MA05_03.csv,SMD,Magloire_etal_2009,0.578,0.760400762418058,0.9999951293373979,1.155,1.002,2.4334579997821336e-6,3.6286846802315916e-17,23.959436691933988
MA06_01.csv,SMD,Baker_2013,0.3913265311731368,0.22998244189351413,0.8322789546016452,2.089,1.102,0.003217556890177289,6.272644615568727e-7,60.229651270813115
MA06_01.csv,SMD,Baker_2013,0.38903061190605553,0.23214985658131204,0.836570813740957,2.064,1.101,0.003109336132580901,5.71665937775819e-7,60.44209571596449
MA06_01.csv,SMD,Baker_2013,0.3397959181626525,0.28930645017556633,0.9202139638981249,1.854,1.049,0.001330623252747725,5.4420177024104355e-08,63.09075137225586
MA06_01.csv,SMD,Baker_2013,0.475,0.17105244622288818,0.6730298409498852,2.475,1.224,0.008878821065379287,9.30653673250766e-6,50.197739472699695
MA06_01.csv,SMD,Chan_2010,0.5224489793271684,0.14954085647554227,0.5907999595410941,2.716,1.302,0.01360598761086567,2.820068387488686e-5,44.125910306555184
MA06_01.csv,SMD,Chan_2010,0.560969387756587,0.13600476465389688,0.5315994051766241,2.882,1.368,0.01820970211270144,5.979439907362888e-5,39.559464052272716
MA06_01.csv,SMD,Chan_2010,0.4813775514084553,0.16778084448763697,0.661438313597293,2.532,1.233,0.009451001942587871,1.0953494010280821e-5,49.365746910965605
MA06_01.csv,SMD,Chan_2010,0.46607142907498633,0.17586319661441485,0.6894976294153481,2.443,1.215,0.008111332367552489,7.347261506327487e-6,51.36344328009332
MA06_01.csv,SMD,Chan_2010,0.4816326525475614,0.1676527139550813,0.6609777994308116,2.516,1.236,0.009474303235231083,1.1024030557528712e-5,49.33250854757303
MA06_01.csv,SMD,Chan_2010,0.4637755103495656,0.17714589123528546,0.6937740168978785,2.443,1.205,0.007920326732552137,6.902711234006604e-6,51.662812566259305
MA06_01.csv,SMD,Chan_2014,0.5290816326428276,0.1469933327617844,0.5801042475854566,2.754,1.313,0.014351419197876893,3.236761297020791e-5,43.311091482367225
MA06_01.csv,SMD,Chan_2014,0.4780612241125607,0.16946551775966723,0.6674472664277711,2.485,1.225,0.009150980767149607,1.0069648526401904e-5,49.798174866810385
MA06_01.csv,SMD,Chan_2014,0.6058673468672825,0.1234317986533171,0.47139926284712963,3.109,1.453,0.02435812879978582,1.2629814634489652e-4,34.79674641938125
MA06_01.csv,SMD,Chan_2014,0.4892857140771637,0.16390279873713354,0.6472799543210682,2.559,1.245,0.010188099327662915,1.3319596662509896e-5,48.33771555839347
MA06_01.csv,SMD,Chan_2014,0.47959183687798523,0.1686835738954905,0.6646688039017911,2.488,1.23,0.009288783251533874,1.0470012611426944e-5,49.59852300063006
MA06_01.csv,SMD,Clem_2010,0.598214286021322,0.12537202936946423,0.4810123699034512,3.091,1.435,0.02325498459589262,1.1212432171720358e-4,35.5640340533987
MA06_01.csv,SMD,Clem_2010,0.5752551016722929,0.1316761142712487,0.5114358611554075,2.98,1.393,0.020079287748846496,7.6884350944857e-5,37.97597468841588
MA06_01.csv,SMD,Clem_2010,0.5265306125953172,0.14796153571404214,0.5841935066243097,2.732,1.309,0.014062328498663564,3.071027819952441e-5,43.62319709102675
MA06_01.csv,SMD,Clem_2010,0.5752551016722929,0.1316761142712487,0.5114358611554075,2.958,1.396,0.020079287748846496,7.6884350944857e-5,37.97597468841588
MA06_01.csv,SMD,Flavell_2011,0.49591836727429245,0.16079439068996615,0.6355998467560716,2.599,1.251,0.010829712460486191,1.5611532636713703e-5,47.48054560661055
MA06_01.csv,SMD,Flavell_2011,0.4308673473355808,0.1978625601765952,0.7564579352838235,2.272,1.159,0.00546841950413869,2.599818472924412e-6,55.85953751072283
MA06_01.csv,SMD,Ishii_2012,0.4612244898094636,0.17859386697600765,0.6985442134468008,2.428,1.207,0.007711149382001633,6.435042175135094e-6,51.99503464707932
MA06_01.csv,SMD,Ishii_2012,0.45306122433949253,0.18339445375165586,0.7139303526924099,2.384,1.192,0.007063381373606306,5.110806946355312e-6,53.0535898940754
MA06_01.csv,SMD,Ishii_2012,0.45739795911219366,0.1808118674516248,0.7057344240350351,2.383,1.196,0.007403409069833496,5.782844722521528e-6,52.49225565834102
MA06_01.csv,SMD,Ishii_2012,0.3607142858274399,0.2622766169919545,0.8871070210925085,1.943,1.069,0.001964958174455423,1.622584170620303e-7,62.4830404100554
MA06_01.csv,SMD,Ishii_2012,0.4321428571664699,0.19697004314249267,0.7539958100318267,2.29,1.153,0.005553529877074016,2.708519602711909e-6,55.702576688933405
MA06_01.csv,SMD,Jones_2013,0.5020408160697694,0.15803549004010198,0.6249832145366254,2.604,1.262,0.011440772855307858,1.8002467526580528e-5,46.69477244965235
MA06_01.csv,SMD,Monfils_2009,0.4992346943071966,0.15928717707527218,0.6298291320600258,2.58,1.263,0.011158472303196259,1.6872244693486465e-5,47.05419549847536
MA06_01.csv,SMD,Monfils_2009,0.4681122450865818,0.17473900211028104,0.6857102711109836,2.438,1.21,0.008283297525248338,7.761983009892201e-6,51.09712690007026
MA06_01.csv,SMD,Monfils_2009,0.5132653056655982,0.153235838260653,0.6059478966354693,2.673,1.284,0.012607427035564986,2.3153855462231655e-5,45.27120583748163
MA06_01.csv,SMD,Monfils_2009,0.5109693875370618,0.15419144926295558,0.6097954190974029,2.664,1.292,0.012363947217056588,2.201367451033667e-5,45.560396983444726
MA06_01.csv,SMD,Monfils_2009,0.501275510074051,0.1583747399888169,0.6263014344987885,2.6,1.269,0.011363408206067788,1.7688309596884564e-5,46.79266945099716
MA06_01.csv,SMD,Olshavsky_2013,0.23928571415778252,0.5131855513334375,0.9976031192107655,1.395,1.001,7.522955548271033e-5,7.910907163426731e-12,48.44175678773281
MA06_02.csv,SMD,Flavell_2011,0.5637755102875612,0.3086110328995587,0.6941801816942534,1.776,1.203,0.0010173843460043685,6.861753506656135e-6,38.556914879469474
MA06_02.csv,SMD,Flavell_2011,0.5892857142337662,0.2868215257281739,0.6557589147173888,1.852,1.236,0.0013781715186601887,1.1852574198684391e-5,36.89373889892149
MA06_02.csv,SMD,Ma_2012,0.2938775510310374,0.79941341088576,0.9972318360617803,1.123,1.002,1.2141337163041027e-6,1.0889398306941001e-11,19.781842517602033
MA06_02.csv,SMD,Ma_2012,0.37908163236959924,0.583300907897626,0.956368123093439,1.304,1.024,3.106505420211188e-5,9.42487603605786e-9,37.3067215195813
MA06_02.csv,SMD,Ma_2012,0.37653061230131074,0.5890283451933341,0.9586185949680518,1.297,1.029,2.885402590518457e-5,8.137987542239241e-9,36.95902497747176
MA06_02.csv,SMD,Millan_2013,0.5224489793271684,0.3502295777973319,0.7589486274891691,1.664,1.153,5.828678933622324e-4,2.493645990509529e-6,40.871904969183724
MA06_02.csv,SMD,Millan_2013,0.5035714288956433,0.37229194974745705,0.7889394834880015,1.629,1.13,4.3783546720807927e-4,1.4751917248086684e-6,41.66475337405444
MA06_02.csv,SMD,Olshavsky_2013b,0.2867346944476723,0.8183948977115991,0.9980858792811385,1.118,0.999,8.375493680094378e-7,4.82492159870826e-12,17.969098156953933
MA06_02.csv,SMD,Olshavsky_2013b,0.29030612291166025,0.8089320159610519,0.9976891937150998,1.12,1.001,1.011061487320063e-6,7.29703158020995e-12,18.875717775404787
MA06_02.csv,SMD,Sartor_2013,0.5591836737602414,0.312827468214377,0.7012493329638703,1.77,1.2,9.603624355562259e-4,6.1824512085046145e-6,38.84218647494932
MA06_02.csv,SMD,Xue_2012,0.6025510202464186,0.2764999505580257,0.6364350427744102,1.876,1.25,0.001596958422118559,1.543640277117092e-5,35.993509221638455
MA06_02.csv,SMD,Xue_2012,0.6311224492917361,0.2563326992304109,0.596553036793626,1.967,1.296,0.0021463390553201987,2.6173552058551808e-5,34.02203375632151
MA06_02.csv,SMD,Xue_2012,0.5178571424630543,0.35540482637379933,0.7662448140136006,1.651,1.153,5.447693867261149e-4,2.2034891706621753e-6,41.08399876398012
MA08.csv,SMD,Abraham_Gruss_2010,0.4774934554525329,0.10834199536878752,0.14333276086946978,3.451,2.782,0.03569218486309539,0.015512908867272362,3.4990765500682253
MA08.csv,SMD,Abraham_Gruss_2010,0.5,0.10309792892975456,0.13490686879291536,3.64,2.916,0.04119046385408858,0.018662542090627166,3.18089398631608
MA08.csv,SMD,Abraham_Gruss_2010,0.4679743582719036,0.11079663508400017,0.1472758851933259,3.394,2.721,0.03344497294862695,0.01426630278815107,3.6479250109325734
MA08.csv,SMD,Abraham_Gruss_2010,0.4743416490252569,0.10913800450788336,0.14461154673130405,3.412,2.785,0.03494263441450816,0.015094392967068123,3.5473542223420695
MA08.csv,SMD,Adams_et_al_2001,0.3872983346207417,0.1396267151114594,0.19347326878426074,2.859,2.3,0.016809688048451663,0.0059024116457472445,5.384655367280134
MA08.csv,SMD,Adams_et_al_2001,0.34641016151377546,0.16272312904007868,0.2302041708627599,2.564,2.084,0.010426014472419441,0.003206288829946713,6.748104182268122
MA08.csv,SMD,Ahlbeck_Bergendahl_et_al_2016,0.37013511046643494,0.14837549725360943,0.20742410305548442,2.721,2.201,0.013940916904720935,0.004646568856387427,5.904860580187499
MA08.csv,SMD,Ahlbeck_Bergendahl_et_al_2016,0.34351128074635334,0.16468654227291946,0.23331076663077055,2.537,2.067,0.010033671007128583,0.00305309669430248,6.86242243578511
MA08.csv,SMD,Ahlbeck_Bergendahl_et_al_2016,0.3646916505762094,0.15141701386056894,0.21226406925736885,2.706,2.184,0.013087291966074954,0.004286199024035955,6.084705539679991
MA08.csv,SMD,Aisa_et_al_2007,0.4538722287164087,0.11472800131582372,0.15358937189983313,3.303,2.669,0.03021150043541764,0.012516671873864852,3.8861370584009403
MA08.csv,SMD,Akillioglu_et_al_2012,0.4527692569068708,0.1150514445263322,0.15410867545877072,3.293,2.668,0.029963694051500966,0.012384808061401005,3.9057230932438514
MA08.csv,SMD,Akillioglu_et_al_2015,0.4438468204234429,0.11775937935827185,0.1584555340687186,3.23,2.606,0.02798768864234103,0.011345077554848877,4.069615471044674
MA08.csv,SMD,Akillioglu_et_al_2015,0.4929503017546495,0.10466171911754973,0.1374196608849637,3.572,2.871,0.03944203984399958,0.017646129821186143,3.275794176741398
MA08.csv,SMD,Alliger_Moller_2011,0.5205766033928149,0.0988990928605823,0.1281597700573619,3.741,3.012,0.046414907392072095,0.02177802230952883,2.9260677196779605
MA08.csv,SMD,Alliger_Moller_2011,0.5039841267341661,0.10224369016043455,0.13353419531398392,3.638,2.934,0.042188408579818946,0.019248686806751448,3.1290505153549364
MA08.csv,SMD,Amaral_et_al_2008,0.4753945729601885,0.10887027838976393,0.1441814535533853,3.446,2.817,0.03519244293593898,0.015233576177784721,3.5311175163621367
MA08.csv,SMD,Amitai_et_al_2014,0.27748873851023215,0.22757078499130134,0.3310332534670345,2.088,1.711,0.0033431104503358956,7.512067534838974e-4,10.346246847573315
MA08.csv,SMD,Amitai_et_al_2014,0.2792848008753788,0.2252528266111441,0.3275016068538903,2.11,1.74,0.003469143934071694,7.87545028624937e-4,10.22487802427462
MA08.csv,SMD,Anderson_Kasumovic_2017,0.34058772731852804,0.1667184362593982,0.2365227751828446,2.529,2.052,0.009646323529153122,0.002903484995958233,6.98043389234464
MA08.csv,SMD,Anderson_Kasumovic_2017,0.36055512754639896,0.15382278911354086,0.2160884108377611,2.656,2.15,0.012457189960346358,0.004024388485584975,6.226562172422023
MA08.csv,SMD,Angevaare_et_al_2012,0.4636809247747852,0.11195475378906616,0.14913600240920255,3.383,2.733,0.032448049737887334,0.013721210719722392,3.7181248620136387
MA08.csv,SMD,Bannier_et_al_2017,0.3794733192202055,0.14346526673100868,0.19959926820178198,2.81,2.248,0.01546888198084791,0.005307174146689881,5.61340014707733
MA08.csv,SMD,Bannier_et_al_2017,0.3794733192202055,0.14346526673100868,0.19959926820178198,2.782,2.256,0.01546888198084791,0.005307174146689881,5.61340014707733
MA08.csv,SMD,Bannier_et_al_2017,0.3781534080237807,0.14413684836628704,0.2006702675249522,2.784,2.244,0.01524810156315627,0.005210528317997038,5.653341915866516
MA08.csv,SMD,Bannier_et_al_2017,0.38600518131237566,0.14024466375812483,0.19445996602192317,2.839,2.29,0.01658437361836267,0.005801406835044754,5.421530226379834
MA08.csv,SMD,Bannier_et_al_2017,0.39370039370059057,0.13665848546311166,0.1887312363949636,2.877,2.345,0.017946570582545764,0.006417895261841313,5.207275093185193
MA08.csv,SMD,Bannier_et_al_2017,0.40249223594996214,0.13281570691492417,0.18258605433513309,2.951,2.371,0.019564669546792604,0.0071677728174652225,4.977034742020892
MA08.csv,SMD,Barha_et_al_2007,0.4722287581247038,0.1096807887826704,0.1454834858325006,3.387,2.788,0.03444316693334491,0.014817012122603264,3.580269704983019
MA08.csv,SMD,Barha_et_al_2007,0.4722287581247038,0.1096807887826704,0.1454834858325006,3.402,2.759,0.03444316693334491,0.014817012122603264,3.580269704983019
MA08.csv,SMD,Bell_et_al_2009,0.2645751311064591,0.24562031466735568,0.3583222642407772,2.006,1.664,0.0025232944023064583,5.244722297918303e-4,11.27019495734215
MA08.csv,SMD,Bell_et_al_2009,0.28460498941515416,0.21863869676336012,0.3173916302056261,2.139,1.745,0.0038601334881752615,9.025504292587255e-4,9.875293344226598
MA08.csv,SMD,Bennett_et_al_2006,0.47116875957558985,0.10995591384362657,0.14592543817438264,3.448,2.739,0.034193518058906476,0.01467882230343978,3.5969524330756064
MA08.csv,SMD,Bennett_et_al_2006,0.4438468204234429,0.11775937935827185,0.1584555340687186,3.218,2.602,0.02798768864234103,0.011345077554848877,4.069615471044674
MA08.csv,SMD,Birch_et_al_2013,0.4878524367060187,0.10583603568552757,0.13930654532259745,3.529,2.859,0.038192175735273975,0.016927922733493955,3.347050963706988
MA08.csv,SMD,Birch_Kelly_2019,0.6024948132556828,0.08630484782796666,0.10793128364550897,4.303,3.492,0.06847067706233816,0.036087068467023545,2.162643581754231
MA08.csv,SMD,Birch_Kelly_2019,0.5779273310719956,0.08951474287669337,0.11308445042879922,4.16,3.327,0.06170415340586698,0.0315121365128127,2.3569707552105856
MA08.csv,SMD,Birch_Kelly_2019,0.6033241251599343,0.08620341614017335,0.10776848539504058,4.303,3.465,0.06870052420577376,0.03624515790279439,2.156506925486723
MA08.csv,SMD,Birch_Kelly_2019,0.7273238618387272,0.07477420932589562,0.08944657441076775,5.124,4.134,0.10326391201142704,0.06183825626954188,1.467236508487213
MA08.csv,SMD,Bonaccorsi_et_al_2013,0.28982753492378877,0.212493099947497,0.3079554701014201,2.189,1.782,0.004269971687285264,0.0010265786658197685,9.546237015392311
MA08.csv,SMD,Bolhuis_et_al_2013,0.35496478698597694,0.15721121677877048,0.2214686130982264,2.618,2.132,0.011631438365156321,0.0036869039605618753,6.425739631945593
MA08.csv,SMD,Bors_Forrin_1996,0.31622776601683794,0.18592924669530153,0.26673090806401323,2.35,1.931,0.006747608379719736,0.001840349792669446,8.08016613687117
MA08.csv,SMD,Bors_Forrin_1996,0.31622776601683794,0.18592924669530153,0.26673090806401323,2.368,1.918,0.006747608379719736,0.001840349792669446,8.08016613687117
MA08.csv,SMD,Bors_Forrin_1996,0.3301514803843836,0.17442356795998992,0.2486746569669428,2.466,2,0.008332333187048645,0.002408648456287275,7.425108900695287
MA08.csv,SMD,Bors_Forrin_1996,0.31622776601683794,0.18592924669530153,0.26673090806401323,2.357,1.916,0.006747608379719736,0.001840349792669446,8.08016613687117
MA08.csv,SMD,Bouet_et_al_2011,0.406201920231798,0.13127026378194662,0.18011288428363592,2.97,2.392,0.020266650593679023,0.007498778402812577,4.88426205016893
MA08.csv,SMD,Bouet_et_al_2011,0.3847076812334269,0.14087109911928508,0.19546002025811793,2.843,2.312,0.016359778801842365,0.005701113379039313,5.458892113883285
MA08.csv,SMD,Brandao_et_al_2015,0.37549966711037175,0.1455090396637463,0.2028578015386031,2.786,2.237,0.01480897831647536,0.005019485976678448,5.734876187485682
MA08.csv,SMD,Brown_et_al_2007,0.7974960814950754,0.07056174437955598,0.08270819625745807,5.62,4.55,0.12228430753771583,0.0773079793328489,1.2146451877902087
MA08.csv,SMD,Brunson_et_al_2005,0.4774934554525329,0.10834199536878752,0.14333276086946978,3.472,2.781,0.03569218486309539,0.015512908867272362,3.4990765500682253
MA08.csv,SMD,Brunson_et_al_2005,0.5244044240850758,0.09817321058258066,0.126993389417268,3.775,3.044,0.04740489708677099,0.022381153598262787,2.882017883468735
MA08.csv,SMD,Brydges_Braithwaite_2009,0.4604345773288535,0.11285254202099038,0.1505778454474136,3.358,2.682,0.03170140510772641,0.013316236467954636,3.772530342642322
MA08.csv,SMD,Brydges_Braithwaite_2009,0.4593473631142341,0.11315758006027443,0.1510677043921792,3.332,2.697,0.03145275404785403,0.013181999849380685,3.791012433190477
MA08.csv,SMD,Cabirol_et_al_2017,0.22360679774997896,0.3238569796551518,0.47178074367979805,1.745,1.455,8.270544369872336e-4,1.2570291695285972e-4,14.792376402464624
MA08.csv,SMD,Cabirol_et_al_2017,0.22360679774997896,0.3238569796551518,0.47178074367979805,1.746,1.435,8.270544369872336e-4,1.2570291695285972e-4,14.792376402464624
MA08.csv,SMD,Cabirol_et_al_2017,0.22135943621178655,0.3293407422023822,0.47941282634823756,1.724,1.437,7.683895446780782e-4,1.1436734189245963e-4,15.007208414585538
MA08.csv,SMD,Cabirol_et_al_2017,0.22135943621178655,0.3293407422023822,0.47941282634823756,1.727,1.438,7.683895446780782e-4,1.1436734189245963e-4,15.007208414585538
MA08.csv,SMD,Cai_et_al_2009,0.7854934754662193,0.07120198533219413,0.08373171706032823,5.547,4.478,0.11908338068775476,0.0746417041581404,1.2529731728134097
MA08.csv,SMD,Cai_et_al_2009,0.9528903399657277,0.0643545975152583,0.07279848488464002,6.685,5.43,0.16122109893759115,0.1116116057086864,0.8443887369381731
MA08.csv,SMD,Cai_et_al_2009,1.104536101718726,0.060661702210378254,0.0669157944203761,7.824,6.192,0.19426175838334364,0.14317199609619774,0.6254092209997841
MA08.csv,SMD,Cai_et_al_2009,0.6618156843109719,0.07999874462180956,0.09781582369660713,4.715,3.782,0.08503023695001842,0.04790255049946053,1.781707907479757
MA08.csv,SMD,Capitanio_Mason_2000,0.6964194138592059,0.07705257145161237,0.09309484214387731,4.944,3.979,0.09469734250318407,0.05517652805301893,1.6042270692264937
MA08.csv,SMD,Capitanio_Mason_2000,0.6789698078707183,0.07848099254547702,0.0953833137868989,4.797,3.886,0.08982882741394446,0.051480110049330945,1.690232124142188
MA08.csv,SMD,Capitanio_Mason_2000,0.6833739825307955,0.0781099499160941,0.09478878347826913,4.881,3.947,0.09105915425539299,0.05240796478897543,1.6678833562175033
MA08.csv,SMD,Capitanio_Mason_2000,0.6625707509390978,0.0799294049618331,0.09770467292630891,4.744,3.817,0.08524159965781705,0.048058729637061544,1.7775267964475816
MA08.csv,SMD,Capitanio_Mason_2000,0.6332456079595026,0.0828108761026437,0.1023251135045119,4.566,3.616,0.07703465947190254,0.04209193415782292,1.9514237401868195
MA08.csv,SMD,Capitanio_Mason_2000,0.6332456079595026,0.0828108761026437,0.1023251135045119,4.502,3.646,0.07703465947190254,0.04209193415782292,1.9514237401868195
MA08.csv,SMD,Carbia_Brown_2019,0.3794733192202055,0.14346526673100868,0.19959926820178198,2.799,2.256,0.01546888198084791,0.005307174146689881,5.61340014707733
MA08.csv,SMD,Carbia_Brown_2019,0.406201920231798,0.13127026378194662,0.18011288428363592,2.981,2.398,0.020266650593679023,0.007498778402812577,4.88426205016893
MA08.csv,SMD,Carbia_Brown_2019,0.3924283374069717,0.13723645929401063,0.1896549314779925,2.871,2.324,0.01771786455761138,0.006313423934975083,5.241847218398188
MA08.csv,SMD,Chaby_et_al_2015,0.41352146256270667,0.12834477788422716,0.17542865255644025,3.031,2.452,0.021684244573722096,0.008177290409411729,4.708387467221309
MA08.csv,SMD,Chamizo_et_al_2016,0.532916503778969,0.09661595325890127,0.12449121689529463,3.81,3.064,0.049624654608176666,0.023747778334409244,2.7875263636393366
MA08.csv,SMD,Chamizo_et_al_2016,0.5272570530585627,0.0976427341199827,0.12614101247871645,3.795,3.064,0.04814605213789188,0.022835274411793706,2.8498278358733753
MA08.csv,SMD,Choy_et_al_2008,0.46151923036857306,0.11255041907978824,0.15009265234494396,3.35,2.707,0.03195017535515069,0.013450853324552096,3.754223326515571
MA08.csv,SMD,Choy_et_al_2008,0.5347896782848375,0.09628342354876152,0.1239569363065941,3.861,3.129,0.050116359909235283,0.024053137557330073,2.7673512757832586
MA08.csv,SMD,Cortese_et_al_2018,0.5186520991955976,0.0992702670000174,0.12875619798129623,3.699,3.004,0.04591919227066838,0.021477516324144616,2.948593098127883
MA08.csv,SMD,Cortese_et_al_2018,0.5966573556070519,0.08703106349569623,0.10909693918113161,4.303,3.444,0.06685513005361397,0.034980802269546626,2.2065875685435388
MA08.csv,SMD,Cortese_et_al_2018,0.5796550698475775,0.08927530655231897,0.11269998078732857,4.131,3.333,0.06217691382943173,0.031826712751101924,2.34246742350096
MA08.csv,SMD,Cortese_et_al_2018,0.5779273310719956,0.08951474287669337,0.11308445042879922,4.136,3.342,0.06170415340586698,0.0315121365128127,2.3569707552105856
MA08.csv,SMD,Cramer_et_al_1988,0.408656334834051,0.13027133839281535,0.178513794667297,2.995,2.423,0.02073723736809415,0.007722542546515439,4.824245627448165
MA08.csv,SMD,Cramer_et_al_1988,0.4230839160261236,0.12475431035944373,0.16967541255655294,3.098,2.487,0.02359921292209376,0.00911441183737489,4.492110219710921
MA08.csv,SMD,Cramer_et_al_1988,0.5865151319446071,0.08834582005049563,0.11120759128264446,4.164,3.411,0.06405909429202908,0.033086758632120926,2.286177123214883
MA08.csv,SMD,Cramer_et_al_1988,0.6082762530298219,0.0856065062080611,0.10681049761917838,4.406,3.511,0.07007459857468185,0.037193849264032706,2.1203991411117284
MA08.csv,SMD,Cramer_et_al_1988,0.5375872022286244,0.09579339966754075,0.12316962421009936,3.859,3.087,0.05085277184608534,0.02451222801111647,2.7376224542558614
MA08.csv,SMD,Cramer_et_al_1988,0.5375872022286244,0.09579339966754075,0.12316962421009936,3.825,3.105,0.05085277184608534,0.02451222801111647,2.7376224542558614
MA08.csv,SMD,Cui_et_al_2006,0.5244044240850758,0.09817321058258066,0.126993389417268,3.756,3.054,0.04740489708677099,0.022381153598262787,2.882017883468735
MA08.csv,SMD,Cui_et_al_2006,0.5049752469181039,0.10203438952122479,0.13319786893570695,3.645,2.941,0.04243772922460713,0.019395797986528882,3.1163479414482165
MA08.csv,SMD,D'Amato_et_al_2011,0.39370039370059057,0.13665848546311166,0.1887312363949636,2.87,2.336,0.017946570582545764,0.006417895261841313,5.207275093185193
MA08.csv,SMD,D'Amato_et_al_2011,0.3872983346207417,0.1396267151114594,0.19347326878426074,2.847,2.316,0.016809688048451663,0.0059024116457472445,5.384655367280134
MA08.csv,SMD,D'Andrea_et_al_2007,0.4483302354291979,0.11637798526818133,0.1562382774420199,3.252,2.621,0.02897416746191747,0.011861508187214818,3.9860292173838574
MA08.csv,SMD,Dalesman_Lukowiak_2011,0.38600518131237566,0.14024466375812483,0.19445996602192317,2.837,2.312,0.01658437361836267,0.005801406835044754,5.421530226379834
MA08.csv,SMD,Dalesman_2018,0.13784048752090222,0.6833433692376885,0.8652974050188651,1.223,1.086,8.031603747866388e-6,2.9187284817980507e-7,18.195403578117663
MA08.csv,SMD,Dandi_et_al_2018,0.4438468204234429,0.11775937935827185,0.1584555340687186,3.237,2.603,0.02798768864234103,0.011345077554848877,4.069615471044674
MA08.csv,SMD,Dandi_et_al_2018,0.4242640687119285,0.12432833006094379,0.16899254908586792,3.114,2.495,0.023840351377379693,0.00923403496521324,4.466421902492412
MA08.csv,SMD,Daniel_et_al_1999,0.4979959839195493,0.10353556241565243,0.13561009367808685,3.58,2.891,0.0406911413574547,0.01837089345435317,3.2074531262434425
MA08.csv,SMD,Daniel_et_al_1999,0.47644516998286385,0.10860495267209358,0.14375520856783097,3.44,2.762,0.0354422947071288,0.01537308275504827,3.5150255895737392
MA08.csv,SMD,de_Jong_et_al_2000,0.28809720581775866,0.2144926106231937,0.3110299868666143,2.17,1.778,0.004131303653128194,9.842313517954792e-4,9.653737624342062
MA08.csv,SMD,de_Jong_et_al_2000,0.29325756597230357,0.20863283599932503,0.30200799580030546,2.2,1.796,0.004553355175549137,0.001114289701212817,9.337515980098043
MA08.csv,SMD,de_Jong_et_al_2000,0.28982753492378877,0.212493099947497,0.3079554701014201,2.168,1.787,0.004269971687285264,0.0010265786658197685,9.546237015392311
MA08.csv,SMD,de_Jong_et_al_2000,0.28982753492378877,0.212493099947497,0.3079554701014201,2.182,1.774,0.004269971687285264,0.0010265786658197685,9.546237015392311
MA08.csv,SMD,Dickel_et_al_2000,0.2792848008753788,0.2252528266111441,0.3275016068538903,2.116,1.725,0.003469143934071694,7.87545028624937e-4,10.22487802427462
MA08.csv,SMD,Dickel_et_al_2000,0.22360679774997896,0.3238569796551518,0.47178074367979805,1.736,1.444,8.270544369872336e-4,1.2570291695285972e-4,14.792376402464624
MA08.csv,SMD,Dickel_et_al_2000,0.30495901363953815,0.19642594576975314,0.28310200814877373,2.299,1.865,0.005606181915588064,0.001452911468289183,8.66760623790206
MA08.csv,SMD,Dickel_et_al_2000,0.2701851217221259,0.2374683953581208,0.3460445490263756,2.042,1.678,0.002861054989612018,6.157626261259178e-4,10.85761536682548
MA08.csv,SMD,Dolivo_Taborsky_2017,0.6457553716385176,0.08153275074141941,0.10027527707024364,4.603,3.659,0.08053407193433067,0.04461145333321884,1.8742526328824227
MA08.csv,SMD,Dolivo_Taborsky_2017,0.6572670690061994,0.08042161330387876,0.09849371735925205,4.689,3.763,0.08375683369733455,0.046964380111007155,1.8072104055373295
MA08.csv,SMD,Dolivo_Taborsky_2017,0.6519202405202649,0.0809302532912386,0.09930919779449343,4.657,3.743,0.08225986002936406,0.04586760329966572,1.8378944503254835
MA08.csv,SMD,Dolivo_Taborsky_2017,0.6542170893518451,0.08071020037018484,0.09895638481335056,4.681,3.785,0.08290291592403314,0.04633793402593207,1.8246184443165725
MA08.csv,SMD,Dolivo_Taborsky_2017,0.648074069840786,0.08130408828149949,0.09990861122048889,4.643,3.719,0.08118311278130078,0.04508282583230054,1.8604522938989398
MA08.csv,SMD,Dolivo_Taborsky_2017,0.6457553716385176,0.08153275074141941,0.10027527707024364,4.622,3.675,0.08053407193433067,0.04461145333321884,1.8742526328824227
MA08.csv,SMD,Dolivo_Taborsky_2017,0.6819090848492928,0.07823255349274771,0.09498522771628948,4.829,3.92,0.09065002768681539,0.0520989463647149,1.6752674223541764
MA08.csv,SMD,Dolivo_Taborsky_2017,0.6496152707564686,0.08115347698955722,0.09966711246327575,4.62,3.719,0.08161455983876165,0.045396866751674314,1.8513635473718537
MA08.csv,SMD,Dolivo_Taborsky_2017,0.6618156843109719,0.07999874462180956,0.09781582369660713,4.729,3.772,0.08503023695001842,0.04790255049946053,1.781707907479757
MA08.csv,SMD,Dolivo_Taborsky_2017,0.6603029607687672,0.0801383907032166,0.0980396805070386,4.731,3.81,0.08460676508163574,0.04759003334943516,1.7901289803821996
MA08.csv,SMD,Dolivo_Taborsky_2017,0.6473020933072903,0.08137994037993468,0.1000302398686238,4.657,3.7,0.08096701518574133,0.04492574245316263,1.8650299488689126
MA08.csv,SMD,Dolivo_Taborsky_2017,0.6534523701081816,0.08078320320877874,0.09907342901140226,4.677,3.746,0.08268881329830435,0.04618120330265491,1.8290225802623516
MA08.csv,SMD,do_Prado_et_al_2016,0.43703546766824314,0.11994195172804711,0.161957823509719,3.154,2.561,0.026514697911658235,0.010583972090835905,4.201587178167188
MA08.csv,SMD,do_Prado_et_al_2016,0.42544094772365293,0.12390713956041188,0.16831730708908355,3.086,2.493,0.02408185048297248,0.009354191921313397,4.441016752867166
MA08.csv,SMD,do_Prado_et_al_2016,0.4949747468305833,0.10420564452016068,0.1366868229793533,3.587,2.899,0.039941798585189175,0.017935271888901455,3.248117845919263
MA08.csv,SMD,do_Prado_et_al_2016,0.4743416490252569,0.10913800450788336,0.14461154673130405,3.411,2.78,0.03494263441450816,0.015094392967068123,3.5473542223420695
MA08.csv,SMD,Druzian_et_al_2015,0.5029910535983717,0.10245467395365071,0.13387322576562932,3.619,2.922,0.04193901841434462,0.01910180253679067,3.1418551811978612
MA08.csv,SMD,Druzian_et_al_2015,0.5059644256269407,0.10182675205298253,0.13286421467509224,3.631,2.941,0.042686977115655306,0.01954313302407547,3.1037462622109713
MA08.csv,SMD,Druzian_et_al_2015,0.5244044240850758,0.09817321058258066,0.126993389417268,3.795,3.055,0.04740489708677099,0.022381153598262787,2.882017883468735
MA08.csv,SMD,Escorihuela_et_al_1994,0.4604345773288535,0.11285254202099038,0.1505778454474136,3.346,2.706,0.03170140510772641,0.013316236467954636,3.772530342642322
MA08.csv,SMD,Escorihuela_et_al_1994,0.44721359549995793,0.11671806118852968,0.15678416834319353,3.257,2.632,0.028727244506538515,0.011731744923834593,4.006610715466385
MA08.csv,SMD,Escorihuela_et_al_1994,0.4505552130427524,0.11570806329370287,0.1551628438176469,3.299,2.662,0.029468577528178823,0.012122317953476534,3.945478052394402
MA08.csv,SMD,Fares_et_al_2013,0.408656334834051,0.13027133839281535,0.178513794667297,2.962,2.415,0.02073723736809415,0.007722542546515439,4.824245627448165
MA08.csv,SMD,Fares_et_al_2013,0.41231056256176607,0.12881777126239047,0.17618622052231148,2.998,2.434,0.021446790940755033,0.008062715132446201,4.7368449259921
MA08.csv,SMD,Fitchett_et_al_2005,0.6992853494818835,0.07682829757709064,0.0927356136732006,4.959,4.011,0.09549515396948732,0.055788544904099374,1.5907316096109958
MA08.csv,SMD,Fitchett_et_al_2005,0.6212889826803627,0.08410673517315947,0.10440393388717095,4.43,3.604,0.073696300063429,0.03972350874353974,2.0297198714011477
MA08.csv,SMD,Fitchett_et_al_2005,0.7912016177940993,0.07089381956983487,0.08323903852592751,5.561,4.519,0.12060866182700061,0.07590912918885442,1.234521895609264
MA08.csv,SMD,Fitchett_et_al_2005,0.6276941930590086,0.08340315972465917,0.10327519108918015,4.515,3.64,0.07548367254316062,0.040987256244377664,1.9872031364520981
MA08.csv,SMD,Forgus_1955b,0.382099463490856,0.14215013206330784,0.19750127750995483,2.796,2.285,0.015912804907780433,0.005502684722348019,5.535114544664699
MA08.csv,SMD,Forgus_1955b,0.4438468204234429,0.11775937935827185,0.1584555340687186,3.215,2.627,0.02798768864234103,0.011345077554848877,4.069615471044674
MA08.csv,SMD,Forgus_1955a,0.43588989435406733,0.12031935837049956,0.16256330991441303,3.182,2.569,0.026270082153057202,0.01045876303358562,4.224395154391347
MA08.csv,SMD,Forgus_1955a,0.5009990019950139,0.1028817725417982,0.1345595292600814,3.604,2.904,0.041440042696148406,0.0188087270624505,3.167775671828321
MA08.csv,SMD,Frankola_et_al_2010,0.454972526643093,0.11440773877867338,0.15307515500264002,3.332,2.669,0.03045946346169065,0.012648942193135636,3.8667416223966633
MA08.csv,SMD,Frankola_et_al_2010,0.40987803063838396,0.12978094759661507,0.1777286296225603,3.006,2.433,0.02097327649785969,0.007835335566758975,4.794768202594524
MA08.csv,SMD,Freret_et_al_2012,0.406201920231798,0.13127026378194662,0.18011288428363592,2.963,2.409,0.020266650593679023,0.007498778402812577,4.88426205016893
MA08.csv,SMD,Frick_et_al_2003,0.43474130238568315,0.12070083039063884,0.1631752797369883,3.143,2.559,0.026025739780750935,0.010334036247932877,4.247444934634947
MA08.csv,SMD,Frick_et_al_2003,0.4012480529547776,0.1333438744782488,0.18343105346756405,2.926,2.372,0.0193317621395941,0.007058698200591317,5.0087178989315255
MA08.csv,SMD,Frick_Fernandez_2003,0.5412947441089743,0.09515589701962845,0.12214539364192645,3.895,3.139,0.05183243394677079,0.025126215278315822,2.6989496622297993
MA08.csv,SMD,Frisone_et_al_2002,0.29154759474226505,0.21054037077301446,0.30494884701126257,2.18,1.803,0.0044106634653195914,0.0010699313763161626,9.44084762382481
MA08.csv,SMD,Fuchs_et_al_2016a,0.4147288270665544,0.1278773798431735,0.17467996584697287,3.025,2.453,0.021922148268416815,0.008292448549108933,4.680258600379938
MA08.csv,SMD,Fuchs_et_al_2016a,0.47958315233127197,0.1078230608653784,0.14249905812445907,3.485,2.793,0.036192061215413726,0.015793504520213435,3.467599725908066
MA08.csv,SMD,Fuchs_et_al_2016a,0.3794733192202055,0.14346526673100868,0.19959926820178198,2.79,2.255,0.01546888198084791,0.005307174146689881,5.61340014707733
MA08.csv,SMD,Fuchs_et_al_2016b,0.39496835316262996,0.13608804410099196,0.18781942881618252,2.912,2.355,0.018175914852302678,0.006523041941040685,5.1731384715190565
MA08.csv,SMD,Fuchs_et_al_2016b,0.5338539126015656,0.09644909537628421,0.12422312267299962,3.836,3.085,0.04987058232856916,0.023900386281736775,2.777402729671541
MA08.csv,SMD,Fuchs_et_al_2016b,0.4207136793592526,0.12562096853663896,0.17106451819159663,3.091,2.481,0.023118055703420855,0.008876788410969456,4.544354965495767
MA08.csv,SMD,Fuchs_et_al_2016b,0.5009990019950139,0.1028817725417982,0.1345595292600814,3.611,2.905,0.041440042696148406,0.0188087270624505,3.167775671828321
MA08.csv,SMD,Gaillard_et_al_2014,0.5059644256269407,0.10182675205298253,0.13286421467509224,3.63,2.942,0.042686977115655306,0.01954313302407547,3.1037462622109713
MA08.csv,SMD,Gaillard_et_al_2014,0.5196152422706632,0.09908398097270898,0.12845686025682113,3.727,3.016,0.0461671077610942,0.021627678803834486,2.937287928411214
MA08.csv,SMD,Garner_et_al_2007,0.5958187643906492,0.087137181393933,0.10926728100639005,4.258,3.406,0.06662339846284457,0.03482283023649971,2.2130099612457044
MA08.csv,SMD,Garner_et_al_2007,0.6,0.08661257396162336,0.10842520148524792,4.295,3.443,0.06777971373855662,0.03561286765635914,2.181262752362456
MA08.csv,SMD,Garoflos_et_al_2005,0.5019960159204453,0.10266736120413678,0.13421499275398574,3.591,2.933,0.04168956200962721,0.018955148254247694,3.1547631549848965
MA08.csv,SMD,Garrido_et_al_2013,0.44609416046390926,0.11706161643058655,0.1573356182761786,3.241,2.622,0.02848051894706706,0.011602415600996927,4.0274001845592045
MA08.csv,SMD,Garrido_et_al_2013,0.6730527468185536,0.07899120234921608,0.09620092746640407,4.829,3.834,0.08817460343416887,0.050239342589547105,1.720972511718799
MA08.csv,SMD,Garthe_et_al_2016,0.5375872022286244,0.09579339966754075,0.12316962421009936,3.882,3.148,0.05085277184608534,0.02451222801111647,2.7376224542558614
MA08.csv,SMD,Garthe_et_al_2016,0.9944847912361455,0.06317036474080617,0.07091088340161045,6.984,5.557,0.17077800507372143,0.12052346288305621,0.7740518660804274
MA08.csv,SMD,Girden_1983,0.2588435821108957,0.25448523039335746,0.3715827149005777,1.957,1.636,0.002206519441223709,4.4184631751881443e-4,11.709748450722024
MA08.csv,SMD,Girden_1983,0.3209361307176242,0.18186912482020845,0.2603720292648256,2.382,1.954,0.007261896376655935,0.0020211206423584515,7.8502904444617165
MA08.csv,SMD,Girden_1983,0.31622776601683794,0.18592924669530153,0.26673090806401323,2.372,1.913,0.006747608379719736,0.001840349792669446,8.08016613687117
MA08.csv,SMD,Glasper_et_al_2015,0.4183300132670378,0.1265077892930323,0.1724856813856307,3.056,2.475,0.022638455610202626,0.008641364635699787,4.597789209259839
MA08.csv,SMD,Glasper_et_al_2015,0.41352146256270667,0.12834477788422716,0.17542865255644025,3.031,2.444,0.021684244573722096,0.008177290409411729,4.708387467221309
MA08.csv,SMD,Glasper_et_al_2015,0.40987803063838396,0.12978094759661507,0.1777286296225603,3.023,2.421,0.02097327649785969,0.007835335566758975,4.794768202594524
MA08.csv,SMD,Glasper_et_al_2015,0.40987803063838396,0.12978094759661507,0.1777286296225603,3.02,2.409,0.02097327649785969,0.007835335566758975,4.794768202594524
MA08.csv,SMD,Glasper_et_al_2015,0.4219004621945797,0.12518516203969043,0.17036602535973344,3.086,2.483,0.02335844452006477,0.008995327866265156,4.518086332004301
MA08.csv,SMD,Goeckner_et_al_1973,0.5504543577809153,0.09363694653228816,0.11970517711029005,3.953,3.192,0.054269775152042364,0.02666964328108272,2.6068230578001894
MA08.csv,SMD,Goeckner_et_al_1973,0.523450093132096,0.0983526609552493,0.12728173615680982,3.728,3.042,0.047157585915529,0.022230112429330443,2.8929075201560517
MA08.csv,SMD,Goeckner_et_al_1973,0.5108815909777921,0.10081283450801137,0.1312349410036776,3.708,2.958,0.04393201541499252,0.020283061023606132,3.0422106495666235
MA08.csv,SMD,Goeckner_et_al_1973,0.5079370039680118,0.1014163882609036,0.13220479716353695,3.7,2.951,0.04318524194241817,0.01983846259101444,3.0788408902633346
MA08.csv,SMD,Goeckner_et_al_1973,0.5253570214625479,0.09799508228869491,0.12670716867188703,3.796,3.056,0.047652080076676526,0.02253236268475335,2.8712086383192115
MA08.csv,SMD,Goeckner_et_al_1973,0.5974947698515862,0.08692554889352844,0.1089275685120139,4.252,3.452,0.06708662791728573,0.035138793271480014,2.200201961848547
MA08.csv,SMD,Goeckner_et_al_1973,0.6099180272790763,0.08541187685362783,0.10649815542467156,4.388,3.513,0.0705307052368013,0.037510111483168865,2.1086278571043726
MA08.csv,SMD,Goeckner_et_al_1973,0.6196773353931867,0.08428727497600774,0.1046935972969476,4.435,3.576,0.07324699894345912,0.039407413586079215,2.0406322320939863
MA08.csv,SMD,Goldberg_et_al_1973,0.31622776601683794,0.18592924669530153,0.26673090806401323,2.351,1.917,0.006747608379719736,0.001840349792669446,8.08016613687117
MA08.csv,SMD,Goldberg_et_al_1973,0.3178049716414141,0.18454892647167298,0.2645706905776056,2.385,1.919,0.0069174263875895975,0.0018996338087269556,8.002176410593265
MA08.csv,SMD,Goldberg_et_al_1973,0.31622776601683794,0.18592924669530153,0.26673090806401323,2.368,1.908,0.006747608379719736,0.001840349792669446,8.08016613687117
MA08.csv,SMD,Grace_et_al_2009,0.44944410108488464,0.11604133638558978,0.15569786294024301,3.242,2.632,0.029221280780707803,0.011991700737454335,3.9656526554653238
MA08.csv,SMD,Grace_et_al_2009,0.5138093031466052,0.1002232293391585,0.13028750209051687,3.725,2.974,0.04467796861089455,0.020729514253955163,3.0064272751358367
MA08.csv,SMD,Green_McCormick_2013,0.3563705936241092,0.15634382992427254,0.22009206996080644,2.631,2.149,0.011836281228232038,0.003770014870726525,6.37482400365339
MA08.csv,SMD,Green_McCormick_2013,0.3535533905932738,0.15809266490856377,0.2228669624343208,2.623,2.113,0.011427689453034334,0.003604642972003696,6.477429752575703
MA08.csv,SMD,Greenough_et_al_1972,0.4669047011971501,0.11108210967702303,0.14773441971969192,3.398,2.735,0.0331956094212641,0.014129492979589365,3.665231004266889
MA08.csv,SMD,Greenough_et_al_1972,0.44721359549995793,0.11671806118852968,0.15678416834319353,3.236,2.613,0.028727244506538515,0.011731744923834593,4.006610715466385
MA08.csv,SMD,Greenough_et_al_1972,0.4722287581247038,0.1096807887826704,0.1454834858325006,3.425,2.751,0.03444316693334491,0.014817012122603264,3.580269704983019
MA08.csv,SMD,Greenough_et_al_1972,0.44944410108488464,0.11604133638558978,0.15569786294024301,3.261,2.618,0.029221280780707803,0.011991700737454335,3.9656526554653238
MA08.csv,SMD,Greenough_et_al_1972,0.4289522117905443,0.12267151772191609,0.1663360723471441,3.121,2.518,0.0248084195768488,0.009717812938661193,4.366455462522801
MA08.csv,SMD,Greenough_et_al_1972,0.44721359549995793,0.11671806118852968,0.15678416834319353,3.252,2.617,0.028727244506538515,0.011731744923834593,4.006610715466385
MA08.csv,SMD,Grigoryan_et_al_2010,0.38987177379235854,0.1384156035415437,0.1915389086151249,2.847,2.313,0.017262419926629937,0.006106531205483813,5.312330507358121
MA08.csv,SMD,Grigoryan_et_al_2010,0.38340579025361626,0.14150619552326948,0.19647369917130464,2.799,2.285,0.016135917778243532,0.0056015373231244146,5.496750364803516
MA08.csv,SMD,Grigoryan_et_al_2010,0.3847076812334269,0.14087109911928508,0.19546002025811793,2.804,2.291,0.016359778801842365,0.005701113379039313,5.458892113883285
MA08.csv,SMD,Grigoryan_et_al_2010,0.38340579025361626,0.14150619552326948,0.19647369917130464,2.831,2.289,0.016135917778243532,0.0056015373231244146,5.496750364803516
MA08.csv,SMD,Grigoryan_et_al_2010,0.3687817782917155,0.14911885892680077,0.2086075195272551,2.705,2.206,0.013726116255258443,0.004555284936808432,5.948866060045432
MA08.csv,SMD,Grigoryan_et_al_2010,0.3807886552931954,0.1428030927600955,0.1985430373234267,2.797,2.257,0.015690454733103338,0.005404561640091221,5.57399445633312
MA08.csv,SMD,Gupta_et_al_2017,0.2792848008753788,0.2252528266111441,0.3275016068538903,2.1,1.74,0.003469143934071694,7.87545028624937e-4,10.22487802427462
MA08.csv,SMD,Gupta_et_al_2017,0.27568097504180444,0.22994895089373046,0.33465035117463704,2.09,1.714,0.00321926283512087,7.158627097511247e-4,10.470140028090658
MA08.csv,SMD,Gupta_et_al_2017,0.27386127875258304,0.2323896354186078,0.33835585476231034,2.067,1.699,0.003097623247135803,6.815097751927744e-4,10.596621934370255
MA08.csv,SMD,Gupta_et_al_2017,0.324037034920393,0.17929203175427677,0.2563284929445331,2.407,1.967,0.007612658344296461,0.002146473944300997,7.703646119025631
MA08.csv,SMD,Gupta_et_al_2017,0.27386127875258304,0.2323896354186078,0.33835585476231034,2.071,1.701,0.003097623247135803,6.815097751927744e-4,10.596621934370255
MA08.csv,SMD,Gupta_et_al_2017,0.27386127875258304,0.2323896354186078,0.33835585476231034,2.092,1.704,0.003097623247135803,6.815097751927744e-4,10.596621934370255
MA08.csv,SMD,Hacquemand_et_al_2012,0.5029910535983717,0.10245467395365071,0.13387322576562932,3.622,2.91,0.04193901841434462,0.01910180253679067,3.1418551811978612
MA08.csv,SMD,Hacquemand_et_al_2012,0.45607017003965516,0.11409061048497304,0.15256595124831418,3.305,2.674,0.030707576665749515,0.012781614560555512,3.8475340763341137
MA08.csv,SMD,Hacquemand_et_al_2012,0.4483302354291979,0.11637798526818133,0.1562382774420199,3.277,2.624,0.02897416746191747,0.011861508187214818,3.9860292173838574
MA08.csv,SMD,Hacquemand_et_al_2012,0.44721359549995793,0.11671806118852968,0.15678416834319353,3.263,2.619,0.028727244506538515,0.011731744923834593,4.006610715466385
MA08.csv,SMD,Han_et_al_2011,0.4732863826479693,0.10940816358851535,0.14504553991226443,3.414,2.769,0.03469287407812876,0.014955536984652414,3.563737632374908
MA08.csv,SMD,Han_et_al_2011,0.47116875957558985,0.10995591384362657,0.14592543817438264,3.4,2.759,0.034193518058906476,0.01467882230343978,3.5969524330756064
MA08.csv,SMD,Harati_et_al_2013,0.43474130238568315,0.12070083039063884,0.1631752797369883,3.142,2.534,0.026025739780750935,0.010334036247932877,4.247444934634947
MA08.csv,SMD,Harati_et_al_2013,0.47958315233127197,0.1078230608653784,0.14249905812445907,3.423,2.804,0.036192061215413726,0.015793504520213435,3.467599725908066
MA08.csv,SMD,Harati_et_al_2013,0.5779273310719956,0.08951474287669337,0.11308445042879922,4.18,3.328,0.06170415340586698,0.0315121365128127,2.3569707552105856
MA08.csv,SMD,Harati_et_al_2011,0.4242640687119285,0.12432833006094379,0.16899254908586792,3.093,2.485,0.023840351377379693,0.00923403496521324,4.466421902492412
MA08.csv,SMD,Harati_et_al_2011,0.4012480529547776,0.1333438744782488,0.18343105346756405,2.948,2.388,0.0193317621395941,0.007058698200591317,5.0087178989315255
MA08.csv,SMD,Harati_et_al_2011,0.5486346689738081,0.09393253260826995,0.12018001940527312,3.884,3.179,0.05378371110205213,0.026360059038546643,2.6247486797003172
MA08.csv,SMD,Harburger_et_al_2007,0.41231056256176607,0.12881777126239047,0.17618622052231148,2.998,2.42,0.021446790940755033,0.008062715132446201,4.7368449259921
MA08.csv,SMD,Harburger_et_al_2007,0.3674234614174767,0.1498733969323942,0.20980839725559508,2.711,2.176,0.013512234086608212,0.004464791293663524,5.993500032320087
MA08.csv,SMD,Harburger_et_al_2007,0.39496835316262996,0.13608804410099196,0.18781942881618252,2.903,2.334,0.018175914852302678,0.006523041941040685,5.1731384715190565
MA08.csv,SMD,Harris_et_al_2010,0.5907622195096771,0.08778685213138071,0.1103101997792173,4.237,3.403,0.06522813287791769,0.033875467777564915,2.252334764783659
MA08.csv,SMD,Harris_et_al_2010,0.5796550698475775,0.08927530655231897,0.11269998078732857,4.198,3.367,0.06217691382943173,0.031826712751101924,2.34246742350096
MA08.csv,SMD,Harris_et_al_2009,0.6049793384901669,0.08600223982719668,0.10744560458850994,4.351,3.489,0.0691595047474195,0.036561363474167365,2.1443364761313255
MA08.csv,SMD,Harris_et_al_2009,0.5924525297439449,0.0875677903893195,0.10995852801947548,4.222,3.414,0.06569414620948673,0.034191157174489305,2.2390737630155977
MA08.csv,SMD,Harris_et_al_2008,0.5865151319446071,0.08834582005049563,0.11120759128264446,4.199,3.409,0.06405909429202908,0.033086758632120926,2.286177123214883
MA08.csv,SMD,Harris_et_al_2008,0.5779273310719956,0.08951474287669337,0.11308445042879922,4.108,3.338,0.06170415340586698,0.0315121365128127,2.3569707552105856
MA08.csv,SMD,Harris_et_al_2008,0.5839520528262573,0.08868918911357415,0.11175888540273227,4.145,3.369,0.06335495203896703,0.03261394065885591,2.3069696289158115
MA08.csv,SMD,Harris_et_al_2008,0.5873670062235365,0.08823271071400662,0.11102599494028509,4.241,3.378,0.06429335707410723,0.033244436246307414,2.2793284226278465
MA08.csv,SMD,Harris_et_al_2008,0.5966573556070519,0.08703106349569623,0.10909693918113161,4.242,3.434,0.06685513005361397,0.034980802269546626,2.2065875685435388
MA08.csv,SMD,Harris_et_al_2008,0.5787918451395113,0.08939466186731926,0.11289163152733472,4.127,3.359,0.06194064315242991,0.031669400641494976,2.3496969660015465
MA08.csv,SMD,Hendershott_et_al_2016,0.43703546766824314,0.11994195172804711,0.161957823509719,3.161,2.582,0.026514697911658235,0.010583972090835905,4.201587178167188
MA08.csv,SMD,Hendershott_et_al_2016,0.4312771730569565,0.12187030191752746,0.16505113345428268,3.163,2.536,0.025294435507812782,0.009962799801172506,4.318083153675523
MA08.csv,SMD,Hori_et_al_2014,0.5822370651203855,0.08892152973691203,0.11213193288731149,4.197,3.369,0.06288440303901868,0.03229892194043344,2.321040315039946
MA08.csv,SMD,Hori_et_al_2014,0.5779273310719956,0.08951474287669337,0.11308445042879922,4.155,3.31,0.06170415340586698,0.0315121365128127,2.3569707552105856
MA08.csv,SMD,Hori_et_al_2014,0.5567764362830022,0.09263290450832917,0.11809232609135878,3.98,3.213,0.055965193912120584,0.027756363180458085,2.5459421583029607
MA08.csv,SMD,Hui_et_al_2011,0.5019960159204453,0.10266736120413678,0.13421499275398574,3.655,2.91,0.04168956200962721,0.018955148254247694,3.1547631549848965
MA08.csv,SMD,Hui_et_al_2011,0.40249223594996214,0.13281570691492417,0.18258605433513309,2.94,2.383,0.019564669546792604,0.0071677728174652225,4.977034742020892
MA08.csv,SMD,Hullinger_et_al_2015,0.6549809157525126,0.08063754238291487,0.09883989545279603,4.684,3.744,0.08311676924366745,0.046494617703072366,1.820235306988116
MA08.csv,SMD,Hullinger_et_al_2015,0.6935416353759881,0.07728062143188141,0.09346014176765438,4.919,3.964,0.09389566456450071,0.05456331228024052,1.6179520335772968
MA08.csv,SMD,Hullinger_et_al_2015,0.726636084983398,0.0748217251344776,0.08952263480569944,5.235,4.166,0.10307426156468316,0.06168865346302924,1.470090967122184
MA08.csv,SMD,Hullinger_et_al_2015,0.7602631123499285,0.07264947672809607,0.08604660030503752,5.355,4.3,0.11227992408748849,0.06905793991088138,1.339712357694145
MA08.csv,SMD,Kosten_et_al_2007,0.44158804331639234,0.11847171407750245,0.15959871966828776,3.199,2.591,0.027495734811943902,0.011089531931057318,4.11270055907853
MA08.csv,SMD,Kosten_et_al_2007,0.44158804331639234,0.11847171407750245,0.15959871966828776,3.201,2.607,0.027495734811943902,0.011089531931057318,4.11270055907853
MA08.csv,SMD,Krause_et_al_2006,0.44721359549995793,0.11671806118852968,0.15678416834319353,3.229,2.632,0.028727244506538515,0.011731744923834593,4.006610715466385
MA08.csv,SMD,Langdon_Corbett_2012,0.5138093031466052,0.1002232293391585,0.13028750209051687,3.69,2.978,0.04467796861089455,0.020729514253955163,3.0064272751358367
MA08.csv,SMD,Langdon_Corbett_2012,0.4909175083453431,0.10512549649179626,0.13816486511886017,3.533,2.852,0.038942158695194296,0.017358036608619464,3.3039368627063914
MA08.csv,SMD,Langdon_Corbett_2012,0.5079370039680118,0.1014163882609036,0.13220479716353695,3.642,2.95,0.04318524194241817,0.01983846259101444,3.0788408902633346
MA08.csv,SMD,Langdon_Corbett_2012,0.5,0.10309792892975456,0.13490686879291536,3.604,2.907,0.04119046385408858,0.018662542090627166,3.18089398631608
MA08.csv,SMD,Langley_et_al_2018,0.5718391382198319,0.09037619595576163,0.11446780281179225,4.077,3.302,0.06004266604193455,0.030412760729950698,2.4091606856030623
MA08.csv,SMD,Langley_et_al_2018,0.6008327554319921,0.08650942192685207,0.10825963394224114,4.276,3.465,0.0680102713479705,0.03577092215562751,2.175021201538907
MA08.csv,SMD,Leggio_et_al_2005,0.35777087639996635,0.1554901745303049,0.2187368391453911,2.644,2.128,0.012042199584101005,0.0038539698542511304,6.324666461508621
MA08.csv,SMD,Leggio_et_al_2005,0.3449637662132068,0.1636964908481402,0.2317446102714834,2.526,2.082,0.010229228308069768,0.0031292479312812864,6.804811942334322
MA08.csv,SMD,Leggio_et_al_2005,0.34641016151377546,0.16272312904007868,0.2302041708627599,2.564,2.089,0.010426014472419441,0.003206288829946713,6.748104182268122
MA08.csv,SMD,Leggio_et_al_2005,0.37682887362833545,0.14481803751251265,0.20175634072166926,2.759,2.235,0.015028128579167783,0.0051146302338840426,5.69383032091566
MA08.csv,SMD,Lehmann_et_al_1999,0.8300602387778853,0.06896416872944233,0.0801552908391654,5.876,4.677,0.13084166301542394,0.08455571447966097,1.1191122109723062
MA08.csv,SMD,Lehmann_et_al_1999,0.719027120489902,0.07535667312478267,0.0903790225436839,5.112,4.122,0.10097280654244835,0.06003731388016129,1.5022349418901237
MA08.csv,SMD,Lehmann_et_al_1999,0.7176350047203662,0.07545642044070533,0.09053872130470353,5.102,4.078,0.10058769365877245,0.05973596026335291,1.50823008639982
MA08.csv,SMD,Lehmann_et_al_1999,0.726636084983398,0.0748217251344776,0.08952263480569944,5.148,4.157,0.10307426156468316,0.06168865346302924,1.470090967122184
MA08.csv,SMD,Lehmann_et_al_1999,0.7509993342207435,0.07321845888053968,0.08695685027005073,5.311,4.271,0.1097584274772858,0.06701783991078254,1.373839138951105
MA08.csv,SMD,Lehmann_et_al_1999,0.7509993342207435,0.07321845888053968,0.08695685027005073,5.303,4.279,0.1097584274772858,0.06701783991078254,1.373839138951105
MA08.csv,SMD,Lehmann_et_al_1999,0.3535533905932738,0.15809266490856377,0.2228669624343208,2.614,2.09,0.011427689453034334,0.003604642972003696,6.477429752575703
MA08.csv,SMD,Lehmann_et_al_1999,0.35916569992135944,0.154649930908217,0.2174024412511425,2.682,2.142,0.012249175178419815,0.003938763029743083,6.27525103429255
MA08.csv,SMD,Lehmann_et_al_1999,0.3563705936241092,0.15634382992427254,0.22009206996080644,2.627,2.13,0.011836281228232038,0.003770014870726525,6.37482400365339
MA08.csv,SMD,Li_et_al_2008,0.5029910535983717,0.10245467395365071,0.13387322576562932,3.613,2.916,0.04193901841434462,0.01910180253679067,3.1418551811978612
MA08.csv,SMD,Li_et_al_2008,0.5069516742254631,0.10162075808662485,0.13253320107425437,3.637,2.95,0.04293614906765655,0.019690688892724014,3.091244298762952
MA08.csv,SMD,Li_et_al_2008,0.5157518783291051,0.09983767234337015,0.1296679522499503,3.707,3.012,0.045174776637399626,0.021028142050569767,2.983027990658016
MA08.csv,SMD,Li_et_al_2008,0.5244044240850758,0.09817321058258066,0.126993389417268,3.789,3.077,0.04740489708677099,0.022381153598262787,2.882017883468735
MA08.csv,SMD,Liedtke_Schneider_2017,0.4753945729601885,0.10887027838976393,0.1441814535533853,3.45,2.775,0.03519244293593898,0.015233576177784721,3.5311175163621367
MA08.csv,SMD,Liedtke_Schneider_2017,0.3646916505762094,0.15141701386056894,0.21226406925736885,2.684,2.196,0.013087291966074954,0.004286199024035955,6.084705539679991
MA08.csv,SMD,Liedtke_Schneider_2017,0.3301514803843836,0.17442356795998992,0.2486746569669428,2.454,1.999,0.008332333187048645,0.002408648456287275,7.425108900695287
MA08.csv,SMD,Liedtke_Schneider_2017,0.30331501776206204,0.1980561521920915,0.28563531984178336,2.276,1.846,0.005450162176887791,0.0014015322746603366,8.757916764969186
MA08.csv,SMD,Liu_et_al_2000,0.3209361307176242,0.18186912482020845,0.2603720292648256,2.392,1.945,0.007261896376655935,0.0020211206423584515,7.8502904444617165
MA08.csv,SMD,Lores-Arnaiz_et_al_2007,0.43703546766824314,0.11994195172804711,0.161957823509719,3.177,2.57,0.026514697911658235,0.010583972090835905,4.201587178167188
MA08.csv,SMD,Lores-Arnaiz_et_al_2007,0.41109609582188933,0.1292964602707598,0.17695282618385488,3.02,2.408,0.021209797993023607,0.007948728311333583,4.765636591309508
MA08.csv,SMD,Lyst_et_al_2012,0.4183300132670378,0.1265077892930323,0.1724856813856307,3.058,2.488,0.022638455610202626,0.008641364635699787,4.597789209259839
MA08.csv,SMD,Machatschke_et_al_2011,0.32710854467592254,0.1768119441968311,0.25243191022043865,2.431,1.984,0.00796953039481466,0.0022756613708973003,7.561996602360754
MA08.csv,SMD,Maghami_et_al_2018,0.5,0.10309792892975456,0.13490686879291536,3.605,2.914,0.04119046385408858,0.018662542090627166,3.18089398631608
MA08.csv,SMD,Martinez_et_al_2016,0.403732584763727,0.1322941298501421,0.1817514848399968,2.96,2.415,0.01979812794650408,0.007277481585706503,4.945735498985471
MA08.csv,SMD,Martinez_et_al_2016,0.433589667773576,0.12108643339922709,0.16379383625682875,3.149,2.548,0.025781678990187587,0.010209796745814025,4.270740285760166
MA08.csv,SMD,Matzel_et_al_2019,0.130384048104053,0.7311948504653565,0.8996712063449801,1.173,1.062,3.913879228501594e-6,1.1099030050747885e-7,16.847635587962362
MA08.csv,SMD,Meagher_et_al_2015,0.5347896782848375,0.09628342354876152,0.1239569363065941,3.842,3.101,0.050116359909235283,0.024053137557330073,2.7673512757832586
MA08.csv,SMD,Meagher_et_al_2015,0.43474130238568315,0.12070083039063884,0.1631752797369883,3.162,2.59,0.026025739780750935,0.010334036247932877,4.247444934634947
MA08.csv,SMD,Meagher_et_al_2015,0.4483302354291979,0.11637798526818133,0.1562382774420199,3.271,2.633,0.02897416746191747,0.011861508187214818,3.9860292173838574
MA08.csv,SMD,Meagher_et_al_2015,0.44158804331639234,0.11847171407750245,0.15959871966828776,3.217,2.6,0.027495734811943902,0.011089531931057318,4.11270055907853
MA08.csv,SMD,Meagher_et_al_2015,0.39496835316262996,0.13608804410099196,0.18781942881618252,2.882,2.341,0.018175914852302678,0.006523041941040685,5.1731384715190565
MA08.csv,SMD,Meaney_et_al_1988,0.40987803063838396,0.12978094759661507,0.1777286296225603,3.012,2.411,0.02097327649785969,0.007835335566758975,4.794768202594524
MA08.csv,SMD,Meaney_et_al_1988,0.4147288270665544,0.1278773798431735,0.17467996584697287,3.037,2.458,0.021922148268416815,0.008292448549108933,4.680258600379938
MA08.csv,SMD,Meaney_et_al_1988,0.4404543109109048,0.11883348835996133,0.16017926353247725,3.209,2.588,0.02725010523151412,0.010962443258595043,4.134577517251592
MA08.csv,SMD,Mitsushima_et_al_2001,0.5059644256269407,0.10182675205298253,0.13286421467509224,3.638,2.917,0.042686977115655306,0.01954313302407547,3.1037462622109713
MA08.csv,SMD,Mitsushima_et_al_2001,0.5138093031466052,0.1002232293391585,0.13028750209051687,3.711,2.973,0.04467796861089455,0.020729514253955163,3.0064272751358367
MA08.csv,SMD,Miu_et_al_2006,0.618869937870632,0.08437826203045362,0.10483958329933252,4.423,3.575,0.07302198098245234,0.03924934747183911,2.0461321268878896
MA08.csv,SMD,Miu_et_al_2006,0.5779273310719956,0.08951474287669337,0.11308445042879922,4.111,3.363,0.06170415340586698,0.0315121365128127,2.3569707552105856
MA08.csv,SMD,Mohammed_et_al_1990,0.7300684899377592,0.07458594940199126,0.08914523037721289,5.172,4.136,0.10402021035261964,0.062435790555854645,1.4559280975221633
MA08.csv,SMD,Mohammed_et_al_1990,0.5796550698475775,0.08927530655231897,0.11269998078732857,4.155,3.359,0.06217691382943173,0.031826712751101924,2.34246742350096
MA08.csv,SMD,Mohammed_et_al_1990,0.7224956747275377,0.0751106875795775,0.08998521191273756,5.104,4.123,0.10193150025113525,0.060789212088382324,1.4874524333160055
MA08.csv,SMD,Mohammed_et_al_1990,0.5848076606885378,0.0885740532667979,0.11157402688372253,4.208,3.374,0.06358989104330492,0.03277150942737486,2.299997361692463
MA08.csv,SMD,Mohanty_Behera_1997,0.5422176684690383,0.09499927586997259,0.12189376761551018,3.897,3.125,0.052076940564786046,0.02528003046059489,2.6894491745537596
MA08.csv,SMD,Mohanty_Behera_1997,0.7314369419163897,0.07449288712373114,0.08899627385150533,5.18,4.171,0.10439698138931003,0.06273402855815216,1.4503386727774181
MA08.csv,SMD,Mora-Gallegos_et_al_2015,0.40987803063838396,0.12978094759661507,0.1777286296225603,3.006,2.418,0.02097327649785969,0.007835335566758975,4.794768202594524
MA08.csv,SMD,Mora-Gallegos_et_al_2015,0.3687817782917155,0.14911885892680077,0.2086075195272551,2.724,2.207,0.013726116255258443,0.004555284936808432,5.948866060045432
MA08.csv,SMD,Nettle_et_al_2015,0.34351128074635334,0.16468654227291946,0.23331076663077055,2.534,2.076,0.010033671007128583,0.00305309669430248,6.86242243578511
MA08.csv,SMD,Nettle_et_al_2015,0.34351128074635334,0.16468654227291946,0.23331076663077055,2.547,2.073,0.010033671007128583,0.00305309669430248,6.86242243578511
MA08.csv,SMD,Nettle_et_al_2015,0.34351128074635334,0.16468654227291946,0.23331076663077055,2.538,2.063,0.010033671007128583,0.00305309669430248,6.86242243578511
MA08.csv,SMD,Nilsson_et_al_1993,0.5531726674375732,0.09320092771923338,0.11900475799081833,3.945,3.226,0.05499750364583949,0.027134795389676936,2.580383027158495
MA08.csv,SMD,Noschang_et_al_2010,0.4626013402488151,0.11225116986717909,0.14961205946718037,3.353,2.717,0.032199058850550674,0.013585846153199488,3.736088960000128
MA08.csv,SMD,Noschang_et_al_2010,0.5830951894845301,0.08880501254930717,0.11194485076455118,4.212,3.375,0.06311978911454193,0.032456411015521255,2.3139838215244013
MA08.csv,SMD,Nunez_et_al_1995,0.3781534080237807,0.14413684836628704,0.2006702675249522,2.771,2.245,0.01524810156315627,0.005210528317997038,5.653341915866516
MA08.csv,SMD,Nunez_et_al_1995,0.37549966711037175,0.1455090396637463,0.2028578015386031,2.751,2.225,0.01480897831647536,0.005019485976678448,5.734876187485682
MA08.csv,SMD,Oitzl_et_al_2000,0.523450093132096,0.0983526609552493,0.12728173615680982,3.759,3.022,0.047157585915529,0.022230112429330443,2.8929075201560517
MA08.csv,SMD,Oitzl_et_al_2000,0.4438468204234429,0.11775937935827185,0.1584555340687186,3.224,2.597,0.02798768864234103,0.011345077554848877,4.069615471044674
MA08.csv,SMD,Oitzl_et_al_2000,0.4171330722922842,0.12695898015961904,0.17320862804454407,3.031,2.444,0.022399264058084328,0.008524491184589596,4.624964788492503
MA08.csv,SMD,Oitzl_et_al_2000,0.4230839160261236,0.12475431035944373,0.16967541255655294,3.092,2.493,0.02359921292209376,0.00911441183737489,4.492110219710921
MA08.csv,SMD,Oitzl_et_al_2000,0.4289522117905443,0.12267151772191609,0.1663360723471441,3.123,2.522,0.0248084195768488,0.009717812938661193,4.366455462522801
MA08.csv,SMD,Oitzl_et_al_2000,0.47644516998286385,0.10860495267209358,0.14375520856783097,3.421,2.787,0.0354422947071288,0.01537308275504827,3.5150255895737392
MA08.csv,SMD,Oitzl_et_al_2000,0.28809720581775866,0.2144926106231937,0.3110299868666143,2.158,1.78,0.004131303653128194,9.842313517954792e-4,9.653737624342062
MA08.csv,SMD,Okudan_Belviranli_2017,0.5805170109479997,0.08915667038902542,0.11250948768133606,4.16,3.341,0.062412964588321775,0.031984071332414425,2.3352817292310646
MA08.csv,SMD,Oomen_et_al_2010,0.454972526643093,0.11440773877867338,0.15307515500264002,3.304,2.653,0.03045946346169065,0.012648942193135636,3.8667416223966633
MA08.csv,SMD,Oomen_et_al_2011,0.4505552130427524,0.11570806329370287,0.1551628438176469,3.295,2.649,0.029468577528178823,0.012122317953476534,3.945478052394402
MA08.csv,SMD,Passig_et_al_1996,0.5585696017507576,0.09235444100610457,0.11764503905629786,4.011,3.221,0.0564478933972081,0.028067697312239282,2.529059805019329
MA08.csv,SMD,Passig_et_al_1996,0.6,0.08661257396162336,0.10842520148524792,4.285,3.433,0.06777971373855662,0.03561286765635914,2.181262752362456
MA08.csv,SMD,Passig_et_al_1996,0.5347896782848375,0.09628342354876152,0.1239569363065941,3.838,3.101,0.050116359909235283,0.024053137557330073,2.7673512757832586
MA08.csv,SMD,Passig_et_al_1996,0.5357238094391549,0.09611892521561038,0.12369263764275462,3.838,3.113,0.050361985337735574,0.02420602981684774,2.7573712427144237
MA08.csv,SMD,Passig_et_al_1996,0.5366563145999496,0.09595558799232373,0.12343020680925276,3.857,3.105,0.05060745663323482,0.024359060736144945,2.747461881692903
MA08.csv,SMD,Paylor_et_al_1992,0.4679743582719036,0.11079663508400017,0.1472758851933259,3.395,2.73,0.03344497294862695,0.01426630278815107,3.6479250109325734
MA08.csv,SMD,Paylor_et_al_1992,0.4289522117905443,0.12267151772191609,0.1663360723471441,3.129,2.552,0.0248084195768488,0.009717812938661193,4.366455462522801
MA08.csv,SMD,Paylor_et_al_1992,0.30166206257996714,0.19972219960167792,0.28822168446205565,2.261,1.842,0.0052959743658683636,0.0013511521930435247,8.849948486037773
MA08.csv,SMD,Pena_et_al_2009,0.5244044240850758,0.09817321058258066,0.126993389417268,3.782,3.039,0.04740489708677099,0.022381153598262787,2.882017883468735
MA08.csv,SMD,Pena_et_al_2009,0.406201920231798,0.13127026378194662,0.18011288428363592,2.984,2.429,0.020266650593679023,0.007498778402812577,4.88426205016893
MA08.csv,SMD,Pham_et_al_1999,0.5375872022286244,0.09579339966754075,0.12316962421009936,3.865,3.115,0.05085277184608534,0.02451222801111647,2.7376224542558614
MA08.csv,SMD,Pham_et_al_1999,0.5357238094391549,0.09611892521561038,0.12369263764275462,3.854,3.11,0.050361985337735574,0.02420602981684774,2.7573712427144237
MA08.csv,SMD,Pham_et_al_1999,0.5272570530585627,0.0976427341199827,0.12614101247871645,3.777,3.064,0.04814605213789188,0.022835274411793706,2.8498278358733753
MA08.csv,SMD,Pham_et_al_1997,0.5347896782848375,0.09628342354876152,0.1239569363065941,3.855,3.105,0.050116359909235283,0.024053137557330073,2.7673512757832586
MA08.csv,SMD,Pham_et_al_1997,0.5813776741499453,0.08903874691300895,0.11232014180742356,4.139,3.349,0.06264879459688301,0.03214147488966644,2.328139489441461
MA08.csv,SMD,Pietropaolo_et_al_2006,0.38600518131237566,0.14024466375812483,0.19445996602192317,2.828,2.298,0.01658437361836267,0.005801406835044754,5.421530226379834
MA08.csv,SMD,Pietropaolo_et_al_2006,0.39370039370059057,0.13665848546311166,0.1887312363949636,2.897,2.34,0.017946570582545764,0.006417895261841313,5.207275093185193
MA08.csv,SMD,Pietropaolo_et_al_2006,0.3924283374069717,0.13723645929401063,0.1896549314779925,2.89,2.323,0.01771786455761138,0.006313423934975083,5.241847218398188
MA08.csv,SMD,Pietropaolo_et_al_2006,0.3924283374069717,0.13723645929401063,0.1896549314779925,2.873,2.328,0.01771786455761138,0.006313423934975083,5.241847218398188
MA08.csv,SMD,Pietropaolo_et_al_2006,0.38987177379235854,0.1384156035415437,0.1915389086151249,2.862,2.328,0.017262419926629937,0.006106531205483813,5.312330507358121
MA08.csv,SMD,Pietropaolo_et_al_2006,0.39496835316262996,0.13608804410099196,0.18781942881618252,2.884,2.346,0.018175914852302678,0.006523041941040685,5.1731384715190565
MA08.csv,SMD,Pisu_et_al_2011,0.2588435821108957,0.25448523039335746,0.3715827149005777,1.973,1.623,0.002206519441223709,4.4184631751881443e-4,11.709748450722024
MA08.csv,SMD,Plescia_et_al_2014,0.5291502622129182,0.09729550289987443,0.1255830855288107,3.838,3.058,0.04863948370807906,0.023138827430311606,2.828758262893627
MA08.csv,SMD,Powell_et_al_2015,0.4505552130427524,0.11570806329370287,0.1551628438176469,3.282,2.63,0.029468577528178823,0.012122317953476534,3.945478052394402
MA08.csv,SMD,Powell_et_al_2015,0.47010637094172636,0.11023357314060855,0.14637145158754716,3.447,2.748,0.03394393260673539,0.014540971480273225,3.613787844693861
MA08.csv,SMD,Powell_et_al_2015,0.4868264577855234,0.10607694998648731,0.13969363407113533,3.495,2.823,0.03794215448692205,0.01678510547949671,3.361668408464802
MA08.csv,SMD,Powell_et_al_2015,0.4571651780264984,0.11377657089963522,0.15206168851353863,3.313,2.665,0.03095583367342188,0.012914684549779046,3.8285117613903408
MA08.csv,SMD,Powell_et_al_2015,0.45607017003965516,0.11409061048497304,0.15256595124831418,3.317,2.66,0.030707576665749515,0.012781614560555512,3.8475340763341137
MA08.csv,SMD,Powell_et_al_2015,0.4722287581247038,0.1096807887826704,0.1454834858325006,3.432,2.764,0.03444316693334491,0.014817012122603264,3.580269704983019
MA08.csv,SMD,Prusky_et_al_2000,0.3674234614174767,0.1498733969323942,0.20980839725559508,2.706,2.192,0.013512234086608212,0.004464791293663524,5.993500032320087
MA08.csv,SMD,Pryce_et_al_2003,0.6519202405202649,0.0809302532912386,0.09930919779449343,4.568,3.773,0.08225986002936406,0.04586760329966572,1.8378944503254835
MA08.csv,SMD,Pryce_et_al_2003,0.5958187643906492,0.087137181393933,0.10926728100639005,4.268,3.406,0.06662339846284457,0.03482283023649971,2.2130099612457044
MA08.csv,SMD,Pryce_et_al_2003,0.5813776741499453,0.08903874691300895,0.11232014180742356,4.167,3.352,0.06264879459688301,0.03214147488966644,2.328139489441461
MA08.csv,SMD,Pryce_et_al_2003,0.5856620185738529,0.08845959891868416,0.1113902654059381,4.183,3.37,0.0638246053738597,0.032929115890918105,2.293066648725395
MA08.csv,SMD,Pryce_et_al_2003,0.5079370039680118,0.1014163882609036,0.13220479716353695,3.657,2.927,0.04318524194241817,0.01983846259101444,3.0788408902633346
MA08.csv,SMD,Pryce_et_al_2003,0.5029910535983717,0.10245467395365071,0.13387322576562932,3.631,2.93,0.04193901841434462,0.01910180253679067,3.1418551811978612
MA08.csv,SMD,Pryce_et_al_2003,0.5059644256269407,0.10182675205298253,0.13286421467509224,3.656,2.976,0.042686977115655306,0.01954313302407547,3.1037462622109713
MA08.csv,SMD,Pryce_et_al_2003,0.5272570530585627,0.0976427341199827,0.12614101247871645,3.768,3.058,0.04814605213789188,0.022835274411793706,2.8498278358733753
MA08.csv,SMD,Punzo_Ludwig_2002,0.35916569992135944,0.154649930908217,0.2174024412511425,2.635,2.157,0.012249175178419815,0.003938763029743083,6.27525103429255
MA08.csv,SMD,Quan_et_al_2010,0.5540758070878027,0.0930575120036291,0.11877438100637583,3.972,3.216,0.05523970918459085,0.02729004499373565,2.5716869002746723
MA08.csv,SMD,Quan_et_al_2010,0.5621387729022078,0.09180825455106911,0.11676775118188842,4.025,3.268,0.057410948099439224,0.02869139099429913,2.495949663081931
MA08.csv,SMD,Reeb-Sutherland_Tang_2011,0.44158804331639234,0.11847171407750245,0.15959871966828776,3.212,2.597,0.027495734811943902,0.011089531931057318,4.11270055907853
MA08.csv,SMD,Riley_et_al_2017,0.3794733192202055,0.14346526673100868,0.19959926820178198,2.787,2.257,0.01546888198084791,0.005307174146689881,5.61340014707733
MA08.csv,SMD,Riley_et_al_2018,0.3563705936241092,0.15634382992427254,0.22009206996080644,2.659,2.154,0.011836281228232038,0.003770014870726525,6.37482400365339
MA08.csv,SMD,Riley_et_al_2018,0.3714835124201342,0.1476430680419354,0.2062577779010486,2.727,2.214,0.014156619588427398,0.004738636991968636,5.861470985911321
MA08.csv,SMD,Riley_et_al_2018,0.372827037646145,0.1469213343982373,0.20510818429949496,2.729,2.239,0.014373208056094301,0.004831483274747405,5.8186849901257665
MA08.csv,SMD,Rountree-Harrison_et_al_2018,0.28982753492378877,0.212493099947497,0.3079554701014201,2.192,1.773,0.004269971687285264,0.0010265786658197685,9.546237015392311
MA08.csv,SMD,Rountree-Harrison_et_al_2018,0.5674504383644443,0.0910148128255921,0.11549340569010602,4.052,3.276,0.05884952115839818,0.02962927769922159,2.4478592864513926
MA08.csv,SMD,Rountree-Harrison_et_al_2018,0.5630275304103699,0.0916738955033779,0.11655195005122654,4.035,3.279,0.05765121601936342,0.02884751736099812,2.487805454784864
MA08.csv,SMD,Salvanes_et_al_2013,0.406201920231798,0.13127026378194662,0.18011288428363592,3.002,2.406,0.020266650593679023,0.007498778402812577,4.88426205016893
MA08.csv,SMD,Sampedro-Piquero_et_al_2014b,0.4949747468305833,0.10420564452016068,0.1366868229793533,3.568,2.894,0.039941798585189175,0.017935271888901455,3.248117845919263
MA08.csv,SMD,Sampedro-Piquero_et_al_2013a,0.6884765791223402,0.07768908590017465,0.0941144932866349,4.909,3.9,0.09248338432229951,0.0534873711677858,1.6425407386460256
MA08.csv,SMD,Sampedro-Piquero_et_al_2013a,0.4774934554525329,0.10834199536878752,0.14333276086946978,3.459,2.779,0.03569218486309539,0.015512908867272362,3.4990765500682253
MA08.csv,SMD,Sampedro-Piquero_et_al_2014a,0.5848076606885378,0.0885740532667979,0.11157402688372253,4.174,3.392,0.06358989104330492,0.03277150942737486,2.299997361692463
MA08.csv,SMD,Sampedro-Piquero_et_al_2015,0.6715653356152326,0.07912161944177176,0.09640993839462098,4.772,3.848,0.08775857752522581,0.049928528323738786,1.7288318952849213
MA08.csv,SMD,Sampedro-Piquero_et_al_2015,0.5958187643906492,0.087137181393933,0.10926728100639005,4.31,3.43,0.06662339846284457,0.03482283023649971,2.2130099612457044
MA08.csv,SMD,Sampedro-Piquero_et_al_2015,0.5890670590009256,0.08800847718963256,0.11066599786022135,4.265,3.376,0.06476120140848095,0.03355989053773547,2.2657520670588793
MA08.csv,SMD,Sampedro-Piquero_et_al_2015,0.5549774770204643,0.0929150424132511,0.11854552663137075,4.004,3.192,0.055481727008134515,0.02744539078067299,2.5630484218119642
MA08.csv,SMD,Sampedro-Piquero_et_al_2013b,0.44721359549995793,0.11671806118852968,0.15678416834319353,3.228,2.622,0.028727244506538515,0.011731744923834593,4.006610715466385
MA08.csv,SMD,Sampedro-Piquero_et_al_2018,0.4207136793592526,0.12562096853663896,0.17106451819159663,3.075,2.475,0.023118055703420855,0.008876788410969456,4.544354965495767
MA08.csv,SMD,Sampedro-Piquero_et_al_2018,0.4242640687119285,0.12432833006094379,0.16899254908586792,3.086,2.493,0.023840351377379693,0.00923403496521324,4.466421902492412
MA08.csv,SMD,Sanchez_et_al_1998,0.8694826047713663,0.06726790748119293,0.07744642520825185,6.051,4.927,0.14093212514134834,0.0933187713500545,1.0178517727058911
MA08.csv,SMD,Sanchez_et_al_1998,0.7476630257007498,0.0734286502455338,0.08729315477518484,5.311,4.243,0.1088474672550208,0.06628476620070475,1.3864504529651045
MA08.csv,SMD,Sanchez_et_al_1998,0.7307530362578044,0.07453933013090874,0.08907061051242993,5.193,4.136,0.10420871048018544,0.06258495382602605,1.4531280381521183
MA08.csv,SMD,Sandstrom_Hart_2005,0.44721359549995793,0.11671806118852968,0.15678416834319353,3.274,2.616,0.028727244506538515,0.011731744923834593,4.006610715466385
MA08.csv,SMD,Sauce_et_al_2018,0.13784048752090222,0.6833433692376885,0.8652974050188651,1.208,1.082,8.031603747866388e-6,2.9187284817980507e-7,18.195403578117663
MA08.csv,SMD,Sauce_et_al_2018,0.1341640786499874,0.7067258827028099,0.8826629858580793,1.194,1.071,5.697636494470712e-6,1.8411079641358546e-7,17.593710315526945
MA08.csv,SMD,Sauce_et_al_2018,0.1341640786499874,0.7067258827028099,0.8826629858580793,1.197,1.071,5.697636494470712e-6,1.8411079641358546e-7,17.593710315526945
MA08.csv,SMD,Sauce_et_al_2018,0.1341640786499874,0.7067258827028099,0.8826629858580793,1.198,1.071,5.697636494470712e-6,1.8411079641358546e-7,17.593710315526945
MA08.csv,SMD,Schable_et_al_2007,0.4753945729601885,0.10887027838976393,0.1441814535533853,3.437,2.773,0.03519244293593898,0.015233576177784721,3.5311175163621367
MA08.csv,SMD,Schable_et_al_2007,0.48579831205964474,0.10631994189701932,0.14008405679636649,3.487,2.832,0.037692126641859384,0.01664257107056011,3.3764114899347164
MA08.csv,SMD,Schable_et_al_2007,0.47116875957558985,0.10995591384362657,0.14592543817438264,3.418,2.759,0.034193518058906476,0.01467882230343978,3.5969524330756064
MA08.csv,SMD,Schrijver_et_al_2002,0.3346640106136302,0.17100229212246854,0.24328457143630322,2.499,2.014,0.008887271923467364,0.0026151733636493734,7.2282279313834685
MA08.csv,SMD,Schrijver_et_al_2002,0.3346640106136302,0.17100229212246854,0.24328457143630322,2.473,2.03,0.008887271923467364,0.0026151733636493734,7.2282279313834685
MA08.csv,SMD,Schrijver_et_al_2004,0.3361547262794322,0.16990260742860785,0.24155012042122426,2.488,2.027,0.00907502734376339,0.0026858743100576445,7.16475129926164
MA08.csv,SMD,Schrijver_et_al_2004,0.3331666249791536,0.17212198219211305,0.24504961261379032,2.471,2.025,0.008700890095283305,0.0025453988113679454,7.292763042167727
MA08.csv,SMD,Schrijver_et_al_2004,0.3794733192202055,0.14346526673100868,0.19959926820178198,2.801,2.257,0.01546888198084791,0.005307174146689881,5.61340014707733
MA08.csv,SMD,Schrijver_et_al_2004,0.3781534080237807,0.14413684836628704,0.2006702675249522,2.771,2.243,0.01524810156315627,0.005210528317997038,5.653341915866516
MA08.csv,SMD,Schrijver_et_al_2004,0.3781534080237807,0.14413684836628704,0.2006702675249522,2.786,2.257,0.01524810156315627,0.005210528317997038,5.653341915866516
MA08.csv,SMD,Schrijver_et_al_2004,0.382099463490856,0.14215013206330784,0.19750127750995483,2.787,2.298,0.015912804907780433,0.005502684722348019,5.535114544664699
MA08.csv,SMD,Schrijver_et_al_2004,0.3924283374069717,0.13723645929401063,0.1896549314779925,2.867,2.337,0.01771786455761138,0.006313423934975083,5.241847218398188
MA08.csv,SMD,Schrijver_et_al_2004,0.3807886552931954,0.1428030927600955,0.1985430373234267,2.792,2.278,0.015690454733103338,0.005404561640091221,5.57399445633312
MA08.csv,SMD,Schrijver_et_al_2004,0.3781534080237807,0.14413684836628704,0.2006702675249522,2.77,2.251,0.01524810156315627,0.005210528317997038,5.653341915866516
MA08.csv,SMD,Schrijver_et_al_2004,0.3781534080237807,0.14413684836628704,0.2006702675249522,2.78,2.242,0.01524810156315627,0.005210528317997038,5.653341915866516
MA08.csv,SMD,Shao_et_al_2013,0.4774934554525329,0.10834199536878752,0.14333276086946978,3.469,2.797,0.03569218486309539,0.015512908867272362,3.4990765500682253
MA08.csv,SMD,Shao_et_al_2013,0.6723094525588644,0.07905626477898586,0.09630519790709757,4.79,3.82,0.0879667141751454,0.05008396583432378,1.724893312811171
MA08.csv,SMD,Smith_et_al_2018,0.4878524367060187,0.10583603568552757,0.13930654532259745,3.533,2.817,0.038192175735273975,0.016927922733493955,3.347050963706988
MA08.csv,SMD,Smith_et_al_2018,0.4949747468305833,0.10420564452016068,0.1366868229793533,3.586,2.867,0.039941798585189175,0.017935271888901455,3.248117845919263
MA08.csv,SMD,Smith_et_al_2018,0.498998997994986,0.10331585167107094,0.13525704539998906,3.61,2.907,0.04094082891399409,0.018516596494078934,3.1941193728918127
MA08.csv,SMD,Smith_et_al_2018,0.4929503017546495,0.10466171911754973,0.1374196608849637,3.576,2.85,0.03944203984399958,0.017646129821186143,3.275794176741398
MA08.csv,SMD,Sneddon_et_al_2000,0.22135943621178655,0.3293407422023822,0.47941282634823756,1.721,1.435,7.683895446780782e-4,1.1436734189245963e-4,15.007208414585538
MA08.csv,SMD,Soffie_et_al_1999,0.4527692569068708,0.1150514445263322,0.15410867545877072,3.286,2.622,0.029963694051500966,0.012384808061401005,3.9057230932438514
MA08.csv,SMD,Sorensen_et_al_2011,0.3209361307176242,0.18186912482020845,0.2603720292648256,2.389,1.95,0.007261896376655935,0.0020211206423584515,7.8502904444617165
MA08.csv,SMD,Sorensen_et_al_2011,0.3286335345030997,0.17560660807570216,0.2505363237636071,2.458,1.987,0.008150201552665602,0.0023416821877292157,7.492971568790496
MA08.csv,SMD,Sparling_et_al_2018,0.28982753492378877,0.212493099947497,0.3079554701014201,2.175,1.791,0.004269971687285264,0.0010265786658197685,9.546237015392311
MA08.csv,SMD,Sparling_et_al_2018,0.40987803063838396,0.12978094759661507,0.1777286296225603,2.986,2.419,0.02097327649785969,0.007835335566758975,4.794768202594524
MA08.csv,SMD,Sparling_et_al_2010,0.2024845673131659,0.38186462193643456,0.550203770873534,1.595,1.342,3.8730683007895606e-4,4.733855475485662e-5,16.833914893709945
MA08.csv,SMD,Speisman_et_al_2013,0.6090976933136424,0.08550892542389288,0.10665389817605397,4.384,3.532,0.07030277225617314,0.03735197968579647,2.1144972752161095
MA08.csv,SMD,Speisman_et_al_2013,0.5630275304103699,0.0916738955033779,0.11655195005122654,4.049,3.265,0.05765121601936342,0.02884751736099812,2.487805454784864
MA08.csv,SMD,Spence_et_al_2011,0.45166359162544856,0.11537811575691037,0.1546331406274717,3.29,2.642,0.029716050866101944,0.012253355246780262,3.9255024870561317
MA08.csv,SMD,Spence_et_al_2011,0.44721359549995793,0.11671806118852968,0.15678416834319353,3.244,2.628,0.028727244506538515,0.011731744923834593,4.006610715466385
MA08.csv,SMD,Sterlemann_et_al_2010,0.458257569495584,0.11346557536103796,0.15156229603790683,3.339,2.697,0.031204228199755494,0.013048147766701433,3.8096720676868867
MA08.csv,SMD,Sterlemann_et_al_2010,0.5118593556827891,0.10061477358266968,0.13091667559791553,3.707,2.988,0.044180761519465844,0.0204316765239465,3.030190201524585
MA08.csv,SMD,Tang_et_al_2001,0.39370039370059057,0.13665848546311166,0.1887312363949636,2.879,2.338,0.017946570582545764,0.006417895261841313,5.207275093185193
MA08.csv,SMD,Teather_et_al_2002,0.5770615218501404,0.08963555620252839,0.1132784481465684,4.145,3.316,0.06146744545484433,0.03135492188783994,2.364289194404001
MA08.csv,SMD,Teather_et_al_2002,0.6434283176858164,0.08176477225084977,0.100647347985786,4.629,3.684,0.07988278729009687,0.04413972438242453,1.8882575734936236
MA08.csv,SMD,Teather_et_al_2002,0.5224940191045253,0.09853344812842202,0.12757223248751226,3.772,3.037,0.04691014895219675,0.02207924175503501,2.903878435909024
MA08.csv,SMD,Tees_1999a,0.6640783086353597,0.07979168131665748,0.09748390879008817,4.773,3.809,0.08566357899580708,0.04837092614466432,1.7692227473430688
MA08.csv,SMD,Tees_1999a,0.6789698078707183,0.07848099254547702,0.0953833137868989,4.838,3.823,0.08982882741394446,0.051480110049330945,1.690232124142188
MA08.csv,SMD,Tees_1999a,0.7443117626371358,0.07364267795926727,0.08763562102421485,5.315,4.198,0.10793095941052559,0.06554936933347935,1.3992943064947583
MA08.csv,SMD,Tees_1999a,0.6519202405202649,0.0809302532912386,0.09930919779449343,4.591,3.721,0.08225986002936406,0.04586760329966572,1.8378944503254835
MA08.csv,SMD,Tees_1999b,0.4427188724235731,0.11811369703633035,0.15902417361898047,3.25,2.629,0.02774159846248054,0.01121707830210892,4.091047658265012
MA08.csv,SMD,Toth_et_al_2008,0.4939635614091388,0.10443273096449512,0.13705171528712157,3.558,2.883,0.039691936423845914,0.017790571422900966,3.2618984322626443
MA08.csv,SMD,Toscano_et_al_2006,0.18973665961010275,0.4249413397270766,0.6049978668983912,1.52,1.286,2.2492978568408101e-4,2.3443732477704463e-5,18.00565271713146
MA08.csv,SMD,Vallee_et_al_1997,0.22803508501982758,0.3134775487407523,0.4572147045783933,1.772,1.465,9.518865234470123e-4,1.5056271881977142e-4,14.373715583764103
MA08.csv,SMD,Vallee_et_al_1997,0.22803508501982758,0.3134775487407523,0.4572147045783933,1.762,1.47,9.518865234470123e-4,1.5056271881977142e-4,14.373715583764103
MA08.csv,SMD,Vallee_et_al_1999,0.4393176527297759,0.11919907896865145,0.16076589839738786,3.182,2.598,0.02700471736762481,0.010835817134241572,4.156681942873641
MA08.csv,SMD,Vallee_et_al_1999,0.46151923036857306,0.11255041907978824,0.15009265234494396,3.329,2.676,0.03195017535515069,0.013450853324552096,3.754223326515571
MA08.csv,SMD,Vallee_et_al_1999,0.44944410108488464,0.11604133638558978,0.15569786294024301,3.232,2.622,0.029221280780707803,0.011991700737454335,3.9656526554653238
MA08.csv,SMD,Vallee_et_al_1999,0.4505552130427524,0.11570806329370287,0.1551628438176469,3.269,2.65,0.029468577528178823,0.012122317953476534,3.945478052394402
MA08.csv,SMD,van_Horik_et_al_2019,0.18708286933869708,0.43479540757267277,0.6171025860318419,1.503,1.272,1.989154613924845e-4,1.999053602554119e-5,18.23071784591691
MA08.csv,SMD,van_der_Staay_et_al_2017,0.4483302354291979,0.11637798526818133,0.1562382774420199,3.252,2.623,0.02897416746191747,0.011861508187214818,3.9860292173838574
MA08.csv,SMD,van_der_Staay_et_al_2017,0.44721359549995793,0.11671806118852968,0.15678416834319353,3.242,2.618,0.028727244506538515,0.011731744923834593,4.006610715466385
MA08.csv,SMD,Wang_et_al_2019,0.30983866769659335,0.19173937530487173,0.2758051582928128,2.306,1.893,0.0060849932302353485,0.001613023097711448,8.40657829879411
MA08.csv,SMD,Wang_et_al_2015,0.3535533905932738,0.15809266490856377,0.2228669624343208,2.593,2.1,0.011427689453034334,0.003604642972003696,6.477429752575703
MA08.csv,SMD,Wang_et_al_2015,0.36055512754639896,0.15382278911354086,0.2160884108377611,2.649,2.168,0.012457189960346358,0.004024388485584975,6.226562172422023
MA08.csv,SMD,Wang_et_al_2015,0.3714835124201342,0.1476430680419354,0.2062577779010486,2.727,2.218,0.014156619588427398,0.004738636991968636,5.861470985911321
MA08.csv,SMD,Wang_et_al_2015,0.3563705936241092,0.15634382992427254,0.22009206996080644,2.62,2.134,0.011836281228232038,0.003770014870726525,6.37482400365339
MA08.csv,SMD,Wang_et_al_2015,0.3535533905932738,0.15809266490856377,0.2228669624343208,2.601,2.126,0.011427689453034334,0.003604642972003696,6.477429752575703
MA08.csv,SMD,Wang_et_al_2015,0.37013511046643494,0.14837549725360943,0.20742410305548442,2.708,2.218,0.013940916904720935,0.004646568856387427,5.904860580187499
MA08.csv,SMD,Weiss_et_al_2001,0.18708286933869708,0.43479540757267277,0.6171025860318419,1.497,1.273,1.989154613924845e-4,1.999053602554119e-5,18.23071784591691
MA08.csv,SMD,Weiss_et_al_2001,0.18439088914585774,0.44512537915670836,0.6296166776120737,1.496,1.258,1.7493214218206038e-4,1.6920394514544016e-5,18.44912984553654
MA08.csv,SMD,Weiss_et_al_2001,0.18439088914585774,0.44512537915670836,0.6296166776120737,1.482,1.259,1.7493214218206038e-4,1.6920394514544016e-5,18.44912984553654
MA08.csv,SMD,Williams_et_al_2001,0.4626013402488151,0.11225116986717909,0.14961205946718037,3.344,2.723,0.032199058850550674,0.013585846153199488,3.736088960000128
MA08.csv,SMD,Williams_et_al_2001,0.4929503017546495,0.10466171911754973,0.1374196608849637,3.555,2.872,0.03944203984399958,0.017646129821186143,3.275794176741398
MA08.csv,SMD,Williams_et_al_2001,0.43703546766824314,0.11994195172804711,0.161957823509719,3.185,2.594,0.026514697911658235,0.010583972090835905,4.201587178167188
MA08.csv,SMD,Williams_et_al_2001,0.44944410108488464,0.11604133638558978,0.15569786294024301,3.263,2.636,0.029221280780707803,0.011991700737454335,3.9656526554653238
MA08.csv,SMD,Williams_et_al_2001,0.4449719092257398,0.11740870434142725,0.15789271152547313,3.241,2.594,0.02823399791504272,0.011473524905015348,4.048400718404588
MA08.csv,SMD,Wongwitdecha_Marsden_1996,0.4242640687119285,0.12432833006094379,0.16899254908586792,3.092,2.514,0.023840351377379693,0.00923403496521324,4.466421902492412
MA08.csv,SMD,Wongwitdecha_Marsden_1996,0.4159326868617084,0.12741547917137253,0.17394000749518168,3.019,2.467,0.0221604915434883,0.008408183986410694,4.652452832380916
MA08.csv,SMD,Wood_Greenough_1974,0.3563705936241092,0.15634382992427254,0.22009206996080644,2.623,2.162,0.011836281228232038,0.003770014870726525,6.37482400365339
MA08.csv,SMD,Wood_Greenough_1974,0.3563705936241092,0.15634382992427254,0.22009206996080644,2.625,2.144,0.011836281228232038,0.003770014870726525,6.37482400365339
MA08.csv,SMD,Wood_Greenough_1974,0.35496478698597694,0.15721121677877048,0.2214686130982264,2.639,2.126,0.011631438365156321,0.0036869039605618753,6.425739631945593
MA08.csv,SMD,Wood_Greenough_1974,0.4207136793592526,0.12562096853663896,0.17106451819159663,3.069,2.484,0.023118055703420855,0.008876788410969456,4.544354965495767
MA08.csv,SMD,Workman_et_al_2009,0.5761944116355173,0.08975710854753904,0.11347363546481304,4.105,3.337,0.06123052018123255,0.031197758303041133,2.3716526917273995
MA08.csv,SMD,Workman_et_al_2009,0.5594640292279746,0.09221656485944241,0.11742357726715147,4.014,3.227,0.056688952033407736,0.028223495326702104,2.520701240770906
MA08.csv,SMD,Workman_et_al_2009,0.565685424949238,0.09127593557720293,0.11591278293890195,4.071,3.229,0.05837081062208106,0.02931635487121232,2.463684736169902
MA08.csv,SMD,Workman_et_al_2009,0.5019960159204453,0.10266736120413678,0.13421499275398574,3.64,2.917,0.04168956200962721,0.018955148254247694,3.1547631549848965
MA08.csv,SMD,Yasumuro_Ikeda_2018,0.5186520991955976,0.0992702670000174,0.12875619798129623,3.76,3.024,0.04591919227066838,0.021477516324144616,2.948593098127883
MA08.csv,SMD,Yasumuro_Ikeda_2018,0.5310367218940701,0.09695327833227829,0.12503321095618214,3.81,3.049,0.04913235695853003,0.023443001903845958,2.8079932623903847
MA08.csv,SMD,Yasumuro_Ikeda_2018,0.523450093132096,0.0983526609552493,0.12728173615680982,3.776,3.05,0.047157585915529,0.022230112429330443,2.8929075201560517
MA08.csv,SMD,Yasumuro_Ikeda_2018,0.4969909455915671,0.10375708316730659,0.13596604878431928,3.583,2.891,0.040441404717789654,0.018225436179416073,3.2208965617012697
MA08.csv,SMD,Yasumuro_Ikeda_2018,0.5272570530585627,0.0976427341199827,0.12614101247871645,3.768,3.07,0.04814605213789188,0.022835274411793706,2.8498278358733753
MA08.csv,SMD,Yasumuro_Ikeda_2018,0.5108815909777921,0.10081283450801137,0.1312349410036776,3.651,2.968,0.04393201541499252,0.020283061023606132,3.0422106495666235
MA08.csv,SMD,Yasumuro_Ikeda_2018,0.4919349550499537,0.10489263286479822,0.13779069790677445,3.538,2.851,0.03919211264823799,0.017501950426396677,3.289806504197623
MA08.csv,SMD,Yasumuro_Ikeda_2018,0.5089204259999789,0.10121362351642749,0.13187897245214208,3.659,2.981,0.043434252648237054,0.01998645114252045,3.06653489357146
MA08.csv,SMD,Yasumuro_Ikeda_2018,0.5049752469181039,0.10203438952122479,0.13319786893570695,3.675,2.955,0.04243772922460713,0.019395797986528882,3.1163479414482165
MA08.csv,SMD,Yasumuro_Ikeda_2018,0.6252999280345393,0.08366357919937994,0.1036929630689829,4.455,3.614,0.07481525520728974,0.04051348590539822,2.0029383869602957
MA08.csv,SMD,Yasumuro_Ikeda_2018,0.6526867548832288,0.08085655335568165,0.09919103200616686,4.663,3.728,0.08247446134047089,0.046024426177172374,1.8334478650485209
MA08.csv,SMD,Yasumuro_Ikeda_2018,0.5924525297439449,0.0875677903893195,0.10995852801947548,4.228,3.41,0.06569414620948673,0.034191157174489305,2.2390737630155977
MA08.csv,SMD,Zeeb_et_al_2013,0.43703546766824314,0.11994195172804711,0.161957823509719,3.177,2.57,0.026514697911658235,0.010583972090835905,4.201587178167188
MA08.csv,SMD,Zeeb_et_al_2013,0.5272570530585627,0.0976427341199827,0.12614101247871645,3.796,3.051,0.04814605213789188,0.022835274411793706,2.8498278358733753
MA08.csv,SMD,Zeleznikow-Johnston_et_al_2017,0.408656334834051,0.13027133839281535,0.178513794667297,2.948,2.42,0.02073723736809415,0.007722542546515439,4.824245627448165
MA08.csv,SMD,Zeleznikow-Johnston_et_al_2017,0.41109609582188933,0.1292964602707598,0.17695282618385488,2.995,2.45,0.021209797993023607,0.007948728311333583,4.765636591309508
MA08.csv,SMD,Zeleznikow-Johnston_et_al_2017,0.4289522117905443,0.12267151772191609,0.1663360723471441,3.104,2.536,0.0248084195768488,0.009717812938661193,4.366455462522801
MA08.csv,SMD,Zeleznikow-Johnston_et_al_2017,0.4593473631142341,0.11315758006027443,0.1510677043921792,3.349,2.691,0.03145275404785403,0.013181999849380685,3.791012433190477
MA08.csv,SMD,Zeleznikow-Johnston_et_al_2017,0.45166359162544856,0.11537811575691037,0.1546331406274717,3.273,2.629,0.029716050866101944,0.012253355246780262,3.9255024870561317
MA08.csv,SMD,Zeleznikow-Johnston_et_al_2017,0.4593473631142341,0.11315758006027443,0.1510677043921792,3.335,2.675,0.03145275404785403,0.013181999849380685,3.791012433190477
MA08.csv,SMD,Zeleznikow-Johnston_et_al_2017,0.4505552130427524,0.11570806329370287,0.1551628438176469,3.277,2.639,0.029468577528178823,0.012122317953476534,3.945478052394402
MA08.csv,SMD,Zeleznikow-Johnston_et_al_2017,0.4571651780264984,0.11377657089963522,0.15206168851353863,3.322,2.691,0.03095583367342188,0.012914684549779046,3.8285117613903408
MA08.csv,SMD,Zeleznikow-Johnston_et_al_2017,0.45166359162544856,0.11537811575691037,0.1546331406274717,3.274,2.636,0.029716050866101944,0.012253355246780262,3.9255024870561317
MA08.csv,SMD,Zhang_et_al_2016,0.45166359162544856,0.11537811575691037,0.1546331406274717,3.271,2.655,0.029716050866101944,0.012253355246780262,3.9255024870561317
MA08.csv,SMD,Zhang_et_al_2016,0.4527692569068708,0.1150514445263322,0.15410867545877072,3.286,2.673,0.029963694051500966,0.012384808061401005,3.9057230932438514
MA08.csv,SMD,Zhang_et_al_2016,0.4483302354291979,0.11637798526818133,0.1562382774420199,3.254,2.629,0.02897416746191747,0.011861508187214818,3.9860292173838574
MA08.csv,SMD,Zhang_et_al_2016,0.44721359549995793,0.11671806118852968,0.15678416834319353,3.251,2.626,0.028727244506538515,0.011731744923834593,4.006610715466385
MA08.csv,SMD,Zhang_et_al_2016,0.44721359549995793,0.11671806118852968,0.15678416834319353,3.258,2.616,0.028727244506538515,0.011731744923834593,4.006610715466385
MA08.csv,SMD,Zhang_et_al_2016,0.4483302354291979,0.11637798526818133,0.1562382774420199,3.277,2.643,0.02897416746191747,0.011861508187214818,3.9860292173838574
MA08.csv,SMD,Zhang_et_al_2016,0.4527692569068708,0.1150514445263322,0.15410867545877072,3.294,2.69,0.029963694051500966,0.012384808061401005,3.9057230932438514
MA08.csv,SMD,Zhang_et_al_2016,0.4593473631142341,0.11315758006027443,0.1510677043921792,3.325,2.693,0.03145275404785403,0.013181999849380685,3.791012433190477
MA08.csv,SMD,Zhang_et_al_2016,0.4483302354291979,0.11637798526818133,0.1562382774420199,3.27,2.629,0.02897416746191747,0.011861508187214818,3.9860292173838574
MA08.csv,SMD,Zhang_et_al_2016,0.44721359549995793,0.11671806118852968,0.15678416834319353,3.236,2.643,0.028727244506538515,0.011731744923834593,4.006610715466385
MA08.csv,SMD,Zhang_et_al_2016,0.45166359162544856,0.11537811575691037,0.1546331406274717,3.289,2.641,0.029716050866101944,0.012253355246780262,3.9255024870561317
MA08.csv,SMD,Zhang_et_al_2016,0.44944410108488464,0.11604133638558978,0.15569786294024301,3.276,2.64,0.029221280780707803,0.011991700737454335,3.9656526554653238
MA08.csv,SMD,Zhang_et_al_2016,0.458257569495584,0.11346557536103796,0.15156229603790683,3.338,2.672,0.031204228199755494,0.013048147766701433,3.8096720676868867
MA08.csv,SMD,Zhang_et_al_2016,0.4743416490252569,0.10913800450788336,0.14461154673130405,3.425,2.78,0.03494263441450816,0.015094392967068123,3.5473542223420695
MA08.csv,SMD,Zhang_et_al_2016,0.4505552130427524,0.11570806329370287,0.1551628438176469,3.291,2.665,0.029468577528178823,0.012122317953476534,3.945478052394402
MA08.csv,SMD,Zhang_et_al_2016,0.4669047011971501,0.11108210967702303,0.14773441971969192,3.365,2.728,0.0331956094212641,0.014129492979589365,3.665231004266889
MA08.csv,SMD,Zhang_et_al_2016,0.4538722287164087,0.11472800131582372,0.15358937189983313,3.298,2.671,0.03021150043541764,0.012516671873864852,3.8861370584009403
MA08.csv,SMD,Zhang_et_al_2016,0.4527692569068708,0.1150514445263322,0.15410867545877072,3.283,2.655,0.029963694051500966,0.012384808061401005,3.9057230932438514
MA08.csv,SMD,Zhang_et_al_2016,0.5761944116355173,0.08975710854753904,0.11347363546481304,4.133,3.308,0.06123052018123255,0.031197758303041133,2.3716526917273995
MA08.csv,SMD,Zhang_et_al_2016,0.469041575982343,0.11051380167284386,0.1468215817105869,3.423,2.757,0.0336944158029041,0.014403463636943262,3.6307780037743043
MA08.csv,SMD,Zhang_et_al_2016,0.44721359549995793,0.11671806118852968,0.15678416834319353,3.248,2.641,0.028727244506538515,0.011731744923834593,4.006610715466385
MA08.csv,SMD,Zhang_et_al_2016,0.45166359162544856,0.11537811575691037,0.1546331406274717,3.277,2.652,0.029716050866101944,0.012253355246780262,3.9255024870561317
MA08.csv,SMD,Zhang_et_al_2016,0.44944410108488464,0.11604133638558978,0.15569786294024301,3.236,2.654,0.029221280780707803,0.011991700737454335,3.9656526554653238
MA08.csv,SMD,Zhang_et_al_2016,0.4483302354291979,0.11637798526818133,0.1562382774420199,3.254,2.621,0.02897416746191747,0.011861508187214818,3.9860292173838574
MA08.csv,SMD,Zhang_et_al_2016,0.4604345773288535,0.11285254202099038,0.1505778454474136,3.34,2.694,0.03170140510772641,0.013316236467954636,3.772530342642322
MA08.csv,SMD,Zhang_et_al_2016,0.4626013402488151,0.11225116986717909,0.14961205946718037,3.368,2.725,0.032199058850550674,0.013585846153199488,3.736088960000128
MA08.csv,SMD,Zhang_et_al_2016,0.4483302354291979,0.11637798526818133,0.1562382774420199,3.258,2.616,0.02897416746191747,0.011861508187214818,3.9860292173838574
MA08.csv,SMD,Zhang_et_al_2016,0.44944410108488464,0.11604133638558978,0.15569786294024301,3.254,2.613,0.029221280780707803,0.011991700737454335,3.9656526554653238
MA08.csv,SMD,Zhang_et_al_2016,0.4909175083453431,0.10512549649179626,0.13816486511886017,3.538,2.844,0.038942158695194296,0.017358036608619464,3.3039368627063914
MA08.csv,SMD,Zhang_et_al_2016,0.44721359549995793,0.11671806118852968,0.15678416834319353,3.254,2.64,0.028727244506538515,0.011731744923834593,4.006610715466385
MA08.csv,SMD,Zhang_et_al_2016,0.44944410108488464,0.11604133638558978,0.15569786294024301,3.278,2.647,0.029221280780707803,0.011991700737454335,3.9656526554653238
MA08.csv,SMD,Zhang_et_al_2016,0.4483302354291979,0.11637798526818133,0.1562382774420199,3.238,2.632,0.02897416746191747,0.011861508187214818,3.9860292173838574
MA08.csv,SMD,Zhang_et_al_2016,0.44721359549995793,0.11671806118852968,0.15678416834319353,3.259,2.618,0.028727244506538515,0.011731744923834593,4.006610715466385
MA08.csv,SMD,Zhang_et_al_2016,0.454972526643093,0.11440773877867338,0.15307515500264002,3.288,2.666,0.03045946346169065,0.012648942193135636,3.8667416223966633
MA08.csv,SMD,Zhang_et_al_2016,0.44944410108488464,0.11604133638558978,0.15569786294024301,3.303,2.619,0.029221280780707803,0.011991700737454335,3.9656526554653238
MA08.csv,SMD,Zhang_et_al_2016,0.45607017003965516,0.11409061048497304,0.15256595124831418,3.339,2.662,0.030707576665749515,0.012781614560555512,3.8475340763341137
MA08.csv,SMD,Zhang_et_al_2016,0.454972526643093,0.11440773877867338,0.15307515500264002,3.305,2.66,0.03045946346169065,0.012648942193135636,3.8667416223966633
MA08.csv,SMD,Zhang_et_al_2016,0.45166359162544856,0.11537811575691037,0.1546331406274717,3.27,2.649,0.029716050866101944,0.012253355246780262,3.9255024870561317
MA08.csv,SMD,Zhang_et_al_2016,0.4527692569068708,0.1150514445263322,0.15410867545877072,3.291,2.648,0.029963694051500966,0.012384808061401005,3.9057230932438514
MA08.csv,SMD,Zhang_et_al_2016,0.454972526643093,0.11440773877867338,0.15307515500264002,3.308,2.655,0.03045946346169065,0.012648942193135636,3.8667416223966633
MA08.csv,SMD,Zhang_et_al_2016,0.4593473631142341,0.11315758006027443,0.1510677043921792,3.314,2.695,0.03145275404785403,0.013181999849380685,3.791012433190477
MA08.csv,SMD,Zhang_et_al_2016,0.44721359549995793,0.11671806118852968,0.15678416834319353,3.279,2.626,0.028727244506538515,0.011731744923834593,4.006610715466385
MA08.csv,SMD,Zhang_et_al_2016,0.454972526643093,0.11440773877867338,0.15307515500264002,3.28,2.661,0.03045946346169065,0.012648942193135636,3.8667416223966633
MA08.csv,SMD,Zhang_et_al_2016,0.454972526643093,0.11440773877867338,0.15307515500264002,3.284,2.666,0.03045946346169065,0.012648942193135636,3.8667416223966633
MA08.csv,SMD,Zhang_et_al_2016,0.4505552130427524,0.11570806329370287,0.1551628438176469,3.28,2.648,0.029468577528178823,0.012122317953476534,3.945478052394402
MA08.csv,SMD,Zhang_Cai_2008,0.4722287581247038,0.1096807887826704,0.1454834858325006,3.447,2.735,0.03444316693334491,0.014817012122603264,3.580269704983019
MA08.csv,SMD,Zhang_Cai_2008,0.469041575982343,0.11051380167284386,0.1468215817105869,3.397,2.746,0.0336944158029041,0.014403463636943262,3.6307780037743043
MA08.csv,SMD,Zhang_Cai_2008,0.5079370039680118,0.1014163882609036,0.13220479716353695,3.648,2.956,0.04318524194241817,0.01983846259101444,3.0788408902633346
MA10.csv,SMD,Lajud_etal_2021,0.34464285717246484,0.2872181237669841,0.6732354462336221,1.845,1.222,0.001370457817433921,9.279449718125973e-6,38.6017322466638
MA10.csv,SMD,Menezes_etal_2020,0.45943877502883884,0.18224841228830602,0.4392735276140032,2.366,1.492,0.007211918234756615,1.881316497951466e-4,25.702511532569716
MA10.csv,SMD,Banqueri_etal_2019,0.23443877452332837,0.5375315477100365,0.9430807217599714,1.361,1.038,5.551368588204958e-5,2.001037534422189e-8,40.55491740499348
MA10.csv,SMD,Kambali_etal_2017,0.7877551021732578,0.093790220752342,0.18372901073287895,3.923,2.372,0.05401700334221181,0.007020710097449582,8.993878998053695
MA10.csv,SMD,Lazzaretti_etal_ s1_2018,0.45306122433949253,0.18609624394885427,0.44931317695718387,2.358,1.475,0.006727401458228917,1.660677200357561e-4,26.321693300832962
MA10.csv,SMD,Lazzaretti_etal_ s2_2018,0.4729591832283204,0.17460398168449565,0.4190142472757108,2.443,1.537,0.00830424449733908,2.4223648746690062e-4,24.441026559121514
MA10.csv,SMD,Banqueri_etal_ s1_2018,0.6306122445687207,0.1190141489219323,0.2604762173676244,3.218,1.952,0.027128490795043314,0.0020180019027757723,14.146206844569209
MA10.csv,SMD,Banqueri_etal_ s2_2018,0.6306122445687207,0.1190141489219323,0.2604762173676244,3.189,1.943,0.027128490795043314,0.0020180019027757723,14.146206844569209
MA10.csv,SMD,Adler_Schmauss _s1_2016,0.5020408160697694,0.16022742383323751,0.3798185659921779,2.601,1.617,0.010951980173880493,3.975650147389726e-4,21.959114215894036
MA10.csv,SMD,Adler_Schmauss _s2_2016,0.5864795921428128,0.13009023666630415,0.2934399939153173,2.987,1.827,0.020824016388089058,0.0012555069367531989,16.334975724901312
MA10.csv,SMD,Thomas_etal_ s1_2016,0.38852040873035226,0.23630100783457997,0.5701915306195098,2.053,1.317,0.002913539900197349,3.674339993168393e-5,33.38905227849298
MA10.csv,SMD,Thomas_etal_ s2_2016,0.4372448981977949,0.19638006511645156,0.47561585157987296,2.279,1.439,0.005610648644036542,1.1987288605303106e-4,27.92357864634214
MA10.csv,SMD,Thomas_etal_s3_2016,0.3698979589021815,0.25579490128656635,0.6119549997013335,1.966,1.278,0.0021636635052558763,2.1396805266989683e-5,35.61600984147672
MA10.csv,SMD,Benner_etal_2014,0.45331632664178334,0.1859391837608655,0.44890547361728206,2.372,1.478,0.0067464039599021905,1.669102983900382e-4,26.296628985641657
MA10.csv,SMD,Wang_etal_2014,0.20943877625692908,0.6328309487475422,0.9774577943129056,1.262,1.017,1.6205241435066107e-5,1.6092640204488915e-9,34.46268455653634
MA10.csv,SMD,Plescia_etal_ s1_2013,0.5397959179171329,0.14496683953072376,0.3367422477803649,2.759,1.695,0.01498059964485608,6.962453838380445e-4,19.17754082496411
MA10.csv,SMD,Plescia_etal_ s2_2013,0.6505102043780713,0.11475742107958065,0.24766716143578937,3.298,2.003,0.030188852151622737,0.002445796395269986,13.290974035620874
MA10.csv,SMD,Xue_etal_2013,0.3946428575307046,0.23047190718336452,0.5571392072354273,2.078,1.343,0.0031927432593964428,4.3368288292026647e-5,32.666730005206276
MA10.csv,SMD,Baudin_etal_2012,0.8410714285956931,0.08832123928568636,0.166902364298681,4.208,2.528,0.06410990586779083,0.009612161781644582,7.8581125012994635
MA10.csv,SMD,Noschang_etal_ s1_2012,0.3946428575307046,0.23047190718336452,0.5571392072354273,2.073,1.333,0.0031927432593964428,4.3368288292026647e-5,32.666730005206276
MA10.csv,SMD,Noschang_etal_ s2_2012,0.4875,0.16708965095953043,0.3987020118654957,2.531,1.568,0.009577526480776255,3.1273871700629517e-4,23.161236090596525
MA10.csv,SMD,Wang_etal_ s1_2011,0.2548469383767441,0.47201621070843713,0.9027873403791253,1.443,1.056,1.25336919205046e-4,1.0042718413779356e-7,43.07711296706882
MA10.csv,SMD,Wang_etal_ s2_2011,0.28698979598585034,0.3891138189460568,0.824526355715802,1.588,1.108,3.5314515710695534e-4,7.386345522152318e-7,43.54125367697452
MA10.csv,SMD,Mehta_Schmauss_s1_2011,0.590306122278941,0.12902815506351772,0.29030397978345057,3.03,1.844,0.021342224581594474,0.0013120502805351638,16.127582471993286
MA10.csv,SMD,Mehta_Schmauss_s2_2011,0.5127551023636917,0.15554601712853722,0.36675922127036775,2.622,1.632,0.01202859610820283,4.701774917408037e-4,21.121320414183053
MA10.csv,SMD,Enthoven_etal_2008,0.5727040815290214,0.13409581304511442,0.3052161825222467,2.935,1.799,0.019006128648534727,0.001065996330720723,17.11203694771323
MA10.csv,SMD,Fabricius_etal_2008,0.3992346941336637,0.2262716229918741,0.5475728256928319,2.113,1.35,0.0034130850645654846,4.8934126045778716e-5,32.13012027009579
MA10.csv,SMD,Lovic_Fleming_2004,0.4022959184480996,0.2235496841738316,0.5413013814033781,2.117,1.356,0.0035652537818164983,5.2949137288310336e-5,31.775169722954654
MA10.csv,SMD,Levy_etal_2003,0.37653061230131074,0.24852974379718462,0.5967290324142357,2.013,1.293,0.0024139518772214653,2.611374821662018e-5,34.81992886170511
MA10.csv,SMD,Oitzl_etal_2000,0.33367346912812834,0.3029981754980332,0.701267283448519,1.796,1.198,0.0010991323881751672,6.180804682631954e-6,39.826910795048576
MA10.csv,SMD,Lehmann_etal_1999,0.3512755101056719,0.2783405643742457,0.6566679362875755,1.883,1.23,0.0015552581826489137,1.1704330222986014e-5,37.832737191332974
MA10.csv,SMD,Wong_Jamieson_1968,0.3834183668005486,0.24136840899364087,0.5813269568482261,2.032,1.319,0.002693406973090789,3.1863413269980706e-5,33.995854785458526
MA12.csv,SMD,Beiter_2016,0.46060090751104693,0.1598458816454883,0.3082451954258564,2.589,1.784,0.011035206849446885,0.0010225040543677451,14.839931378036809
MA12.csv,SMD,Beiter_2016,0.46060090751104693,0.1598458816454883,0.3082451954258564,2.597,1.788,0.011035206849446885,0.0010225040543677451,14.839931378036809
MA12.csv,SMD,Greenwood_2009,0.46768707486951144,0.1564527556566656,0.30054333040408854,2.632,1.799,0.011810316735858981,0.0011371339731317109,14.409057474742292
MA12.csv,SMD,Greenwood_2009,0.46060090751104693,0.1598458816454883,0.3082451954258564,2.62,1.795,0.011035206849446885,0.0010225040543677451,14.839931378036809
MA12.csv,SMD,Jacquart_Roquet_2017,0.4535147395620125,0.16340202814295657,0.3162799624359043,2.553,1.76,0.010288281093749664,9.162725132104524e-4,15.287793429294771
MA12.csv,SMD,Jacquart_Roquet_2017,0.44642857099428573,0.1671315587582759,0.3246644617862403,2.501,1.737,0.009569797065109832,8.181188777290153e-4,15.75329030279644
MA12.csv,SMD,Jacquart_Roquet_2017,0.46060090751104693,0.1598458816454883,0.3082451954258564,2.575,1.794,0.011035206849446885,0.0010225040543677451,14.839931378036809
MA12.csv,SMD,Jacquart_Roquet_2017,0.46768707486951144,0.1564527556566656,0.30054333040408854,2.614,1.81,0.011810316735858981,0.0011371339731317109,14.409057474742292
MA12.csv,SMD,Jacquart_Roquet_2017,0.46768707486951144,0.1564527556566656,0.30054333040408854,2.644,1.815,0.011810316735858981,0.0011371339731317109,14.409057474742292
MA12.csv,SMD,Jacquart_Roquet_2017,0.46060090751104693,0.1598458816454883,0.3082451954258564,2.592,1.786,0.011035206849446885,0.0010225040543677451,14.839931378036809
MA12.csv,SMD,Jacquart_Roquet_2017,0.46768707486951144,0.1564527556566656,0.30054333040408854,2.624,1.802,0.011810316735858981,0.0011371339731317109,14.409057474742292
MA12.csv,SMD,Jacquart_Roquet_2017,0.4747732427169838,0.15321302570419226,0.2931583075324228,2.687,1.817,0.012613310855726746,0.0012604739094902158,13.994528182823052
MA12.csv,SMD,Jacquart_Roquet_2017,0.38973922948556255,0.204755548298443,0.4066016734903697,2.232,1.56,0.004860390129351167,2.830800535528844e-4,20.18461251919267
MA12.csv,SMD,Jacquart_Roquet_2017,0.38265306087891154,0.21067195258180227,0.41901338026788326,2.189,1.53,0.004401014775798153,2.4223911700636155e-4,20.8341427686081
MA12.csv,SMD,Jacquart_Roquet_2017,0.41099773235384157,0.18880327409802244,0.3724762062105692,2.335,1.618,0.006409674257518499,4.367997792139739e-4,18.367293211254676
MA12.csv,SMD,Jacquart_Roquet_2017,0.41099773235384157,0.18880327409802244,0.3724762062105692,2.353,1.628,0.006409674257518499,4.367997792139739e-4,18.367293211254676
MA12.csv,SMD,Jacquart_Roquet_2017,0.25510204036816325,0.40877827264649924,0.7495174341627647,1.547,1.169,0.00027543305204754613,2.916163737583053e-6,34.07391615162655
MA12.csv,SMD,Jacquart_Roquet_2017,0.5527210887961487,0.12553185978445336,0.2289553740893583,3.062,2.078,0.023166952641217826,0.003270350483314922,10.342351430490492
MA12.csv,SMD,Lynch_2010,0.5243764172805638,0.1341515550455099,0.24913959464516677,2.925,1.998,0.01898226310818268,0.002391722319022452,11.498803959965686
MA12.csv,SMD,Mika_2015,0.46768707486951144,0.1564527556566656,0.30054333040408854,2.623,1.807,0.011810316735858981,0.0011371339731317109,14.409057474742292
MA12.csv,SMD,Mika_2015,0.4535147395620125,0.16340202814295657,0.3162799624359043,2.543,1.766,0.010288281093749664,9.162725132104524e-4,15.287793429294771
MA12.csv,SMD,Mustroph_2011,0.42517006832560544,0.17947660255210085,0.35209632502073795,2.421,1.661,0.007586872826925692,5.688068462798349e-4,17.26197224686371
MA12.csv,SMD,Mustroph_2011,0.42517006832560544,0.17947660255210085,0.35209632502073795,2.395,1.679,0.007586872826925692,5.688068462798349e-4,17.26197224686371
MA12.csv,SMD,Mustroph_2011,0.49603174595987304,0.14432784831228918,0.27275495771569935,2.776,1.901,0.01518602372763638,0.001685721188243319,12.842710940341018
MA12.csv,SMD,Ogbonmwan_2015,0.48894557774868974,0.1471586034760599,0.2792783253326361,2.728,1.875,0.01430155712962924,0.0015344813706882536,13.211972185657617
MA12.csv,SMD,Ogbonmwan_2015,0.4747732427169838,0.15321302570419226,0.2931583075324228,2.682,1.835,0.012613310855726746,0.0012604739094902158,13.994528182823052
MA12.csv,SMD,Peterson_2014,0.5952380952190476,0.11488474223841827,0.20383334791831276,3.3,2.251,0.030091086638635838,0.004936950711944633,8.894860567989449
MA12.csv,SMD,Peterson_2014,0.6377551019004082,0.1063390153278444,0.18355112268985896,3.504,2.37,0.03767259161739277,0.007043360541322355,7.721210736201456
MA12.csv,SMD,Peterson_2014,0.38973922948556255,0.204755548298443,0.4066016734903697,2.22,1.563,0.004860390129351167,2.830800535528844e-4,20.18461251919267
MA12.csv,SMD,Peterson_2014,0.38265306087891154,0.21067195258180227,0.41901338026788326,2.201,1.522,0.004401014775798153,2.4223911700636155e-4,20.8341427686081
MA12.csv,SMD,Peterson_2014,0.4322562353512092,0.17515632240618595,0.3425538705612551,2.44,1.685,0.008218954846434775,6.447245264650748e-4,16.739754815506913
MA12.csv,SMD,Peterson_2014,0.48185940999424304,0.15011774811046952,0.2860748268809903,2.694,1.857,0.013443849615471777,0.0013928258260079871,13.595707877052076
MA12.csv,SMD,Peterson_2014,0.4322562353512092,0.17515632240618595,0.3425538705612551,2.44,1.689,0.008218954846434775,6.447245264650748e-4,16.739754815506913
MA12.csv,SMD,Peterson_2014,0.40391156457818833,0.19384126519586886,0.3833554884321846,2.296,1.6,0.005864499738228355,3.800078039279336e-4,18.951422323631572
MA12.csv,SMD,Peterson_2014,0.48894557774868974,0.1471586034760599,0.2792783253326361,2.73,1.863,0.01430155712962924,0.0015344813706882536,13.211972185657617
MA12.csv,SMD,Peterson_2014,0.4747732427169838,0.15321302570419226,0.2931583075324228,2.652,1.832,0.012613310855726746,0.0012604739094902158,13.994528182823052
MA12.csv,SMD,Peterson_2014,0.8149092967932076,0.08417931608944673,0.13071524846657134,4.505,2.974,0.07351521988617181,0.020526440069446962,4.653593237712461
MA12.csv,SMD,Powers_2015,0.42517006832560544,0.17947660255210085,0.35209632502073795,2.428,1.668,0.007586872826925692,5.688068462798349e-4,17.26197224686371
MA12.csv,SMD,Sanchez_2014,0.46060090751104693,0.1598458816454883,0.3082451954258564,2.593,1.783,0.011035206849446885,0.0010225040543677451,14.839931378036809
MA12.csv,SMD,Sanchez_2014,0.49603174595987304,0.14432784831228918,0.27275495771569935,2.769,1.91,0.01518602372763638,0.001685721188243319,12.842710940341018
MA12.csv,SMD,Siette_2014,0.5102040817163266,0.13902314132101612,0.2604756798017702,2.829,1.949,0.017033443634092486,0.0020180179801772514,12.14525384807541
MA12.csv,SMD,Siette_2014,0.517290249279841,0.13653618960991554,0.2546954336281053,2.912,1.973,0.017995434087427122,0.0021995766713390715,11.815924401818979
MA12.csv,SMD,Smith_2012,0.517290249279841,0.13653618960991554,0.2546954336281053,2.903,1.961,0.017995434087427122,0.0021995766713390715,11.815924401818979
MA12.csv,SMD,Smith_2012,0.5314625847602068,0.13186376306725034,0.2437975084356997,2.948,2.021,0.019993392931178255,0.0025946737029547916,11.193374536844935
MA12.csv,SMD,Smith_2012,0.5102040817163266,0.13902314132101612,0.2604756798017702,2.858,1.947,0.017033443634092486,0.0020180179801772514,12.14525384807541
MA12.csv,SMD,Smith_2012,0.5456349209865512,0.12755855478977662,0.23371471954024237,3.03,2.073,0.022086316343018303,0.0030338024636549035,10.615616475046574
MA12.csv,SMD,Smith_2012,0.5456349209865512,0.12755855478977662,0.23371471954024237,3.065,2.066,0.022086316343018303,0.0030338024636549035,10.615616475046574
MA12.csv,SMD,Smith_2012,0.44642857099428573,0.1671315587582759,0.3246644617862403,2.508,1.743,0.009569797065109832,8.181188777290153e-4,15.75329030279644
MA12.csv,SMD,Sobieraj_2016,0.4535147395620125,0.16340202814295657,0.3162799624359043,2.557,1.761,0.010288281093749664,9.162725132104524e-4,15.287793429294771
MA12.csv,SMD,Sobieraj_2016,0.517290249279841,0.13653618960991554,0.2546954336281053,2.909,1.963,0.017995434087427122,0.0021995766713390715,11.815924401818979
MA12.csv,SMD,Tsuboi_2015,0.42517006832560544,0.17947660255210085,0.35209632502073795,2.398,1.659,0.007586872826925692,5.688068462798349e-4,17.26197224686371
MA12.csv,SMD,Zlebnik_2014,0.4322562353512092,0.17515632240618595,0.3425538705612551,2.443,1.691,0.008218954846434775,6.447245264650748e-4,16.739754815506913
MA12.csv,SMD,Zlebnik_2014,0.4322562353512092,0.17515632240618595,0.3425538705612551,2.439,1.686,0.008218954846434775,6.447245264650748e-4,16.739754815506913
MA12.csv,SMD,Zlebnik_2014,0.4180839006706668,0.18402052635939492,0.3620635681134612,2.368,1.645,0.006983778987437553,4.996152882135898e-4,17.804304175406628
MA12.csv,SMD,Zlebnik_2014,0.42517006832560544,0.17947660255210085,0.35209632502073795,2.399,1.665,0.007586872826925692,5.688068462798349e-4,17.26197224686371
MA12.csv,SMD,Zlebnik_2014,0.4322562353512092,0.17515632240618595,0.3425538705612551,2.433,1.689,0.008218954846434775,6.447245264650748e-4,16.739754815506913
MA12.csv,SMD,Zlebnik_2014,0.46060090751104693,0.1598458816454883,0.3082451954258564,2.593,1.792,0.011035206849446885,0.0010225040543677451,14.839931378036809
MA12.csv,SMD,Zlebnik_2014,0.41099773235384157,0.18880327409802244,0.3724762062105692,2.321,1.618,0.006409674257518499,4.367997792139739e-4,18.367293211254676
MA12.csv,SMD,Zlebnik_2014,0.41099773235384157,0.18880327409802244,0.3724762062105692,2.348,1.622,0.006409674257518499,4.367997792139739e-4,18.367293211254676
MA12.csv,SMD,Zlebnik_2014,0.4180839006706668,0.18402052635939492,0.3620635681134612,2.364,1.644,0.006983778987437553,4.996152882135898e-4,17.804304175406628
MA12.csv,SMD,Zlebnik_2014,0.42517006832560544,0.17947660255210085,0.35209632502073795,2.413,1.663,0.007586872826925692,5.688068462798349e-4,17.26197224686371
MA12.csv,SMD,Zlebnik_2014,0.40391156457818833,0.19384126519586886,0.3833554884321846,2.291,1.609,0.005864499738228355,3.800078039279336e-4,18.951422323631572
MA12.csv,SMD,Zlebnik_2014,0.43934240405405894,0.17104564097806563,0.3334163002685099,2.492,1.713,0.008879967166402103,7.2771472385849e-4,16.237065929044427
MA12.csv,SMD,Zlebnik_2010,0.44642857099428573,0.1671315587582759,0.3246644617862403,2.513,1.739,0.009569797065109832,8.181188777290153e-4,15.75329030279644
MA12.csv,SMD,Zlebnik_2010,0.43934240405405894,0.17104564097806563,0.3334163002685099,2.475,1.71,0.008879967166402103,7.2771472385849e-4,16.237065929044427
MA12.csv,SMD,Zlebnik_2010,0.46060090751104693,0.1598458816454883,0.3082451954258564,2.593,1.776,0.011035206849446885,0.0010225040543677451,14.839931378036809
MA12.csv,SMD,Zlebnik_2010,0.44642857099428573,0.1671315587582759,0.3246644617862403,2.514,1.727,0.009569797065109832,8.181188777290153e-4,15.75329030279644
MA12.csv,SMD,Zlebnik_2010,0.46768707486951144,0.1564527556566656,0.30054333040408854,2.643,1.805,0.011810316735858981,0.0011371339731317109,14.409057474742292
MA12.csv,SMD,Zlebnik_2010,0.5598072561158886,0.12358340259099276,0.22437244203220041,3.105,2.125,0.024269579603185213,0.0035184454230727225,10.078903944120764
MA12.csv,SMD,Zlebnik_2010,0.5456349209865512,0.12755855478977662,0.23371471954024237,3.017,2.066,0.022086316343018303,0.0030338024636549035,10.615616475046574
MA13_01.csv,SMD,Atsak_etal_2016,0.4005102046140647,0.9328403939253789,0.9999501277407477,1.042,0.997,3.244682785587616e-8,2.8337812802796877e-15,6.710973381536878
MA13_01.csv,SMD,Bal_etal_2019,0.46173469438628933,0.8505665274284233,0.999081415740304,1.093,0.996,4.1697272757037367e-7,9.951213627793373e-13,14.851488831188064
MA13_01.csv,SMD,Bal_etal_2019,0.4311224489631687,0.8946786152431657,0.9997452811924443,1.062,0.999,1.296219280406676e-7,7.036519547433014e-14,10.50666659492786
MA13_01.csv,SMD,Bal_etal_2019,0.4719387756902372,0.834978477271047,0.9986748395024353,1.102,1.004,5.918138931942329e-7,2.1741979349452496e-12,16.369636223138826
MA13_01.csv,SMD,Barrett_etal_2021,0.6173469389249452,0.6114100481515511,0.9668246680414339,1.275,1.016,2.155093346944597e-5,4.454946098046888e-9,35.541461988988274
MA13_01.csv,SMD,Boggiano_etal_2007,0.6709183676126329,0.5413918613310615,0.9373551571476942,1.363,1.036,5.2889014704346405e-5,2.6437603004668846e-8,39.59632958166327
MA13_01.csv,SMD,Bowers_etal_1999,0.47448979546456,0.831032446329102,0.9985537267263971,1.103,0.999,6.441970161579383e-7,2.6248658557302367e-12,16.75212803972951
MA13_01.csv,SMD,Calvez_etal_2011,0.5841836731713751,0.6592105699157207,0.9798928708795197,1.234,1.012,1.1298537568912184e-5,1.1997553106199326e-9,32.0682300963799
MA13_01.csv,SMD,Calvez_etal_2011,0.5637755102875612,0.690089675294622,0.9859809966769382,1.204,1.006,7.284241098775665e-6,4.845107093154951e-10,29.589132138231623
MA13_01.csv,SMD,Cifani_etal_2013,0.45153061247273146,0.8657743364307463,0.9993811845035114,1.081,1.002,2.883828356267531e-7,4.34187870611998e-13,13.360684807276513
MA13_01.csv,SMD,Cifani_etal_2013,0.5153061226106285,0.766420959400892,0.9951695029608527,1.149,1.003,2.1968531759323666e-6,3.835032092719657e-11,22.874854355996067
MA13_01.csv,SMD,DerAvakian_etal_2010,0.46683673484420657,0.8428144347179579,0.9988929374644779,1.097,1.003,4.978676465256855e-7,1.4793691901486654e-12,15.607850274652002
MA13_01.csv,SMD,Enkel_etal_2010,0.3775510203932708,0.956137517656373,0.9999891687223014,1.027,0.999,9.564140736535366e-9,1.5813673740867585e-16,4.3851651065928365
MA13_01.csv,SMD,Enkel_etal_2010,0.2678571428952381,0.9993350437393466,0.9999999999943519,0.998,1.001,5.044695016444795e-13,4.624386976012431e-27,0.0664956255005289
MA13_01.csv,SMD,Goebel-Stengel_etal_2014,0.6020408167225874,0.6330763709388447,0.973354542777844,1.26,1.013,1.615179365384037e-5,2.487711143660106e-9,34.02781718389992
MA13_01.csv,SMD,Hebb_etal_2003,0.7066326527977602,0.4998686229067886,0.9125151838629958,1.399,1.052,8.876080772243445e-5,7.221426050301438e-8,41.26465609562072
MA13_01.csv,SMD,Hotta_etal_1999,2.117346938741972,0.10025127501407005,0.19786307300013095,3.723,2.285,0.04464211100143054,0.005468371045455243,9.76117979860609
MA13_01.csv,SMD,Hotta_etal_1999,4.5255102043857995,0.06079196885911664,0.08124245875486569,7.754,4.625,0.19291628467196031,0.08135927768975924,2.0450489895749047
MA13_01.csv,SMD,Katz_etal_1979,0.31632653066096117,0.9921831960770059,0.9999999745847337,1.006,0.999,1.1784459640934058e-10,3.685211746831746e-21,0.7816778507727773
MA13_01.csv,SMD,Krahn_etal_1986,0.6454081631030087,0.5735794375823307,0.9526394944527635,1.315,1.027,3.518835591078831e-5,1.1854170816667623e-8,37.90600568704329
MA13_01.csv,SMD,Krahn_etal_1986,0.5841836731713751,0.6592105699157207,0.9798928708795197,1.239,1.01,1.1298537568912184e-5,1.1997553106199326e-9,32.0682300963799
MA13_01.csv,SMD,Makhijani_etal_2021,0.42857142811904764,0.8981210072742231,0.9997743401367976,1.064,0.999,1.1654439119318106e-7,5.5126855229687486e-14,10.16533328625745
MA13_01.csv,SMD,Pecoraro_etal_2005,0.5280612246700187,0.7460808544994552,0.9933918108675377,1.165,1.005,3.084568656487892e-6,7.933340924324354e-11,24.731095636808252
MA13_01.csv,SMD,Ramsey_etal_1993,0.4362244892254446,0.8876711101566153,0.9996777591001123,1.068,1.001,1.596327182224611e-7,1.1332617293223833e-13,11.2006648943497
MA13_01.csv,SMD,Ramsey_etal_1993,0.6301020409425763,0.5939042283685233,0.9607286500165444,1.298,1.022,2.708927100545714e-5,7.045657219854932e-9,36.68244216480211
MA13_01.csv,SMD,Ramsey_etal_1993,0.34438775529916854,0.9803335859547666,0.999999366104368,1.009,0.998,1.1337753624067312e-9,9.366602975828323e-19,1.9665780149601408
MA13_01.csv,SMD,Reed_etal_2021,1.3673469387832775,0.1732193230590492,0.4029244921566695,2.453,1.563,0.008522776527315997,2.9650384547851347e-4,22.97051690976203
MA13_01.csv,SMD,Reed_etal_2021,0.4540816325287778,0.8620130027780565,0.999315016993915,1.084,0.999,3.168078636331833e-7,5.367505995810798e-13,13.730201421585853
MA13_01.csv,SMD,Rykhtik_etal_1997,0.3698979589021815,0.9627395223714743,0.9999939408288974,1.019,1,6.101835582745585e-9,5.412155959233563e-17,3.7254418457423055
MA13_01.csv,SMD,Rykhtik_etal_1997,0.36479591828856855,0.9668031487814214,0.9999959788544917,1.018,0.998,4.462725870804588e-9,2.558320526889765e-17,3.319283007307028
MA13_01.csv,SMD,Sekino_etal_2004,0.8035714286857143,0.4065105204567172,0.8305494613047352,1.549,1.104,2.834050660069856e-4,6.508554795017335e-7,42.4038940848018
MA13_01.csv,SMD,Sekino_etal_2004,0.7704081632485471,0.43548181775680617,0.8603457606531163,1.505,1.083,1.9722239719842684e-4,3.300839556303288e-7,42.486394289631015
MA13_01.csv,SMD,Sekino_etal_2004,3.3137755098980377,0.07023081687280985,0.10896814716162051,5.705,3.432,0.1239881500797504,0.035100857123931836,3.8737330288810656
MA13_01.csv,SMD,Sekino_etal_2004,0.7576530611038275,0.44741202123362533,0.8714103470045635,1.483,1.074,1.7003396888104635e-4,2.4953844259263455e-7,42.39983257709382
MA13_01.csv,SMD,Sekino_etal_2004,0.7831632652263512,0.42399701521168887,0.8490419415192528,1.522,1.093,2.2759951898696691e-4,4.3199692913666377e-7,42.504492630756395
MA13_01.csv,SMD,Shibasaki_etal_1988,0.3545918371874908,0.9741116482077172,0.9999983316026082,1.017,0.999,2.306545842631475e-9,5.226332712497187e-18,2.5886683394890975
MA13_01.csv,SMD,Shibasaki_etal_1988,0.5943877547527371,0.6441680195555662,0.9762980891080684,1.253,1.021,1.3898135420076679e-5,1.8324947991641675e-9,33.213006955250215
MA13_01.csv,SMD,Shibasaki_etal_1988,0.5816326529692087,0.6630145919338271,0.9807333207167915,1.241,1.007,1.071512735200991e-5,1.075993940969662e-9,31.77187287829645
MA13_01.csv,SMD,Shibasaki_etal_1988,0.653061224541773,0.5637007573556482,0.9482855661720271,1.329,1.031,3.990702406447994e-5,1.5202556780560834e-8,38.45848088163789
MA13_01.csv,SMD,Shimizu_etal_1989,0.8979591839276437,0.3382217868531171,0.7420897044524472,1.71,1.171,6.827211921516348e-4,3.2905207858743167e-6,40.386791759933004
MA13_01.csv,SMD,Smagin_etal_1999,0.6887755098724112,0.5201189062193625,0.925403399107757,1.381,1.047,6.900848328619459e-5,4.439264080262901e-8,40.528449288839454
MA13_01.csv,SMD,Zorilla_etal_2004,0.4132653058266566,0.9178235222398456,0.9998966241418049,1.047,0.996,5.955424774103041e-8,1.1689046097229375e-14,8.207310190195926
MA13_01.csv,SMD,Zorilla_etal_2004,0.46683673484420657,0.8428144347179579,0.9988929374644779,1.098,1.001,4.978676465256855e-7,1.4793691901486654e-12,15.607850274652002
MA13_02.csv,SMD,Amemiya_etal_2020,0.50510204117584,0.11661330069148135,0.4247646048415765,3.264,1.522,0.028803021589240592,2.2542697886125608e-4,30.815130415009516
MA13_02.csv,SMD,Bai_etal_2019,0.4897959187253401,0.12095057747771665,0.44652066761860754,3.146,1.49,0.02586733358724828,1.7192652759900654e-4,32.55700901408909
MA13_02.csv,SMD,Bai_etal_2019,0.4362244892254446,0.13999492140612235,0.5356922162423686,2.828,1.36,0.016674979543923423,5.680816300411011e-5,39.56972948362463
MA13_02.csv,SMD,Bai_etal_2019,0.47959183687798523,0.12408140914174348,0.4618995416611411,3.104,1.459,0.023981555447062406,1.4206931927344358e-4,33.78181325193977
MA13_02.csv,SMD,Bai_etal_2019,0.50510204117584,0.11661330069148135,0.4247646048415765,3.23,1.523,0.028803021589240592,2.2542697886125608e-4,30.815130415009516
MA13_02.csv,SMD,Bai_etal_2019,0.4311224489631687,0.14219674172833063,0.545315154221452,2.817,1.348,0.015896804278654413,5.03444679202186e-5,40.31184124931214
MA13_02.csv,SMD,Bai_etal_2019,0.47448979546456,0.12572495402206718,0.46986154248208767,3.074,1.454,0.023061160047096064,1.287262702675075e-4,34.41365884600205
MA13_02.csv,SMD,Bai_etal_2019,0.727040816598353,0.08168651298554419,0.23332191905269328,4.611,2.048,0.08010164718198645,0.0030525621250025773,15.163540606714909
MA13_02.csv,SMD,Braun & Hauber2013,0.6836734695744746,0.08590507492301092,0.25765343959104925,4.353,1.946,0.06938267728321025,0.0021044556101104703,17.174836466803832
MA13_02.csv,SMD,Braun & Hauber2013,0.5255102044680008,0.11142230431034217,0.39805831756335697,3.362,1.565,0.03290156698252485,3.1529384537788056e-4,28.663601325301478
MA13_02.csv,SMD,Bryce_etal_2016,0.4948979591794656,0.11945895866711209,0.4390971325091958,3.174,1.487,0.0268319928233936,1.885449229989806e-4,31.96381738420837
MA13_02.csv,SMD,Chu_etal_2021,0.625,0.09310204808743616,0.29857318127783916,3.981,1.814,0.05516434311362465,0.0011686802861471893,20.5471133190403
MA13_02.csv,SMD,Chu_etal_2021,0.6147959181712254,0.09457315299269664,0.30682799762734514,3.881,1.785,0.0527499729368938,0.0010426055253228953,21.22548446346485
MA13_02.csv,SMD,Cozzoli_etal_2014,0.49744897929335424,0.11873070542062636,0.43545034052776155,3.209,1.498,0.02731960519619605,1.9729971409898915e-4,31.671963510713518
MA13_02.csv,SMD,Cozzoli_etal_2014,0.33928571440601507,0.20077485919367288,0.7501878755566099,2.269,1.159,0.005201201580863323,2.8842415643296104e-6,54.9413016362937
MA13_02.csv,SMD,Cozzoli_etal_2014,0.33418367404767096,0.2055229284005572,0.7627911318364553,2.225,1.151,0.004797742847992413,2.337059587392376e-6,55.726820343589814
MA13_02.csv,SMD,Cozzoli_etal_2014,0.4030612248778094,0.15587279353776606,0.6018644357523222,2.614,1.293,0.011949367535155436,2.442398815591285e-5,44.59916422145561
MA13_02.csv,SMD,Farook_etal_2009,0.48469387761761545,0.12249069144402425,0.45412034462576634,3.157,1.477,0.024917066575265753,1.5645215359684709e-4,33.16296531817421
MA13_02.csv,SMD,Fatahi_etal_2014,0.586734693877906,0.09903121452648622,0.33158420189607973,3.719,1.714,0.04623765102342378,7.457035109342815e-4,23.25529873695935
MA13_02.csv,SMD,Haghparast_etal_2013,0.5612244898434137,0.10369208770196137,0.3570135497898985,3.63,1.662,0.04051447111626573,5.334755903916908e-4,25.332146208793716
MA13_02.csv,SMD,Hart_etal_2017,0.27040816370812476,0.2888199836766253,0.9108912549542695,1.848,1.057,0.001339786398498465,7.645435045034119e-8,62.207127127764416
MA13_02.csv,SMD,Matthews_etal_2008,0.5280612246700187,0.11081637526305099,0.3948949416751564,3.393,1.582,0.03342765225735761,3.281711613323825e-4,28.40785664121054
MA13_02.csv,SMD,Matthews_etal_2008,0.43367346932917167,0.14108590963730083,0.5404783110370842,2.814,1.356,0.016283633060868094,5.3499095322938694e-5,39.93924013997834
MA13_02.csv,SMD,Matthews_etal_2008,0.39030612216566624,0.16310585236595898,0.6295467188102031,2.564,1.264,0.010348095230325378,1.6936277317627793e-5,46.64408664442441
MA13_02.csv,SMD,Mor_etal_2017,0.3545918371874908,0.18774026865035043,0.7127179634351853,2.339,1.187,0.0065322666447951245,5.205691074688095e-6,52.49776947848349
MA13_02.csv,SMD,Pielock_etal_2013,0.375,0.17279454247463943,0.6642672064256261,2.452,1.233,0.008591198910669758,1.0529050870328492e-5,49.14726639509867
MA13_02.csv,SMD,Pielock_etal_2013,0.293367346512866,0.2527383534181772,0.8615956507650608,1.983,1.081,0.002265188070821004,3.200914033155923e-7,60.88572973468837
MA13_02.csv,SMD,Roltsch_etal_2014,0.47448979546456,0.12572495402206718,0.46986154248208767,3.069,1.448,0.023061160047096064,1.287262702675075e-4,34.41365884600205
MA13_02.csv,SMD,Schippers_etal_2016,0.5714285712142857,0.10175101184714541,0.346482286041194,3.679,1.68,0.04277837245486754,6.122305272864895e-4,24.47312741940486
MA13_02.csv,SMD,Shafiei_etal_2012,0.43877550979971525,0.1389233129583971,0.5309567643255578,2.859,1.367,0.017070807735710774,6.0276913700266005e-5,39.203345136716074
MA13_02.csv,SMD,Shafiei_etal_2012,0.33928571440601507,0.20077485919367288,0.7501878755566099,2.256,1.159,0.005201201580863323,2.8842415643296104e-6,54.9413016362937
MA13_02.csv,SMD,Tambour_etal_2008,0.28061224492170683,0.27174366703070596,0.8899077236718873,1.908,1.062,0.0017106287108295947,1.4953760706701074e-7,61.816405664118136
MA13_02.csv,SMD,Tambour_etal_2008,0.25,0.328949049123081,0.9469700850623272,1.722,1.034,7.724264827837337e-4,1.6331211314220557e-8,61.80210359392462
MA13_02.csv,SMD,Wada_etal_2020,0.5688775509720875,0.10222627947041985,0.3490687907749588,3.655,1.677,0.04220907515194897,5.917987053846615e-4,24.684251130453895
MA13_02.csv,SMD,Wanat_etal_2013,0.43367346932917167,0.14108590963730083,0.5404783110370842,2.782,1.363,0.016283633060868094,5.3499095322938694e-5,39.93924013997834
MA13_02.csv,SMD,Zurita_etal_1996,0.3545918371874908,0.18774026865035043,0.7127179634351853,2.344,1.186,0.0065322666447951245,5.205691074688095e-6,52.49776947848349
MA13_02.csv,SMD,Zurita_etal_1996,0.3979591838367347,0.15868125642601927,0.6127941052730097,2.613,1.28,0.011294056092222797,2.116148182213935e-5,45.41128488469904
MA13_03.csv,SMD,Carter_etal_2020,0.38265306087891154,0.8182108047687511,0.996279951044415,1.112,1.002,8.406767569465255e-7,2.114120790228939e-11,17.806914627566396
MA13_03.csv,SMD,DelRosarioCapriles_Cancela2002,0.5752811330123734,0.4793439588686367,0.8694942715905202,1.428,1.082,1.1446491315723835e-4,2.6225865043062164e-7,39.01503127218835
MA13_03.csv,SMD,Der-avakian_etal_2007,0.5830903789293732,0.4691770619097049,0.8605293699111118,1.443,1.087,1.2982210498738682e-4,3.286010017513348e-7,39.1352308001407
MA13_03.csv,SMD,Der-avakian_etal_2007,0.5128071635615088,0.571645296480947,0.9331558166359787,1.314,1.04,3.606829462650129e-5,3.19980926824014e-8,36.15105201550317
MA13_03.csv,SMD,Fuentes_etal_2018,0.49458558915520373,0.6023403619116038,0.9481501661029358,1.284,1.033,2.4272676966146976e-5,1.5316131001123257e-8,34.5809804191332
MA13_03.csv,SMD,Fuentes_etal_2018,0.4425239485044849,0.698636451132158,0.9797783587834484,1.196,1.013,6.426281972929714e-6,1.2172946391651246e-9,28.114190765129045
MA13_03.csv,SMD,Ghasemzadeh_etal_2020,0.7028321535046614,0.3454523372521052,0.7137354024060125,1.686,1.193,6.205760361619733e-4,5.125961454224155e-6,36.82830651539073
MA13_03.csv,SMD,Javadi_etal_2017,1.0932944607926998,0.1710600584180233,0.3681492710723204,2.496,1.629,0.00887753927356426,4.6182060473952554e-4,19.708921265429712
MA13_03.csv,SMD,Javadi_etal_2017,0.6507705125464737,0.39245608876923255,0.7782413274529233,1.581,1.143,3.3847361205019383e-4,1.788245132697846e-6,38.578523868369075
MA13_03.csv,SMD,Rozeske_etal_2011,0.5674718865283108,0.48980528057633566,0.8782823972946903,1.427,1.072,1.0055435772030235e-4,2.0778096334897135e-7,38.84771167183546
MA13_03.csv,SMD,Stelly_etal_2020,0.44773011290285136,0.6885138452771986,0.9773885121672681,1.206,1.012,7.453050485835577e-6,1.622072663886222e-9,28.887466689006946
MA13_03.csv,SMD,Stelly_etal_2020,0.4581424407321374,0.6685555003196317,0.9720950336688673,1.228,1.01,9.913836525879623e-6,2.8094518199940057e-9,30.353953334923556
MA13_03.csv,SMD,Tovar-Diaz_etal_2018,0.4633486052638985,0.6587339033618245,0.9691889991122802,1.234,1.022,1.1373628551006652e-5,3.65432455857981e-9,31.04550957504557
MA13_03.csv,SMD,Tovar-Diaz_etal_2018,0.6950229068167466,0.3519278451629233,0.7233063860509183,1.669,1.18,5.700608729430303e-4,4.426516447038784e-6,37.13785408879951
MA15_01.csv,SMD,Wu_etal_2015,0.4132653058266566,0.288541326017955,0.9568921259915256,1.849,1.022,0.0013450667574134278,9.113615302545974e-9,66.83507999735706
MA15_01.csv,SMD,Wu_etal_2015,0.46173469438628933,0.24078801244382486,0.9082183155668984,2.017,1.055,0.0027176290313463535,8.383015767115867e-8,66.74303031230735
MA15_01.csv,SMD,Wu_etal_2019,0.44897959196382187,0.251928432312847,0.9226788703950777,1.971,1.053,0.0022929883005407886,4.94721907511396e-8,67.07504380822307
MA15_01.csv,SMD,Xu_etal_2021,0.3520408158154392,0.37649708189665176,0.9907374908683355,1.612,1.009,4.148318911935362e-4,1.7658588830395404e-10,61.424040897168375
MA15_01.csv,SMD,Xu_etal_2021,0.32142857215873016,0.43713479154820845,0.9971616866559334,1.499,1.001,1.932054267755988e-4,1.1513960143366033e-11,56.0026895107725
MA15_02.csv,SMD,Han_etal_2014,0.4311224489631687,0.7899400688453212,0.9461090577825965,1.131,1.031,1.4484069536113758e-6,1.7100892528664034e-8,15.616898893727527
MA15_02.csv,SMD,Han_etal_2014,0.42346938732333417,0.8040574320115408,0.9528096739992965,1.121,1.029,1.11125339864285e-6,1.1734816672857377e-8,14.875224198775571
MA15_02.csv,SMD,Han_etal_2014,0.46173469438628933,0.733300263990072,0.9149180564096273,1.172,1.052,3.7860690107215574e-6,6.626143092670545e-8,18.161779241955532
MA15_02.csv,SMD,Han_etal_2014,0.49744897929335424,0.669090951494421,0.8712843524772461,1.22,1.083,9.839333816826217e-6,2.503599326517944e-7,20.219340098282512
MA15_02.csv,SMD,Wu_etal_2015,0.41836734695719263,0.8134137990047844,0.957013167276029,1.113,1.023,9.255707030245159e-7,9.042733002118487e-9,14.359936827124464
MA15_02.csv,SMD,Wu_etal_2015,0.4719387756902372,0.7146372596816937,0.903138160478213,1.188,1.061,5.0561829667682515e-6,9.928686161404822e-8,18.850090079651938
MA15_02.csv,SMD,Wu_etal_2019,0.46683673484420657,0.7239442320740213,0.9091053631162939,1.187,1.058,4.383009092150277e-6,8.132656678993295e-8,18.516113104227262
MA15_02.csv,SMD,Xu_etal_2021,0.39030612216566624,0.8633475834393536,0.9762261738981682,1.085,1.013,3.064837294229946e-7,1.8469650576304164e-9,11.287859045881465
MA15_02.csv,SMD,Xu_etal_2021,0.34438775529916854,0.9335644172538929,0.9939102906830803,1.039,1.004,3.142342387741269e-8,6.554500219087865e-11,6.034587342918741
MA15_03.csv,SMD,Han_etal_2011,0.4081632651280612,0.6120731117087533,0.8914001211557613,1.277,1.066,2.13635350032936e-5,1.430757026618745e-7,27.932700944700795
MA15_03.csv,SMD,Han_etal_2011,0.45663265323452285,0.5185537816129985,0.8146026013664189,1.383,1.115,7.036726271927042e-5,9.039110743055448e-7,29.604881975342046
MA15_03.csv,SMD,Han_etal_2014,0.4311224489631687,0.5656107803111776,0.8563166148924641,1.324,1.082,3.8950101161633044e-5,3.639647125333448e-7,29.070583458128652
MA15_03.csv,SMD,Han_etal_2014,0.4132653058266566,0.6014178405463957,0.8838737939740149,1.29,1.071,2.4566774854393957e-5,1.7794761016263606e-7,28.24559534276192
MA15_03.csv,SMD,Han_etal_2014,0.46173469438628933,0.5097184297116778,0.8060520883931553,1.396,1.118,7.854335837720794e-5,1.0693178910363247e-6,29.633365868147756
MA15_03.csv,SMD,Han_etal_2014,0.44387755068261786,0.5414787414772898,0.8357212394608307,1.348,1.098,5.283134616439114e-5,5.823463387502246e-7,29.424249798354086
MA15_03.csv,SMD,Wu_etal_2015,0.4132653058266566,0.6014178405463957,0.8838737939740149,1.288,1.067,2.4566774854393957e-5,1.7794761016263606e-7,28.24559534276192
MA15_03.csv,SMD,Wu_etal_2015,0.4413265310402265,0.5462083136169764,0.8398886032155831,1.345,1.097,4.978190361213869e-5,5.31441457646032e-7,29.36802895986067
MA15_03.csv,SMD,Wu_etal_2019,0.46428571375824174,0.505371677591238,0.8017605775510802,1.4,1.123,8.290105501556792e-5,1.1612019632456322e-6,29.63888999598422
MA15_03.csv,SMD,Xu_etal_2021,0.38265306087891154,0.6679844431185681,0.9260430651277678,1.227,1.042,9.993851544833139e-6,4.325717234064229e-8,25.80586220091997
MA15_03.csv,SMD,Xu_etal_2021,0.34438775529916854,0.7581535728711873,0.9660359931956429,1.15,1.019,2.5271302167741054e-6,4.746068050128351e-9,20.78824203244556
MA15_04.csv,SMD,Han_etal_2011,0.4081632651280612,0.06016887566516049,0.9721884871982037,7.953,1.014,0.19949512340273856,2.7846866164149546e-9,91.20196115330432
MA15_04.csv,SMD,Han_etal_2011,0.4311224489631687,0.0591091569779576,0.9561514843780925,8.446,1.024,0.21158366263568457,9.555666144202045e-9,89.7042327400135
MA15_04.csv,SMD,Han_etal_2014,0.4107142851180124,0.060042227034350915,0.9706153889733695,7.978,1.019,0.2008779610876742,3.2212133836592945e-9,91.05731619390185
MA15_04.csv,SMD,Han_etal_2014,0.4081632651280612,0.06016887566516049,0.9721884871982037,7.954,1.017,0.19949512340273856,2.7846866164149546e-9,91.20196115330432
MA15_04.csv,SMD,Han_etal_2014,0.4209183673825603,0.05955861121665518,0.9637992678886645,8.146,1.022,0.20630931588672977,5.64079927962174e-9,90.42406566720094
MA15_04.csv,SMD,Han_etal_2014,0.44387755068261786,0.05859061882101724,0.9454532805041785,8.77,1.033,0.21796213053570063,1.7703883453925717e-8,88.68626616831612
MA15_04.csv,SMD,Wu_etal_2015,0.4081632651280612,0.06016887566516049,0.9721884871982037,7.969,1.019,0.19949512340273856,2.7846866164149546e-9,91.20196115330432
MA15_04.csv,SMD,Wu_etal_2015,0.44897959196382187,0.058395548542161335,0.940832582609916,8.791,1.036,0.22044851340214525,2.23838525106625e-8,88.24370340677547
MA15_04.csv,SMD,Wu_etal_2019,0.7346938777477324,0.053125719475845656,0.5762369017855039,14.157,1.318,0.3161086485260803,3.401250337871596e-5,52.311118230965825
MA15_04.csv,SMD,Xu_etal_2021,0.33673469378726034,0.06498044480331777,0.996887826975946,6.598,1.004,0.15650185784670312,1.4146502537042768e-11,93.19073821726282
MA15_04.csv,SMD,Xu_etal_2021,0.31632653066096117,0.0669942419439894,0.9988118757621554,6.177,1.003,0.14266836704086658,1.7204203913178885e-12,93.1817633818166
MA21.csv,SMD,Graf_2016,0.7168367345497858,0.06162605908919894,0.23951466920734,7.501,2.044,0.18465121939528145,0.0027716486015388823,17.788861011814106
MA21.csv,SMD,Robb_2017,0.4948979591794656,0.07456002535003614,0.4406787856110155,5.151,1.5,0.10412497162271926,1.8487211327534062e-4,36.61187602609793
MA21.csv,SMD,Robb_2017,0.48469387761761545,0.07561866349325785,0.4557436464839921,5.125,1.469,0.09996571926361413,1.5333407265880912e-4,38.01249829907343
MA21.csv,SMD,Tozuka_2010,0.43367346932917167,0.08210273436932525,0.5422952172379981,4.546,1.356,0.07894704068571926,5.229235075195857e-5,46.01924828686729
MA21.csv,SMD,Tozuka_2010,0.4540816325287778,0.07924160640506073,0.5053426603399892,4.749,1.397,0.08737823255724197,8.293093003134571e-5,42.610105393492844
MA21.csv,SMD,Gref_2016,0.5306122444874412,0.07132983943346982,0.3932057699863629,5.549,1.578,0.11845877466096558,3.3527121223677915e-4,32.18759305528931
MA21.csv,SMD,White_2009,0.44897959196382187,0.07991982284944776,0.5142816520780176,4.755,1.392,0.08527086536813157,7.421074773514734e-5,43.43618292285698
MA21.csv,SMD,Bilbo_2010,0.5688775509720875,0.06852965245824161,0.3503587548736026,5.999,1.669,0.13332162558959937,5.818829983579884e-4,28.182910241536096
MA21.csv,SMD,Bilbo_2010,0.5688775509720875,0.06852965245824161,0.3503587548736026,6.007,1.682,0.13332162558959937,5.818829983579884e-4,28.182910241536096
MA21.csv,SMD,Bilbo_2010,0.6352040813785755,0.064832533155194,0.2917520194325611,6.594,1.836,0.157597792909842,0.0012855985869940467,22.691948627736714
MA21.csv,SMD,Bilbo_2010,0.6479591838997268,0.06424978395434233,0.282339074985795,6.718,1.859,0.16203293509847927,0.0014687930736799607,21.808929103145267
MA23.csv,SMD,Trofimiuk_etal_2013,0.3666166935642729,0.7280494636143209,0.9898310690004269,1.178,1.012,4.111759300414597e-6,2.2105614424324123e-10,26.178160538610605
MA23.csv,SMD,Braszko_etal_2013,0.37045161627397444,0.7191617285364273,0.9885694784330448,1.182,1.005,4.718472068056309e-6,2.9353064116481436e-10,26.94077498966174
MA23.csv,SMD,Kasar_etal_2009,0.5176001352395495,0.4436819160648372,0.8580455494760506,1.493,1.088,1.7809778747891313e-4,3.4910879105411703e-7,41.43636334112134
MA23.csv,SMD,Maratha_etal_2012,1.3973353212454052,0.10336137185518102,0.20231508622978955,3.588,2.238,0.04088893417435147,0.005066103354411214,9.895371437460854
MA23.csv,SMD,Nowakowska_etal_2001,1.151756918798407,0.12928327907991288,0.2755039711978733,2.99,1.882,0.021216279625582018,0.0016200431038477462,14.62206921179604
MA23.csv,SMD,Sun_etal_2006,0.28935545614347763,0.9018737579927112,0.9997327769921716,1.061,1.003,1.0344258777128554e-7,7.751912803329904e-14,9.785901899946037
MA23.csv,SMD,Trofimiuk_etal_2014,0.400012624800768,0.6527057121664914,0.9751611606053815,1.239,1.013,1.236302570874414e-5,2.0700802319514278e-9,32.24554484388901
MA23.csv,SMD,Gouirand_etal_2005,0.3396699383224839,0.7911894871015661,0.9960883134575522,1.126,1.005,1.4155278779053216e-6,2.3690031203362974e-11,20.48988263559861
MA23.csv,SMD,Abidin_etal_2004,0.45013453544468235,0.5520023305044506,0.9364878729823368,1.349,1.038,4.6276699945272446e-5,2.7524533455545218e-8,38.44855424778862
MA23.csv,SMD,Bessa_etal_2009,0.37958266556838444,0.6982059609454165,0.9851420515494185,1.199,1.008,6.4672576381128694e-6,5.596754412692522e-10,28.693609060400192
MA23.csv,SMD,Solas_etal_2013,0.5493610834414829,0.4025916506770528,0.8149575625995727,1.565,1.11,2.9775113005976023e-4,8.975242722746295e-7,41.23659119225199
MA23.csv,SMD,Sandi_etal_2003,0.4935144374787834,0.47887795798797184,0.8886787789518177,1.434,1.07,1.1512732956029032e-4,1.5502263298622914e-7,40.980082096384585
MA23.csv,SMD,Li_etal_2009,0.3480272503698525,0.7715699891728944,0.9945932354943298,1.146,1.004,2.0101658131305356e-6,4.9727817512585207e-11,22.302324632143534
MA23.csv,SMD,Bisaz_etal_2011,0.5205633006657308,0.439600936851558,0.8541325751219527,1.495,1.089,1.8736701550035512e-4,3.834342303669877e-7,41.453163827039475
MA23.csv,SMD,Abush_etal_2013,0.5905781912668296,0.35718345197967893,0.7570908514430783,1.658,1.158,5.322974871666608e-4,2.572482066549997e-6,39.990739946339936
MA23.csv,SMD,Srikumar_etal_2006,0.41035253136784716,0.630569627674857,0.9688311730299431,1.261,1.019,1.6705404326145187e-5,3.768743859445672e-9,33.826154535508614
MA23.csv,SMD,Vasconcellos_etal_2005,0.23415852536262693,0.9802500488988415,0.9999989375404883,1.014,1.001,1.1460973259124375e-9,2.3362964948076915e-18,1.9748888641646811
MA23.csv,SMD,Zhang_etal_2007,1.0263868666346039,0.15046027016014574,0.3334124073462156,2.679,1.719,0.013348705226745434,7.27752445967738e-4,18.295213718606984
MA23.csv,SMD,Liao_etal_2012,0.3756791183976027,0.7071255710252794,0.986681953292329,1.187,1.008,5.6635991875709764e-6,4.268512068331739e-10,27.95563822670496
MA23.csv,SMD,Sandi_etal_2006,0.43713047251364207,0.5764815366511162,0.9484115485228725,1.314,1.036,3.3906151816043586e-5,1.50974111953541e-8,37.193001187175625
MA23.csv,SMD,Sandi_etal_2006,0.44661303160566196,0.5585136926843777,0.9398395718956907,1.339,1.039,4.2620284834705235e-5,2.3492925944940056e-8,38.132587921131304
MA23.csv,SMD,Song_etal_2006,0.4397454945761241,0.5714633980321606,0.9461149392017076,1.319,1.035,3.615211568180794e-5,1.7095550629956467e-8,37.4651541169547
MA23.csv,SMD,Trofimiuk_etal_2013,0.34453867707414215,0.7797666755186169,0.9952610766329398,1.141,1.002,1.740496948852017e-6,3.6701502349200345e-11,21.549440111432293
MA23.csv,SMD,Liu_etal_2010,0.36586308914674626,0.7298010759650387,0.9900670688480957,1.168,1.009,4.000523213500935e-6,2.088843225735137e-10,26.026599288305697
MA24.csv,SMD,Agee et al. 2019,0.5,0.1281600537151656,0.19834713101879664,3.026,2.268,0.0217778781372839,0.0054228554852119954,7.018707730363105
MA24.csv,SMD,Agee et al. 2019,0.31622776601683794,0.2497883512784118,0.41803628522119995,1.997,1.532,0.0023683298609204536,2.452213324070465e-4,16.824793394278814
MA24.csv,SMD,Baciadonna et al. 2013,0.33166247903553997,0.23137323517349795,0.38652659198436934,2.084,1.596,0.0031476244271827786,3.6495922714559453e-4,15.515335681087139
MA24.csv,SMD,Baciadonna et al. 2013,0.33166247903553997,0.23137323517349795,0.38652659198436934,2.08,1.593,0.0031476244271827786,3.6495922714559453e-4,15.515335681087139
MA24.csv,SMD,Benskin et al. 2002,0.7681145747868608,0.08252339497141625,0.11145604892066296,4.503,3.374,0.07780326050001136,0.03287258349486564,2.893265394924671
MA24.csv,SMD,Benskin et al. 2002,1.104536101718726,0.0655939120961666,0.0793128200615133,6.461,4.752,0.1520789349796194,0.08715357720326579,1.3718907965346694
MA24.csv,SMD,Benskin et al. 2002,0.848528137423857,0.07657415855882654,0.10013548799900163,5.04,3.724,0.09641067452814231,0.04479039423111535,2.3561329440175083
MA24.csv,SMD,Cadieu and Cadieu 2004,0.458257569495584,0.14348474742444683,0.22726149823235142,2.794,2.097,0.015462422295021752,0.0033596176194668603,8.377675080790459
MA24.csv,SMD,Cadieu and Cadieu 2004,0.565685424949238,0.11068769820985058,0.165153302300315,3.405,2.536,0.03354076618196308,0.009943048573541962,5.446560409046441
MA24.csv,SMD,Cadieu and Cadieu 2004,0.5385164807134504,0.11712493388845524,0.17740404807825527,3.225,2.42,0.028435343021410032,0.007882539453980333,6.027911418980003
MA24.csv,SMD,Cadieu and Cadieu 2004,0.4898979485566356,0.13150450331127972,0.20467619125736536,2.979,2.223,0.020158246658258185,0.004866923251985896,7.317168794608564
MA24.csv,SMD,Chesler 1969,0.9327379053088815,0.07194084466708273,0.09133557952289428,5.495,4.082,0.11553840898668016,0.05826219890693541,1.9394734855811557
MA24.csv,SMD,Choleris et al. 1997,0.44721359549995793,0.1482906860915546,0.23627874630560863,2.713,2.052,0.013965685896681266,0.0029145514397249813,8.798806021405403
MA24.csv,SMD,Choleris et al. 1997,0.4242640687119285,0.15952985729559677,0.25725592562165567,2.614,1.965,0.011104725532523509,0.0021169635047068092,9.77260683260589
MA24.csv,SMD,Choleris et al. 1997,0.5385164807134504,0.11712493388845524,0.17740404807825527,3.262,2.427,0.028435343021410032,0.007882539453980333,6.027911418980003
MA24.csv,SMD,Choleris et al. 1997,0.4242640687119285,0.15952985729559677,0.25725592562165567,2.6,1.965,0.011104725532523509,0.0021169635047068092,9.77260683260589
MA24.csv,SMD,Choleris et al. 1997,0.4,0.17361760124572712,0.2833035520869588,2.458,1.864,0.008459217721300942,0.001448748024925947,10.968595084123168
MA24.csv,SMD,Choleris et al. 1997,0.3872983346207417,0.18208455256693634,0.29881194551077983,2.395,1.823,0.007233459229898941,0.0011648062570046168,11.67273929438435
MA24.csv,SMD,Choleris et al. 1997,0.3872983346207417,0.18208455256693634,0.29881194551077983,2.394,1.811,0.007233459229898941,0.0011648062570046168,11.67273929438435
MA24.csv,SMD,Choleris et al. 1997,0.3872983346207417,0.18208455256693634,0.29881194551077983,2.381,1.806,0.007233459229898941,0.0011648062570046168,11.67273929438435
MA24.csv,SMD,Damas-Moreira et al. 2018,0.43588989435406733,0.15361042241733203,0.24622785335200736,2.652,2.014,0.012511293304378742,0.002500003410593315,9.261743093467533
MA24.csv,SMD,Duffy et al. 2009,0.2449489742783178,0.38083154873579184,0.6190166579904114,1.614,1.275,3.9245099727935396e-4,1.9489841447385625e-5,23.818510925461954
MA24.csv,SMD,Figueroa et al. 2013,0.37416573867739417,0.1917688468322224,0.3164035168396063,2.32,1.754,0.006081834428766153,9.14736206455862e-4,12.463467000738394
MA24.csv,SMD,Forsman and SeppÃ¤nen 2011,0.6633249580710799,0.09383557256772668,0.1330209915487126,3.937,2.955,0.053942512036393414,0.019473729696422654,3.918541898098593
MA24.csv,SMD,Galef et al. 1998,0.5385164807134504,0.11712493388845524,0.17740404807825527,3.256,2.43,0.028435343021410032,0.007882539453980333,6.027911418980003
MA24.csv,SMD,Galef et al. 1998,0.5567764362830022,0.11269256591843124,0.1689709005947142,3.356,2.486,0.03183281923339219,0.009237858213172865,5.627833467628296
MA24.csv,SMD,Galef et al. 1998,0.6244997998398398,0.09957613118457209,0.14397137884185807,3.712,2.781,0.04551592276168466,0.015302135430908678,4.4395247657285974
MA24.csv,SMD,Galef et al. 1998,0.6082762530298219,0.10231463945111408,0.14919442474473188,3.649,2.718,0.04210432815493843,0.013704509601179912,4.68797852936178
MA24.csv,SMD,Galef et al. 1984,0.5,0.1281600537151656,0.19834713101879664,3.022,2.267,0.0217778781372839,0.0054228554852119954,7.018707730363105
MA24.csv,SMD,Galef et al. 1984,0.5,0.1281600537151656,0.19834713101879664,3.056,2.257,0.0217778781372839,0.0054228554852119954,7.018707730363105
MA24.csv,SMD,Galef and Whiskin 2008,0.34641016151377546,0.21598475379091053,0.3596461899477298,2.163,1.653,0.004031234688326307,5.155288369297046e-4,14.366143615681926
MA24.csv,SMD,Galef and Whiskin 2008,0.3,0.2721818116791377,0.45533527854653433,1.908,1.473,0.0016997871532447185,1.541125098494867e-4,18.315346686739666
MA24.csv,SMD,Galef and Whiskin 2008,0.36055512754639896,0.20294714618203047,0.33650207871467186,2.238,1.694,0.005011859986939844,6.98467857915622e-4,13.35549325326414
MA24.csv,SMD,Galef and Whiskin 2008,0.3,0.2721818116791377,0.45533527854653433,1.898,1.471,0.0016997871532447185,1.541125098494867e-4,18.315346686739666
MA24.csv,SMD,Galef and Whiskin 2004,0.44721359549995793,0.1482906860915546,0.23627874630560863,2.74,2.046,0.013965685896681266,0.0029145514397249813,8.798806021405403
MA24.csv,SMD,Galef and Whiskin 2004,0.44721359549995793,0.1482906860915546,0.23627874630560863,2.748,2.052,0.013965685896681266,0.0029145514397249813,8.798806021405403
MA24.csv,SMD,Galef and Whiskin 2004,0.2645751311064591,0.33509126942841694,0.5537234530571448,1.71,1.337,7.116787735439886e-4,4.528200069896753e-5,21.863218362872782
MA24.csv,SMD,Galef and Whiskin 2004,0.2449489742783178,0.38083154873579184,0.6190166579904114,1.607,1.269,3.9245099727935396e-4,1.9489841447385625e-5,23.818510925461954
MA24.csv,SMD,Brotcorne et al. 2020,0.3,0.2721818116791377,0.45533527854653433,1.91,1.474,0.0016997871532447185,1.541125098494867e-4,18.315346686739666
MA24.csv,SMD,Brotcorne et al. 2020,0.3,0.2721818116791377,0.45533527854653433,1.904,1.468,0.0016997871532447185,1.541125098494867e-4,18.315346686739666
MA24.csv,SMD,Forestier et al. 2018,0.5830951894845301,0.10703772638818132,0.15819911238744522,3.465,2.599,0.036965939990906936,0.011403379499729336,5.11613859992639
MA24.csv,SMD,Forestier et al. 2018,0.5291502622129182,0.1195830136363254,0.1820761998453374,3.16,2.382,0.026750037717026883,0.007234559334851023,6.249318620901201
MA24.csv,SMD,Forestier et al. 2018,0.5196152422706632,0.12222654552822176,0.18709662802738625,3.126,2.35,0.025076861641570355,0.006607849992506608,6.487008249916448
MA24.csv,SMD,Forestier et al. 2018,0.5,0.1281600537151656,0.19834713101879664,3.036,2.279,0.0217778781372839,0.0054228554852119954,7.018707730363105
MA24.csv,SMD,Guillette and Healy 2014,0.5385164807134504,0.11712493388845524,0.17740404807825527,3.228,2.423,0.028435343021410032,0.007882539453980333,6.027911418980003
MA24.csv,SMD,Guillette and Healy 2014,0.5385164807134504,0.11712493388845524,0.17740404807825527,3.262,2.434,0.028435343021410032,0.007882539453980333,6.027911418980003
MA24.csv,SMD,Guillette et al 2014,0.5196152422706632,0.12222654552822176,0.18709662802738625,3.14,2.34,0.025076861641570355,0.006607849992506608,6.487008249916448
MA24.csv,SMD,Guillette et al 2014,0.5196152422706632,0.12222654552822176,0.18709662802738625,3.138,2.341,0.025076861641570355,0.006607849992506608,6.487008249916448
MA24.csv,SMD,Guillette et al 2016,0.5196152422706632,0.12222654552822176,0.18709662802738625,3.156,2.346,0.025076861641570355,0.006607849992506608,6.487008249916448
MA24.csv,SMD,Hämäläinen et al. 2020,0.41231056256176607,0.1661549053753254,0.2695415901722702,2.529,1.922,0.009751908967992367,0.0017663055846706942,10.33866847969448
MA24.csv,SMD,Hämäläinen et al. 2020,0.41231056256176607,0.1661549053753254,0.2695415901722702,2.533,1.938,0.009751908967992367,0.0017663055846706942,10.33866847969448
MA24.csv,SMD,Hämäläinen et al. 2020,0.41231056256176607,0.1661549053753254,0.2695415901722702,2.524,1.92,0.009751908967992367,0.0017663055846706942,10.33866847969448
MA24.csv,SMD,Hämäläinen et al. 2020,0.41231056256176607,0.1661549053753254,0.2695415901722702,2.516,1.92,0.009751908967992367,0.0017663055846706942,10.33866847969448
MA24.csv,SMD,Hatch and Lefebvre 1997,0.33166247903553997,0.23137323517349795,0.38652659198436934,2.066,1.596,0.0031476244271827786,3.6495922714559453e-4,15.515335681087139
MA24.csv,SMD,Hatch and Lefebvre 1997,0.469041575982343,0.13912223829378423,0.21905401528402046,2.851,2.152,0.016996453770762573,0.0038341282592315976,7.993177699023624
MA24.csv,SMD,Horner et al. 2010,0.1414213562373095,0.8182693878549165,0.9749655692908601,1.118,1.012,8.39680517389652e-7,2.1128809734274297e-9,15.669618143594356
MA24.csv,SMD,Jaakkonen et al. 2015,0.1414213562373095,0.8182693878549165,0.9749655692908601,1.109,1.017,8.39680517389652e-7,2.1128809734274297e-9,15.669618143594356
MA24.csv,SMD,Jones et al. 2014,0.36055512754639896,0.20294714618203047,0.33650207871467186,2.231,1.712,0.005011859986939844,6.98467857915622e-4,13.35549325326414
MA24.csv,SMD,Katz and Lachlan 2003,0.33166247903553997,0.23137323517349795,0.38652659198436934,2.069,1.585,0.0031476244271827786,3.6495922714559453e-4,15.515335681087139
MA24.csv,SMD,Katz and Lachlan 2003,0.36055512754639896,0.20294714618203047,0.33650207871467186,2.239,1.703,0.005011859986939844,6.98467857915622e-4,13.35549325326414
MA24.csv,SMD,Kavaliers et al. 2005,0.458257569495584,0.14348474742444683,0.22726149823235142,2.803,2.1,0.015462422295021752,0.0033596176194668603,8.377675080790459
MA24.csv,SMD,Kavaliers et al. 2005,0.4898979485566356,0.13150450331127972,0.20467619125736536,2.968,2.236,0.020158246658258185,0.004866923251985896,7.317168794608564
MA24.csv,SMD,Kavaliers et al. 2005,0.5567764362830022,0.11269256591843124,0.1689709005947142,3.353,2.511,0.03183281923339219,0.009237858213172865,5.627833467628296
MA24.csv,SMD,Kavaliers et al. 2005,0.5099019513592785,0.1250771810457164,0.1925050007360547,3.068,2.315,0.023418493822373657,0.006003559021397505,6.742781969033828
MA24.csv,SMD,Kavaliers et al. 2005,0.469041575982343,0.13912223829378423,0.21905401528402046,2.864,2.142,0.016996453770762573,0.0038341282592315976,7.993177699023624
MA24.csv,SMD,Kavaliers et al. 2005,0.44721359549995793,0.1482906860915546,0.23627874630560863,2.743,2.062,0.013965685896681266,0.0029145514397249813,8.798806021405403
MA24.csv,SMD,Loukola et al. 2012,0.31622776601683794,0.2497883512784118,0.41803628522119995,1.994,1.531,0.0023683298609204536,2.452213324070465e-4,16.824793394278814
MA24.csv,SMD,Griesser and Suzuki 2016,0.6557438524302001,0.09487516969651755,0.1350040540801697,3.901,2.875,0.052271775205442,0.018621893938600174,4.012888438365215
MA24.csv,SMD,Griesser and Suzuki 2016,0.458257569495584,0.14348474742444683,0.22726149823235142,2.794,2.117,0.015462422295021752,0.0033596176194668603,8.377675080790459
MA24.csv,SMD,Lupfer et al. 2003,0.5,0.1281600537151656,0.19834713101879664,3.009,2.267,0.0217778781372839,0.0054228554852119954,7.018707730363105
MA24.csv,SMD,May and Reboreda 2005,0.458257569495584,0.14348474742444683,0.22726149823235142,2.762,2.106,0.015462422295021752,0.0033596176194668603,8.377675080790459
MA24.csv,SMD,Mersmann et al. 2011,0.4242640687119285,0.15952985729559677,0.25725592562165567,2.596,1.959,0.011104725532523509,0.0021169635047068092,9.77260683260589
MA24.csv,SMD,Jeon et al. 2010,0.31622776601683794,0.2497883512784118,0.41803628522119995,1.992,1.525,0.0023683298609204536,2.452213324070465e-4,16.824793394278814
MA24.csv,SMD,Jeon et al. 2010,0.3,0.2721818116791377,0.45533527854653433,1.911,1.477,0.0016997871532447185,1.541125098494867e-4,18.315346686739666
MA24.csv,SMD,Jeon et al. 2010,0.44721359549995793,0.1482906860915546,0.23627874630560863,2.707,2.044,0.013965685896681266,0.0029145514397249813,8.798806021405403
MA24.csv,SMD,Jeon et al. 2010,0.44721359549995793,0.1482906860915546,0.23627874630560863,2.751,2.054,0.013965685896681266,0.0029145514397249813,8.798806021405403
MA24.csv,SMD,Jeon et al. 2010,0.5477225575051661,0.11483355667917883,0.17304566509918984,3.294,2.471,0.030130341427360055,0.008550669309842883,5.821210842001101
MA24.csv,SMD,Jeon et al. 2010,0.5291502622129182,0.1195830136363254,0.1820761998453374,3.164,2.406,0.026750037717026883,0.007234559334851023,6.249318620901201
MA24.csv,SMD,Jeon et al. 2010,0.5196152422706632,0.12222654552822176,0.18709662802738625,3.14,2.36,0.025076861641570355,0.006607849992506608,6.487008249916448
MA24.csv,SMD,Jeon et al. 2010,0.5099019513592785,0.1250771810457164,0.1925050007360547,3.084,2.303,0.023418493822373657,0.006003559021397505,6.742781969033828
MA24.csv,SMD,Jeon et al. 2010,0.5744562646538028,0.10880643111972144,0.16156957173137487,3.475,2.575,0.035252357940880774,0.010665217797429162,5.276314061165344
MA24.csv,SMD,Jeon et al. 2010,0.5385164807134504,0.11712493388845524,0.17740404807825527,3.255,2.419,0.028435343021410032,0.007882539453980333,6.027911418980003
MA24.csv,SMD,Munch et al. 2018,0.37416573867739417,0.1917688468322224,0.3164035168396063,2.304,1.76,0.006081834428766153,9.14736206455862e-4,12.463467000738394
MA24.csv,SMD,Munch et al. 2018,0.4,0.17361760124572712,0.2833035520869588,2.459,1.863,0.008459217721300942,0.001448748024925947,10.968595084123168
MA24.csv,SMD,Munch et al. 2018,0.5,0.1281600537151656,0.19834713101879664,3.027,2.265,0.0217778781372839,0.0054228554852119954,7.018707730363105
MA24.csv,SMD,Munch et al. 2018,0.5477225575051661,0.11483355667917883,0.17304566509918984,3.288,2.474,0.030130341427360055,0.008550669309842883,5.821210842001101
MA24.csv,SMD,Nicol and Pope 1999,0.282842712474619,0.2999310394691125,0.499926891711864,1.805,1.41,0.0011468363524211878,8.869667158113911e-5,19.99958522427515
MA24.csv,SMD,Nicol and Pope 1999,0.41231056256176607,0.1661549053753254,0.2695415901722702,2.53,1.897,0.009751908967992367,0.0017663055846706942,10.33866847969448
MA24.csv,SMD,Nicol and Pope 1994,0.31622776601683794,0.2497883512784118,0.41803628522119995,2.003,1.525,0.0023683298609204536,2.452213324070465e-4,16.824793394278814
MA24.csv,SMD,Pongrcz et al. 2004,0.5196152422706632,0.12222654552822176,0.18709662802738625,3.133,2.344,0.025076861641570355,0.006607849992506608,6.487008249916448
MA24.csv,SMD,Pongrácz et al. 2008,0.43588989435406733,0.15361042241733203,0.24622785335200736,2.648,1.996,0.012511293304378742,0.002500003410593315,9.261743093467533
MA24.csv,SMD,Pongrácz et al. 2008,0.458257569495584,0.14348474742444683,0.22726149823235142,2.802,2.098,0.015462422295021752,0.0033596176194668603,8.377675080790459
MA24.csv,SMD,Ramakers et al. 2016,0.458257569495584,0.14348474742444683,0.22726149823235142,2.793,2.102,0.015462422295021752,0.0033596176194668603,8.377675080790459
MA24.csv,SMD,Rørvang and Christensen 2018,0.4242640687119285,0.15952985729559677,0.25725592562165567,2.577,1.954,0.011104725532523509,0.0021169635047068092,9.77260683260589
MA24.csv,SMD,Rørvang and Christensen 2018,0.44721359549995793,0.1482906860915546,0.23627874630560863,2.744,2.053,0.013965685896681266,0.0029145514397249813,8.798806021405403
MA24.csv,SMD,Rymer et al. 2008,0.31622776601683794,0.2497883512784118,0.41803628522119995,1.983,1.54,0.0023683298609204536,2.452213324070465e-4,16.824793394278814
MA24.csv,SMD,Rymer et al. 2008,0.4242640687119285,0.15952985729559677,0.25725592562165567,2.61,1.978,0.011104725532523509,0.0021169635047068092,9.77260683260589
MA24.csv,SMD,Rymer et al. 2008,0.33166247903553997,0.23137323517349795,0.38652659198436934,2.074,1.584,0.0031476244271827786,3.6495922714559453e-4,15.515335681087139
MA24.csv,SMD,Rymer et al. 2008,0.34641016151377546,0.21598475379091053,0.3596461899477298,2.158,1.645,0.004031234688326307,5.155288369297046e-4,14.366143615681926
MA24.csv,SMD,Rymer et al. 2008,0.36055512754639896,0.20294714618203047,0.33650207871467186,2.246,1.702,0.005011859986939844,6.98467857915622e-4,13.35549325326414
MA24.csv,SMD,Rymer et al. 2008,0.33166247903553997,0.23137323517349795,0.38652659198436934,2.065,1.584,0.0031476244271827786,3.6495922714559453e-4,15.515335681087139
MA24.csv,SMD,Sasvari 1979,0.37416573867739417,0.1917688468322224,0.3164035168396063,2.335,1.763,0.006081834428766153,9.14736206455862e-4,12.463467000738394
MA24.csv,SMD,Sasvari 1979,0.5385164807134504,0.11712493388845524,0.17740404807825527,3.233,2.423,0.028435343021410032,0.007882539453980333,6.027911418980003
MA24.csv,SMD,Sasvari 1979,0.8,0.07994545420581578,0.10654809719081149,4.737,3.502,0.08519261322540243,0.03745930914098415,2.6602642984995706
MA24.csv,SMD,Schwab et al. 2008,0.43588989435406733,0.15361042241733203,0.24622785335200736,2.665,2.011,0.012511293304378742,0.002500003410593315,9.261743093467533
MA24.csv,SMD,Seppänen et al. 2011,0.1,0.9820059788698181,0.9998300466789988,1.01,0.999,9.047274413046844e-10,3.1252462280107264e-14,1.7824067809180666
MA24.csv,SMD,Seppänen et al. 2011,0.2645751311064591,0.33509126942841694,0.5537234530571448,1.714,1.338,7.116787735439886e-4,4.528200069896753e-5,21.863218362872782
MA24.csv,SMD,Swaney et al. 2001,0.2645751311064591,0.33509126942841694,0.5537234530571448,1.706,1.343,7.116787735439886e-4,4.528200069896753e-5,21.863218362872782
MA24.csv,SMD,Swaney et al. 2001,0.282842712474619,0.2999310394691125,0.499926891711864,1.806,1.414,0.0011468363524211878,8.869667158113911e-5,19.99958522427515
MA24.csv,SMD,Templeton et al. 2017,0.6164414002968976,0.10090873699292646,0.14651313336950567,3.652,2.753,0.04381223073394631,0.014497515963678343,4.56043963765792
MA24.csv,SMD,Templeton et al. 2017,0.6,0.10380003058177767,0.1520269302427213,3.604,2.683,0.040393218518465515,0.012923919356426396,4.822689966094362
MA24.csv,SMD,Trapp and Bell 2017,0.5196152422706632,0.12222654552822176,0.18709662802738625,3.146,2.369,0.025076861641570355,0.006607849992506608,6.487008249916448
MA24.csv,SMD,Trapp and Bell 2017,0.47958315233127197,0.13514498732318547,0.21155422137202196,2.911,2.174,0.018563144204058534,0.004336952398213017,7.640923404883648
MA24.csv,SMD,Valsecchi et al. 1996,0.458257569495584,0.14348474742444683,0.22726149823235142,2.798,2.082,0.015462422295021752,0.0033596176194668603,8.377675080790459
MA24.csv,SMD,Valsecchi et al. 1996,0.458257569495584,0.14348474742444683,0.22726149823235142,2.773,2.114,0.015462422295021752,0.0033596176194668603,8.377675080790459
MA24.csv,SMD,Valsecchi et al. 1996,0.44721359549995793,0.1482906860915546,0.23627874630560863,2.718,2.061,0.013965685896681266,0.0029145514397249813,8.798806021405403
MA24.csv,SMD,Valsecchi et al. 1996,0.44721359549995793,0.1482906860915546,0.23627874630560863,2.737,2.06,0.013965685896681266,0.0029145514397249813,8.798806021405403
MA24.csv,SMD,Valsecchi et al. 1996,0.44721359549995793,0.1482906860915546,0.23627874630560863,2.732,2.042,0.013965685896681266,0.0029145514397249813,8.798806021405403
MA24.csv,SMD,Valsecchi et al. 1996,0.44721359549995793,0.1482906860915546,0.23627874630560863,2.719,2.052,0.013965685896681266,0.0029145514397249813,8.798806021405403
MA24.csv,SMD,Valsecchi et al. 1996,0.458257569495584,0.14348474742444683,0.22726149823235142,2.786,2.101,0.015462422295021752,0.0033596176194668603,8.377675080790459
MA24.csv,SMD,Valsecchi et al. 1996,0.44721359549995793,0.1482906860915546,0.23627874630560863,2.734,2.061,0.013965685896681266,0.0029145514397249813,8.798806021405403
MA24.csv,SMD,Valsecchi et al. 1996,0.44721359549995793,0.1482906860915546,0.23627874630560863,2.709,2.041,0.013965685896681266,0.0029145514397249813,8.798806021405403
MA24.csv,SMD,Valsecchi et al. 1996,0.44721359549995793,0.1482906860915546,0.23627874630560863,2.724,2.06,0.013965685896681266,0.0029145514397249813,8.798806021405403
MA24.csv,SMD,Valsecchi et al. 1996,0.44721359549995793,0.1482906860915546,0.23627874630560863,2.712,2.033,0.013965685896681266,0.0029145514397249813,8.798806021405403
MA24.csv,SMD,Valsecchi et al. 1996,0.44721359549995793,0.1482906860915546,0.23627874630560863,2.736,2.047,0.013965685896681266,0.0029145514397249813,8.798806021405403
MA24.csv,SMD,Valsecchi et al. 1996,0.47958315233127197,0.13514498732318547,0.21155422137202196,2.934,2.192,0.018563144204058534,0.004336952398213017,7.640923404883648
MA24.csv,SMD,Valsecchi et al. 1996,0.44721359549995793,0.1482906860915546,0.23627874630560863,2.712,2.067,0.013965685896681266,0.0029145514397249813,8.798806021405403
MA24.csv,SMD,Valsecchi et al. 1996,0.44721359549995793,0.1482906860915546,0.23627874630560863,2.706,2.061,0.013965685896681266,0.0029145514397249813,8.798806021405403
MA24.csv,SMD,Valsecchi et al. 1996,0.44721359549995793,0.1482906860915546,0.23627874630560863,2.741,2.07,0.013965685896681266,0.0029145514397249813,8.798806021405403
MA24.csv,SMD,Valsecchi et al. 1996,0.44721359549995793,0.1482906860915546,0.23627874630560863,2.716,2.059,0.013965685896681266,0.0029145514397249813,8.798806021405403
MA24.csv,SMD,Valsecchi et al. 1996,0.44721359549995793,0.1482906860915546,0.23627874630560863,2.724,2.052,0.013965685896681266,0.0029145514397249813,8.798806021405403
MA24.csv,SMD,Watson et al. 2017,0.5916079783099616,0.10537181714192023,0.15502365276599184,3.551,2.64,0.038680012845375554,0.012156584163198661,4.9651835624071605
MA24.csv,SMD,van de Waal et al. 2010,0.44721359549995793,0.1482906860915546,0.23627874630560863,2.709,2.061,0.013965685896681266,0.0029145514397249813,8.798806021405403
MA24.csv,SMD,Bono et al. 2018,0.34641016151377546,0.21598475379091053,0.3596461899477298,2.168,1.653,0.004031234688326307,5.155288369297046e-4,14.366143615681926
MA24.csv,SMD,Sarin & Dukas 2009,0.17320508075688773,0.6489117718329689,0.8925425755095829,1.247,1.067,1.3025066982702828e-5,1.3827341726044888e-7,24.363080367661404
MA24.csv,SMD,Sarin & Dukas 2009,0.17320508075688773,0.6489117718329689,0.8925425755095829,1.244,1.066,1.3025066982702828e-5,1.3827341726044888e-7,24.363080367661404
MA24.csv,SMD,van de Waal et al. 2014,0.6324555320336759,0.09831125487824421,0.14155864606735524,3.778,2.823,0.04721449887133824,0.01611760012201265,4.324739118911102
MA24.csv,SMD,Danchin et al. 2018,0.17320508075688773,0.6489117718329689,0.8925425755095829,1.241,1.066,1.3025066982702828e-5,1.3827341726044888e-7,24.363080367661404
MA24.csv,SMD,Range and Viranyi 2013,0.2645751311064591,0.33509126942841694,0.5537234530571448,1.715,1.341,7.116787735439886e-4,4.528200069896753e-5,21.863218362872782
MA25.csv,SMD,Berger-Sweeney_etal_1995,0.4649794059955774,0.29721977413012257,0.5320243538279019,1.81,1.365,0.0011909102495322582,5.9477396271514314e-5,23.480457969777934
MA25.csv,SMD,Frick_etal_2000,0.5130467746706922,0.2529293510404196,0.45592925213612967,1.975,1.472,0.0022586880290173536,1.5298158362755303e-4,20.29999010957101
MA25.csv,SMD,Frick_etal_2000,0.7068238818828917,0.1553765713742763,0.26883237485647404,2.645,1.908,0.012069931849992607,0.0017846681129523383,11.345580348219775
MA25.csv,SMD,Frick_etal_2000,0.4597606562114684,0.3028266541682578,0.5412213342998912,1.806,1.355,0.001101741643703918,5.300238243170601e-5,23.839468013163334
MA25.csv,SMD,Lamberty_Gower_1988,0.33443360028561725,0.5093775055161794,0.809672493062492,1.4,1.124,7.88768422303456e-5,9.96509662368112e-7,30.029498754631256
MA25.csv,SMD,Bucci_etal_1995,0.35013442846998066,0.47393339799428313,0.7732190902056832,1.443,1.143,1.223964079504049e-4,1.953271713841435e-6,29.928569221140013
MA25.csv,SMD,Healy_etal_1999,0.5441235852267388,0.23010735003218885,0.4144136310932325,2.078,1.543,0.003211203573155581,2.5661292205530605e-4,18.430628106104365
MA25.csv,SMD,Kelly_etal_1988,0.5560992528317225,0.22229581632991258,0.39986137854386883,2.115,1.559,0.0036379823567878346,3.0819094742382723e-4,17.756556221395627
MA25.csv,SMD,Kolb_Cioe_1996,0.5603602153972033,0.2196347804055011,0.3948654246198017,2.15,1.566,0.0037981038872282914,3.282938712846059e-4,17.523064421430057
MA25.csv,SMD,Lukoyanov_etal_1999,0.4019359277297813,0.3785528328243387,0.6555368336346007,1.617,1.234,4.04053885586332e-4,1.188904870103872e-5,27.698400081026197
MA25.csv,SMD,Lukoyanov_etal_1999,0.4496445284888942,0.31421043937265636,0.5595865336007413,1.763,1.332,9.424288855969282e-4,4.204503133414306e-5,24.537609422808494
MA25.csv,SMD,Lukoyanov_etal_1999,0.4296536663406935,0.3388800505340691,0.5979586141710626,1.693,1.293,6.767954167253424e-4,2.569948870587778e-5,25.907856363699345
MA25.csv,SMD,Markowska_1999,0.45197210975899826,0.3115291059170804,0.5552980427501598,1.783,1.337,9.775390391325866e-4,4.438997720032974e-5,24.376893683307944
MA25.csv,SMD,Markowska_1999,0.3942840296030261,0.3907722168777863,0.6722427429359182,1.582,1.226,3.4578381371758155e-4,9.410887170231931e-6,28.147052605813194
MA25.csv,SMD,Markowska_1999,0.5177475253441585,0.24921939795867354,0.44928410024788024,1.988,1.472,0.0023888306931677283,1.6612766811739815e-4,20.00647022892067
MA25.csv,SMD,Markowska_1999,0.38208583198019785,0.4115072871654979,0.6994864110291898,1.544,1.197,2.6614682842458857e-4,6.34605122634169e-6,28.797912386369195
MA25.csv,SMD,Perrot-Sinal_etal_1996,0.4928513974820402,0.2700448167503491,0.48605081599418554,1.907,1.427,0.0017534050537625892,1.0534163995053537e-4,21.600599924383644
MA25.csv,SMD,Perrot-Sinal_etal_1996,0.4530893951528771,0.3102554001850072,0.5532528403972473,1.781,1.34,9.947167751699583e-4,4.555192787612834e-5,24.29974402122401
MA25.csv,SMD,Warren_Juraska_2000,0.4890196519568513,0.2735226035435664,0.49206239051405765,1.901,1.425,0.0016670857732090521,9.778098897315829e-5,21.853978697049126
MA25.csv,SMD,LaBuda_etal_2002,0.25754437093440813,0.7309031026005485,0.9576065523493004,1.178,1.024,3.9318803338766335e-6,8.700706478313823e-9,22.67034497487519
MA25.csv,SMD,Mishima_etal_1986,0.3305223139214658,0.518731139919701,0.8186566655609837,1.385,1.109,7.021198326409748e-5,8.331186619173597e-7,29.99255256412827
MA25.csv,SMD,Einon_1980,0.43253371776082383,0.33513636267332325,0.592261855559547,1.701,1.298,7.112523683794154e-4,2.767205661343083e-5,25.712549288622377
MA25.csv,SMD,Einon_1980,0.4102438299353203,0.36593325975162383,0.6377755832928862,1.639,1.253,4.752189790731183e-4,1.5159065308741581e-5,27.184232354126237
MA25.csv,SMD,Endo_etal_1994,0.6176041191572479,0.18902493596289072,0.3360507697591951,2.326,1.716,0.006384456347602632,7.02664914906649e-4,14.70258337963044
MA25.csv,SMD,Endo_etal_1994,0.6226434356836985,0.18672712487841547,0.33154063311609294,2.364,1.717,0.006651710975733107,7.461371123476629e-4,14.481350823767746
MA25.csv,SMD,Endo_etal_1994,0.521289460856442,0.24648793451098405,0.4443655603652714,2.01,1.486,0.0024901077527806495,1.765912933536515e-4,19.787762585428737
MA25.csv,SMD,Endo_etal_1994,0.44749301670528896,0.31672290770686695,0.5635840544684247,1.761,1.328,9.107778337482585e-4,3.996621321811162e-5,24.68611467615578
MA25.csv,SMD,Juraska_etal_1984,0.4483302354291979,0.3157413185060799,0.5620246817673983,1.761,1.337,9.230031399253107e-4,4.076517505219043e-5,24.628336326131837
MA25.csv,SMD,Juraska_etal_1984,0.4775876882835235,0.2843728837409347,0.5105775804863524,1.86,1.392,0.0014268790254568144,7.770908776103125e-5,22.620469674541766
MA25.csv,SMD,Juraska_etal_1984,0.538599374303387,0.2338843424681366,0.42138828510806225,2.08,1.523,0.0030257424756045094,2.3514548103999058e-4,18.750394263992565
MA25.csv,SMD,Juraska_etal_1984,0.5366064004463607,0.23527508671494646,0.4239462231248359,2.058,1.521,0.002960578135710634,2.2774403518795056e-4,18.86711364098894
MA25.csv,SMD,Kobayashietal_1988,0.36314163903358704,0.4470198845794632,0.7429426289378668,1.486,1.166,1.7086394852138293e-4,3.24554627520798e-6,29.59227443584036
MA25.csv,SMD,Kobayashi_etal_1988,0.38739162742630356,0.4022927987094135,0.687550797368061,1.563,1.206,2.988756940928961e-4,7.557916687508704e-6,28.525799865864755
MA25.csv,SMD,Kolb_Cioe_1996,0.35640566774393473,0.4606889328109348,0.7586031533658038,1.462,1.152,1.442166576580615e-4,2.508149359284226e-6,29.791422055486894
MA25.csv,SMD,Lund_Lephart_2001,0.5103620714747521,0.25509271256603827,0.45978529358714926,1.955,1.46,0.0021865225214769296,1.458408103220388e-4,20.469258102111098
MA25.csv,SMD,Roof_1993,0.5960033246551566,0.19954622805121836,0.3565376791468906,2.261,1.657,0.005312015032149562,5.367901123759291e-4,15.699145109567226
MA25.csv,SMD,Seymoure_etal_1996,0.5587916221633964,0.22060740318030847,0.3966937281501235,2.15,1.574,0.0037386489069275476,3.2078282550527696e-4,17.608632496981503
MA25.csv,SMD,Seymoure_etal_1996,0.32619197721587206,0.5293362161031766,0.8285270468073768,1.372,1.106,6.151052482309896e-5,6.793388849995851e-7,29.919083070420015
MA25.csv,SMD,Tees_etal_1981,0.3787060601574789,0.4175388028681134,0.7071512040571314,1.533,1.192,2.4675423660470324e-4,5.661422387377525e-6,28.9612401189018
MA25.csv,SMD,LaBuda_etal_2002,0.2565175120727628,0.7342953605220031,0.9589216942356255,1.171,1.024,3.7269248696796314e-6,7.974432109076356e-9,22.46263337136224
MA25.csv,SMD,Kolb_Cioe_1996,0.35540689779462636,0.46276439580550377,0.7609296992663583,1.467,1.153,1.4055502836130874e-4,2.4118424620025204e-6,29.816530346085457
MA25.csv,SMD,Seymoure_etal_1996,0.5046723996812189,0.2597878047108776,0.4681057411045636,1.953,1.458,0.0020387098449822405,1.3155609155671564e-4,20.831793639368602
MA25.csv,SMD,Seymoure_etal_1996,0.4208507870968046,0.35074541366340706,0.6157142995324336,1.668,1.277,5.789455994084081e-4,2.0361114077607892e-5,26.496888586902656
MA26.csv,SMD,Asher2016,0.5019544072921365,0.0735076033306653,0.10410388994835784,5.335,3.586,0.10850808360321401,0.04005442373537626,3.0596286617692536
MA26.csv,SMD,Asher2016,0.48592997335007027,0.07510386452807416,0.10781550987119903,5.139,3.449,0.10195827571975126,0.03619940159863296,3.2711645343124873
MA26.csv,SMD,Asher2016,0.4929247488207505,0.07438763773777823,0.10614977431300043,5.258,3.536,0.1048254370142794,0.03786699603003446,3.17621365752222
MA26.csv,SMD,Asher2016,0.6486115308873255,0.06400830086402998,0.08209289004007758,6.811,4.595,0.16392768152335369,0.07897408365327171,1.8084589176047605
MA26.csv,SMD,Asher2016,0.6500390503654376,0.0639463684027829,0.08194991188159118,6.764,4.575,0.16441917559786662,0.07936829464164043,1.8003543478808282
MA26.csv,SMD,Asher2016,0.645503854364945,0.06414456413527425,0.08240749718821316,6.71,4.554,0.16285431488804938,0.07811610167691171,1.8262933052938912
MA26.csv,SMD,Baciadonna2016,0.4608138734890693,0.07795458288295443,0.11445079339952924,4.881,3.289,0.09158132956565539,0.030425977059328042,3.649621051657481
MA26.csv,SMD,Baciadonna2016,0.47066736130732495,0.07678082254260321,0.11171779641458401,4.946,3.369,0.0956652482822181,0.03264887944152243,3.4936973871980803
MA26.csv,SMD,Baciadonna2016,0.46646565789991445,0.07727209458267492,0.11286152357788937,4.934,3.326,0.09392546776604806,0.031694047797163075,3.5589428995214445
MA26.csv,SMD,Baciadonna2016,0.46276483768756677,0.07771611705107206,0.11389544414668828,4.896,3.292,0.0923909758098412,0.0308615592612029,3.617932709561622
MA26.csv,SMD,Baciadonna2016,0.46386307893601536,0.07758322277693441,0.11358597659166791,4.881,3.295,0.09284653625243319,0.03110776037874459,3.60027538147335
MA26.csv,SMD,Bateson2015b,0.36571886607064724,0.09472676716121842,0.1535805339036933,3.94,2.662,0.052506025424448786,0.012518930893965899,5.885376674247489
MA26.csv,SMD,Bateson2015b,0.3789538639465232,0.0916003429693073,0.14628280823926665,4.11,2.729,0.05778331644118894,0.014568241182620408,5.468246526995935
MA26.csv,SMD,Bateson2015b,0.37728660988696644,0.09197577813909608,0.14715921794832343,4.019,2.729,0.05711324550337724,0.01430137214250232,5.518343980922735
MA26.csv,SMD,Bateson2015b,0.3764831988283142,0.0921585128309872,0.14758578700541214,3.99,2.736,0.056790859930676174,0.014173661749756922,5.542727417442494
MA26.csv,SMD,Bateson2015b,0.3904078802995657,0.08915236545978555,0.1405682482501397,4.193,2.821,0.06242155278651687,0.016467884948170083,5.141588279035414
MA26.csv,SMD,Bateson2015b,0.4142628549604707,0.08470218239454141,0.13018195067666094,4.406,2.981,0.07222851757954002,0.020780012661584163,4.547976828211953
MA26.csv,SMD,Bateson2015b,0.4149254161894641,0.0845896266444921,0.12991933311013137,4.447,2.982,0.07250289012057529,0.020906327349286057,4.5329706465639275
MA26.csv,SMD,Bateson2015b,0.4284397623937349,0.08240858762879555,0.12483161591603498,4.55,3.064,0.07811315021734865,0.02355578296507281,4.242302828723943
MA26.csv,SMD,Bateson2015b,0.42490721457748865,0.08295828786574988,0.126113682525816,4.491,3.062,0.07664458300653024,0.02285002641019094,4.315539466006612
MA26.csv,SMD,Bateson2015b,0.4138975392533761,0.08476447787229568,0.13032730203008291,4.389,2.976,0.07207727107481587,0.020710512985207374,4.556282415778723
MA26.csv,SMD,Bethell2012,0.41776880687767964,0.08411277155778973,0.1288067822760386,4.457,3.011,0.07368121682669299,0.021452270446570762,4.469401071824885
MA26.csv,SMD,Bethell2012,0.43703356850475455,0.08112750498152133,0.12184441901985832,4.628,3.144,0.08168928010834392,0.02531033649908049,4.071691403833699
MA26.csv,SMD,Bethell2012,0.4259706609615268,0.08279133866612987,0.12572428958328752,4.549,3.057,0.07708656317900936,0.02306152303320295,4.293295091715765
MA26.csv,SMD,Bethell2012,0.38462673594018393,0.09036002454319447,0.1433873917800842,4.146,2.799,0.06007329902719955,0.015494738240507655,5.302736723688972
MA26.csv,SMD,Bethell2012,0.38646259068634314,0.08997052245923953,0.14247813421847744,4.111,2.784,0.0608175025568179,0.015800627267440383,5.25076117592379
MA26.csv,SMD,Boleij2012,0.2310530934655496,0.16463738501575476,0.31344391864853993,2.553,1.773,0.010043273136795688,9.523229884734038e-4,14.880653363278517
MA26.csv,SMD,Boleij2012,0.23811471815072666,0.15776014865825339,0.29818509607919697,2.604,1.809,0.011504036006457878,0.0011750074626370038,14.042494742094359
MA26.csv,SMD,Boleij2012,0.21826279802110116,0.17886196336449534,0.34456074610028053,2.415,1.698,0.007673149268775296,6.278991178574725e-4,16.56987827357852
MA26.csv,SMD,Briefer2013,0.6708805959334344,0.06308711740807871,0.07996706153745925,7.042,4.721,0.1714830361569089,0.08512672373520096,1.6879944129380542
MA26.csv,SMD,Briefer2013,0.6901299834089227,0.06236226876949458,0.0782955967100828,7.169,4.864,0.1778216224685886,0.09044065269169806,1.5933327940588216
MA26.csv,SMD,Briefer2013,0.6901695074400201,0.062360843111175956,0.07829231035004058,7.183,4.823,0.17783445462839498,0.0904515504367748,1.5931467238864627
MA26.csv,SMD,Briefer2013,0.7469026281919218,0.06054362249193335,0.07410710363967488,7.817,5.259,0.19549477935863055,0.1059797575396149,1.356348114774153
MA26.csv,SMD,Briefer2013,0.6874334084113166,0.06246012266812706,0.07852117564818539,7.179,4.809,0.17694436993239882,0.08969698126314758,1.6061052980058332
MA26.csv,SMD,Briefer2013,0.7897522105065614,0.05942455652228218,0.07153370383015423,8.19,5.492,0.20785884545124764,0.1174726199919618,1.2109147307872048
MA26.csv,SMD,Briefer2013,0.7339224965893878,0.06092219633996665,0.07497835691808752,7.638,5.18,0.19158646272356566,0.1024525856853311,1.4056160578120869
MA26.csv,SMD,Briefer2013,0.8307173002893343,0.058513542306243504,0.06944105191440908,8.694,5.825,0.21893868408627695,0.128197500732916,1.0927509608165575
MA26.csv,SMD,Briefer2013,0.6916146868018348,0.06230888373449672,0.07817253913590638,7.266,4.871,0.17830314479919115,0.09084997314780394,1.586365540140966
MA26.csv,SMD,Briefer2013,0.6719215735485802,0.06304630391209898,0.0798729172990208,7.149,4.803,0.17183036870581156,0.08541432574031722,1.6826613386921818
MA26.csv,SMD,BrieferFreymond2014,0.5773518060939967,0.06771513738380142,0.09066417230079882,6.045,4.071,0.138162107016766,0.059500654221579345,2.29490349169974
MA26.csv,SMD,BrieferFreymond2014,0.6025103426498171,0.06625385170338527,0.08728217040677377,6.357,4.242,0.14753044651484037,0.066308537894612607,2.1028318703388504
MA26.csv,SMD,BrieferFreymond2014,0.6931712876338719,0.062253284671892284,0.07804438475737419,7.252,4.877,0.17880685540279803,0.0912790040866827,1.5791100085481902
MA26.csv,SMD,BrieferFreymond2014,0.6328380393117974,0.06472105839549547,0.08373893617462502,6.646,4.516,0.15843158080462827,0.07462334894640597,1.9017877779129555
MA26.csv,SMD,BrieferFreymond2014,0.5975858390223115,0.0665252562976324,0.08791001829461609,6.345,4.224,0.1457195206240894,0.06496808050548131,2.138476199698369
MA26.csv,SMD,Burman2008,0.4103472102987908,0.08537875783962334,0.13176065390530634,4.366,2.963,0.07060872031151268,0.020040533242608207,4.638189606568299
MA26.csv,SMD,Burman2008,0.40873096041283685,0.08566382250038473,0.13242586546753699,4.365,2.966,0.06994104499052763,0.01973883516155129,4.676204296715225
MA26.csv,SMD,Burman2008,0.4138731895158226,0.08476863608949037,0.13033700427344064,4.401,2.98,0.07206719076885326,0.020705884259962105,4.556836818395027
MA26.csv,SMD,Burman2008,0.4084683047679465,0.0857104742865461,0.1325347321687349,4.382,2.963,0.0698325963516325,0.019690003172141583,4.682425788218881
MA26.csv,SMD,Burman2008,0.4086818016501346,0.08567254689807102,0.13244622468484024,4.396,2.944,0.06992074649941397,0.019729691547478008,4.677367778676922
MA26.csv,SMD,Burman2009,0.578347595309257,0.06765360739449466,0.0905216909469514,6.07,4.114,0.13853835283832983,0.05976799995604467,2.286808355245673
MA26.csv,SMD,Burman2009,0.5891913246136606,0.06700386908573464,0.08901753438469096,6.151,4.129,0.1426067448272147,0.06269134389972965,2.201366529895632
MA26.csv,SMD,Burman2009,0.5803556375189268,0.06753050337879218,0.09023664595652259,6.107,4.138,0.13929572275875493,0.06030770310228849,2.2706142577730404
MA26.csv,SMD,Burman2009,0.5816422431357613,0.06745230454771256,0.09005559175987288,6.076,4.102,0.1397800430336875,0.06065391228296777,2.2603287212160317
MA26.csv,SMD,Burman2009,0.5993034123046522,0.06642982691222254,0.08768924333792394,6.336,4.246,0.14635241499275015,0.06543522367984048,2.1259416425701394
MA26.csv,SMD,Burman2011,0.2893627066503215,0.12220848576328391,0.2174402207718269,3.127,2.16,0.025087834292774835,0.003936332731306212,9.523173500854298
MA26.csv,SMD,Burman2011,0.3256669679288951,0.10668247990187107,0.1814503738612112,3.509,2.402,0.03732305354169629,0.007317555813763322,7.476789395934014
MA26.csv,SMD,Burman2011,0.2926609710911245,0.12054953134921853,0.21361033227625648,3.19,2.175,0.02612230350394887,0.004191833256454615,9.306080092703795
MA26.csv,SMD,Burman2011,0.2891754035183491,0.12230444281505215,0.2176616154635771,3.126,2.142,0.025029602922546867,0.003922125738039397,9.535717264852494
MA26.csv,SMD,Burman2011,0.3030914284502285,0.11566298529754737,0.20230533616611635,3.278,2.243,0.029502231787311785,0.005066945492278906,8.664235086856898
MA26.csv,SMD,Carreras2016b,0.30506034321097847,0.11479766109556544,0.20029996730538546,3.305,2.256,0.030157909305598727,0.005243707621005016,8.550230620982003
MA26.csv,SMD,Carreras2016b,0.30222364235777455,0.11604988088809032,0.20320163819619508,3.261,2.234,0.029214975522027183,0.004990212369410392,8.715175730810476
MA26.csv,SMD,Carreras2016b,0.3018870831950251,0.11620085332494068,0.2035513342266032,3.291,2.226,0.029103854608718116,0.0049606453667547495,8.735048090166252
MA26.csv,SMD,Carreras2017,0.3102799816294954,0.1125847049202433,0.19516717598606304,3.335,2.272,0.03192181821203874,0.0057302684739963,8.258247106581972
MA26.csv,SMD,Coulon2015,0.2774873294404629,0.12869176792192272,0.23236360719128557,3.014,2.062,0.021509726557059305,0.003098892233230996,10.367183926936285
MA26.csv,SMD,Coulon2015,0.27792497368894364,0.12843763987137757,0.23178005004408697,2.99,2.07,0.021637365752866254,0.003127500752981681,10.33424101727094
MA26.csv,SMD,Coulon2015,0.2830506509443142,0.1255504922353332,0.22514203738872163,3.052,2.109,0.023156717604602382,0.003475303978989577,9.959154515338842
MA26.csv,SMD,Coulon2015,0.276548841979134,0.12924089022409158,0.23362415295146166,2.993,2.074,0.02123714052941672,0.0030381160281686523,10.438326272737008
MA26.csv,SMD,Coulon2015,0.29347249445220586,0.12015010459547582,0.21268757072646216,3.155,2.163,0.026379427332656035,0.004256249239455187,9.253746613098635
MA26.csv,SMD,Deakin2016,0.5012334735430187,0.07357609746612814,0.10426308999606937,5.256,3.566,0.10821488330515523,0.03987839837710064,3.0686992529941226
MA26.csv,SMD,Deakin2016,0.49856109455110914,0.07383262968894144,0.10485939558836888,5.246,3.558,0.10712676223929991,0.039227959402748425,3.1026765899427433
MA26.csv,SMD,Deakin2016,0.4518009462141486,0.07909731981832036,0.11711272752224777,4.789,3.235,0.0878358850116284,0.028444044931063082,3.8015407703927417
MA26.csv,SMD,Destrez2013,0.2920794138586285,0.1208378692850064,0.21427630264581765,3.157,2.192,0.025938668499861737,0.0041460489163259616,9.343843336081125
MA26.csv,SMD,Destrez2013,0.2957128742547406,0.11906482476543123,0.21017912483275858,3.191,2.198,0.027094501784055626,0.004437280391721304,9.111430006732736
MA26.csv,SMD,Destrez2013,0.312833473272922,0.11154317370356359,0.19274937833901395,3.367,2.302,0.03279790327494615,0.005977838492843579,8.120620463545036
MA26.csv,SMD,Destrez2013,0.3026997770068554,0.11583717820592598,0.20270890505444505,3.278,2.249,0.02937245458870803,0.005032225312255934,8.687172684851907
MA26.csv,SMD,Destrez2013,0.2887109644609986,0.12254320440995281,0.21821242830511478,3.147,2.157,0.02488545283778919,0.0038870376285177178,9.566922389516197
MA26.csv,SMD,Destrez2014,0.4017159357058169,0.08694202341153778,0.13540891458281867,4.268,2.932,0.06705041154598723,0.018453743965267694,4.846689117128089
MA26.csv,SMD,Destrez2014,0.39487819134512864,0.08825539602074295,0.13847446258884977,4.178,2.86,0.06424628054716701,0.017240069620880316,5.021906656810682
MA26.csv,SMD,Destrez2014,0.393569221357565,0.08851481542155337,0.13908001137414128,4.212,2.859,0.06371122592527141,0.017012203565504872,5.0565195952587905
MA26.csv,SMD,Destrez2014,0.3981230802151516,0.08762352143217489,0.13699955847417633,4.244,2.882,0.06557516291788477,0.01781116522447992,4.937603704200145
MA26.csv,SMD,Destrez2014,0.39892879439819834,0.0874690575177437,0.1366390245847139,4.221,2.892,0.06590565431041757,0.01795433513418188,4.916996706697018
MA26.csv,SMD,Destrez2017,0.3804672679745263,0.09126390568148401,0.1454974278130654,4.048,2.782,0.05839274992877582,0.014812628270852321,5.4233522131581395
MA26.csv,SMD,Destrez2017,0.4105345283895132,0.08534594150609509,0.13168407727117104,4.375,2.967,0.07068613828931578,0.02007563335993715,4.633813576507595
MA26.csv,SMD,Destrez2017,0.4099572477710328,0.08544722268342142,0.13192041724538217,4.364,2.936,0.07044757403380937,0.019967550447023974,4.647319456196075
MA26.csv,SMD,Destrez2017,0.3827428222710388,0.09076568581774669,0.1443343751047993,4.079,2.771,0.059311156339233624,0.015183907948050633,5.356868928705261
MA26.csv,SMD,Destrez2017,0.3950716150269467,0.08821728507763837,0.13838550312894338,4.191,2.868,0.06432539493827014,0.01727386376206882,5.0168218051305
MA26.csv,SMD,Douglas2012,0.32760924284885495,0.10599731082960284,0.17985580937569734,3.558,2.405,0.038024568193403836,0.0075342228022572035,7.38584985460945
MA26.csv,SMD,Douglas2012,0.3162961444595871,0.11017183420004695,0.18956409370163851,3.43,2.329,0.03399922540631441,0.006323607854304747,7.939225950159157
MA26.csv,SMD,Douglas2012,0.3301795042094527,0.10510955864091598,0.1777891791263848,3.53,2.422,0.03895920000667315,0.007826567388527064,7.267962048546883
MA26.csv,SMD,Dupjan2013,0.3652813983766488,0.0948360741262605,0.15383564635720104,3.903,2.659,0.05233335186183292,0.012453923606163677,5.899957223094054
MA26.csv,SMD,Dupjan2013,0.37095411980459253,0.09344916548011062,0.15059853120404054,3.962,2.686,0.05458160511734494,0.013310534074575699,5.714936572392992
MA26.csv,SMD,Dupjan2013,0.392693137194935,0.08868992343013382,0.13948876204352156,4.172,2.833,0.0633534573972433,0.01686050617161188,5.079883861338774
MA26.csv,SMD,Dupjan2013,0.3654722260309256,0.09478834405175296,0.15372424909767735,3.916,2.666,0.05240865875734658,0.012482258689287713,5.893590504592439
MA26.csv,SMD,Dupjan2013,0.3651616149049623,0.09486607359788157,0.15390566185429233,3.908,2.647,0.05228609323365181,0.01243615471571833,5.903958825641076
MA26.csv,SMD,Guldimann2015,0.5421951106382277,0.07011241819283653,0.09622029739604909,5.678,3.847,0.1246061787040672,0.050210430623351905,2.610787920321256
MA26.csv,SMD,Guldimann2015,0.54138204070693,0.07017351969878882,0.09636202998504606,5.744,3.856,0.12428667414164637,0.04999954626541378,2.618851028625724
MA26.csv,SMD,Guldimann2015,0.5363761804927583,0.07055593002065275,0.09724920600141529,5.73,3.834,0.12231394815547213,0.048705777476829276,2.6693275980762543
MA26.csv,SMD,Guldimann2015,0.5388244510042208,0.07036755111673154,0.09681214746331046,5.718,3.845,0.1232799715624478,0.049337536412673445,2.644459634657892
MA26.csv,SMD,Guldimann2015,0.532746861088829,0.07084004091766305,0.09790847176396578,5.631,3.744,0.1208777502239141,0.04777288103316847,2.7068430846302727
MA26.csv,SMD,Harding2004,0.7365544392643357,0.060843800836793194,0.07479790886279947,7.69,5.172,0.19238519030571502,0.1031692578525458,1.3954108026006273
MA26.csv,SMD,Harding2004,0.6754297876167441,0.06291015728709093,0.07955889470487187,7.056,4.752,0.1729970804775537,0.08638344670848452,1.6648737417780946
MA26.csv,SMD,Harding2004,0.6714573970104134,0.06306447916503,0.07991484159967743,7.101,4.736,0.17167555600404752,0.08528608462000621,1.6850362434647437
MA26.csv,SMD,Harding2004,0.6753525523754241,0.06291313159826528,0.0795657545341476,7.134,4.754,0.17297145839488406,0.08636211349208724,1.6652622935882322
MA26.csv,SMD,Harding2004,0.7563664297151216,0.06027989535211298,0.07350036226718715,7.883,5.281,0.1982959369420576,0.10853914655001934,1.322046691507417
MA26.csv,SMD,Kasbaoui2016,0.6087408299103979,0.06591996641791709,0.08650997194203491,6.399,4.302,0.14980543473025207,0.06800903917701569,2.0590005524117827
MA26.csv,SMD,Kasbaoui2016,0.5650641087522724,0.06850170267994116,0.09248614337655703,5.963,4.049,0.1334835221301624,0.05621890551349652,2.398444069661587
MA26.csv,SMD,Kasbaoui2016,0.5661555016071115,0.0684297360007593,0.09231939916149245,5.957,4.012,0.13390172630768069,0.05650902956835944,2.3889663160733154
MA26.csv,SMD,Kasbaoui2016,0.5669012568340275,0.06838080252580936,0.09220602697038538,5.931,3.989,0.13418719341839125,0.05670743269511466,2.382522444457602
MA26.csv,SMD,Kasbaoui2016,0.5777139248797799,0.06769272474685395,0.09061227192673582,6.07,4.126,0.13829897977886157,0.05959785171730037,2.291954717988187
MA26.csv,SMD,Lockener2015,0.557434618587687,0.06901680569910063,0.093679867066215,5.918,3.963,0.13054588045860752,0.054198834403225635,2.466306136711438
MA26.csv,SMD,Lockener2015,0.5578577040787372,0.06898767962341346,0.09361235742880869,5.916,3.962,0.1307094262939268,0.05431047269937875,2.4624677805395234
MA26.csv,SMD,Lockener2015,0.5591887033909037,0.06889648702210005,0.09340099626363929,5.884,3.993,0.13122344267638064,0.05466197952730109,2.450450924153924
MA26.csv,SMD,Lockener2015,0.559187495389516,0.06889656948876466,0.09340118739422876,5.875,3.978,0.13122297649694178,0.05466166029829765,2.45046179054641
MA26.csv,SMD,Lockener2015,0.5617144221043288,0.06872523989543211,0.09300412564371052,5.897,3.981,0.13219679852159175,0.05533023313457887,2.427888574827841
MA26.csv,SMD,Lalot2017,0.22460092608891888,0.17150560800782888,0.32854562335350634,2.472,1.721,0.008802901660155746,7.766083845464469e-4,15.704001534567746
MA26.csv,SMD,Lalot2017,0.2518752826301144,0.14600934815286093,0.2718175607894143,2.735,1.9,0.01465276524015719,0.001708794842895118,12.58082126365534
MA26.csv,SMD,Lalot2017,0.21902084147404785,0.1779480285759818,0.3425803247896092,2.409,1.688,0.007803620213483596,6.444996109718464e-4,16.46322962136274
MA26.csv,SMD,Lalot2017,0.21822376818302813,0.17890928016053376,0.3446632051257119,2.4,1.693,0.007666465862635187,6.270528702981677e-4,16.575392496517814
MA26.csv,SMD,Lalot2017,0.21884706989128275,0.1781566892478461,0.3430327097150634,2.425,1.679,0.0077735997468297,6.406664364053751e-4,16.487602046721726
MA26.csv,SMD,Mueller2012,0.2050386134365915,0.19648534801761808,0.38221134817001146,2.279,1.603,0.005600405022088593,3.8559625845399685e-4,18.57260001523934
MA26.csv,SMD,Mueller2012,0.20416880515886848,0.19776646948266452,0.3849071714785134,2.287,1.589,0.005477508430727966,3.7256442546654544e-4,18.71407019958489
MA26.csv,SMD,Mueller2012,0.20575168772090302,0.19544718875748102,0.38002258921966825,2.288,1.595,0.005702387184998443,3.9652939288865673e-4,18.457540046218725
MA26.csv,SMD,Mueller2012,0.20610832831304998,0.194932003024602,0.3789350309541586,2.291,1.61,0.00575380952974199,4.0208283864756096e-4,18.400302792955657
MA26.csv,SMD,Mueller2012,0.205807349237096,0.19536660607154,0.37985253964726495,2.288,1.608,0.005710394463395227,3.9739236695784816e-4,18.448593357572495
MA26.csv,SMD,Perry2016,0.4272469531781356,0.08259264879706829,0.12526088386389322,4.537,3.066,0.07761714588431778,0.023316450868370746,4.266823506682494
MA26.csv,SMD,Perry2016,0.471830947480133,0.07664712610550795,0.11140657897302808,4.983,3.361,0.09614655395717508,0.032915084829085485,3.4759452867520135
MA26.csv,SMD,Perry2016,0.42613474512177485,0.0827656925810577,0.12566447385854196,4.517,3.07,0.0771547681875797,0.023094230228151526,4.289878127748425
MA26.csv,SMD,Perry2016,0.4112525841864097,0.08522056813848222,0.13139152310448332,4.398,2.952,0.0709829767028152,0.020210441871862824,4.617095496600109
MA26.csv,SMD,Perry2016,0.4082482908721113,0.0857496228932586,0.1326260899860492,4.34,2.941,0.06974176628197086,0.019649141448815122,4.687646709279059
MA26.csv,SMD,Richter2012,0.5907155203649215,0.0669154314314091,0.0888128573718645,6.188,4.158,0.1431743326773561,0.06310390389307366,2.1897425940455406
MA26.csv,SMD,Richter2012,0.5795182033379107,0.06758168531495012,0.0903551535529814,6.086,4.097,0.13898008765667313,0.06008253009732504,2.277346823803128
MA26.csv,SMD,Richter2012,0.5871497083368091,0.06712342211387401,0.08929424595786228,6.195,4.099,0.14184481979324465,0.06213934132491585,2.2170823843988274
MA26.csv,SMD,Richter2012,0.5793175968326872,0.06759397925043242,0.09038361983563759,6.136,4.109,0.1389044311291749,0.06002861024681894,2.278964058520516
MA26.csv,SMD,Richter2012,0.5796961514448754,0.06757079077952799,0.09032992776360915,6.056,4.074,0.13904718379802003,0.06013036625680952,2.2759136984081163
MA26.csv,SMD,Richter2012,0.6073953605354588,0.06599119022303601,0.08667467838970355,6.331,4.275,0.14931569125438873,0.0676414135880572,2.068348816666754
MA26.csv,SMD,Richter2012,0.60557872733444,0.06608811810050019,0.08689884132441805,6.346,4.244,0.14865310018984926,0.06714539620746782,2.081072322391786
MA26.csv,SMD,Richter2012,0.6585701967140632,0.06358468334777023,0.08111507984620214,6.923,4.643,0.16733596522053007,0.08172506005856434,1.753039649843191
MA26.csv,SMD,Richter2012,0.6092698162554911,0.06589209452956235,0.08644552025653474,6.5,4.285,0.14999775007160968,0.06815363339613256,2.0553425726972385
MA26.csv,SMD,Richter2012,0.6983042682097826,0.06207259338514204,0.07762794377465276,7.259,4.92,0.1804596891521635,0.09269288248085046,1.5555350389510725
MA26.csv,SMD,Scollo2014,0.3168631045104494,0.10995167146671436,0.18905251860211691,3.447,2.333,0.0341973498333821,0.006381326590037673,7.910084713540256
MA26.csv,SMD,Scollo2014,0.3169785118900018,0.10990700438115741,0.1889487228532708,3.445,2.328,0.0342377274333807,0.006393113607010256,7.904171847211339
MA26.csv,SMD,Scollo2014,0.31767624242300524,0.10963801636645198,0.1883236137151577,3.425,2.349,0.03448218983144566,0.00646465015881406,7.868559734870573
MA26.csv,SMD,Scollo2014,0.3164727018243438,0.11010314330685056,0.1894044875485773,3.428,2.325,0.03406088097410345,0.006341548737452225,7.9301344241726746
MA26.csv,SMD,Scollo2014,0.31680343432481917,0.10997478571919661,0.18910622982941805,3.413,2.341,0.0341764794299423,0.006375237289932795,7.913144411022143
MA26.csv,SMD,Seehuus2013,0.21608942130516245,0.1815363299769237,0.35034048998470424,2.405,1.679,0.007306089268831941,5.820221485595768e-4,16.880416000778055
MA26.csv,SMD,Seehuus2013,0.2134210533194886,0.18493313054430005,0.357648034045869,2.353,1.652,0.006869652306030833,5.290902167995471e-4,17.271490350156892
MA26.csv,SMD,Seehuus2013,0.23521877050949824,0.16050441590282427,0.30428991871472844,2.582,1.799,0.01089203753572352,0.001079698819297911,14.378550281190417
MA26.csv,SMD,Seehuus2013,0.21388291189340022,0.1843360109600276,0.3563661915649122,2.389,1.666,0.006944071970879449,5.379899333552102e-4,17.20301806048846
MA26.csv,SMD,Seehuus2013,0.21371666757649016,0.18455049294559323,0.3568267574720906,2.38,1.668,0.006917230801215667,5.347740207062447e-4,17.227626452649737
MA26.csv,SMD,Seehuus2013,0.2155948329622025,0.1821563510907046,0.35167715587839277,2.382,1.668,0.0072240111549188675,5.719322773203375e-4,16.952080478768817
MA26.csv,SMD,Seehuus2013,0.2132010201664148,0.185218978378775,0.35826124976295637,2.358,1.651,0.006834363279207969,5.248883608452241e-4,17.30422713841814
MA26.csv,SMD,Seehuus2013,0.22061061397856632,0.1760621319640039,0.3384853644674136,2.431,1.7,0.008081349803678497,6.803417456197417e-4,16.242323250340974
MA26.csv,SMD,Seehuus2013,0.22493808926013398,0.17113180592713106,0.3277273603266093,2.477,1.724,0.008865468903452047,7.851660611265884e-4,15.659555439947825
MA26.csv,SMD,Seehuus2013,0.21947214174013066,0.17740845456368803,0.3414098647245821,2.419,1.717,0.007881896340306165,6.545321697717801e-4,16.40014101608941
MA26.csv,SMD,Seehuus2013,0.2140781913227034,0.18408471149537564,0.3558263732645287,2.377,1.649,0.0069756787347622735,5.417855194961873e-4,17.174166176915307
MA26.csv,SMD,Seehuus2013,0.22249313697280643,0.17388157753184197,0.3337366665118131,2.449,1.71,0.008417405350591019,7.246176326058509e-4,15.985508897997114
MA26.csv,SMD,Seehuus2013,0.23025300432350498,0.16545738120775877,0.3152542554237492,2.537,1.763,0.009884544244545927,9.291357427986469e-4,14.979687421599042
MA26.csv,SMD,Seehuus2013,0.21469079160504298,0.1833008513818788,0.3541412242687837,2.373,1.663,0.007075375279110085,5.538192604192268e-4,17.08403728869049
MA26.csv,SMD,Seehuus2013,0.21320988251016884,0.18520744797256483,0.3582365193618393,2.358,1.652,0.006835782567135767,5.250571274012222e-4,17.30290713892745
MA26.csv,SMD,Walker2014,0.30941171600312745,0.11294488695819238,0.1960030012112266,3.313,2.286,0.031625864628453064,0.005647517459216885,8.305811425303421
MA26.csv,SMD,Walker2014,0.32026519792197217,0.10865560212191216,0.18603991578137713,3.444,2.344,0.03539442240436604,0.006734209191664572,7.7384313659464965
MA26.csv,SMD,Walker2014,0.2896920278502672,0.12204023337927294,0.21705198870957143,3.123,2.151,0.025190353351394267,0.003961390439404975,9.501175533029848
MA26.csv,SMD,Walker2014,0.29014841030065974,0.1218080334012962,0.21651612726890135,3.129,2.156,0.02533271122295258,0.0039962819314949185,9.470809386760514
MA26.csv,SMD,Walker2014,0.28883697997313296,0.12247830503423418,0.21806271731028892,3.116,2.126,0.02492453083354333,0.00389653835465608,9.558441227605474
MA26.csv,SMD,Wheeler2015,0.47641266460916004,0.07613032467066516,0.11020374020779755,5.028,3.411,0.09803944647807049,0.03397063619503074,3.407341553713239
MA26.csv,SMD,Wheeler2015,0.47212136469344407,0.07661391360997727,0.11132926992883707,5.035,3.358,0.09626664676080432,0.03298164551026117,3.4715356318859802
MA26.csv,SMD,Wheeler2015,0.48689000503193736,0.07500370352901342,0.10758252967389303,5.11,3.524,0.10235248486272551,0.03642683441558591,3.2578826144879613
MA26.csv,SMD,Zidar2018,0.25054279674339075,0.1470616138949148,0.2741930664742027,2.747,1.901,0.0143307928894235,0.0016509982240562457,12.713145257928794
MA26.csv,SMD,Zidar2018,0.25061628837727207,0.14700313091266615,0.2740611113658703,2.743,1.896,0.014348457132806898,0.0016541506549711026,12.705798045320416
MA26.csv,SMD,Zidar2018,0.253051591577686,0.14509447512416995,0.26975003621442983,2.78,1.927,0.014939979351203038,0.001760949054475559,12.465556109025988
MA26.csv,SMD,Zidar2018,0.2527638898260588,0.14531703119946793,0.27025317718056807,2.763,1.916,0.014869475277296916,0.001748094594519695,12.493614598110014
MA26.csv,SMD,Zidar2018,0.2505725503721427,0.14703793030481582,0.27413963022023036,2.72,1.896,0.014337943067224714,0.0016522740144389954,12.710169991541454
MA26.csv,SMD,Zidar2018,0.25151586629872874,0.14629149984080414,0.27245478752927044,2.753,1.89,0.014565564563159421,0.0016930715277117653,12.61632876884663
MA26.csv,SMD,Zidar2018,0.2561624738325268,0.14273666955558983,0.2644124193896924,2.811,1.926,0.015712897034679704,0.0019040611717494463,12.167574983410256
MA26.csv,SMD,Zidar2018,0.2621387361684648,0.13844520288414863,0.2546644236621234,2.873,1.969,0.01725117578711674,0.002200599335818335,11.621922077797475
MA26.csv,SMD,Zidar2018,0.258411025306584,0.14108629432557962,0.26066856136372374,2.843,1.957,0.016283497091889868,0.002012258594841446,11.958226703814411
MA26.csv,SMD,Zidar2018,0.2571406424507802,0.1420132859898835,0.26277220451226335,2.828,1.938,0.01595989821553887,0.0019506344934971894,12.075891852237985
MA26.csv,SMD,Zidar2018,0.2501521896766047,0.14737333314751688,0.2748962564552978,2.743,1.898,0.014237091812619335,0.0016343119019274354,12.752292330778092
MA26.csv,SMD,Zidar2018,0.2501268198334597,0.1473936307815108,0.2749420364483628,2.735,1.897,0.014231016675932481,0.0016332321296132308,12.7548405666852
MA26.csv,SMD,Zidar2018,0.2522494162530411,0.1457169492535182,0.27115698734051197,2.747,1.908,0.014743813581068892,0.0017252672895597054,12.544003808699378
MA26.csv,SMD,Zidar2018,0.25129529840408876,0.14646526367436263,0.27284712881970785,2.753,1.892,0.014512180239729458,0.0016834713540941886,12.638186514534521
MA26.csv,SMD,Zidar2018,0.25042598108023856,0.14715468128379494,0.27440303702044233,2.768,1.889,0.014302737976709185,0.0016459958483947548,12.72483557366474
MA26.csv,SMD,Wheeler2015,0.5119944345400641,0.07258402194501512,0.10195779754584311,5.338,3.694,0.11257531595666344,0.042529447923682545,2.937377560082799
MA26.csv,SMD,Wheeler2015,0.5742010989191852,0.06791195873163725,0.09111998361130824,6.059,4.092,0.13696876141765954,0.05865608369552147,2.3208024879670996
MA26.csv,SMD,Wheeler2015,0.5343218561878225,0.07071602622279982,0.09762068703017479,5.658,3.801,0.12150161439742023,0.048177185073094805,2.690466080737497
MA26.csv,SMD,Duranton2019,0.3463521878088833,0.09997919714970915,0.1658344896759627,3.682,2.541,0.044991576423051995,0.009812567173059606,6.585529252625355
MA26.csv,SMD,Gott2019,0.6577490653737184,0.06361887902100538,0.08119399770427793,6.894,4.581,0.1670567476019363,0.08149817195869244,1.757511868327255
MA26.csv,SMD,Gott2019,0.5571254616331944,0.06903813120023816,0.09372929707232192,5.875,3.951,0.13042632706532184,0.05411728742142227,2.4691165872083753
MA26.csv,SMD,Gott2019,0.5143943730252111,0.07237133497446302,0.1014637404930121,5.448,3.621,0.11354291271219749,0.04312735931100889,2.909240551854908
MA26.csv,SMD,Gott2019,0.5124227190513707,0.0725458442735919,0.1018691090823497,5.459,3.65,0.11274812496846878,0.04263597651879641,2.93232648087578
MA26.csv,SMD,Gott2019,0.609797718100027,0.06586435284906866,0.0863813711243755,6.44,4.301,0.1501895400255142,0.06829796332020718,2.051701827530683
MA26.csv,SMD,Gott2019,0.526624621528466,0.07133286531928729,0.09905232469809588,5.511,3.747,0.11844404991843191,0.04620941190301815,2.7719459378808597
MA26.csv,SMD,Gott2019,0.502092693633357,0.07349449929784291,0.10407343307061312,5.277,3.562,0.10856430702611698,0.040088214841408856,3.057893377277021
MA26.csv,SMD,Gott2019,0.5005652325122072,0.0736398537861892,0.10441128318009385,5.273,3.589,0.1079429810886756,0.03971544807324296,3.077142939390465
MA26.csv,SMD,Gott2019,0.501311026210276,0.07356871498195128,0.10424593070439525,5.387,3.576,0.10824643070736693,0.03989732263570782,3.0677215722443973
MA26.csv,SMD,Gott2019,0.5468755708568449,0.06976603756507027,0.09541693181207112,5.708,3.856,0.12644036670429337,0.05142829730782271,2.5650894247000844
MA26.csv,SMD,Uccheddu2018,0.4305001486643181,0.08209431339792994,0.12409870859117145,4.588,3.109,0.07897017281500766,0.023971628185439388,4.200439519324151
MA26.csv,SMD,McGuire2018,0.77230519291275,0.05985760686233654,0.07252917988042351,8.05,5.463,0.20292270360363235,0.11282367505796907,1.2671573018086968
MA26.csv,SMD,McGuire2018,0.7393883647989059,0.06076033059596442,0.0746057959426123,7.748,5.2,0.19324165068261848,0.10394011008362149,1.3845465346647878
MA26.csv,SMD,McGuire2018,0.8115696747661287,0.058922091100785834,0.07037924962523567,8.454,5.707,0.21384719919787143,0.12321965684410238,1.145715852444984
MA26.csv,SMD,McGuire2018,0.7336788289163045,0.0609294973062644,0.07499516276832263,7.612,5.159,0.19151235426114316,0.10238619919571547,1.406566546205823
MA26.csv,SMD,Doyle2011b,0.3936946367427425,0.08848984545979754,0.13902172490100606,4.183,2.843,0.0637624646097475,0.0170339730652376,5.053187944120852
MA26.csv,SMD,Doyle2011b,0.3922322704724842,0.0887825204289604,0.13970491075766922,4.232,2.845,0.06316536398486913,0.016780967405006925,5.092239032870882
MA26.csv,SMD,Doyle2011b,0.39318904867760496,0.08859065607429428,0.13925704398580285,4.18,2.827,0.06355593998819394,0.016946295074441897,5.066638791150857
MA26.csv,SMD,Doyle2011b,0.3933547838783711,0.08855756597370978,0.13917980263631569,4.202,2.858,0.06362363009037238,0.016975012605316583,5.06222366626059
MA26.csv,SMD,Doyle2011b,0.39406291248987135,0.08841666298710593,0.13885089823470598,4.191,2.851,0.0639129565472373,0.01709797514452909,5.043423524760005
MA26.csv,SMD,Sanger2011,0.5788242177034406,0.06762427045470776,0.09045375943792089,6.104,4.112,0.13871828234171849,0.05989603107231814,2.282948898321313
MA26.csv,SMD,Sanger2011,0.6207164263977554,0.06530650893812429,0.08509173914015844,6.483,4.358,0.1541268732693191,0.07128976795824561,1.9785230202034154
MA26.csv,SMD,Sanger2011,0.6281766113124556,0.06494214743346438,0.08424972809851028,6.614,4.42,0.15678449075192666,0.07334013130269824,1.9307580665045898
MA26.csv,SMD,Sanger2011,0.6419180851167849,0.06430428077867911,0.08277630235902345,6.719,4.517,0.1616100396211298,0.07712654175262543,1.8472021580344333
MA26.csv,SMD,Sanger2011,0.6089011372957026,0.06591151218834035,0.08649042200492951,6.402,4.348,0.14986372907783063,0.06805285450174665,2.0578909816589164
MA26.csv,SMD,Ash2016,0.5225880940090388,0.0716674449974758,0.09982908550721314,5.536,3.731,0.11683212066006829,0.04518592358775971,2.816164050973735
MA26.csv,SMD,Ash2016,0.5424909925519501,0.07009025196581309,0.0961688814575935,5.729,3.857,0.12472238471021792,0.05028722355188446,2.6078629491780414
MA26.csv,SMD,Ash2016,0.5259677870364307,0.0713867774989757,0.09917747670258192,5.564,3.707,0.11818214365377916,0.04604246107573207,2.7790699203606217
MA26.csv,SMD,Barker2017a,0.28892024851159187,0.1224354685121698,0.21796389755768886,3.13,2.133,0.02495036670452449,0.003902824282906806,9.552842904551905
MA26.csv,SMD,Barker2017a,0.32496222088113563,0.10693420540049026,0.18203609833151946,3.508,2.399,0.037069545683153515,0.00723984373448506,7.51018929310292
MA26.csv,SMD,Barker2017b,0.7075322840690734,0.061757666978126124,0.07690230550174304,7.42,4.985,0.1833996672858388,0.095230844146283,1.5144638523616916
MA26.csv,SMD,Barker2017b,0.5422124841794036,0.07011111562422445,0.09621727598673935,5.713,3.854,0.12461300301216681,0.05021493899255635,2.6106160362514896
MA26.csv,SMD,Bateson2007,0.5606036237842207,0.06880026486095836,0.09317799248708303,5.835,3.979,0.13176905293878885,0.05503614225744063,2.437772762612467
MA26.csv,SMD,Bateson2007,0.4430935533270598,0.08026938067350342,0.119844052583162,4.75,3.157,0.08421219520792494,0.026578623894115735,3.9574671909658576
MA26.csv,SMD,Bateson2007,0.4083309589046611,0.08573490562797847,0.13259174548079178,4.367,2.952,0.0697758934776062,0.01966449029184528,4.68568398528133
MA26.csv,SMD,Bateson2007,0.4087242872646547,0.08566500662183163,0.1324286287268287,4.354,2.946,0.06993828950186003,0.019737593831295426,4.676362210499708
MA26.csv,SMD,Bateson2007,1.7967576798221845,0.05181270273761962,0.0541203088333988,18.526,12.333,0.35711984935440716,0.29197820699365423,0.230760609577918
MA26.csv,SMD,Bateson2011,0.16620786383321337,0.27442994196578063,0.5349865556781167,1.881,1.366,0.001645356087542276,5.7312508277468945e-5,26.055661371233608
MA26.csv,SMD,Bateson2011,0.16764686397305498,0.2705773091304864,0.5279988343909828,1.913,1.367,0.0017398693242888907,6.254703021058217e-5,25.742152526049644
MA26.csv,SMD,Bateson2011,0.1705803241877562,0.2630092194596223,0.5140962558020747,1.927,1.389,0.0019438258382730462,7.438211524313567e-5,25.108703634245245
MA26.csv,SMD,Bateson2011,0.21779015588405276,0.17943668731364615,0.34580475904568486,2.399,1.664,0.00759244032804782,6.17706757619047e-4,16.63680717320387
MA26.csv,SMD,Bateson2011,0.16530540825998405,0.2768948805624998,0.5394255284563685,1.887,1.359,0.001587906817237076,5.421059055060705e-5,26.25306478938687
MA26.csv,SMD,Bethell&Koyama2015,0.23370423188295072,0.16198111182230168,0.3075662099362768,2.564,1.782,0.010579122721440015,0.001032081177168742,14.558509811397514
MA26.csv,SMD,Bethell&Koyama2015,0.18265819445072812,0.2354644411191248,0.4615548002852502,2.062,1.467,0.002951831068490691,1.426775069591073e-4,22.60903591661254
MA26.csv,SMD,Bethell&Koyama2015,0.19474142599868163,0.21276960726109306,0.4160429174181134,2.175,1.532,0.004250475923904248,2.5142340744996073e-4,20.327331015702033
MA26.csv,SMD,Bethell&Koyama2015,0.18759237191314576,0.2256744577381813,0.4421623049444643,2.11,1.493,0.0034458157567799743,1.8149346515472864e-4,21.6487847206283
MA26.csv,SMD,Bethell&Koyama2015,0.18488568900810035,0.23094960361542993,0.4526574921347555,2.08,1.478,0.0031687385663737096,1.593169788962496e-4,22.170788851932556
MA26.csv,SMD,Bethell2012,0.47595935645809084,0.07618078123649807,0.11032116435612216,5.033,3.394,0.09785233665406816,0.033865685656518096,3.4140383119624085
MA26.csv,SMD,Bethell2012,0.4448703103152648,0.0800245225330336,0.11927335992117971,4.697,3.204,0.08495184548897168,0.026955203696030793,3.9248837388146107
MA26.csv,SMD,Bethell2012,0.39080977086045326,0.08907043910002399,0.1403770044312891,4.173,2.817,0.06258529702736046,0.016536608478845034,5.13065653312651
MA26.csv,SMD,Bethell2012,0.3866682363473886,0.08992724417474518,0.14237710533276482,4.127,2.807,0.06090095525066637,0.015835074738374377,5.244986115801964
MA26.csv,SMD,Bethell2012,0.38457813510390837,0.09037041330954865,0.14341164348375657,4.135,2.806,0.06005361751365834,0.015486680392649246,5.3041230174207925
MA26.csv,SMD,Brajon2015,0.4392463579814863,0.08080997056181771,0.12110415900216209,4.664,3.162,0.08261050160825749,0.02577052991580246,4.0294188440344385
MA26.csv,SMD,Brajon2015,0.43695718783423165,0.08113855332874598,0.12187017694623559,4.616,3.145,0.08165748298269271,0.025294512252663676,4.073162361748961
MA26.csv,SMD,Brajon2015,0.43713818067059756,0.08111238255636499,0.12180916298687738,4.611,3.129,0.08173283014847119,0.02533201622590896,4.069678043051239
MA26.csv,SMD,Brajon2015,0.46279572491543175,0.07771236634818313,0.11388670975962578,4.872,3.317,0.0924037902096789,0.03086847366250654,3.6174343411442655
MA26.csv,SMD,Brajon2015,0.43704072007079614,0.0811264708202929,0.12184200799824174,4.641,3.162,0.08169225729777066,0.02531181834033,4.071553717794885
MA26.csv,SMD,Brajon2015,0.48243026024493946,0.07547414923872386,0.10867690895426674,5.066,3.417,0.10051946252907847,0.035374308835503986,3.3202759715542873
MA26.csv,SMD,Brajon2015,0.5408669124655343,0.07021237569930372,0.09645216427742154,5.74,3.839,0.12408411594186469,0.049866044612738,2.6239788578117818
MA26.csv,SMD,Brajon2015,0.47244629006904054,0.07657682845681135,0.11124294775003618,4.972,3.384,0.09640099231103459,0.033056171227722815,3.466611929322483
MA26.csv,SMD,Brajon2015,0.4755263841260546,0.07622911122021903,0.11043364189244975,5.004,3.395,0.09767358482555778,0.033765548169327024,3.4204530672230726
MA26.csv,SMD,Brajon2015,0.46949503831244055,0.0769165457233455,0.11203374951538414,5.005,3.377,0.09518010501344291,0.03238145155222389,3.5117203792038643
MA26.csv,SMD,Brajon2015,0.48303578852917306,0.07540949648765338,0.10852649550105731,5.096,3.472,0.10076860210214814,0.035516615509016025,3.3116999013403925
MA26.csv,SMD,Brajon2015,0.5543765525344664,0.06922934129099212,0.09417253220036004,5.894,3.966,0.1293615572059303,0.05339330634145115,2.494319090936792
MA26.csv,SMD,Brajon2015,0.48056724503444886,0.07567462400199976,0.10914333838027512,5.053,3.395,0.09975245101432763,0.03493768083796578,3.3468714378275366
MA26.csv,SMD,Brajon2015,0.47871278445431137,0.0758765440323057,0.10961317350573707,5.116,3.444,0.09898824839684332,0.03450488112985838,3.3736629473431368
MA26.csv,SMD,Brajon2015,0.4812140033290802,0.07560475978942305,0.10898078574239356,5.087,3.475,0.10001880696386412,0.03508905238900683,3.337602595297051
MA26.csv,SMD,Brilot2010,0.3707706501329359,0.09349300651655013,0.15070086423581852,3.987,2.701,0.054508589425489536,0.013282368247495634,5.72078577192684
MA26.csv,SMD,Brilot2010,0.35408953952355043,0.09777489926736638,0.16069321549351379,3.837,2.577,0.047959975850678446,0.010851408925043642,6.29183162261474
MA26.csv,SMD,Brilot2010,0.36239987996686757,0.09556619554756407,0.1555396017939492,3.912,2.63,0.05119908240481205,0.012030157953508015,5.997340624638515
MA26.csv,SMD,Brilot2010,0.4258273276810684,0.0828137661347802,0.12577659864397328,4.586,3.068,0.07702698580376913,0.023032968396492735,4.296283250919308
MA26.csv,SMD,Brilot2010,0.4193612416521107,0.08385001639534095,0.12819379009720577,4.483,3.035,0.0743416949328996,0.02176073980910317,4.434377370186482
MA26.csv,SMD,Brydges2011,0.695192309364826,0.06218165864121594,0.07787929880027755,7.296,4.861,0.17945912728373045,0.09183586008014856,1.569764015906161
MA26.csv,SMD,Brydges2012,0.43539230930277123,0.08136621512778153,0.12240096122050015,4.589,3.122,0.0810060586555495,0.024971203686924247,4.103474609271862
MA26.csv,SMD,Daros2014,1.7018380325401123,0.05202080152378419,0.0545940324987938,17.547,11.673,0.34962657680543013,0.2818673925639386,0.25732309750096105
MA26.csv,SMD,Daros2014,0.29467173091424975,0.11956602126233529,0.21133777713149615,3.187,2.201,0.02676124463166759,0.004352567252819095,9.177175586916086
MA26.csv,SMD,Daros2014,0.39067508878862495,0.08909786562538757,0.14044102713618056,4.166,2.81,0.06253041595593677,0.016513562332943342,5.1343161510792985
MA26.csv,SMD,Daros2014,0.2886751340174626,0.12256167337110324,0.2182550315770181,3.124,2.138,0.024874346282712068,0.003884338926957877,9.569335820591485
MA26.csv,SMD,Daros2014,0.5928440191146404,0.0667930831183805,0.08852972189753161,6.181,4.15,0.1439651773957033,0.06368066411343813,2.1736638779151107
MA26.csv,SMD,Daros2014,0.3560051361989037,0.09725172457446352,0.1594726450055277,3.807,2.599,0.048702167996042565,0.011117367974934744,6.22209204310642
MA26.csv,SMD,Daros2014,0.4525529438640301,0.07899931252825321,0.11688438319697736,4.805,3.265,0.08814865226843566,0.028607460183908,3.7885070668724152
MA26.csv,SMD,Daros2014,0.4812276062322277,0.07560329344609129,0.10897737406598074,5.08,3.445,0.10002440814132998,0.035092238470078,3.3374080619889446
MA26.csv,SMD,Daros2014,0.6130255704291624,0.06569629918781428,0.08599279945058835,6.448,4.348,0.15135938482057124,0.06918114499699901,2.0296500262774075
MA26.csv,SMD,Daros2014,0.39757458168248133,0.08772922283032636,0.1372462786397307,4.236,2.867,0.06535029425264102,0.017714010476516984,4.951705580940436
MA26.csv,SMD,Deakin2016,1.0694356628614925,0.055126887844603956,0.06168125665993385,10.977,7.383,0.2713405219194914,0.1841246322041514,0.6554368815329892
MA26.csv,SMD,Deakin2016,0.4744458177705859,0.0763503150079542,0.11071572781044536,5.057,3.389,0.09722732425149709,0.03351608469546139,3.436541280249117
MA26.csv,SMD,Deakin2016,0.461398019068136,0.07788286028961444,0.1142837574712181,4.915,3.31,0.0918237966299785,0.03055615616589907,3.6400897181603664
MA26.csv,SMD,Douglas2012,0.51731254285973,0.07211675484430902,0.10087244755192448,5.47,3.671,0.1147169284401401,0.04385750675269989,2.8755692707615466
MA26.csv,SMD,Douglas2012,0.31622776601683794,0.11019846896360475,0.1896259793235603,3.439,2.331,0.03397535732618191,0.00631666767686032,7.942751035995554
MA26.csv,SMD,Douglas2012,0.3197476895929039,0.10885002600667526,0.1864919471742481,3.419,2.334,0.035211433733119024,0.006679807568032739,7.764192116757284
MA26.csv,SMD,Doyle2010a,0.7511409381733897,0.06042427169714171,0.07383249959606708,7.936,5.298,0.19675427547482244,0.10712731007918455,1.3408227898925373
MA26.csv,SMD,Doyle2010a,0.4521367868245184,0.079053488498247,0.11701060525606322,4.801,3.22,0.08797557107666479,0.028516981239456958,3.795711675781621
MA26.csv,SMD,Doyle2010a,0.6074118438094536,0.06599031476793282,0.08667265382462819,6.419,4.304,0.14932169621470026,0.06764591604927116,2.0682339056695365
MA26.csv,SMD,Doyle2010a,0.5358257477949337,0.0705986430129174,0.09734831188111748,5.619,3.798,0.12209644845843479,0.048564010534946765,2.674966886820007
MA26.csv,SMD,Doyle2010a,0.6039565911553578,0.06617541683443506,0.0871007502043164,6.326,4.272,0.14806014425642694,0.0667028311314918,2.092533336988134
MA26.csv,SMD,Guldimann2015,0.5451037066467261,0.06989610276296632,0.09571857233560421,5.712,3.853,0.1257470231893071,0.05096648186119783,2.5822469572637896
MA26.csv,SMD,Guldimann2015,0.5714808640715803,0.06808454578334977,0.09151972607824432,6.028,4.033,0.1359349447002039,0.05792857007741895,2.3435180294894553
MA26.csv,SMD,Guldimann2015,0.5673382967859653,0.06835221644435141,0.09213979876245582,5.97,3.983,0.13435437632744726,0.056823763858465375,2.3787582318104405
MA26.csv,SMD,Guldimann2015,0.5602174113681223,0.06882645614141025,0.09323869171528809,5.871,4.012,0.13162020842636984,0.054933961993194023,2.441223557387784
MA26.csv,SMD,Guldimann2015,0.5359493352920591,0.07058904114330677,0.09732603267020545,5.65,3.788,0.122145293170434,0.048595832508032774,2.673699152689868
MA26.csv,SMD,Hales2016,0.6435412791732944,0.06423164673380022,0.0826085750481218,6.734,4.525,0.16217406075777777,0.07757443175535857,1.8376928314321583
MA26.csv,SMD,Hales2016,0.6512268421986305,0.06389514959049691,0.08183167339919861,6.759,4.586,0.1648273829636101,0.07969634416365082,1.7936523808701699
MA26.csv,SMD,Hales2016,0.7406042370929294,0.06072481406104813,0.07452405703128395,7.715,5.183,0.19360797763445525,0.10427057131375156,1.3799242970235825
MA26.csv,SMD,Harding2004,0.7105572798867097,0.06165711533151941,0.07667066666778788,7.432,5.048,0.1843546424923772,0.09606156145889198,1.5013551336268471
MA26.csv,SMD,Harding2004,0.6719809230923152,0.06304398276733147,0.07986756323652411,6.995,4.753,0.1718501555594224,0.0854307224018747,1.6823580469192634
MA26.csv,SMD,Harding2004,0.6708911886438813,0.06308670113496784,0.07996610130476378,7.047,4.762,0.17148657314664503,0.08512965037173356,1.6879400169795944
MA26.csv,SMD,Harding2004,0.671009187716532,0.06308206534400307,0.07995540777819021,7.051,4.73,0.17152597031802264,0.08516225197378934,1.6873342434187144
MA26.csv,SMD,Harding2004,0.7502300900390493,0.06044974932885416,0.0738911160272836,7.901,5.231,0.1964842869685964,0.10688087239596371,1.3441366698429436
MA26.csv,SMD,Horvˆth2016,0.7596547715903587,0.0601905757396084,0.07329490804388483,7.991,5.305,0.19925978050104773,0.1094258409706414,1.3104332304276434
MA26.csv,SMD,Horvˆth2016,0.6228578441345987,0.06520056549437914,0.08484688530795936,6.592,4.364,0.15489244683068126,0.07187785777605664,1.9646319813580226
MA26.csv,SMD,Horvˆth2016,0.7798692961003145,0.05966626334799596,0.0720892708035118,8.168,5.494,0.20507907025924346,0.11484471893573579,1.2423007455515833
MA26.csv,SMD,Horvˆth2016,0.6043676554879488,0.06615322728311568,0.08704942775131697,6.276,4.25,0.14821052108198038,0.06681494967511732,2.0896200468201287
MA26.csv,SMD,Horvˆth2016,0.7381820676499802,0.06079574236610208,0.07468729672762742,7.787,5.125,0.19287753828800022,0.10361209224756789,1.3891554361525338
MA26.csv,SMD,Horvˆth2016,0.5503445884171116,0.06951506579937083,0.09483496510476119,5.809,3.911,0.12779418137951826,0.05233510000731989,2.531989930539036
MA26.csv,SMD,Horvˆth2016,0.8251669231131359,0.05862902846141338,0.06970621238892583,8.591,5.735,0.21747830781062535,0.12676116296950915,1.1077183927512446
MA26.csv,SMD,Horvˆth2016,0.6467014187397457,0.06409181917685036,0.08228571412858443,6.815,4.566,0.1632684950475591,0.07844669490367441,1.8193894951734069
MA26.csv,SMD,Horvˆth2016,0.6412511941509349,0.0643342841322917,0.0828455895591449,6.677,4.552,0.16137794349985496,0.07694255698415939,1.8511305426853197
MA26.csv,SMD,Horvˆth2016,0.45331959256136284,0.07889990598988561,0.11665278671354484,4.776,3.277,0.08846747145593889,0.028774429952127274,3.7752880723659232
MA26.csv,SMD,Horvˆth2016,0.6080290741403737,0.06595758439332222,0.08659696305830944,6.361,4.282,0.14954646537105826,0.06781453790475443,2.063937866498722
MA26.csv,SMD,Horvˆth2016,0.7274914583691,0.06111737343870749,0.07542767168946085,7.595,5.149,0.18962134252225035,0.1006984756558374,1.4310298250753362
MA26.csv,SMD,Horvˆth2016,0.7803496267699498,0.059654301652317665,0.0720617732317278,8.136,5.45,0.20521515549353914,0.11497277803244599,1.2407471579410134
MA26.csv,SMD,Horvˆth2016,0.6201154682799003,0.06533643993181726,0.08516091885768784,6.516,4.432,0.15391163408090755,0.07112480050289463,1.9824478925870581
MA26.csv,SMD,Horvˆth2016,0.46057270218717916,0.0779842753420219,0.11451994599012416,4.854,3.324,0.09148121266467783,0.03037229126398666,3.653567064810226
MA26.csv,SMD,Horvˆth2016,0.4044271825681355,0.0864399642124728,0.134237159721051,4.321,2.929,0.06816611762983432,0.018945684954834518,4.77971955085782
MA26.csv,SMD,Horvˆth2016,0.3855655793765828,0.0901601264198496,0.14292074693670886,4.126,2.784,0.06045369802009398,0.01565080041427077,5.276062051685926
MA26.csv,SMD,Horvˆth2016,0.38228179658466604,0.09086589161872327,0.1445682974997622,4.097,2.764,0.05912489235958253,0.01510831765518693,5.370240588103892
MA26.csv,SMD,Horvˆth2016,0.3333333331666667,0.10404882166408447,0.17531900559134295,3.547,2.454,0.040115547703497685,0.008194034987259761,7.127018392725848
MA26.csv,SMD,Horvˆth2016,0.33560894505361444,0.10330238382368995,0.1735802303180265,3.584,2.455,0.04095619925187654,0.008465157229336382,7.027784649433655
MA26.csv,SMD,Keen2014,0.3632515657227096,0.0953485454147045,0.15503166594398865,3.938,2.625,0.05153376857476943,0.012154608259411406,5.968312052928415
MA26.csv,SMD,Keen2014,0.3541769105969501,0.09775084803991496,0.16063710628040484,3.798,2.604,0.047993767027719014,0.010863464029519055,6.288625824048988
MA26.csv,SMD,Keen2014,0.40452242953883283,0.08642251363132769,0.13419643306117324,4.324,2.901,0.06820534864813138,0.018963076116274024,4.777391942984554
MA26.csv,SMD,Keen2014,0.40508494541268747,0.08631970863629701,0.13395650559616412,4.288,2.917,0.0684370897477375,0.019065936334030763,4.763679695986712
MA26.csv,SMD,Keen2014,0.3682692099538054,0.09409743253087322,0.15211166969678203,3.945,2.671,0.053515063785853474,0.012901419400624057,5.801423716590881
MA26.csv,SMD,Matheson2008,0.7079679569020056,0.06174310494112689,0.07686875779759561,7.359,4.972,0.1835374730753839,0.09535052787992065,1.5125652856468719
MA26.csv,SMD,Matheson2008,0.7435425300546029,0.06063970804249985,0.07432820348299818,7.79,5.238,0.194490453222574,0.10506849212115776,1.3688495440498327
MA26.csv,SMD,Matheson2008,0.7080399480255334,0.06174070130129583,0.07686322039088789,7.393,4.926,0.18356023564742036,0.09537030328571969,1.5122519089592057
MA26.csv,SMD,Matheson2008,1.456839180211735,0.0527588587569815,0.0562753171766307,15.209,10.071,0.32627483855481226,0.2511357956205004,0.35164584196492044
MA26.csv,SMD,Matheson2008,0.7454110906070556,0.06058611298497796,0.0742048746323789,7.741,5.226,0.19504959729526175,0.1055754099736825,1.3618761647400945
MA26.csv,SMD,Matheson2008,0.6024595090128464,0.06625661897511781,0.08728857132747592,6.366,4.245,0.14751181063317664,0.06629468401357896,2.1031952352358108
MA26.csv,SMD,Matheson2008,0.5061681331336456,0.07311318941983291,0.1031872721877779,5.328,3.602,0.11021877029257861,0.04108787961793079,3.0074082767944987
MA26.csv,SMD,Matheson2008,1.0799046791268199,0.0550276720980416,0.06145441584229672,11.157,7.584,0.2732387926129049,0.18630437434551603,0.6426743744255115
MA26.csv,SMD,Matheson2008,0.6071171723810816,0.06600597615193571,0.08670887233715285,6.425,4.327,0.1492143263440183,0.06756543048779612,2.0702896185217146
MA26.csv,SMD,Matheson2008,0.581424412112185,0.06746550721258071,0.09008615921548901,6.074,4.102,0.139698096455769,0.06059527470476417,2.2620652002908304
MA26.csv,SMD,Murphy2013,0.4903919432454004,0.07464339196923198,0.10674451742604507,5.191,3.497,0.10378861345960247,0.037260368401911236,3.2101125456813095
MA26.csv,SMD,Murphy2013,0.367394831210239,0.09431169052460586,0.15261175690774897,3.924,2.68,0.05316866393232852,0.012769610365592687,5.830006638314311
MA26.csv,SMD,Murphy2013,0.5278332795495184,0.0712341927368636,0.09882327632131926,5.601,3.738,0.11892558824834253,0.046517028040711644,2.7589083584455665
MA26.csv,SMD,Murphy2013,0.44577293995934747,0.07990126900409866,0.11898610850920388,4.69,3.182,0.08532757220769718,0.027147321239320843,3.9084839505105218
MA26.csv,SMD,Murphy2013,0.4005509842704172,0.08716094527783436,0.13591987566803032,4.265,2.907,0.06657165393517431,0.018244223035920402,4.875893039019596
MA26.csv,SMD,Murphy2013,0.6436368424818455,0.06422738779544601,0.08259874059630656,6.756,4.56,0.16220722719595945,0.07760080389361829,1.8371352800860552
MA26.csv,SMD,Murphy2013,0.5788707843724712,0.06762140812617923,0.09044713161800344,6.049,4.079,0.13873585628191334,0.05990854227939323,2.2825723491824212
MA26.csv,SMD,Murphy2013,0.9486690418686593,0.05652060253917213,0.06487078687016534,9.908,6.554,0.24719240879974255,0.1573132268600878,0.8350184330993216
MA26.csv,SMD,Murphy2013,0.6273209569271538,0.06498327249939173,0.08434475186869772,6.609,4.491,0.15648102062760114,0.0731047442252463,1.936147936930599
MA26.csv,SMD,Murphy2013,0.39058302958525987,0.08911662913073137,0.1404848274929663,4.175,2.835,0.06249290710415072,0.016497818554042802,5.136819836223494
MA26.csv,SMD,Neave2013,0.4350041597502258,0.08142307141148963,0.12253352449076138,4.65,3.147,0.08084449155537472,0.0248912764966834,4.111045307927174
MA26.csv,SMD,Neave2013,0.45895119675189866,0.07818514866794013,0.11498779254794067,4.833,3.266,0.0908079117878014,0.030012254710260866,3.680264388000054
MA26.csv,SMD,Neave2013,0.5036968145620935,0.07334329201339507,0.10372200689920197,5.376,3.61,0.10921609555693536,0.040480815275914954,3.03787148858069
MA26.csv,SMD,Neave2013,0.3672155116549409,0.09435582436094436,0.15271476590484634,3.924,2.677,0.05309768146146576,0.012742665452382047,5.835894154390198
MA26.csv,SMD,Neave2013,0.41743783968394627,0.08416776677995041,0.12893508672457032,4.442,3.023,0.07354399324322113,0.02138840276989796,4.476731994461991
MA26.csv,SMD,Nogueira da Cunha2015,0.4467870902342636,0.07976369303637743,0.11866549086623668,4.783,3.202,0.08574968819602993,0.027363819235237067,3.8901797829859253
MA26.csv,SMD,Nogueira da Cunha2015,0.43644990205062484,0.08121208133278279,0.12204160087970195,4.63,3.131,0.08144630419618784,0.025189517970235793,4.082951954691916
MA26.csv,SMD,Nogueira da Cunha2015,0.41086946953990144,0.08528737702290656,0.13154741849439244,4.393,2.947,0.07082458685623885,0.02013846476246067,4.626004147148588
MA26.csv,SMD,Novak2016,0.602357916026676,0.06626215159719362,0.08730136876716565,6.394,4.261,0.14747456249752428,0.06626699752154556,2.1039217169972035
MA26.csv,SMD,Novak2016,0.5870241340864956,0.06713081671364418,0.08931136197180367,6.142,4.142,0.14179789405361085,0.06210541239601704,2.218054525815949
MA26.csv,SMD,Novak2016,0.5886357167213012,0.06703627980037585,0.08909254811497913,6.15,4.212,0.14239958135741562,0.06254105134353663,2.205626831460328
MA26.csv,SMD,Novak2016,0.5820383741644533,0.0674283336036483,0.09000009383672847,6.048,4.089,0.1399290103688369,0.06076056896608682,2.2571760233080163
MA26.csv,SMD,Novak2016,0.6158215398960969,0.06555288448155705,0.08566124024951882,6.358,4.351,0.15236873166960238,0.06994705448334765,2.010835576796177
MA26.csv,SMD,Novak2016,0.5514190874462,0.06943830082405189,0.09465697805211759,5.745,3.922,0.12821252814284823,0.052616668089686375,2.52186772280657
MA26.csv,SMD,Novak2016,0.540195833008734,0.07026316409309186,0.09656998158407959,5.75,3.824,0.12382008052161468,0.049692250713978266,2.6306817490987733
MA26.csv,SMD,Novak2016,0.5605615398865677,0.06880311615101131,0.09318460039943854,5.853,3.97,0.13175283704883567,0.055025006305818254,2.438148424842723
MA26.csv,SMD,Novak2016,0.55781657917276,0.06899050780244809,0.09361891264057953,5.902,3.98,0.13069353253227736,0.05429961916427265,2.4628404838131446
MA26.csv,SMD,Novak2016,0.5880843561939052,0.06706853465279339,0.08916720296877267,6.186,4.151,0.14219386270179046,0.062391959130227756,2.2098668315979286
MA26.csv,SMD,Oliveira2016,0.41468354922760076,0.084630651235937715,0.1300150520065042,4.414,3.001,0.07240272173410131,0.020860176762497237,4.538440077056649
MA26.csv,SMD,Oliveira2016,0.4203848760362342,0.08368271835768692,0.1278035100293754,4.486,3.019,0.07476645094678726,0.021960047856750903,4.412079167168848
MA26.csv,SMD,Oliveira2016,0.4090628814742301,0.08560499905826835,0.1322885959929807,4.352,2.989,0.07007811508631571,0.01980062355489171,4.668359693471236
MA26.csv,SMD,Papciak2013,0.36830068558176754,0.09408974879078491,0.1520937353415729,3.95,2.684,0.053527542080600246,0.01290617730678063,5.800398655078798
MA26.csv,SMD,Papciak2013,0.3540574628503119,0.09778373379889371,0.16071382554900848,3.772,2.561,0.04794757151026014,0.010846984926795615,6.293009175011477
MA26.csv,SMD,Papciak2013,0.365906881596944,0.09467991207115889,0.15347117750674766,3.921,2.649,0.052580274687232684,0.012546924093418087,5.879126543558877
MA26.csv,SMD,Papciak2013,0.28665976522700215,0.12361194718635082,0.2206768343432528,3.101,2.13,0.02425295282131154,0.0037344461325497427,9.706488715690199
MA26.csv,SMD,Papciak2013,0.312769239216391,0.11156905404798867,0.19280947182562957,3.367,2.294,0.03277576167022597,0.005971533706040715,8.124041777764091
MA26.csv,SMD,Papciak2013,0.2543952043573149,0.14406528583147538,0.2674217681089409,2.785,1.919,0.015271441221864416,0.0018218317024134107,12.335648227746553
MA26.csv,SMD,Parker2014,0.5105393363884903,0.07271445958948841,0.10226082448889451,5.402,3.643,0.11198776328907742,0.04216808296993969,2.9546364899406097
MA26.csv,SMD,Parker2014,0.5006120463992052,0.07363537887078841,0.1044008816650297,5.268,3.587,0.1079620334135232,0.03972685703301435,3.0765502794241284
MA26.csv,SMD,Parker2014,0.5043707535137223,0.07328020160374704,0.1035753846751275,5.379,3.587,0.10948970799947291,0.04064609875422314,3.029518307138046
MA26.csv,SMD,Parker2014,0.5013882597349084,0.07356136633260169,0.10422885012238725,5.282,3.572,0.10827784658813083,0.039916171713583026,3.0667483789785566
MA26.csv,SMD,Parker2014,0.5082814722179041,0.07291911294857067,0.10273631055473031,5.332,3.636,0.11107475369375874,0.04160910917406917,2.981719760615964
MA26.csv,SMD,Rygula2012,0.3576614376753524,0.09680627558573895,0.15843332388732312,3.863,2.623,0.04934609761343296,0.011350113030910942,6.162704830158416
MA26.csv,SMD,Rygula2012,0.2773782886240378,0.12875527656152952,0.2325094241129796,2.987,2.066,0.021477976537647027,0.0030917907428958413,10.375414755145007
MA26.csv,SMD,Rygula2012,0.29513034577962327,0.11934457916604346,0.21082589936835328,3.192,2.182,0.026907839366626742,0.004389757377982183,9.148132020230982
MA26.csv,SMD,Rygula2012,0.2786014124156588,0.12804725849988585,0.2308833807891315,3.034,2.095,0.0218353024361836,0.0031720538833541374,10.283612228924566
MA26.csv,SMD,Rygula2012,0.2782924217437478,0.12822521955229027,0.2312921753260092,3.019,2.073,0.021744788688131986,0.0031516519532205503,10.306695577371894
MA26.csv,SMD,Rygula2012,0.282386145198379,0.12591573383946408,0.2259826050194127,3.065,2.108,0.022957233781155065,0.0034288811014941546,10.006687117994861
MA26.csv,SMD,Rygula2013,0.6738973579114256,0.06296936384337415,0.07969544988119415,7.103,4.746,0.17248817493861818,0.08596015054207869,1.6726086037819998
MA26.csv,SMD,Rygula2013,0.5886681425047563,0.06703438573045617,0.08908816428927846,6.209,4.149,0.14241167546750375,0.06254982112929676,2.205377855882229
MA26.csv,SMD,Rygula2013,0.6419303521411026,0.06430372977098509,0.08277502992571395,6.754,4.531,0.16161430687372372,0.07712992620780051,1.8471300154728865
MA26.csv,SMD,Rygula2013,0.6721106270548026,0.06303891223994251,0.07985586735817463,7.083,4.725,0.17189339233991927,0.08546655588659047,1.6816955118232113
MA26.csv,SMD,Rygula2013,0.6689640438767991,0.06316276300806889,0.08014156224002156,7.067,4.709,0.17084219529249028,0.08459718149673401,1.6978799231952668
MA26.csv,SMD,Rygula2013,0.6432474415028792,0.06424475411161579,0.08263884194907145,6.704,4.544,0.162072053190157,0.07749334501272097,1.8394087837455664
MA26.csv,SMD,Schluns2016,0.34891682819835446,0.09923192116535351,0.164091821675595,3.75,2.548,0.04597008072693401,0.010150592175016123,6.485990051024149
MA26.csv,SMD,Schluns2016,0.353574092659516,0.0979171609831807,0.16102509342877336,3.818,2.585,0.047760743435350056,0.010780436521991841,6.310793244559266
MA26.csv,SMD,Schluns2016,0.4605834310958222,0.07798295341538142,0.1145168672574588,4.878,3.309,0.09148566667419761,0.030374678817743334,3.653391384207738
MA26.csv,SMD,Schluns2016,0.35674823615541534,0.09705108938143259,0.1590045325488777,3.813,2.58,0.04899081816052,0.011221470021432919,6.195344316744511
MA26.csv,SMD,Schluns2016,0.3559946024871726,0.0972545778862367,0.15947930210314565,3.813,2.601,0.04869807921294458,0.011115896027077233,6.222472421690894
MA26.csv,SMD,Schluns2016,0.33551381789726636,0.10333327621440758,0.17365220019232397,3.609,2.444,0.040920954121923675,0.008453723242352813,7.031892397791639
MA26.csv,SMD,Schluns2016,0.3350596230523756,0.10348114656662033,0.173996683476632,3.605,2.434,0.04075279600926242,0.008399251035448398,7.051553691001167
MA26.csv,SMD,Schluns2016,0.34027522096091567,0.1018193964701537,0.1701245332984307,3.651,2.48,0.04269584184844158,0.009036754300467291,6.830513682827699
MA26.csv,SMD,Schluns2016,0.3489111032913685,0.0992335705285059,0.1640956683552729,3.737,2.568,0.04596789034354074,0.010149830632168465,6.486209782676699
MA26.csv,SMD,Schluns2016,0.3528967511893528,0.09810507496039667,0.1614634586799104,3.798,2.578,0.047499246610154845,0.010687554810154503,6.3358383719513744
MA26.csv,SMD,Verbeek2014a,0.45614423486436834,0.07853804035495149,0.11580978376665729,4.799,3.245,0.08964172634255524,0.02939281552131401,3.7271743411705804
MA26.csv,SMD,Verbeek2014a,0.4766156344477172,0.07610778000949325,0.11015127438795391,5.019,3.379,0.09812321278622724,0.03401766436838102,3.404349437846066
MA26.csv,SMD,Verbeek2014a,0.556467655843536,0.06908362615433328,0.09383475147598119,5.841,3.95,0.13017181604392236,0.05394385948115866,2.4751125321647915
MA26.csv,SMD,Verbeek2014a,0.45922520510093956,0.0781510523411203,0.1149083775841212,4.863,3.285,0.09092170896284908,0.030072982535604965,3.6757325243000905
MA26.csv,SMD,Verbeek2014a,0.5082873360610118,0.07291857786231659,0.10273506727950843,5.308,3.606,0.11107712688560364,0.04161055807974139,2.981648941719184
MA26.csv,SMD,Verbeek2014a,0.393940984158795,0.08844086897523329,0.1389074011348207,4.192,2.835,0.06386312653716554,0.017076772678429247,5.046653215958741
MA26.csv,SMD,Verbeek2014a,0.40317114480081534,0.08667126895278154,0.1347769931398779,4.326,2.892,0.0676489961209789,0.018717036255254307,4.8105724187096355
MA26.csv,SMD,Verbeek2014a,0.41572070672508005,0.08445524638508961,0.1296058008329365,4.432,3.03,0.0728323293194861,0.02105839691142061,4.515055444784688
MA26.csv,SMD,Verbeek2014a,0.40497472884119573,0.08633981733588991,0.13400343527170744,4.298,2.917,0.06839167712316996,0.019045762172165717,4.766361793581753
MA26.csv,SMD,Verbeek2014a,0.396423211984364,0.08795256133605078,0.13776758538156508,4.236,2.888,0.06487858087629736,0.017510888674623103,4.98150240455143
MA26.csv,SMD,Voegeli2014,0.6178516917513458,0.06544998194430796,0.08542336509457094,6.473,4.353,0.1530992995510943,0.07050367096811228,1.997338315026298
MA26.csv,SMD,Voegeli2014,0.48765540394832085,0.07492427871987595,0.1073977909787619,5.142,3.462,0.10266662046147722,0.03660849205663656,3.247351225888595
MA26.csv,SMD,Voegeli2014,0.567732665081022,0.06832647878150633,0.09208017093512222,6.01,4.036,0.13450516513787802,0.05692877426743915,2.375369215361589
MA26.csv,SMD,Voegeli2014,0.4894947446091735,0.07473495633330318,0.10695746381517912,5.16,3.493,0.10342095708487223,0.03704623546482734,3.222250748187594
MA26.csv,SMD,Voegeli2014,0.6035335525055753,0.06619830064812016,0.08715367938522,6.293,4.224,0.14790530459302872,0.066587469233049,2.095537873709985
MA26.csv,SMD,Wichman2012,0.5163095457184576,0.07220376236670478,0.10107452321665067,5.42,3.699,0.11431372602036409,0.043606167549140436,2.8870760849945887
MA26.csv,SMD,Wichman2012,0.5410476688795545,0.0701987284796638,0.09642050655247159,5.665,3.841,0.12415520452210382,0.049912880386826876,2.622177807280779
MA26.csv,SMD,Wichman2012,0.3855278355709222,0.09016813406794422,0.14293944007343362,4.088,2.815,0.06043839766584133,0.015644511481277178,5.27713060054894
MA26.csv,SMD,Wichman2012,0.41059369698036036,0.08533558524916285,0.13165991111271735,4.372,2.966,0.07071059402484385,0.020086726295439138,4.632432586355451
MA26.csv,SMD,Wichman2012,0.5850436308515802,0.06724807898595297,0.08958279769967714,6.12,4.141,0.14105685676683893,0.06157066401643019,2.2334718713724167
MA26.csv,SMD,Deakin2018,0.8800872445388582,0.05758110589922005,0.06730142750911539,9.165,6.221,0.23139116240275462,0.14072164226604228,0.9720321609895333
MA26.csv,SMD,Deakin2018,0.9946211831647263,0.055929966063465786,0.0635184270657363,10.382,6.914,0.2568953723859032,0.16787905122659294,0.7588461002270508
MA26.csv,SMD,Deakin2018,0.6936659397721644,0.062235695567777194,0.07800384376891867,7.321,4.874,0.1789666811500307,0.09141531559921212,1.5768148201141474
MA26.csv,SMD,Jones2018,0.1822105238453586,0.23639141375312966,0.46337177348585235,2.059,1.457,0.0029094360914216845,1.3950128681882107e-4,22.69803597327227
MA26.csv,SMD,Jones2018,0.18008443297520194,0.24088631680390915,0.47213468438908857,2.04,1.441,0.002713508963850078,1.2515317396346042e-4,23.12483675851794
MA26.csv,SMD,Jones2018,0.1858277670317329,0.2290878495203782,0.44896562739619594,2.087,1.487,0.0032634851632647515,1.6678570956949157e-4,21.987777787581773
MA26.csv,SMD,Jones2018,0.4444095599781805,0.08008773249841339,0.1194206797035603,4.662,3.204,0.08476004563040523,0.026857345769483596,3.9332947205146906
MA26.csv,SMD,Jones2018,0.5688184068751643,0.06825589972885637,0.09191666233502371,5.995,4.014,0.13491995701503356,0.05721806277200942,2.366076260616734
MA26.csv,SMD,Jones2018,0.44147520088901937,0.08049503191764629,0.12037001740808106,4.668,3.164,0.083538440600112,0.026237466347926265,3.987498549043478
MA26.csv,SMD,Jones2018,0.43379050012650117,0.08160185224603622,0.12295037411522869,4.58,3.117,0.08033934101735903,0.024642046631133594,4.134852186919247
MA26.csv,SMD,Jones2018,0.4128999200774929,0.08493545620562848,0.13072624618059303,4.411,2.983,0.07166436758695943,0.0205212518624258,4.579078997496455
MA26.csv,SMD,Verbeek2019,0.4596169013428466,0.07810241910228022,0.1147951059338781,4.825,3.283,0.09108436855051096,0.030159872906676703,3.6692686831597876
MA26.csv,SMD,Verbeek2019,0.4634097862583396,0.07763795772030213,0.1137134345351063,4.886,3.313,0.09265852508069027,0.03100605529842749,3.6075476814804164
MA26.csv,SMD,Verbeek2019,0.46510288861713167,0.07743434619403367,0.11323931059783565,4.937,3.322,0.09336063062795356,0.03138655747562744,3.5804964403801987
MA26.csv,SMD,Verbeek2019,0.46527365281090227,0.07741393552620868,0.11319178500749405,4.948,3.333,0.09343142272490558,0.031425028403645465,3.5777849481285373
MA26.csv,SMD,Verbeek2019,0.460466481950641,0.07799736798320778,0.1145504384931969,4.906,3.282,0.09143711558423932,0.030348657346704954,3.6553070509989127
MA26.csv,SMD,Bailoo2018,0.5944111296064366,0.06670385232524534,0.08832324323219676,6.336,4.184,0.1445461103937219,0.06410576141899024,2.161939090695142
MA26.csv,SMD,Bailoo2018,0.6445402950941082,0.06418721841426389,0.08250598600726511,6.746,4.498,0.16252056443753818,0.07785014224633452,1.8318767593001217
MA26.csv,SMD,Bailoo2018,0.5773960780954439,0.06771239496483583,0.09065782170430348,6.108,4.098,0.13817884396054816,0.0595125360112854,2.2945426739467645
MA26.csv,SMD,Bailoo2018,0.631042880476438,0.06480561593495227,0.08393428178071471,6.613,4.454,0.15779850309928556,0.07412900146665023,1.912866584576245
MA26.csv,SMD,Bailoo2018,0.6023230013871295,0.06626405365670607,0.08730576841061677,6.339,4.277,0.1474617602555424,0.0662574827719003,2.10417147539107
MA26.csv,SMD,Bailoo2018,0.5875180286595467,0.0671017607607034,0.08924410776299474,6.131,4.176,0.14198241584707894,0.062238873533695685,2.214234700229134
MA26.csv,SMD,Bailoo2018,0.7299123673428202,0.061043290160463726,0.07525711496037579,7.658,5.098,0.19036334264534355,0.10135927470051906,1.4213824799912067
MA26.csv,SMD,Bailoo2018,0.6017301695943125,0.06629640072101273,0.0873805912553075,6.263,4.242,0.14724429843885453,0.06609595219853602,2.1084190534294778
MA26.csv,SMD,Bailoo2018,0.6053883918609606,0.06609832468495791,0.08692244688859574,6.331,4.339,0.1485835886229797,0.06709345010197064,2.082412220363783
MA26.csv,SMD,Bailoo2018,0.6810888561707643,0.06269499815820101,0.07906271152346667,7.176,4.819,0.17486662761495467,0.08794615253366656,1.6367713365265657
MA26.csv,SMD,Bailoo2018,0.5778475456381207,0.06768446531724315,0.09059314599414059,6.048,4.123,0.13834947071888196,0.05963372389995028,2.290868067689744
MA26.csv,SMD,Bailoo2018,0.6399130776910251,0.06439477187517584,0.08298528038263286,6.677,4.574,0.16091159745507047,0.07657344995667854,1.8590508507457026
MA26.csv,SMD,Bailoo2018,0.6150269904646463,0.06559343859827471,0.08575499296312328,6.426,4.369,0.15208227471141714,0.0697293195226812,2.0161554364848566
MA26.csv,SMD,Bailoo2018,0.631042880476438,0.06480561593495227,0.08393428178071471,6.662,4.467,0.15779850309928556,0.07412900146665023,1.912866584576245
MA26.csv,SMD,Bailoo2018,0.672980071027367,0.06300499935221648,0.07977764397937193,7.076,4.778,0.1721830122753685,0.08570675148529946,1.6772644627155442
MA26.csv,SMD,Bailoo2018,0.6095900712774118,0.06587525616971956,0.08640658350267039,6.358,4.322,0.15011411630327037,0.06824118825715324,2.053132733295082
MA26.csv,SMD,Bailoo2018,0.582246518237765,0.0674157580842959,0.08997097919018116,6.162,4.147,0.14000725592560778,0.06081662267073703,2.255522110588526
MA26.csv,SMD,Bailoo2018,0.5824123968460836,0.06740574589928172,0.08994779933347052,6.112,4.107,0.14006959911762393,0.06086129995754177,2.2542053434188802
MA26.csv,SMD,Bailoo2018,0.581826830766681,0.0674411284949541,0.09002971665398196,6.091,4.116,0.13984946702160297,0.06070360810267384,2.2588588159027867
MA26.csv,SMD,Bailoo2018,0.5948329664704202,0.06667995481512323,0.08826794721769737,6.278,4.233,0.14470229389168052,0.06422025430532531,2.158799240257414
MA26.csv,SMD,Bailoo2018,0.6888000029036004,0.062410386491338454,0.07840651804729304,7.195,4.869,0.17738938622158718,0.09007390440943042,1.5996131555954585
MA26.csv,SMD,Bailoo2018,0.5797063541138737,0.06757016644813996,0.09032848215960665,6.005,4.101,0.13905103033246918,0.0601331091325148,2.2758315711466692
MA26.csv,SMD,Bailoo2018,0.5789807475210208,0.06761465175897441,0.09043148707426152,6.116,4.124,0.13877735178436243,0.059938088092331296,2.281683531528711
MA26.csv,SMD,Bailoo2018,0.5956736564596423,0.06663248186221704,0.08815810349518383,6.226,4.212,0.14501331185352498,0.06444851069094377,2.1525621632966785
MA26.csv,SMD,Bailoo2018,0.5923049991347363,0.0668239404420311,0.08860112861622427,6.235,4.208,0.14376510042346335,0.06353453727432315,2.1777188174193163
MA26.csv,SMD,Bailoo2018,0.5965709304014066,0.06658203741319957,0.08804138877485124,6.219,4.215,0.14534490396885805,0.06469224694553236,2.145935136165167
MA26.csv,SMD,Bailoo2018,0.6359101760469005,0.06457802599526541,0.08340853393486436,6.654,4.468,0.15951141060760723,0.07546979610745652,1.883050793959895
MA26.csv,SMD,Bailoo2018,0.5784742915635923,0.06764580185872382,0.09050361659777639,6.112,4.038,0.13858619174682638,0.05980202896244793,2.2857814739052573
MA26.csv,SMD,Bailoo2018,0.611117882245316,0.06579529495705161,0.08622168979838674,6.396,4.284,0.1506685898274837,0.06865903829531847,2.0426394841335127
MA26.csv,SMD,Bailoo2018,0.7445074244089175,0.06061198164841508,0.07426440076680352,7.805,5.255,0.19477938509158504,0.10533030610963817,1.3652419118388437
MA28_01.csv,SMD,Alzoubi_etal_2013a,0.3807886552931954,0.45478499134889205,0.6224974430848345,1.471,1.27,1.5516780136102805e-4,1.8608913474062493e-5,16.77124517359424
MA28_01.csv,SMD,Alzoubi_etal_2013a,0.3807886552931954,0.45478499134889205,0.6224974430848345,1.465,1.273,1.5516780136102805e-4,1.8608913474062493e-5,16.77124517359424
MA28_01.csv,SMD,Alzoubi_etal_2013a,0.3807886552931954,0.45478499134889205,0.6224974430848345,1.474,1.272,1.5516780136102805e-4,1.8608913474062493e-5,16.77124517359424
MA28_01.csv,SMD,Alzoubi_etal_2013b,0.41109609582188933,0.4014660876299173,0.5574782714255788,1.563,1.337,3.0200964830546275e-4,4.318260864898415e-5,15.60121837956615
MA28_01.csv,SMD,Alzoubi_etal_2013b,0.41109609582188933,0.4014660876299173,0.5574782714255788,1.559,1.333,3.0200964830546275e-4,4.318260864898415e-5,15.60121837956615
MA28_01.csv,SMD,Alzoubi_etal_2013b,0.41109609582188933,0.4014660876299173,0.5574782714255788,1.563,1.336,3.0200964830546275e-4,4.318260864898415e-5,15.60121837956615
MA28_01.csv,SMD,Alzoubi_etal_2018,0.3674234614174767,0.4814687180094567,0.6534612317706842,1.44,1.237,1.1149247571997064e-4,1.2234892494889979e-5,17.19925137612275
MA28_01.csv,SMD,Alzoubi_etal_2018,0.3674234614174767,0.4814687180094567,0.6534612317706842,1.428,1.244,1.1149247571997064e-4,1.2234892494889979e-5,17.19925137612275
MA28_01.csv,SMD,Amold_etal_2014,0.623698645180507,0.20349072943916224,0.2837831642885301,2.23,1.867,0.004965754768090557,0.0014388936289654519,8.029243484936789
MA28_01.csv,SMD,Amad_etal_2014,0.4538722287164087,0.34074686467481563,0.47859319944111556,1.685,1.431,6.602895031225726e-4,1.1553399441980703e-4,13.784633476629992
MA28_01.csv,SMD,Ayabe_etal_2018,0.4743416490252569,0.3166562892646444,0.4459563195112194,1.754,1.475,9.116019239921576e-4,1.7313582640674874e-4,12.930003024657498
MA28_01.csv,SMD,Boitard_etal_2014,0.38858718455450897,0.44014457262555196,0.6050562522468109,1.486,1.285,1.8610439699717098e-4,2.3425820599166546e-5,16.491167962125896
MA28_01.csv,SMD,Boitard_etal_2014,0.382099463490856,0.4522773423560347,0.6195326039221444,1.47,1.268,1.600701150568956e-4,1.935687637480616e-5,16.72552615661097
MA28_01.csv,SMD,Che_etal_2018,0.5059644256269407,0.2845705809825013,0.40138697069731233,1.853,1.561,0.001422876274045094,3.023113583827806e-4,11.681638971481101
MA28_01.csv,SMD,Denver_etal_2018,0.39496835316262996,0.4286529034910528,0.5911455795849544,1.52,1.3,2.1474459336906314e-4,2.807485690263719e-5,16.24926760939016
MA28_01.csv,SMD,Denver_etal_2018,0.39496835316262996,0.4286529034910528,0.5911455795849544,1.519,1.29,2.1474459336906314e-4,2.807485690263719e-5,16.24926760939016
MA28_01.csv,SMD,Denver_etal_2018,0.39496835316262996,0.4286529034910528,0.5911455795849544,1.516,1.3,2.1474459336906314e-4,2.807485690263719e-5,16.24926760939016
MA28_01.csv,SMD,Gergerlioglu_etal_2016,0.5856620185738529,0.22453801581815191,0.31492818791060917,2.103,1.766,0.0035091117524772312,9.332661200999372e-4,9.039017209245726
MA28_01.csv,SMD,Hargrave_etal_2015,0.4301162633521313,0.37256773576715785,0.5205544584814611,1.626,1.381,4.362862639049776e-4,6.863493582611023e-5,14.798672271430323
MA28_01.csv,SMD,Hargrave_etal_2015,0.4301162633521313,0.37256773576715785,0.5205544584814611,1.623,1.383,4.362862639049776e-4,6.863493582611023e-5,14.798672271430323
MA28_01.csv,SMD,Jamshed_etal_2014,0.5779273310719956,0.22932781547184777,0.3219602195214274,2.088,1.746,0.0032510915904868953,8.484640666619987e-4,9.263240404957962
MA28_01.csv,SMD,Jurdak_etal_2008,0.42778499272414877,0.37593726409663486,0.52491874942832,1.626,1.374,4.178191851006623e-4,6.499923074997478e-5,14.89814853316851
MA28_01.csv,SMD,Jurdak_etal_2008,0.4289522117905443,0.3742444043626506,0.5227280410935911,1.626,1.379,4.26991604658705e-4,6.68000909347421e-5,14.848363673094045
MA28_01.csv,SMD,Liang_etal_2015,0.5059644256269407,0.2845705809825013,0.40138697069731233,1.848,1.563,0.001422876274045094,3.023113583827806e-4,11.681638971481101
MA28_01.csv,SMD,Magnusson_etal_2015,0.5347896782848375,0.259862391603475,0.36625997941469546,1.952,1.634,0.002036454662835547,4.73217929507167e-4,10.639758781122044
MA28_01.csv,SMD,Magnusson_etal_2015,0.5385164807134504,0.256941384710352,0.36206339685958466,1.959,1.639,0.002126920263135129,4.996163968765653e-4,10.512201214923266
MA28_01.csv,SMD,Magnusson_etal_2015,0.5549774770204643,0.24471160475214315,0.344396493524017,2.01,1.69,0.00255859463145078,6.29258302511394e-4,9.968488877187387
MA28_01.csv,SMD,Magnusson_etal_2015,0.5531726674375732,0.24600111340835984,0.34626652129247626,2.011,1.676,0.002508667074148229,6.139688072510144e-4,10.026540788411642
MA28_01.csv,SMD,Magnusson_etal_2015,0.5422176684690383,0.25409761059269953,0.3579691443858929,1.967,1.652,0.0022193873243509838,5.268854605795184e-4,10.387153379319336
MA28_01.csv,SMD,Magnusson_etal_2015,0.5431390245600107,0.2533983884734674,0.3569611622609803,1.975,1.661,0.0022428153359357623,5.338394067601056e-4,10.356277378751289
MA28_01.csv,SMD,Magnusson_etal_2015,0.6426507605223851,0.19436478863045537,0.27016254886943736,2.308,1.907,0.00581106024659541,0.0017504022066117445,7.5797760238982
MA28_01.csv,SMD,Mirzaei_etal_2018,0.5039841267341661,0.2864164814611373,0.40398382757830265,1.859,1.556,0.0013860993187124137,2.925701562129212e-4,11.756734611716535
MA28_01.csv,SMD,Moreira_etal_2014,0.4732863826479693,0.3178297738212529,0.44756290879341665,1.755,1.487,8.972038647940751e-4,1.6971569870149542e-4,12.973313497216377
MA28_01.csv,SMD,Park_etal_2018,0.4449719092257398,0.35215145451174734,0.4937853695298059,1.665,1.408,5.683971483584565e-4,9.571509793268238e-5,14.163391501805854
MA28_01.csv,SMD,Pathan_etal_2008,0.5059644256269407,0.2845705809825013,0.40138697069731233,1.854,1.559,0.001422876274045094,3.023113583827806e-4,11.681638971481101
MA28_01.csv,SMD,Pratchayasakul_etal_2015,0.5744562646538028,0.23153934796562836,0.32519973206070996,2.077,1.733,0.0031393894717319086,8.122534441462122e-4,9.36603840950816
MA28_01.csv,SMD,Pratchayasakul_etal_2015,0.5744562646538028,0.23153934796562836,0.32519973206070996,2.065,1.734,0.0031393894717319086,8.122534441462122e-4,9.36603840950816
MA28_01.csv,SMD,Scichilone_etal_2016,0.3449637662132068,0.5311066104507568,0.708145600054313,1.366,1.188,6.016406773413643e-5,5.577540852607678e-6,17.703898960355623
MA28_01.csv,SMD,Silva_etal_2016,0.469041575982343,0.3226227927096126,0.45410725413951547,1.736,1.466,8.409175533047834e-4,1.5647755716218775e-4,13.148446142990288
MA28_01.csv,SMD,Spencer_etal_2017,0.39749213828703583,0.42422568026901597,0.5857352111828935,1.518,1.304,2.2695007673399138e-4,3.010648891843102e-5,16.150953091387755
MA28_01.csv,SMD,Spinelli_etal_2017,0.5856620185738529,0.22453801581815191,0.31492818791060917,2.117,1.765,0.0035091117524772312,9.332661200999372e-4,9.039017209245726
MA28_01.csv,SMD,Thirumangalakudi_etal_2008,0.5856620185738529,0.22453801581815191,0.31492818791060917,2.123,1.759,0.0035091117524772312,9.332661200999372e-4,9.039017209245726
MA28_01.csv,SMD,Thirumangalakudi_etal_2008,0.5856620185738529,0.22453801581815191,0.31492818791060917,2.117,1.766,0.0035091117524772312,9.332661200999372e-4,9.039017209245726
MA28_01.csv,SMD,Valladolid_Acebes_etal_2011,0.3619392214170772,0.4930224373817449,0.6665321101914988,1.423,1.232,9.662447905014316e-5,1.0199970352090199e-5,17.350967280975393
MA28_01.csv,SMD,Valladolid_Acebes_etal_2011,0.3492849839314596,0.5210735697205983,0.6974044186008568,1.383,1.201,6.819230343736792e-5,6.544165897939272e-6,17.633084888025852
MA28_01.csv,SMD,Valladolid_Acebes_etal_2013,0.44944410108488464,0.34634662314672293,0.4860737938099201,1.682,1.423,6.133228599608764e-4,1.0531166284190553e-4,13.972717066319717
MA28_01.csv,SMD,Valladolid_Acebes_etal_2013,0.44944410108488464,0.34634662314672293,0.4860737938099201,1.688,1.426,6.133228599608764e-4,1.0531166284190553e-4,13.972717066319717
MA28_01.csv,SMD,Valladolid_Acebes_etal_2013,0.396232255123179,0.4264275324968707,0.5884295673642608,1.517,1.304,2.2079313207779428e-4,2.9078045086611028e-5,16.200203486739007
MA28_01.csv,SMD,Valladolid_Acebes_etal_2013,0.396232255123179,0.4264275324968707,0.5884295673642608,1.519,1.305,2.2079313207779428e-4,2.9078045086611028e-5,16.200203486739007
MA28_01.csv,SMD,Wei_etal_2018,0.5059644256269407,0.2845705809825013,0.40138697069731233,1.848,1.56,0.001422876274045094,3.023113583827806e-4,11.681638971481101
MA28_01.csv,SMD,Woodie_Blythe_2018,0.4219004621945797,0.38465217815810626,0.5361348204088384,1.605,1.361,3.737770228757461e-4,5.6494024475133784e-5,15.148264225073216
MA28_01.csv,SMD,Woodie_Blythe_2018,0.4207136793592526,0.3864468849635079,0.5384316823672518,1.589,1.357,3.6532971101208315e-4,5.489064235988302e-5,15.198479740374394
MA28_01.csv,SMD,Xu_et_etal_2018,0.5338539126015656,0.2606050681825137,0.36732553313803984,1.94,1.625,0.00201415243017512,4.6675366252255275e-4,10.672046495552612
MA28_01.csv,SMD,Abbottetal_2016,0.30495901363953815,0.6350791173279055,0.8097454692767203,1.26,1.116,1.5721642017492657e-5,9.950848367417671e-7,17.466635194881487
MA28_01.csv,SMD,Abbottetal_2016,0.30495901363953815,0.6350791173279055,0.8097454692767203,1.252,1.118,1.5721642017492657e-5,9.950848367417671e-7,17.466635194881487
MA28_01.csv,SMD,Beilharz_etal_2014,0.5059644256269407,0.2845705809825013,0.40138697069731233,1.843,1.554,0.001422876274045094,3.023113583827806e-4,11.681638971481101
MA28_01.csv,SMD,Gergerlioglu_etal_2016,0.4743416490252569,0.3166562892646444,0.4459563195112194,1.762,1.486,9.116019239921576e-4,1.7313582640674874e-4,12.930003024657498
MA28_01.csv,SMD,Jurdak_etal_2008,0.4626013402488151,0.33012293619897515,0.46429044150296384,1.713,1.458,7.603961928264756e-4,1.3792258063801018e-4,13.416750530398868
MA28_01.csv,SMD,Jurdak_etal_2008,0.4289522117905443,0.3742444043626506,0.5227280410935911,1.622,1.376,4.26991604658705e-4,6.68000909347421e-5,14.848363673094045
MA28_01.csv,SMD,Kendig_etal_2013,0.3209361307176242,0.5911829700809443,0.7690528175454838,1.306,1.145,2.8061276125971383e-5,2.099688609084776e-6,17.78698474645395
MA28_01.csv,SMD,Kendig_etal_2013,0.31464265445104544,0.6081100471075992,0.7851336575451132,1.283,1.133,2.25065313480166e-5,1.5808546021690665e-6,17.702361043751402
MA28_01.csv,SMD,Magnusson_etal_2015,0.532916503778969,0.2613528130057531,0.3683977648208958,1.941,1.641,0.0019919762363860343,4.603433454801512e-4,10.704495181514273
MA28_01.csv,SMD,Magnusson_etal_2015,0.5357238094391549,0.25912473365204547,0.3652010458321976,1.957,1.637,0.0020588827502374557,4.7973624271302955e-4,10.607631218015213
MA28_01.csv,SMD,Magnusson_etal_2015,0.589915248150105,0.22198284084939168,0.31116815220878014,2.125,1.773,0.003656403044266828,9.823737889843181e-4,8.918531135938846
MA28_01.csv,SMD,Magnusson_etal_2015,0.532916503778969,0.2613528130057531,0.3683977648208958,1.96,1.636,0.0019919762363860343,4.603433454801512e-4,10.704495181514273
MA28_01.csv,SMD,Magnusson_etal_2015,0.5594640292279746,0.24155840625296499,0.33981672489118175,2.028,1.698,0.002685531403936496,6.684587016503949e-4,9.825831863821676
MA28_01.csv,SMD,Magnusson_etal_2015,0.5549774770204643,0.24471160475214315,0.344396493524017,2.021,1.685,0.00255859463145078,6.29258302511394e-4,9.968488877187387
MA28_01.csv,SMD,Magnusson_etal_2015,0.6212889826803627,0.2047112020920837,0.28559961130308253,2.231,1.855,0.004864039691875197,0.0014022422989234042,8.088840921099882
MA28_01.csv,SMD,Woodie_Blythe_2018,0.41952353926806063,0.3882593843635078,0.5407468116454528,1.59,1.36,3.570017716225974e-4,5.331908538265611e-5,15.248742728194497
MA28_01.csv,SMD,Woodie_Blythe_2018,0.4242640687119285,0.3811151858208205,0.5315952363674373,1.608,1.369,3.9103150958714355e-4,5.979751702676141e-5,15.048005054661683
MA28_01.csv,SMD,Xu_Reichelt_2018,0.4404543109109048,0.3581720696229117,0.5017369550815747,1.652,1.404,5.254972207137287e-4,8.67269685125496e-5,14.356488545866297
MA28_01.csv,SMD,Beilharz_etal_2014,0.5440588203494178,0.2527037654387222,0.35595930655154995,1.988,1.654,0.0022663674398442296,0.00054084819005043765,10.325554111282775
MA28_01.csv,SMD,Beilharz_etal_2014,0.5059644256269407,0.2845705809825013,0.40138697069731233,1.859,1.565,0.001422876274045094,3.023113583827806e-4,11.681638971481101
MA28_01.csv,SMD,Beilharz_etal_2018,0.5059644256269407,0.2845705809825013,0.40138697069731233,1.874,1.562,0.001422876274045094,3.023113583827806e-4,11.681638971481101
MA28_01.csv,SMD,Beilharz_etal_2018,0.5059644256269407,0.2845705809825013,0.40138697069731233,1.868,1.565,0.001422876274045094,3.023113583827806e-4,11.681638971481101
MA28_01.csv,SMD,Hargrave_etal_2015,0.45166359162544856,0.3435217532355934,0.4823051757542479,1.696,1.426,6.365501980490512e-4,1.1034354552884688e-4,13.87834225186545
MA28_01.csv,SMD,Hargrave_etal_2015,0.42778499272414877,0.37593726409663486,0.52491874942832,1.614,1.378,4.178191851006623e-4,6.499923074997478e-5,14.89814853316851
MA28_01.csv,SMD,Kanoski_Davidson_2010,0.5338539126015656,0.2606050681825137,0.36732553313803984,1.943,1.635,0.00201415243017512,4.6675366252255275e-4,10.672046495552612
MA28_01.csv,SMD,Molteni_etal_2004,0.5856620185738529,0.22453801581815191,0.31492818791060917,2.117,1.76,0.0035091117524772312,9.332661200999372e-4,9.039017209245726
MA28_01.csv,SMD,Ross_etal_2013,0.2720294101747089,0.7338093186165103,0.8888377216627664,1.171,1.069,3.755712778873416e-6,1.5430479217753172e-7,15.50284030462561
MA28_01.csv,SMD,Takechi_etal_2017,0.4312771730569565,0.3709070440249632,0.5183978423516064,1.626,1.382,4.4570353418877523e-4,7.050406684770982e-5,14.749079832664314
MA28_01.csv,SMD,Tran_Westbrook_2015,0.3674234614174767,0.4814687180094567,0.6534612317706842,1.434,1.235,1.1149247571997064e-4,1.2234892494889979e-5,17.19925137612275
MA28_01.csv,SMD,Tran_Westbrook_2018,0.43243496620879307,0.36926211828800426,0.5162580345148674,1.63,1.393,4.552437775443751e-4,7.240778357958266e-5,14.699591622686315
MA28_01.csv,SMD,Wu_etal_2003,0.30983866769659335,0.6213523740792228,0.7973747171885102,1.268,1.127,1.8894566017703077e-5,1.2617040793714619e-6,17.602234310928733
MA28_02.csv,SMD,Boitard_etal_2014,0.38858718455450897,0.44266313181747596,0.6117895598674858,1.496,1.281,1.803671108271297e-4,2.144348792049205e-5,16.91264280500099
MA28_02.csv,SMD,Boitard_etal_2014,0.382099463490856,0.4548493479224168,0.626304363437569,1.474,1.266,1.5504400761596376e-4,1.768761723138322e-5,17.145501551515217
MA28_02.csv,SMD,Che_etal_2018,0.5059644256269407,0.2862289465215332,0.4065957162601932,1.851,1.548,0.0013897870320561225,2.831012826468716e-4,12.036676973866001
MA28_02.csv,SMD,Denver_etal_2018,0.39496835316262996,0.43111878162985684,0.5978317419737202,1.51,1.293,2.0824053579311146e-4,2.574194692835827e-5,16.67129603438634
MA28_02.csv,SMD,Denver_etal_2018,0.39496835316262996,0.43111878162985684,0.5978317419737202,1.509,1.298,2.0824053579311146e-4,2.574194692835827e-5,16.67129603438634
MA28_02.csv,SMD,Denver_etal_2018,0.39496835316262996,0.43111878162985684,0.5978317419737202,1.51,1.296,2.0824053579311146e-4,2.574194692835827e-5,16.67129603438634
MA28_02.csv,SMD,Gergerlioglu_etal_2016,0.5856620185738529,0.2257957195491529,0.3190576241396166,2.103,1.744,0.00343914014040135,8.824038615755709e-4,9.32619045904637
MA28_02.csv,SMD,Gergerlioglu_etal_2016,0.4743416490252569,0.31851537430068,0.45163437414235397,1.759,1.478,8.889068356961845e-4,1.6135215400425618e-4,13.311899984167397
MA28_02.csv,SMD,Jamshed_etal_2014,0.5779273310719956,0.23061853073342486,0.32618483827944134,2.089,1.726,0.0031853530819472196,8.015777730053706e-4,9.556630754601647
MA28_02.csv,SMD,Jurdak_etal_2008,0.42778499272414877,0.3781374171154154,0.5312541854879479,1.614,1.365,4.062077966004209e-4,6.0053132588007226e-5,15.311676837253252
MA28_02.csv,SMD,Jurdak_etal_2008,0.4626013402488151,0.33206306291976007,0.4701419986562758,1.716,1.451,7.40955758146366e-4,1.2827995297657002e-4,13.807893573651576
MA28_02.csv,SMD,Jurdak_etal_2008,0.4289522117905443,0.3764354062894274,0.5290485504874802,1.615,1.361,4.151598961445611e-4,6.173205373918207e-5,15.261314419805283
MA28_02.csv,SMD,Jurdak_etal_2008,0.4289522117905443,0.3764354062894274,0.5290485504874802,1.613,1.369,4.151598961445611e-4,6.173205373918207e-5,15.261314419805283
MA28_02.csv,SMD,Kendig_etal_2013,0.3209361307176242,0.5941841946340903,0.775462627324593,1.292,1.138,2.6991083085216102e-5,1.8780424875409664e-6,18.12784326905027
MA28_02.csv,SMD,Kendig_etal_2013,0.31464265445104544,0.6111371374702176,0.7914036468224206,1.278,1.134,2.1628507498538203e-5,1.4099546827676139e-6,18.0266509352203
MA28_02.csv,SMD,Liang_etal_2015,0.5059644256269407,0.2862289465215332,0.4065957162601932,1.851,1.555,0.0013897870320561225,2.831012826468716e-4,12.036676973866001
MA28_02.csv,SMD,Magnusson_etal_2015,0.5549774770204643,0.24610721012583303,0.34891654831526686,2.003,1.679,0.00250460889806082,5.929808532060423e-4,10.280933818943383
MA28_02.csv,SMD,Magnusson_etal_2015,0.5531726674375732,0.24740542883814065,0.3508106136770468,2.008,1.671,0.0024555533359021504,5.784518490595479e-4,10.340518483890616
MA28_02.csv,SMD,Magnusson_etal_2015,0.5422176684690383,0.25555631046492466,0.3626615375756208,1.971,1.647,0.0021714000717947585,4.957600649275067e-4,10.710522711069615
MA28_02.csv,SMD,Magnusson_etal_2015,0.5431390245600107,0.2548524126417899,0.36164092797618164,1.957,1.639,0.0021944079859325762,5.023593585845453e-4,10.678851533439172
MA28_02.csv,SMD,Magnusson_etal_2015,0.589915248150105,0.22322286874693575,0.31524620614985643,2.117,1.761,0.0035840466776085635,9.292374641837388e-4,9.202333740292069
MA28_02.csv,SMD,Magnusson_etal_2015,0.532916503778969,0.26285978803871834,0.3732191504858765,1.933,1.615,0.0019481153808285012,4.326499716455997e-4,11.035936244715817
MA28_02.csv,SMD,Magnusson_etal_2015,0.5540758070878027,0.2467542534871211,0.3498607886492471,2.002,1.673,0.002480020984995282,5.85689517939423e-4,10.310653516212598
MA28_02.csv,SMD,Magnusson_etal_2015,0.5549774770204643,0.24610721012583303,0.34891654831526686,2.001,1.68,0.00250460889806082,5.929808532060423e-4,10.280933818943383
MA28_02.csv,SMD,Magnusson_etal_2015,0.6426507605223851,0.19541109133227674,0.2736594951704131,2.298,1.889,0.005705972444789631,0.0016637868904469876,7.824840383813636
MA28_02.csv,SMD,Magnusson_etal_2015,0.6212889826803627,0.20583062315770007,0.28931962038797654,2.206,1.843,0.004772889590959202,0.0013303761454818994,8.348899723027648
MA28_02.csv,SMD,Mirzaei_etal_2018,0.5039841267341661,0.28808667063416205,0.40922167389633324,1.842,1.552,0.0013537318040006952,2.739017079008312e-4,12.11350032621712
MA28_02.csv,SMD,Molteni_etal_2004,0.5856620185738529,0.2257957195491529,0.3190576241396166,2.107,1.751,0.00343914014040135,8.824038615755709e-4,9.32619045904637
MA28_02.csv,SMD,Pathan_etal_2008,0.5059644256269407,0.2862289465215332,0.4065957162601932,1.861,1.549,0.0013897870320561225,2.831012826468716e-4,12.036676973866001
MA28_02.csv,SMD,Pratchayasakul_etal_2015,0.5744562646538028,0.232845250086541,0.32946779283616134,2.08,1.725,0.003075506625843965,7.670850276689156e-4,9.662254274962034
MA28_02.csv,SMD,Pratchayasakul_etal_2015,0.5744562646538028,0.232845250086541,0.32946779283616134,2.069,1.722,0.003075506625843965,7.670850276689156e-4,9.662254274962034
MA28_02.csv,SMD,Scichilone_etal_2016,0.3449637662132068,0.5339666073856834,0.7148887152094364,1.358,1.183,5.804915466401542e-5,5.036875809900805e-6,18.092210782375307
MA28_02.csv,SMD,Silva_etal_2016,0.469041575982343,0.32451802794523577,0.4598639135344723,1.725,1.463,8.197314885534214e-4,1.4569877319661596e-4,13.534588558923655
MA28_02.csv,SMD,Spencer_etal_2017,0.39749213828703583,0.42667074079344924,0.5924004183258819,1.517,1.303,2.2012366682370307e-4,2.762243760520046e-5,16.572967753243262
MA28_02.csv,SMD,Spinelli_etal_2017,0.5856620185738529,0.2257957195491529,0.3190576241396166,2.122,1.746,0.00343914014040135,8.824038615755709e-4,9.32619045904637
MA28_02.csv,SMD,Takechi_etal_2017,0.4312771730569565,0.3730798983888868,0.5246882581716009,1.617,1.373,4.334245953004498e-4,6.518645455129669e-5,15.160835978271415
MA28_02.csv,SMD,Wei_etal_2018,0.5059644256269407,0.2862289465215332,0.4065957162601932,1.855,1.561,0.0013897870320561225,2.831012826468716e-4,12.036676973866001
MA28_02.csv,SMD,Woodie_Blythe_2018,0.4219004621945797,0.38689885694901827,0.5425434946237143,1.597,1.36,3.632341270957044e-4,5.2129505868919814e-5,15.564463767469604
MA28_02.csv,SMD,Woodie_Blythe_2018,0.4301162633521313,0.37474963813092144,0.5268599595993209,1.613,1.371,4.2423203720471714e-4,6.344306356215764e-5,15.211032146839942
MA28_02.csv,SMD,Woodie_Blythe_2018,0.4207136793592526,0.38870302213508745,0.5448546887772264,1.59,1.349,3.5499386768273177e-4,5.0636884017831974e-5,15.615166664213898
MA28_02.csv,SMD,Woodie_Blythe_2018,0.41952353926806063,0.3905250305991168,0.547184032199564,1.587,1.346,3.468707579792578e-4,4.9174258750314524e-5,15.665900160044721
MA28_02.csv,SMD,Wu_etal_2003,0.30983866769659335,0.6243950790453555,0.8035218679156294,1.265,1.126,1.8144283833987134e-5,1.1227394709157698e-6,17.91267888702739
MA28_02.csv,SMD,Xu_etal_2018,0.5338539126015656,0.2621070883345852,0.372133796610415,1.944,1.619,0.00196988516751757,4.387265025612097e-4,11.002670827582984
MA28_02.csv,SMD,Abbottetal_2016,0.30495901363953815,0.6381335494985104,0.8157531370416267,1.253,1.11,1.5085782873360835e-5,8.83342594458608e-7,17.761958754311625
MA28_02.csv,SMD,Abbottetal_2016,0.30495901363953815,0.6381335494985104,0.8157531370416267,1.256,1.113,1.5085782873360835e-5,8.83342594458608e-7,17.761958754311625
MA28_02.csv,SMD,Ayabe_etal_2018,0.4743416490252569,0.31851537430068,0.45163437414235397,1.757,1.481,8.889068356961845e-4,1.6135215400425618e-4,13.311899984167397
MA28_02.csv,SMD,Beilharz_etal_2014,0.5440588203494178,0.2541531406817288,0.36062649398700564,1.964,1.647,0.0022175386711403493,5.090114207707305e-4,10.647335330527685
MA28_02.csv,SMD,Beilharz_etal_2014,0.5059644256269407,0.2862289465215332,0.4065957162601932,1.854,1.56,0.0013897870320561225,2.831012826468716e-4,12.036676973866001
MA28_02.csv,SMD,Beilharz_etal_2014,0.5059644256269407,0.2862289465215332,0.4065957162601932,1.855,1.557,0.0013897870320561225,2.831012826468716e-4,12.036676973866001
MA28_02.csv,SMD,Beilharz_etal_2018,0.5059644256269407,0.2862289465215332,0.4065957162601932,1.86,1.553,0.0013897870320561225,2.831012826468716e-4,12.036676973866001
MA28_02.csv,SMD,Beilharz_etal_2018,0.5059644256269407,0.2862289465215332,0.4065957162601932,1.845,1.549,0.0013897870320561225,2.831012826468716e-4,12.036676973866001
MA28_02.csv,SMD,Magnusson_etal_2015,0.5347896782848375,0.26135948574849643,0.3710551703054742,1.934,1.622,0.0019917795847076993,4.4485488284355163e-4,10.969568455697775
MA28_02.csv,SMD,Magnusson_etal_2015,0.532916503778969,0.26285978803871834,0.3732191504858765,1.933,1.622,0.0019481153808285012,4.326499716455997e-4,11.035936244715817
MA28_02.csv,SMD,Magnusson_etal_2015,0.5385164807134504,0.2584190592541229,0.3668067931520482,1.954,1.634,0.002080600014836475,4.698888573817199e-4,10.838773389792532
MA28_02.csv,SMD,Magnusson_etal_2015,0.5357238094391549,0.2606169304470697,0.3699832137382125,1.95,1.626,0.0020137984570505253,4.5103521171390777e-4,10.936628329114285
MA28_02.csv,SMD,Moreira_etal_2014,0.4732863826479693,0.31969599908753554,0.4532566404039019,1.744,1.482,8.748144802175623e-4,1.5813725036314927e-4,13.356064131636636
MA28_02.csv,SMD,Ross_etal_2013,0.2720294101747089,0.7367961000312959,0.8935102721665494,1.177,1.064,3.5817925599097362e-6,1.3430177312390187e-7,15.671417213525352
MA28_02.csv,SMD,Tran_Westbrook_2015,0.3674234614174767,0.48415975475401174,0.6602781965889727,1.431,1.233,1.0783807003113159e-4,1.1131972723773346e-5,17.611844183496096
MA28_02.csv,SMD,Tran_Westbrook_2018,0.43243496620879307,0.3714259762308152,0.5225332924623995,1.624,1.379,4.427379367898485e-4,6.696251753302175e-5,15.110731623158436
MA28_02.csv,SMD,Valladolid_Acebes_etal_2013,0.44944410108488464,0.34838168734076735,0.49211561109786683,1.688,1.415,5.971541009915711e-4,9.77165195842151e-5,14.373392375709948
MA28_02.csv,SMD,Valladolid_Acebes_etal_2013,0.44944410108488464,0.34838168734076735,0.49211561109786683,1.675,1.417,5.971541009915711e-4,9.77165195842151e-5,14.373392375709948
MA28_02.csv,SMD,Valladolid_Acebes_etal_2013,0.396232255123179,0.4288829824040554,0.5951053908402885,1.515,1.299,2.1412901774339854e-4,2.66703579047514e-5,16.622240843623302
MA28_02.csv,SMD,Valladolid_Acebes_etal_2013,0.396232255123179,0.4288829824040554,0.5951053908402885,1.52,1.298,2.1412901774339854e-4,2.66703579047514e-5,16.622240843623302
MA28_02.csv,SMD,Xu_Reichelt_2018,0.4404543109109048,0.36027439461755895,0.5079044215747353,1.643,1.401,5.113421497783e-4,8.033384332846131e-5,14.763002695717631
MA28_02.csv,SMD,Alzoubi_etal_2013a,0.3807886552931954,0.45736775887536085,0.6292757042448621,1.477,1.259,1.502772997037649e-4,1.6997935447072017e-5,17.190794536950126
MA28_02.csv,SMD,Alzoubi_etal_2013a,0.3807886552931954,0.45736775887536085,0.6292757042448621,1.47,1.262,1.502772997037649e-4,1.6997935447072017e-5,17.190794536950126
MA28_02.csv,SMD,Alzoubi_etal_2013a,0.3807886552931954,0.45736775887536085,0.6292757042448621,1.466,1.264,1.502772997037649e-4,1.6997935447072017e-5,17.190794536950126
MA28_02.csv,SMD,Alzoubi_etal_2013b,0.41109609582188933,0.40379969407850724,0.5640111678700106,1.56,1.33,2.932499928926168e-4,3.9749997342387796e-5,16.021147379150335
MA28_02.csv,SMD,Alzoubi_etal_2013b,0.41109609582188933,0.40379969407850724,0.5640111678700106,1.556,1.326,2.932499928926168e-4,3.9749997342387796e-5,16.021147379150335
MA28_02.csv,SMD,Alzoubi_etal_2013b,0.41109609582188933,0.40379969407850724,0.5640111678700106,1.555,1.327,2.932499928926168e-4,3.9749997342387796e-5,16.021147379150335
MA28_02.csv,SMD,Alzoubi_etal_2018,0.3674234614174767,0.48415975475401174,0.6602781965889727,1.426,1.235,1.0783807003113159e-4,1.1131972723773346e-5,17.611844183496096
MA28_02.csv,SMD,Alzoubi_etal_2018,0.3674234614174767,0.48415975475401174,0.6602781965889727,1.423,1.233,1.0783807003113159e-4,1.1131972723773346e-5,17.611844183496096
MA28_02.csv,SMD,Thirumangalakudi_etal_2008,0.5856620185738529,0.2257957195491529,0.3190576241396166,2.098,1.746,0.00343914014040135,8.824038615755709e-4,9.32619045904637
MA28_02.csv,SMD,Thirumangalakudi_etal_2008,0.5856620185738529,0.2257957195491529,0.3190576241396166,2.125,1.745,0.00343914014040135,8.824038615755709e-4,9.32619045904637
MA28_02.csv,SMD,Valladolid_Acebes_etal_2011,0.3619392214170772,0.4957566884680553,0.6733486758013207,1.411,1.234,9.340443717426864e-5,9.264562713840112e-6,17.759198733326542
MA28_02.csv,SMD,Valladolid_Acebes_etal_2011,0.3492849839314596,0.523903008066711,0.7041775083879646,1.375,1.198,6.582825207245012e-5,5.918908193732194e-6,18.02745003212536
MA28_02.csv,SMD,Kanoski_Davidson_2010,0.5338539126015656,0.2621070883345852,0.372133796610415,1.942,1.626,0.00196988516751757,4.387265025612097e-4,11.002670827582984
MA28_02.csv,SMD,Arnold_etal_2014,0.6906518659932803,0.17543560299353012,0.2433957656721557,2.422,2.032,0.008176230368911715,0.002610713804180382,6.796016267862559
MA28_02.csv,SMD,Arnold_etal_2014,0.4743416490252569,0.31851537430068,0.45163437414235397,1.756,1.48,8.889068356961845e-4,1.6135215400425618e-4,13.311899984167397
MA28_02.csv,SMD,Hargrave_etal_2015,0.47116875957558985,0.32208687115940215,0.45653641167394043,1.75,1.469,8.470158648485359e-4,1.518342218515926e-4,13.444954051453827
MA28_02.csv,SMD,Hargrave_etal_2015,0.44721359549995793,0.3512743275618845,0.4959735438248354,1.67,1.409,5.749531864940243e-4,9.315364873112627e-5,14.46992162629509
MA28_02.csv,SMD,Hargrave_etal_2015,0.44721359549995793,0.3512743275618845,0.4959735438248354,1.663,1.414,5.749531864940243e-4,9.315364873112627e-5,14.46992162629509
MA28_02.csv,SMD,Hargrave_etal_2015,0.44721359549995793,0.3512743275618845,0.4959735438248354,1.677,1.404,5.749531864940243e-4,9.315364873112627e-5,14.46992162629509
MA28_02.csv,SMD,Park_etal_2018,0.4604345773288535,0.33466536701523986,0.47366971053861606,1.7,1.445,7.15719786093372e-4,1.227967066036867e-4,13.900434352337621
MA31.csv,SMD,113891,0.41669894048341427,0.1234060277609016,0.17099234127714458,3.151,2.471,0.024373221779770707,0.00888894977186266,4.758631351624299
MA31.csv,SMD,9560276,1.1959574214828887,0.05865657481885356,0.0641248147843142,8.555,6.752,0.21713247053200474,0.16300920536925798,0.5468239965460642
MA31.csv,SMD,9560276,0.6940287068990735,0.07594426179270586,0.09253287014827805,5.078,4.013,0.09873381042167463,0.05613796085470669,1.6588608355572187
MA31.csv,SMD,10336157,0.6441233298057135,0.08018306726383884,0.0995264649788693,4.689,3.716,0.08447190234912219,0.04558108804356306,1.9343397715030464
MA31.csv,SMD,10336157,0.4900152252736643,0.10267565017293256,0.13672091708792544,3.613,2.9,0.04167987936745794,0.017921689681771737,3.4045266914992878
MA31.csv,SMD,10336157,0.4859808946862006,0.10357321639371941,0.1382061595782602,3.589,2.846,0.040648549602819606,0.017342244126500386,3.46329431845408
MA31.csv,SMD,10336157,0.47492885572472854,0.10615315041064721,0.14247500733231178,3.506,2.813,0.037863516415775275,0.01580169203844592,3.6321856921664564
MA31.csv,SMD,10593193,0.40860306288621967,0.12642113430825108,0.17596716839250348,3.068,2.442,0.022684762492126948,0.008095645626679596,4.95460340842524
MA31.csv,SMD,10593193,0.4093690926291334,0.12612798107553214,0.17548362847383714,3.062,2.45,0.02284230692512122,0.00816891030724182,4.9355647398305
MA31.csv,SMD,10593193,0.418427309099203,0.12278542988169061,0.16996795861740666,3.107,2.487,0.02474028518215756,0.009063736685620815,4.718252873571604
MA31.csv,SMD,10593193,0.4082556551965937,0.12655464135175498,0.17618736947327918,3.051,2.429,0.022613468358802992,0.00806254283284221,4.96327281215242
MA31.csv,SMD,10593193,0.50017225532810194,0.1005134214560508,0.1331428798835862,3.687,2.962,0.044308765243356085,0.019419984146728908,3.2629458427535396
MA31.csv,SMD,10593193,0.5062607361824537,0.09928060912015924,0.13110282092070824,3.771,2.989,0.045905480013911634,0.0203445899544059,3.1822211800549005
MA31.csv,SMD,10593193,0.5308068396318947,0.09474219223113345,0.12359319357768894,3.887,3.086,0.052481612444308094,0.024263874880601284,2.8851001346555494
MA31.csv,SMD,10593193,0.501539254694984,0.10023262586424753,0.13267821791606083,3.714,2.95,0.044665950535733925,0.01962587369544396,3.24455920518133
MA31.csv,SMD,10693149,0.49267074705121267,0.10209711321009873,0.13576356934777367,3.627,2.889,0.042362810442334656,0.018308000309195074,3.366645613767494
MA31.csv,SMD,10693149,0.49314927456095886,0.10199387561419959,0.13559273340587674,3.658,2.918,0.042486212245224426,0.018378024519393885,3.359885779167715
MA31.csv,SMD,11797057,0.6012809584545314,0.08471211227327557,0.1070069893704586,4.439,3.513,0.07220437995423457,0.03699666291265776,2.229487709718303
MA31.csv,SMD,12076730,0.35960331060767503,0.149348262454715,0.213652714754189,2.746,2.179,0.01366065165539696,0.004188902035661166,6.430445229947401
MA31.csv,SMD,12076731,0.41590499756554983,0.12369376389921416,0.17146724296277804,3.122,2.491,0.024205375691273463,0.008809298672257023,4.777347906356388
MA31.csv,SMD,12231228,1.1439694467073847,0.059465620059951374,0.06544895165846676,8.249,6.487,0.20738210362201295,0.15310664121701129,0.5983331598515385
MA31.csv,SMD,12366727,0.48668899001312943,0.10341402400459132,0.1379427396905214,3.583,2.867,0.04082901576381902,0.01744329302574177,3.452871568593008
MA31.csv,SMD,12543234,0.5020642697902331,0.10012540531861513,0.132500788891582,3.734,2.938,0.04480333726073562,0.019705212129809566,3.2375383572966876
MA31.csv,SMD,12699791,0.5214229693828226,0.09640002755301291,0.12633622030581892,3.818,3.047,0.04994320889221459,0.022730254988285386,2.9936192752806012
MA31.csv,SMD,12699791,0.47567043633171063,0.10597425948476824,0.14217902579054797,3.525,2.806,0.03804846601775828,0.01590288363267033,3.6204766305779734
MA31.csv,SMD,12799173,0.39509298399237613,0.13188167853971078,0.1849674068125059,2.959,2.363,0.019985216360565147,0.006865409333264096,5.308572827279512
MA31.csv,SMD,12799173,0.6006140274752164,0.0847905173987733,0.10713655086249818,4.415,3.473,0.07201417799481594,0.03686738477577365,2.234603346372488
MA31.csv,SMD,12799173,0.5422525942768739,0.09283786520426851,0.1204426897622689,3.993,3.168,0.055613421202004916,0.026190767553053048,2.7604824558000396
MA31.csv,SMD,14570539,0.502009256886763,0.10013662412624647,0.13251935381995383,3.684,2.929,0.04478893610448181,0.019696891924076976,3.238272969370737
MA31.csv,SMD,14570539,0.5216719726034742,0.09635485216134088,0.12626147075312855,3.814,3.07,0.05001019796093592,0.0227703971918181,2.990661859178767
MA31.csv,SMD,14570539,0.5954427865042955,0.08540759612037341,0.10815631493126132,4.368,3.467,0.0705407823183769,0.03587001305441648,2.2748718810887913
MA31.csv,SMD,14570539,0.5867456970442987,0.08648317134617556,0.10993403925700973,4.272,3.441,0.06806911441481844,0.03421328143347992,2.3450867910834172
MA31.csv,SMD,14570539,0.6067645284622363,0.08407741245787992,0.10595824264467224,4.439,3.549,0.0737696293957215,0.0380650825114048,2.188083018679232
MA31.csv,SMD,14570539,0.5835446289702271,0.0868914502716277,0.11060893118188209,4.267,3.424,0.06716167206629348,0.033610250121711864,2.3717480910254385
MA31.csv,SMD,14570539,0.5842456204371582,0.0868014570950073,0.11046016714714002,4.266,3.406,0.06736027583321448,0.03374198870672153,2.3658710052132714
MA31.csv,SMD,14570539,0.6036458862611424,0.08443621996575512,0.10655110293518799,4.425,3.48,0.07287913845946249,0.037456254453047115,2.211488296943287
MA31.csv,SMD,14570539,0.5795543158324334,0.08741008598546518,0.11146630751584996,4.25,3.39,0.06603242420540097,0.03286377883158435,2.405622153038478
MA31.csv,SMD,14570539,0.5774412463619134,0.08768918144901883,0.11192771893913156,4.245,3.391,0.06543535526760826,0.032470882230161105,2.4238537490112733
MA31.csv,SMD,14638381,0.4901579123099004,0.102644319354121,0.1366690719701441,3.638,2.884,0.041716493471501526,0.01794234850803123,3.4024752616023113
MA31.csv,SMD,14638381,0.4715505837129247,0.10697904939172231,0.14384144544145516,3.523,2.787,0.037024618819155836,0.01534473104809723,3.686239604973285
MA31.csv,SMD,14638381,0.54533929988586,0.09234515047809377,0.11962762499831481,4.015,3.172,0.05646409361856786,0.02672064376972898,2.7282474520221034
MA31.csv,SMD,14638381,0.45778503579737073,0.11054018975211921,0.1497323198393996,3.387,2.707,0.03367104177764567,0.01355191081888905,3.9192130087280397
MA31.csv,SMD,15234259,0.3268979565552529,0.1708533280203871,0.24868458304927676,2.478,1.985,0.008912429276538918,0.0024082856746407712,7.783125502888966
MA31.csv,SMD,15251255,0.5816645476561211,0.08713445533215969,0.11101064345156797,4.236,3.384,0.06662933779118048,0.033257810077542575,2.387618811940828
MA31.csv,SMD,15251255,0.5821492841187731,0.08707157219087891,0.11090668970746098,4.287,3.37,0.06676654186431585,0.033348554651390264,2.383511751658207
MA31.csv,SMD,15251255,0.5917827033633207,0.08585435220572613,0.10889467935896924,4.359,3.458,0.06949956828068828,0.03516957956877994,2.304032715324311
MA31.csv,SMD,15251255,0.5773714618856738,0.08769845197414061,0.11194304566059565,4.225,3.366,0.0654156483261276,0.03245793539159486,2.424459368645504
MA31.csv,SMD,15582116,0.5000197756089253,0.10054488844046061,0.13319495161485762,3.697,2.937,0.04426897165953377,0.019397080181968396,3.2650063174397004
MA31.csv,SMD,15582116,0.5094374181388721,0.09865525100544681,0.13006798830734656,3.754,2.986,0.046744405397249174,0.02083470862259933,3.141273730189975
MA31.csv,SMD,15582116,0.5008191170472629,0.10038025636983827,0.13292251760268026,3.675,2.927,0.04447768830154027,0.019517286884770998,3.2542261232841985
MA31.csv,SMD,15582116,0.5258757258136184,0.09560205703876323,0.1250158807492674,3.836,3.062,0.05114421405348767,0.023452670331250276,2.941382371050416
MA31.csv,SMD,15582116,0.5085194283407469,0.09883473497245987,0.13036499437741378,3.791,2.997,0.04650157491460257,0.020692538077562033,3.153025940495391
MA31.csv,SMD,15582116,0.5099535763184724,0.09855476751913017,0.1299017109315429,3.789,3.004,0.04688108271293462,0.02091483780451638,3.134694341241273
MA31.csv,SMD,15582116,0.5113162172276565,0.09829098752572063,0.12946521660427635,3.783,3.016,0.04724238949749717,0.02112703434885501,3.1174229078555715
MA31.csv,SMD,15582116,0.5060925458846435,0.09931405491922807,0.13115816677378211,3.728,2.978,0.04586117225236881,0.020318786683975163,3.1844111854554047
MA31.csv,SMD,15582116,0.5026762278047372,0.10000086231919458,0.13229469469302935,3.721,2.937,0.0449636176134787,0.019797873240973707,3.2293832373834763
MA31.csv,SMD,15582116,0.5228704820507656,0.09613833465039434,0.12590321178355512,3.845,3.069,0.05033292076727283,0.022964036951346797,2.9764877133160783
MA31.csv,SMD,15582116,0.5160849910625187,0.09738460379684588,0.12796538620176612,3.789,3.046,0.04851223275176505,0.02187710323749529,3.0580782404920237
MA31.csv,SMD,15582116,0.5005634485257588,0.10043282603739223,0.13300951016122498,3.72,2.946,0.04441090163421283,0.019478801896633074,3.2576684123832744
MA31.csv,SMD,15582116,0.5028061972569551,0.09997447136133775,0.13225102285860613,3.72,2.953,0.04499767806674914,0.019817578367974393,3.227655149726838
MA31.csv,SMD,15582116,0.5000323849512149,0.10054228515491226,0.13319064368426525,3.703,2.929,0.04427226203062314,0.019398973760024692,3.2648358529352994
MA31.csv,SMD,15582116,0.5223242565686568,0.09623682446751758,0.12606617672240839,3.845,3.064,0.050185779378892105,0.022875697440203707,2.9829352254890806
MA31.csv,SMD,15582116,0.5274465498986604,0.09532546776167494,0.12455824285969241,3.884,3.084,0.051569425610908305,0.023709817669166838,2.923277509801747
MA31.csv,SMD,15582117,0.5,0.10054897165679133,0.13320170854266744,3.685,2.919,0.04426381140564594,0.019394110597565028,3.265273688587611
MA31.csv,SMD,15582117,0.511519548991043,0.09825181124951299,0.12940038923781927,3.801,2.973,0.047296362955595694,0.02115877972021619,3.114857798830628
MA31.csv,SMD,15639174,0.4605181929088144,0.10980703338962428,0.14851967593037818,3.42,2.733,0.03432832124437842,0.013898933677063031,3.8712642540753905
MA31.csv,SMD,15639174,0.4603166616580373,0.1098606370656744,0.1486083395803306,3.443,2.718,0.034279707112053644,0.013873193068850948,3.87477025146562
MA31.csv,SMD,15639174,0.4594808309385714,0.11008372421748758,0.14897733403181435,3.424,2.696,0.03407833731560178,0.01376669553560535,3.889360981432677
MA31.csv,SMD,15639174,0.47485840310559946,0.10617019027085761,0.14250320023999774,3.512,2.811,0.037845960422448206,0.015792094966201087,3.633300996914013
MA31.csv,SMD,15639174,0.46148264106031117,0.1095515019762977,0.1480970057168165,3.429,2.721,0.03456129490239153,0.014022453443680093,3.8545503740518794
MA31.csv,SMD,15639174,0.4651708911787151,0.10858925648685502,0.1465052844511544,3.446,2.743,0.03545714725742605,0.014499919127628992,3.791602796429938
MA31.csv,SMD,15677441,0.5560682799800758,0.09069720070558429,0.11690181394847765,4.059,3.249,0.05943891026381709,0.02859494360894178,2.620461324289336
MA31.csv,SMD,15755522,0.6945874185442751,0.07590199306806111,0.09246317393190662,5,3.997,0.09889251947629285,0.05625875254742131,1.6561180863845504
MA31.csv,SMD,15764017,0.4986975375916749,0.10081899560330387,0.13364854549603322,3.655,2.923,0.043924307147665376,0.019198987470255377,3.282954989272935
MA31.csv,SMD,15764017,0.48011511223872133,0.1049197885197305,0.14043430718482153,3.556,2.821,0.03916285663251551,0.016515979429273527,3.5514518665091033
MA31.csv,SMD,15939444,0.5262319735629906,0.09553910727982573,0.12491172499362213,3.918,3.108,0.05124057940200781,0.02351088452689043,2.93726177137964
MA31.csv,SMD,15939444,0.4920239547013946,0.10223714229850944,0.13599528678802753,3.62,2.896,0.042196179370043774,0.01821355233551013,3.3758144489518083
MA31.csv,SMD,15939444,0.497725014440705,0.10102203264317167,0.13398453193490978,3.691,2.939,0.04367127273109559,0.019053885140748048,3.296249929173811
MA31.csv,SMD,15939444,0.4803475731176332,0.10486546141472597,0.1403444155512188,3.584,2.832,0.03922141416184826,0.016548354775531748,3.5478954136492824
MA31.csv,SMD,16171878,0.36519611991367046,0.1462467714104393,0.20857241339017607,2.774,2.21,0.01457934536823686,0.004557962503889256,6.232564197973678
MA31.csv,SMD,16171878,0.37733912201095715,0.139990606048639,0.19830636377051125,2.817,2.269,0.01667655053988344,0.0054266715246523885,5.831575772187225
MA31.csv,SMD,16221841,0.46626051194584345,0.1083094426696094,0.14604239930777785,3.427,2.765,0.03572327831803873,0.01464251733889236,3.7732956638168447
MA31.csv,SMD,16221841,0.4658026298766464,0.1084267816193849,0.1462365098646914,3.459,2.759,0.0356113635829939,0.0145825092128384,3.7809728245306484
MA31.csv,SMD,16221841,0.4861509899197985,0.1035349110138799,0.1381427747670939,3.6,2.874,0.04069187869348036,0.017366492097598156,3.4607863753214008
MA31.csv,SMD,16221841,0.42241551344618017,0.1213830390113998,0.16765262755034038,3.168,2.496,0.025595922816531436,0.009474318971857435,4.626958853894059
MA31.csv,SMD,16626646,0.5406624806660806,0.09309505710321564,0.1208681588527688,3.981,3.161,0.05517616451414169,0.025919473190512177,2.7773101749553164
MA31.csv,SMD,16626646,0.5665800437713987,0.0891743744658281,0.11438340819957371,4.19,3.28,0.06237766223245417,0.030478407844921576,2.520903373374561
MA31.csv,SMD,16626646,0.5411705405877153,0.09301262951537859,0.12073179900112141,3.969,3.173,0.05531580040764043,0.026006030613949974,2.7719169485742823
MA31.csv,SMD,16626646,0.5547006282671763,0.09090185421229047,0.11724029811074332,4.109,3.228,0.05905823579019123,0.028353267607162513,2.6338443898452857
MA31.csv,SMD,16626646,0.5436058673340456,0.09262079397568823,0.12008359906515065,3.995,3.214,0.055986071931765816,0.026422551113088166,2.7462805089462416
MA31.csv,SMD,16626646,0.5437317509581356,0.09260068576613312,0.12005033534856957,3.985,3.14,0.05602076055577557,0.026444153741796005,2.7449649582436453
MA31.csv,SMD,16730678,0.3054699641535973,0.18889756450005057,0.27777059869668796,2.342,1.889,0.0063989326465917415,0.00156803961010767,8.88730341966374
MA31.csv,SMD,16730678,0.2909543847409762,0.20346477884466918,0.30101215249819224,2.24,1.808,0.004967944471551405,0.0011297661439946015,9.754737365352305
MA31.csv,SMD,16876800,0.3655082447770502,0.14607794852813916,0.2082956992687196,2.738,2.193,0.014631504752193833,0.004579132244483649,6.221775074058044
MA31.csv,SMD,16938473,0.4770729965110161,0.105638252097348,0.14162308128111045,3.517,2.787,0.03839903843873704,0.016095132250670715,3.5984829183762446
MA31.csv,SMD,16938473,0.4714176555879086,0.10701191892694573,0.1438958261174308,3.502,2.76,0.0369917333876656,0.015326885800676553,3.6883907190485066
MA31.csv,SMD,16938473,0.48602493866055885,0.10356329376001172,0.13818974037085552,3.581,2.845,0.040659767799899396,0.017348521278461995,3.4626446610843797
MA31.csv,SMD,16938473,0.47144625568562953,0.10700484449255276,0.1438841218998771,3.471,2.781,0.03699880804287255,0.01533072442056914,3.687927740732433
MA31.csv,SMD,16950513,0.3946464379669478,0.13207202284289388,0.18528089758847133,2.944,2.387,0.01989860197348882,0.006826747589105637,5.320887474557745
MA31.csv,SMD,16950513,0.41073264053396097,0.125610309856785,0.17462967592311274,3.067,2.438,0.023123897609656864,0.008300253412585666,4.901936606632773
MA31.csv,SMD,16950513,0.39414937143169465,0.1322846807398277,0.18563111787717934,2.958,2.352,0.0198023894580227,0.0067838623475436665,5.334643713735165
MA31.csv,SMD,16950513,0.41751126691384033,0.12311336650300886,0.17050928037221047,3.106,2.495,0.024545455568959103,0.008970861594813721,4.739591386920161
MA31.csv,SMD,16950513,0.4185538543604634,0.12274030076309128,0.16989346147046347,3.134,2.482,0.02476724990622183,0.009076608834778286,4.715316070737218
MA31.csv,SMD,16950513,0.4027066922711864,0.12873525201982572,0.17978294567921205,3.025,2.408,0.021487981085555087,0.007544305367824465,5.104769365938633
MA31.csv,SMD,16950513,0.3923484369791729,0.13306210337672186,0.18691124961077588,2.936,2.339,0.019455581032040554,0.006629811749173254,5.384914623405401
MA31.csv,SMD,16950513,0.39876389505570836,0.13034162434270613,0.18243037001674245,2.978,2.382,0.020703680583786584,0.007188087754630228,5.208874567403631
MA31.csv,SMD,16950513,0.39294995737370936,0.13280122437524,0.18648170933825337,2.948,2.345,0.01957110527711979,0.006681033882267192,5.368048496301336
MA31.csv,SMD,16950513,0.39564896056984655,0.13164560918284252,0.18457858474741007,2.965,2.37,0.020093294896038227,0.006913724441206447,5.293297556456755
MA31.csv,SMD,16950513,0.3738168214513627,0.1417413831816684,0.2011816591717377,2.79,2.26,0.01605398262008426,0.005165112349896079,5.94402759900693
MA31.csv,SMD,16950513,0.38135208141558635,0.13805601823156577,0.19512717546883906,2.879,2.274,0.017399749388399163,0.005734264521459329,5.70711572372733
MA31.csv,SMD,16950513,0.3729966501190058,0.14215634265444188,0.2018628838646933,2.825,2.242,0.015910671722548453,0.0051053349727918215,5.970654121025143
MA31.csv,SMD,16950513,0.3761478020672193,0.14057713810841543,0.19926982031137286,2.853,2.265,0.016464699003991466,0.005337326636376449,5.8692682202957425
MA31.csv,SMD,16950513,0.373226301324009,0.14203987070540292,0.20167168613745667,2.816,2.233,0.01595073602589298,0.005122030036519379,5.963181543205376
MA31.csv,SMD,16950513,0.3719832052660442,0.14267296424279896,0.20271086107445646,2.819,2.253,0.01573445839484038,0.005032057712366506,6.00378968316575
MA31.csv,SMD,16950513,0.37176180680645504,0.14278640066013604,0.20289703308015916,2.798,2.243,0.01569609073087005,0.005016135700701197,6.0110632420023125
MA31.csv,SMD,16950513,0.3883452845085157,0.13482997115923645,0.18982118407911264,2.909,2.327,0.018694783389642363,0.006294835546712621,5.499121291987619
MA31.csv,SMD,16950513,0.3719108723874579,0.14271000219536278,0.20277164866106512,2.804,2.253,0.015721918272665697,0.005026852447945339,6.006164646570234
MA31.csv,SMD,16950513,0.3722381092795309,0.14254261668844215,0.20249692498080096,2.792,2.232,0.015778689416035295,0.00505042757931153,5.9954308292358816
MA31.csv,SMD,16950513,0.3717856869219147,0.14277415541157734,0.2028769365324501,2.806,2.249,0.015700226866972904,0.005017851567538074,6.010278112087275
MA31.csv,SMD,16950513,0.3785511378928876,0.13939968030489258,0.19733549251691762,2.858,2.258,0.01689342287980893,0.0055184930462218625,5.793581221202504
MA31.csv,SMD,16950513,0.37311543790092633,0.14209606976503042,0.20176394224991723,2.814,2.228,0.015931388951671746,0.005113966386508089,5.96678724848868
MA31.csv,SMD,16950513,0.38005880597612784,0.13867265334968182,0.1961407430662181,2.841,2.276,0.01716507559541116,0.005634016171033936,5.7468089716536275
MA31.csv,SMD,16950513,0.3782805017444066,0.13953112753553765,0.19755147294718156,2.847,2.292,0.01684487960552481,0.0054979089079005665,5.802034541164391
MA31.csv,SMD,16950513,0.3731715543821635,0.1420676167178252,0.20171723409469722,2.81,2.248,0.015941180554609784,0.005118047048009187,5.964961737687203
MA31.csv,SMD,16950513,0.3720493340942838,0.1426391223655199,0.2026553182464752,2.807,2.241,0.015745927235485242,0.0050368194039915075,6.00161958809553
MA31.csv,SMD,16950513,0.37549583220057187,0.14090054495580606,0.1998009744795135,2.817,2.244,0.016349314797253756,0.005288812138734811,5.890042952370744
MA31.csv,SMD,16950513,0.37405822407748235,0.14161977801402237,0.20098200493675566,2.822,2.252,0.016096283120134638,0.0051827877198515546,5.936222692273329
MA31.csv,SMD,16950513,0.38351387197857656,0.13703947231506386,0.19345582042383425,2.88,2.298,0.017795402820824865,0.005904216408402867,5.641634810877038
MA31.csv,SMD,16950513,0.37290871268984854,0.1422009999779693,0.2019361901898945,2.826,2.236,0.015895343458247613,0.005098950961693776,5.973519021192519
MA31.csv,SMD,16950513,0.3736705460696628,0.1418151856965404,0.2013028256454571,2.82,2.252,0.01602837750502247,0.005154420069752673,5.948763994891671
MA31.csv,SMD,16950513,0.3716989642170126,0.14281863660712102,0.20294993735385936,2.774,2.223,0.01568520868941033,0.00501162196650604,6.013130074673834
MA31.csv,SMD,16950513,0.3738111969965587,0.14174421933669346,0.2011863155343565,2.841,2.251,0.01605299770550393,0.005164700969540944,5.944209619766305
MA31.csv,SMD,16950513,0.37463475946580294,0.14133032244016697,0.20050673509122297,2.821,2.249,0.016197527784387978,0.005225150445354592,5.917641265105599
MA31.csv,SMD,16950513,0.37769260781752134,0.13981766137789065,0.19802224186806117,2.832,2.272,0.016739662214038668,0.005453355002043866,5.820458049017052
MA31.csv,SMD,16950513,0.37345548596854217,0.14192385407214414,0.2014812278728565,2.807,2.262,0.015990768049344094,0.005138724394456996,5.955737380071236
MA31.csv,SMD,16950513,0.3720149714729234,0.1426567053705864,0.20268417635950053,2.78,2.24,0.015739967152793095,0.005034344734900332,6.0027470988914144
MA31.csv,SMD,16950513,0.37218978492161764,0.14256730679501395,0.20253744899802772,2.791,2.244,0.015770299478666545,0.005046941896516181,5.997014220301377
MA31.csv,SMD,16950513,0.3742010702817404,0.14154793323913872,0.20086404441263317,2.812,2.258,0.016121339339329056,0.0051932641949947326,5.931611117349444
MA31.csv,SMD,17004935,0.49796318136986795,0.10097219718859196,0.1339020640713079,3.699,2.913,0.043733202688061995,0.019089373177075094,3.292986688271593
MA31.csv,SMD,17004935,0.5381034092068178,0.09351387292312507,0.12156101950151821,3.98,3.154,0.05447388285828105,0.025485273780504344,2.8047146578393134
MA31.csv,SMD,17004935,0.49839720203869525,0.10088156797987557,0.1337520905261712,3.69,2.917,0.043846122006929236,0.01915412268437894,3.2870522546295633
MA31.csv,SMD,17156212,0.5010275740914865,0.10033745505649316,0.13285168977157513,3.703,2.957,0.04453216224329164,0.0195486909999338,3.251423471508197
MA31.csv,SMD,17156212,0.7197962621464493,0.07409756370473553,0.0894887488650079,5.242,4.1,0.1060193296183409,0.06175524334392371,1.539118516027238
MA31.csv,SMD,17307298,0.4530752542348787,0.11183558845677466,0.15187469006667143,3.396,2.693,0.03254884719867455,0.012964463084643527,4.003910160989676
MA31.csv,SMD,17307298,0.4809404682494498,0.10472726406944233,0.1401157481228772,3.585,2.832,0.03937088751413209,0.016631067363650467,3.5388484053434865
MA31.csv,SMD,17307298,0.458970856373256,0.11022045212661846,0.14920348313095255,3.418,2.711,0.033955673945911626,0.013701922331217916,3.898303100433409
MA31.csv,SMD,17307298,0.49424180620421015,0.101759321182601,0.13520459542901786,3.613,2.898,0.04276833311750007,0.018538365482332377,3.3445274246416856
MA31.csv,SMD,17307298,0.4444797228220878,0.11430937536982755,0.15596500701943805,3.311,2.632,0.030536144608829214,0.011927125380763485,4.16556316496105
MA31.csv,SMD,17335785,0.40844107898202403,0.1264833405321487,0.1760697696919895,3.043,2.438,0.022651508509138142,0.008080201336397566,4.958642915984079
MA31.csv,SMD,17335785,0.40826079410102556,0.12655266395436782,0.17618410808660723,3.041,2.429,0.022614522245816282,0.008063031930196881,4.963144413223941
MA31.csv,SMD,17335785,0.42081833372608657,0.12193976428869724,0.16857185439492206,3.136,2.49,0.025251824354155128,0.009308675624082276,4.663209010622483
MA31.csv,SMD,17335785,0.41074655080718575,0.1256050559919052,0.17462100858972884,3.068,2.44,0.0231267778815851,0.008301599451381073,4.901595259782365
MA31.csv,SMD,17335785,0.41107011202470073,0.12548300195955275,0.17441965228596545,3.073,2.463,0.023193817994289666,0.008332944084772363,4.89366503264127
MA31.csv,SMD,17335785,0.41305859148551793,0.12473934014443411,0.17319268691381917,3.078,2.458,0.023607634824450368,0.008527047685503119,4.845334676938506
MA31.csv,SMD,17433558,0.31362239875366044,0.1815916704576448,0.266031470944019,2.403,1.929,0.0072987182074003894,0.0018593137641716025,8.443980048637423
MA31.csv,SMD,17433558,0.35239488645552164,0.1535699798688437,0.2205575335802087,2.688,2.128,0.012521629193215117,0.0037416709752692953,6.6987553711364995
MA31.csv,SMD,17433558,0.3001512568689327,0.19399000304596525,0.2859211394060961,2.291,1.864,0.00584925819088534,0.0013958634549901749,9.193113636013084
MA31.csv,SMD,17433558,0.3557350432555106,0.15158124594633593,0.21730640518385447,2.694,2.155,0.01304305258364082,0.003944948738760681,6.572515923751854
MA31.csv,SMD,17433558,0.33467940331009316,0.16515128613071273,0.23943169499481876,2.545,2.049,0.009943437879293809,0.002775211086813988,7.428040886410603
MA31.csv,SMD,17468977,0.45985169674580956,0.10998458469846051,0.14881335455695122,3.419,2.727,0.03416763666287601,0.013813897925737586,3.882876985849071
MA31.csv,SMD,17468977,0.4506398528758858,0.11252180325114058,0.15300944708079756,3.32,2.645,0.031973867742062484,0.012665967153748405,4.048764382965697
MA31.csv,SMD,17543553,0.5064211745178118,0.09924873660156275,0.1310500785428329,3.76,2.993,0.04594775596482354,0.020369217692629712,3.1801341941270156
MA31.csv,SMD,17543553,0.4671526592025352,0.10808183048983,0.14566586163677298,3.507,2.753,0.035941669895001624,0.014759793026814252,3.7584031146942976
MA31.csv,SMD,17543553,0.37933547685393204,0.1390203513997632,0.19671216443584694,2.853,2.277,0.017034486473690318,0.005578411576644405,5.769181303608373
MA31.csv,SMD,17543553,0.3353233618464422,0.1646973628898708,0.23869392333453232,2.568,2.033,0.010031558857046086,0.0028071188369314607,7.399656044466152
MA31.csv,SMD,17543553,0.40664571189181375,0.12717791333199302,0.17721527384199165,3.042,2.421,0.022284348249869447,0.00791014966886379,5.003736050999863
MA31.csv,SMD,17543553,0.4051280550640748,0.1277724346901864,0.17819561442679177,3.039,2.432,0.021976015999358296,0.0077680148196392525,5.042317973660538
MA31.csv,SMD,17577226,0.47171236256854665,0.10693908421200604,0.14377532528573755,3.512,2.785,0.0370646544284685,0.015366463282982022,3.6836241073731513
MA31.csv,SMD,17577226,0.5153642333340567,0.097519947555191,0.12818934247516622,3.784,3.017,0.04831977898464627,0.021762998261818906,3.0669394919975224
MA31.csv,SMD,17692317,0.5421404744159949,0.09285592425340572,0.12047256430042275,3.985,3.149,0.05558256813681717,0.026171601011358327,2.7616640047017027
MA31.csv,SMD,17692317,0.5434900909860271,0.09263930028247402,0.12011421290944635,4.033,3.144,0.05595417207469294,0.02640268923480719,2.7474912626972325
MA31.csv,SMD,17692317,0.5479123689058315,0.09194090637297858,0.11895893864697649,4.027,3.194,0.05717504498301159,0.027165582952313975,2.7018032273997905
MA31.csv,SMD,17692317,0.5478536583796808,0.09195006535070127,0.11897408882093985,3.995,3.207,0.05715880485959664,0.027155398117944596,2.702402347023858
MA31.csv,SMD,17692317,0.5439464532470085,0.09256642286278083,0.11999365657015126,3.992,3.187,0.05607993352247852,0.026481014712129894,2.7427233707370435
MA31.csv,SMD,17692317,0.5402558838180294,0.09316119450461147,0.12097757054502856,4.008,3.16,0.05506446450183806,0.025850286224588317,2.781637604041709
MA31.csv,SMD,17692317,0.5612052351858453,0.08994210493335897,0.1156530006720966,4.133,3.269,0.06087228219688704,0.02950969274578505,2.571089573873764
MA31.csv,SMD,17692317,0.5480872001789496,0.09191365008793029,0.11891385318593217,4.036,3.196,0.0572234106216086,0.02719592083974456,2.7000203098001885
MA31.csv,SMD,17692317,0.5478990536586096,0.09194298331871309,0.11896237419179234,4.058,3.214,0.05717136173268809,0.02716327295132715,2.701939087307925
MA31.csv,SMD,17692317,0.6083412866146766,0.08389813861182016,0.10566204260120571,4.449,3.504,0.0742201280414607,0.03837407891406251,2.1763903989385547
MA31.csv,SMD,17692317,0.5484442742886464,0.09185806471802493,0.11882190808213322,4.046,3.189,0.0573222152125523,0.027257924337287038,2.6963843364108286
MA31.csv,SMD,17692317,0.5533982273191702,0.09109818535597436,0.11756502470161867,4.104,3.216,0.05869610651395837,0.02812386033551996,2.646683934564431
MA31.csv,SMD,17697719,0.30148286352627074,0.19268962538158374,0.2838424270541222,2.303,1.863,0.0059841153684545515,0.001437681169269676,9.115280167253847
MA31.csv,SMD,17697719,0.32809617644830913,0.16994844206600934,0.2472180553797202,2.499,2.005,0.009067106764618301,0.0024625655248134933,7.7269613313710845
MA31.csv,SMD,17697719,0.5111565601652786,0.09832178242906742,0.12951617484624944,3.798,2.998,0.0472000200973262,0.02110212256984031,3.1194392417182026
MA31.csv,SMD,17716698,0.5023281118950044,0.10007165225225145,0.13241183811141932,3.725,2.944,0.044872422459686784,0.019745138134594106,3.234018585916787
MA31.csv,SMD,17716698,0.565580221542444,0.08931549854558374,0.11461677523062852,4.155,3.318,0.06209721624217387,0.030297322895166585,2.5301276685044782
MA31.csv,SMD,17854917,0.39021420271435536,0.13399769651266058,0.18845144167027417,2.923,2.333,0.01904822772140537,0.0064499446945105055,5.445374515761358
MA31.csv,SMD,17854917,0.4738094311007327,0.10642481837183071,0.14292448587667994,3.516,2.8,0.03758487447291367,0.015649542272162236,3.649966750484923
MA31.csv,SMD,17854917,0.38462843498628646,0.1365221984809879,0.19260513186029282,2.886,2.327,0.01800103483061425,0.00599300449348714,5.608293337930492
MA31.csv,SMD,17854917,0.4492587728692674,0.11291603261301386,0.15366132113497022,3.344,2.666,0.03164944334004934,0.01249829998035864,4.074528852195636
MA31.csv,SMD,17931714,0.4517276900965891,0.11221388271361465,0.15250026652885385,3.356,2.652,0.03223024477175495,0.012798852570882976,4.028638381523919
MA31.csv,SMD,17931714,0.45083132655129454,0.11246743965177763,0.1529195522376433,3.35,2.662,0.03201894016892849,0.012689304467768323,4.045211258586567
MA31.csv,SMD,18308845,0.4044799142108295,0.12802842447219587,0.1786176855237076,3.013,2.431,0.021844909444941548,0.007707764222434398,5.058926105151174
MA31.csv,SMD,18308845,0.36000866100692636,0.14911850890498202,0.21327659159885992,2.695,2.18,0.013726216435002329,0.004214998877697105,6.4158082693877905
MA31.csv,SMD,18329744,0.5581783630704437,0.09038445766967629,0.11638457140699554,4.11,3.281,0.06002702423451757,0.02896935968092304,2.6000113737319253
MA31.csv,SMD,18329744,0.536864901069161,0.09371876667623558,0.12189999025163978,3.916,3.119,0.05413464620726009,0.025276212274859933,2.81812235754042
MA31.csv,SMD,18367262,0.48472382446089857,0.10385758855291627,0.13867671434244833,3.572,2.856,0.04032875690619796,0.017163543189628636,3.4819125789532057
MA31.csv,SMD,18367262,0.5044374867116836,0.09964500167858092,0.1317058161161615,3.745,2.948,0.04542576272679671,0.02006566118811242,3.2060814437580576
MA31.csv,SMD,18367262,1.1014782276559079,0.06021434250844815,0.06667491272212012,7.856,6.242,0.19900255408619588,0.14473527927438584,0.6460570213671968
MA31.csv,SMD,18367262,1.0503351293753818,0.06123976374825646,0.06835478000073947,7.509,5.981,0.18840581003467946,0.13433937100446566,0.7115016252483009
MA31.csv,SMD,18367262,0.5346568609865584,0.0940876706831002,0.12251030832738163,3.965,3.1,0.053530917565511045,0.024905250909455372,2.8422637644281434
MA31.csv,SMD,18367262,0.44796138896114696,0.11328977688549047,0.15427929280368646,3.333,2.661,0.03134577230624924,0.01234185570290249,4.098951591819599
MA31.csv,SMD,18398848,0.4602890483163813,0.10986798733120462,0.14862049731893023,3.388,2.716,0.034273047955787,0.013869668040199441,3.8752509987725614
MA31.csv,SMD,18398848,0.459640361587187,0.11004104851709662,0.14890674744981391,3.428,2.727,0.034116740236347844,0.013786989906508163,3.8865698932717296
MA31.csv,SMD,18398848,0.5187678025860896,0.0968858831889603,0.1271401515729449,3.824,3.077,0.049230196643578944,0.02230411589583766,3.0254268383984595
MA31.csv,SMD,18468700,0.4900006591832301,0.10267885012936162,0.13672621225921455,3.634,2.901,0.041676142169752614,0.017919581373242142,3.404736212985293
MA31.csv,SMD,18524909,0.6362348127853427,0.08094757781752249,0.10078866010063103,4.583,3.678,0.08220952608856139,0.04396227763389161,1.9841082283108546
MA31.csv,SMD,18524909,0.5406767000713089,0.09309274691979008,0.12086433710657052,4.001,3.17,0.05518007165978215,0.025921894138178785,2.7771590186780437
MA31.csv,SMD,18554808,0.46096019350915757,0.10968972111798181,0.14832563292875867,3.416,2.745,0.034435024824425536,0.013955473160582621,3.8635911810776857
MA31.csv,SMD,18554808,0.45167645499848674,0.11222833410227395,0.15252416390917256,3.378,2.664,0.0322181534300131,0.012792577750736424,4.029582980689861
MA31.csv,SMD,18554808,0.46393832564253623,0.1089082142722767,0.14703291083094694,3.423,2.732,0.035156905825035556,0.014339459032685683,3.8124696558670235
MA31.csv,SMD,18566122,0.42522838922160405,0.1204181292366292,0.1660591933283364,3.175,2.511,0.02620653816182874,0.009769980643364195,4.564106409170721
MA31.csv,SMD,18566122,0.616568654733599,0.08298531815552657,0.10415402624809378,4.453,3.566,0.07657335047770156,0.03999887964830646,2.116870809256721
MA31.csv,SMD,18566122,0.42266637670862817,0.1212961827724226,0.1675092071580595,3.156,2.528,0.025650142090715967,0.009500483292517759,4.62130243856369
MA31.csv,SMD,18948184,0.5632728282102732,0.08964411736098377,0.11516020548155093,4.137,3.269,0.0614507180557465,0.0298809519962951,2.551608812056716
MA31.csv,SMD,18948184,0.4816834800987055,0.10455481283165569,0.13983040073576236,3.593,2.819,0.03955845170452904,0.01673500320677598,3.5275587904106676
MA31.csv,SMD,18948184,0.5076699232769261,0.09900171660532908,0.13064131272890467,3.736,3.008,0.046277148507575076,0.02056136225535833,3.1639596123575586
MA31.csv,SMD,18948184,0.44820258700725946,0.11322004214835735,0.15416399133327874,3.309,2.638,0.031402147570457846,0.012370862457287976,4.094394918492139
MA31.csv,SMD,19051121,0.4504374962189538,0.11257933392995079,0.15310457831793134,3.341,2.662,0.03192625831438901,0.012641327684382905,4.052524438798056
MA31.csv,SMD,19111592,0.5641396396283459,0.08952018350091318,0.11495525593306333,4.121,3.299,0.061693467325191216,0.030037116119298716,2.543507243215015
MA31.csv,SMD,19111592,0.37956602982880333,0.13890930602281115,0.19652967515415998,2.855,2.287,0.017076058447281457,0.005596098767885853,5.7620369131348825
MA31.csv,SMD,19283592,0.5129473423266758,0.09797805594919251,0.12894739148858048,3.805,3.005,0.04767579590289086,0.021382290250304702,3.0969335539387965
MA31.csv,SMD,19283592,0.4463414410515788,0.11376113663074183,0.1550586257089619,3.338,2.636,0.030968101168511758,0.01214796335514645,4.129748907822006
MA31.csv,SMD,19292996,0.4441450044748899,0.11440869258436259,0.15612919700264893,3.32,2.629,0.03045872111283037,0.011887647366395445,4.172050441828635
MA31.csv,SMD,19292996,0.4307170196312191,0.11859075580719391,0.16304070555182892,3.208,2.58,0.027414600154089884,0.010361308520953606,4.444994974463501
MA31.csv,SMD,19309038,0.5264313108089221,0.09550394091670633,0.12485353939670119,3.843,3.099,0.05129451792148617,0.023543484830544303,2.9349598479994854
MA31.csv,SMD,19398029,0.40243202904341496,0.12884559209728297,0.1799648306245828,3.011,2.385,0.021432926334309675,0.007519166995495063,5.111923852729983
MA31.csv,SMD,19398029,0.406730613551525,0.12714485527389985,0.1771607582320217,3.028,2.421,0.022301652382896133,0.007918144715650024,5.001590295812186
MA31.csv,SMD,19398029,2.8879751491313077,0.051478277921271465,0.052406054837595306,20.703,16.127,0.3702972602101456,0.33688705621779724,0.09277769163238414
MA31.csv,SMD,19505767,0.519984181490168,0.09666235985148275,0.1267702919228224,3.834,3.049,0.04955654230166388,0.022498904528282487,3.010793207133966
MA31.csv,SMD,19682501,0.31244247630563937,0.18261353625229415,0.2676765713268904,2.381,1.907,0.007164193876981459,0.0018150548190770316,8.506303507459624
MA31.csv,SMD,19821018,0.4124577057105371,0.12496290218447181,0.17356156338697581,3.086,2.466,0.02348225804535202,0.008468125916055393,4.8598661202504
MA31.csv,SMD,19821018,0.43363221974387467,0.11764892731677479,0.16148459250673863,3.219,2.575,0.028064971744361324,0.010683101565205348,4.383566518996385
MA31.csv,SMD,19821018,0.4273518690727817,0.11970258830661085,0.1648773712344087,3.17,2.528,0.02667134375301769,0.009996500717780417,4.517478292779787
MA31.csv,SMD,19922351,0.4714137322989223,0.10701288948272969,0.14389743184197923,3.526,2.796,0.03699076293846009,0.01532635926560879,3.688454235924954
MA31.csv,SMD,19922351,0.5040359510987287,0.09972579595551667,0.1318395144333938,3.737,2.975,0.045320291976404525,0.020004466616756113,3.211371847787714
MA31.csv,SMD,19922359,0.7118142067983751,0.07464790313743952,0.09039574585644239,5.167,4.114,0.10377045639241947,0.06000566128044917,1.574784271900287
MA31.csv,SMD,19939573,0.5316938028602552,0.09459011570479148,0.12334158352959124,3.928,3.126,0.05272296139047494,0.024411016052306996,2.875146782479976
MA31.csv,SMD,19939573,0.4594738719448583,0.11008558683876202,0.14898041484322144,3.412,2.717,0.03407666245473676,0.013765810607825817,3.8894828004459425
MA31.csv,SMD,19939573,0.5100000803921505,0.09854572961785524,0.12988675527213167,3.772,2.996,0.0468934018276348,0.02092206390480418,3.1341025654276433
MA31.csv,SMD,19939573,0.45987258344023946,0.10997900858811516,0.1488041314712819,3.388,2.706,0.0341726682783948,0.013816558751649674,3.882512288316675
MA31.csv,SMD,20214436,0.6766174000127398,0.0773152989924406,0.09479403181819834,4.97,3.949,0.0937745955158899,0.05239967724298344,1.7478732825757737
MA31.csv,SMD,20463226,0.45563199295045115,0.11112727003728429,0.1507032883302074,3.398,2.681,0.033156381359545344,0.013281701935206185,3.957601829292312
MA31.csv,SMD,20463226,0.47036039692984355,0.10727436687685477,0.14433002615688006,3.509,2.809,0.036730512386374994,0.015185317698831285,3.70556592800253
MA31.csv,SMD,20463226,0.49366221042328123,0.10188355558699114,0.13541017725949211,3.664,2.915,0.04261860023569651,0.018453222511422222,3.352662167250098
MA31.csv,SMD,20463226,0.4489021964749115,0.11301842293350306,0.15383062244942391,3.312,2.657,0.03156587569777166,0.012455199793941,4.081219951592086
MA31.csv,SMD,20488211,0.44857513083094563,0.11311255918827656,0.15398627383869967,3.345,2.635,0.031489294712786386,0.012415735016768749,4.087371465042311
MA31.csv,SMD,20488211,0.4474547854252986,0.11343662127923504,0.15452208628911746,3.3,2.672,0.031227484039418045,0.012281047059614436,4.108546500988242
MA31.csv,SMD,20488211,0.41153790347913277,0.12530706194088748,0.174129388481147,3.071,2.452,0.023290888335988587,0.00837837940785725,4.8822326540259535
MA31.csv,SMD,20488211,0.4096635875935278,0.12601572793141702,0.17529846415854744,3.063,2.444,0.022902998652818633,0.008197176520019226,4.928273622713042
MA31.csv,SMD,20488211,0.4083196333756191,0.12653002865442553,0.17614677482887342,3.027,2.436,0.022626590521715048,0.008068633189466583,4.961674617444789
MA31.csv,SMD,20488211,0.41182525663198466,0.12519929029285237,0.17395158218675866,3.073,2.473,0.023350602056734063,0.0084063587205521,4.8752291893906285
MA31.csv,SMD,20589492,0.45155869164484036,0.11226156956541256,0.15257912321373723,3.357,2.667,0.03219036775964455,0.012778161194225014,4.031755364832468
MA31.csv,SMD,20589492,0.465189068014286,0.10858457217515505,0.14649753546337718,3.462,2.761,0.035461581357802606,0.014502292177023056,3.7912963288222135
MA31.csv,SMD,20589492,0.44801538812857755,0.11327415472649682,0.15425346275449314,3.353,2.659,0.03135839033655598,0.012348346608565996,4.097930802799632
MA31.csv,SMD,20589492,0.45356715048601126,0.11169836033917879,0.15164775238429173,3.369,2.683,0.03266542310808797,0.013025189880214703,3.994939204511294
MA31.csv,SMD,20673872,0.33470712570843186,0.16513168995680172,0.23939984840064277,2.535,2.055,0.009947222701323756,0.0027765798075385026,7.426815844384105
MA31.csv,SMD,20696216,0.5370380126210806,0.09369004072718479,0.12185246648843695,3.966,3.155,0.05418203707838658,0.025305391230345402,2.8162425761252163
MA31.csv,SMD,20816703,0.7143368127151225,0.07447195125662875,0.09010574722278875,5.229,4.122,0.10448200958083792,0.060557739035053806,1.5633795966159991
MA31.csv,SMD,20816703,0.7082049738599694,0.0749029747401847,0.09081617678511866,5.154,4.061,0.10275111323705462,0.05921720483480566,1.591320204493396
MA31.csv,SMD,20816703,0.5000682313444836,0.10053488552025702,0.13317839872996295,3.7,2.943,0.04428161640458779,0.01940435737010877,3.264351320970593
MA31.csv,SMD,20816703,0.5374224241692935,0.09362635324089452,0.12174710327278748,3.954,3.136,0.0542873031809744,0.02537023541562559,2.812075003189296
MA31.csv,SMD,20816703,0.5000299441033507,0.10054278906904146,0.13319147756401206,3.68,2.94,0.044271625093316606,0.019398607204872104,3.26486884949706
MA31.csv,SMD,20816703,0.5002575296784647,0.10049583636012804,0.133113779974245,3.692,2.938,0.04433102404605821,0.019432798601830635,3.261794361411696
MA31.csv,SMD,20816703,0.5082746845948557,0.098882754865534,0.13044445679402805,3.739,2.994,0.046436888792618314,0.020654707777180925,3.1561701928494057
MA31.csv,SMD,20816703,0.5293046495167032,0.09500153807917588,0.12402228592285314,3.95,3.118,0.052073398069379,0.024015522500940994,2.9020747843677253
MA31.csv,SMD,20816703,0.5000168417163566,0.10054549419167114,0.13319595401514006,3.699,2.956,0.0442682060783369,0.01939663960377136,3.2650459823468925
MA31.csv,SMD,20816703,0.511366378441133,0.09828131843994681,0.12944921657438513,3.764,3.02,0.04725570312245953,0.021134863851132175,3.116789813443832
MA31.csv,SMD,20848608,0.30302220545695985,0.19120776419753904,0.2814714485262674,2.319,1.877,0.006142307310942706,0.001487089499420544,9.026368432872832
MA31.csv,SMD,20848608,0.30302220545695985,0.19120776419753904,0.2814714485262674,2.32,1.864,0.006142307310942706,0.001487089499420544,9.026368432872832
MA31.csv,SMD,20848608,0.40945506591077857,0.12609518487189553,0.17542953084536472,3.064,2.471,0.022860017787752367,0.008177156448752047,4.93343459734692
MA31.csv,SMD,20848608,0.4349216297219535,0.11723852208211627,0.16080643305667885,3.245,2.581,0.02835452886133778,0.01082713355656665,4.3567910974562585
MA31.csv,SMD,20881118,0.4033341765831405,0.12848403842876133,0.1793688248919627,3.002,2.408,0.021613990493657767,0.007601917215843406,5.088478646320138
MA31.csv,SMD,20881118,0.38039208587981954,0.13851313022252332,0.19587855377831176,2.84,2.297,0.017225406106196998,0.005659748511248086,5.736542355578845
MA31.csv,SMD,20881118,0.3703858177630456,0.14349607015427113,0.2040615678444303,2.76,2.225,0.0154586692764902,0.004917873014900466,6.056549769015918
MA31.csv,SMD,20881118,0.3802267270984511,0.13859222498010626,0.1960085542260952,2.872,2.289,0.017195460128667656,0.005646972420871117,5.741632924598894
MA31.csv,SMD,20881118,0.3375363047140263,0.1631575223366517,0.23618992953023343,2.556,2.041,0.01033762989853224,0.0029185911896988915,7.303240719358173
MA31.csv,SMD,20881118,0.35906245139251197,0.14965605914507318,0.2141565446174435,2.707,2.165,0.013573418122639057,0.004154238937936704,6.450048547237031
MA31.csv,SMD,21068306,0.399435317667329,0.13006463145080438,0.181973945983246,2.994,2.402,0.020836322477079675,0.007248043006255252,5.190931453244163
MA31.csv,SMD,21068306,0.4167732477019128,0.12337918388327285,0.17094803457473595,3.127,2.491,0.024388955758313933,0.00889642512307694,4.7568850691463105
MA31.csv,SMD,21068306,0.4030406877723389,0.1286013873430284,0.17956227568754513,3.011,2.4,0.0215550125934121,0.007574939360203027,5.096088834451673
MA31.csv,SMD,21068306,0.4161788906227705,0.12359431070816496,0.1713031011997903,3.111,2.484,0.024263224091949573,0.008836731098199062,4.770879049162535
MA31.csv,SMD,21094217,0.3742730714331449,0.14151175196298316,0.2008046379415359,2.816,2.243,0.016133976043666568,0.005198549718841636,5.929288597855276
MA31.csv,SMD,21094217,0.4133516940814444,0.12463065203875878,0.17301334516639333,3.092,2.456,0.023668894349541503,0.008555872622947954,4.838269312763455
MA31.csv,SMD,21094217,0.3792952557045764,0.13903974503552385,0.1967440347635604,2.844,2.286,0.017027239003037813,0.005575329419342142,5.7704289728036535
MA31.csv,SMD,21094217,0.37672482928524903,0.14029233582395395,0.19880201940385545,2.825,2.259,0.01656714783830735,0.005380489261131266,5.8509683579901495
MA31.csv,SMD,21161589,0.6260919844559584,0.08197412652375735,0.1024838334929089,4.546,3.632,0.07930134122320583,0.04190470259022289,2.0509706969151553
MA31.csv,SMD,21185124,0.4544954609234288,0.11144062394395904,0.151221517587956,3.391,2.683,0.032885828036419436,0.01314019334457748,3.978089364399695
MA31.csv,SMD,21185124,0.46723554873318446,0.10806075073788801,0.14563098916967354,3.477,2.739,0.035961983052174205,0.014770712892419728,3.757023843178553
MA31.csv,SMD,21185124,0.49009039370303925,0.10265914141093402,0.1366935989839746,3.596,2.882,0.0416991667486099,0.017932571483559954,3.4034457573040577
MA31.csv,SMD,21319884,0.4683521015219212,0.10777791413701798,0.14516308398578837,3.471,2.769,0.03623597743609705,0.014918200652524019,3.7385169848770383
MA31.csv,SMD,21319884,0.4971821949748402,0.10113588925179884,0.1341729421116905,3.682,2.924,0.04353021516149807,0.018973116331015626,3.303705285989167
MA31.csv,SMD,21319884,0.4688591483590781,0.10765015522637855,0.14495172526541877,3.476,2.751,0.036360628838835424,0.014985418819929966,3.730157003904022
MA31.csv,SMD,21319884,0.4642470732271772,0.10882807378781789,0.14690034217141446,3.429,2.756,0.035232033447153845,0.014379568608741197,3.8072268383596564
MA31.csv,SMD,21319884,0.5038916837972225,0.09975487268690475,0.13188763061223618,3.758,2.959,0.045282413291957056,0.019982500778985113,3.2132757925331434
MA31.csv,SMD,21319884,0.5026160144683016,0.10001309604051944,0.13231493909305847,3.691,2.936,0.0449478401294468,0.01978874710942986,3.2301843052539025
MA31.csv,SMD,21319884,0.5038916837972225,0.09975487268690475,0.13188763061223618,3.687,2.947,0.045282413291957056,0.019982500778985113,3.2132757925331434
MA31.csv,SMD,21319884,0.5026160144683016,0.10001309604051944,0.13231493909305847,3.698,2.943,0.0449478401294468,0.01978874710942986,3.2301843052539025
MA31.csv,SMD,21319884,0.5015578989508589,0.10022881236665426,0.13267190732261736,3.682,2.95,0.044670827454696006,0.019628688647612046,3.244309495596309
MA31.csv,SMD,21319884,0.5009770244232763,0.10034782911738471,0.13286885681989136,3.69,2.942,0.044518950966546,0.019541073556223667,3.2521027702506644
MA31.csv,SMD,21319884,0.5009117187688865,0.10036123623262128,0.13289104298227128,3.704,2.932,0.0445018847413146,0.019531234510100637,3.2529806749650003
MA31.csv,SMD,21319884,0.5,0.10054897165679133,0.13320170854266744,3.686,2.926,0.04426381140564594,0.019394110597565028,3.265273688587611
MA31.csv,SMD,21319884,0.7075681536078344,0.07494839190582814,0.09089104089895239,5.187,4.059,0.10257110515279697,0.05907826764267316,1.5942648993124253
MA31.csv,SMD,21319884,0.7168658096185088,0.0742974430020551,0.08981814450954784,5.224,4.123,0.10519460168145606,0.061112014061909296,1.552070150749274
MA31.csv,SMD,21319884,0.7413403341246179,0.07270114478548073,0.0871881138906061,5.365,4.266,0.11204753710540946,0.0665125624410347,1.448696910512537
MA31.csv,SMD,21319884,0.7938236920122754,0.06976852527943622,0.08236035112514051,5.757,4.547,0.12642705281641262,0.07824385710288194,1.2591825845704285
MA31.csv,SMD,21331159,0.5665587630599318,0.08917737028228712,0.11438836212766945,4.153,3.308,0.06237169116189967,0.03047454937101078,2.5210991845382336
MA31.csv,SMD,21331159,0.5573748415563803,0.09050312312637954,0.11658082884289622,4.117,3.236,0.05980295839725173,0.028826561507841478,2.6077705716516686
MA31.csv,SMD,21331159,0.3784748921659137,0.13943668349547234,0.19739629329573782,2.864,2.278,0.016879740096880466,0.005512689212624434,5.795960980026549
MA31.csv,SMD,21331159,0.540007617538864,0.09320165276611858,0.12104450130103095,3.985,3.166,0.05499628276080917,0.025808077898218082,2.7842848534912368
MA31.csv,SMD,21403582,0.3771380131994122,0.14008922133412094,0.1984683661516552,2.823,2.273,0.0166406957095556,0.0054115258851653286,5.837914481753426
MA31.csv,SMD,21403582,0.36966531755088955,0.1438709015842916,0.20467652560879246,2.784,2.225,0.015335061703476415,0.0048668957046713686,6.080562402450084
MA31.csv,SMD,21519375,0.3669643347792807,0.1452961744959228,0.20701407395487303,2.794,2.202,0.01487606504972213,0.004678695139459033,6.171789945895023
MA31.csv,SMD,21519375,0.36772598222045716,0.1448910161861472,0.20634971398279156,2.767,2.208,0.015004795180957362,0.004731302563919682,6.145869779664437
MA31.csv,SMD,21519375,0.3679604122728422,0.1447668276378865,0.20614605479450654,2.754,2.228,0.015044528628667396,0.0047475679206240755,6.137922715662003
MA31.csv,SMD,21519375,0.3661827945166184,0.14571459986032098,0.20770008049049238,2.761,2.209,0.014744547967725017,0.0046250910952612325,6.19854806301714
MA31.csv,SMD,21519375,0.3668116655724024,0.1453776969233137,0.20714773825767552,2.767,2.212,0.01485032813893244,0.004668193883634587,6.177004133436181
MA31.csv,SMD,21519375,0.3666701201352518,0.1454533723291671,0.20727181203653344,2.764,2.203,0.014826486340435045,0.004658470797338947,6.181843970736633
MA31.csv,SMD,21519375,0.36514947898086886,0.14627203661897714,0.20861382351202074,2.739,2.201,0.014571559195585379,0.004554804322844254,6.234178689304359
MA31.csv,SMD,21519375,0.36832397424007035,0.144574710390031,0.20583097914195747,2.764,2.222,0.015106251934449803,0.004772860924778015,6.125626875192647
MA31.csv,SMD,21519375,0.3666701201352518,0.1454533723291671,0.20727181203653344,2.766,2.206,0.014826486340435045,0.004658470797338947,6.181843970736633
MA31.csv,SMD,21519375,0.365539461618031,0.14606108815355656,0.20826806277815224,2.759,2.218,0.01463672655530609,0.004581252858882065,6.220697462459568
MA31.csv,SMD,21519375,0.3748642621002968,0.1412154776480663,0.20031815281904886,2.811,2.253,0.016237916463818818,0.005242072383742262,5.910267517098255
MA31.csv,SMD,21519375,0.36518809947751585,0.14625111534572666,0.20857953320562583,2.756,2.2,0.01457800629917628,0.004557419322292025,6.232841785989917
MA31.csv,SMD,21519375,0.37229547002347474,0.1425133224113152,0.20244884363936533,2.8,2.243,0.015788651066103707,0.0050545669774907254,5.993552122805013
MA31.csv,SMD,21519375,0.36623245213934824,0.14568793253235346,0.2076563628178303,2.752,2.22,0.014752886958008686,0.004628485634278921,6.196843028547683
MA31.csv,SMD,21519375,0.3674740916037483,0.14502472486505624,0.20656897467220958,2.758,2.208,0.014962160634226585,0.004713864127853069,6.1544249807153335
MA31.csv,SMD,21519375,0.37450511745502224,0.14139529158404984,0.20061341505019048,2.803,2.245,0.016174734563937906,0.005215606271288719,5.921812346614064
MA31.csv,SMD,21519375,0.3655729092807617,0.1460430277914706,0.2082384591412244,2.76,2.218,0.014642322555788867,0.0045835256920474755,6.21954313497538
MA31.csv,SMD,21519375,0.3735072770375431,0.14189766687975403,0.20143823666907512,2.814,2.251,0.01599982126514948,0.005142501576829335,5.95405697893211
MA31.csv,SMD,21519375,0.36626406457636546,0.1456709616652786,0.20762854101834827,2.755,2.216,0.01475819685367766,0.004630647427703145,6.1957579353069665
MA31.csv,SMD,21519375,0.3661571438603923,0.14572837921145487,0.20772266979774,2.744,2.205,0.014740241384002761,0.004623338249038566,6.199429058628514
MA31.csv,SMD,21521421,0.4183868592582707,0.12279986412099941,0.16999178586904984,3.123,2.495,0.024731668553331736,0.009059624291888845,4.719192174805043
MA31.csv,SMD,21521421,0.37806048061123765,0.1396382038159597,0.1977274023837987,2.855,2.266,0.016805464513582988,0.005481208762262685,5.8089198567839
MA31.csv,SMD,21596067,0.34458105142331896,0.15845458326988293,0.22853058945090643,2.599,2.094,0.011345293063464825,0.0032924768289559624,7.00760061810235
MA31.csv,SMD,21596067,0.39903344220754233,0.13023025179619563,0.18224685642375182,2.987,2.399,0.020756885065218045,0.007212122408208699,5.201660462755619
MA31.csv,SMD,21596067,0.34316568593028063,0.15937587278268295,0.23003238832257822,2.58,2.072,0.011138792066907491,0.0032150146829632246,7.065651553989527
MA31.csv,SMD,21596067,0.3985334038697384,0.13043704302252124,0.18258759125871304,2.969,2.388,0.020658233635810246,0.007167572609235256,5.21505482361918
MA31.csv,SMD,21819999,0.4291495531862989,0.11910530926264873,0.1638907559017475,3.202,2.57,0.02706738721751412,0.010190494635549635,4.478544663909878
MA31.csv,SMD,21819999,0.4217089742938843,0.1216285170868272,0.16805795697772052,3.151,2.518,0.025443469905694797,0.00940084384887623,4.642943989089332
MA31.csv,SMD,21819999,0.41297597145596743,0.12477002005184068,0.17324330975585644,3.105,2.457,0.023590379090021946,0.008518932415610697,4.847328970401577
MA31.csv,SMD,21819999,0.40883269683331347,0.12633307827223694,0.1758219284574153,3.012,2.446,0.022731940533161063,0.008117568812834597,4.948885018517835
MA31.csv,SMD,21862224,0.528227999068584,0.09518880908159444,0.12433213338006621,3.93,3.087,0.05178124759642685,0.023838184648697337,2.9143324298471773
MA31.csv,SMD,21862224,0.3973589334594102,0.13092589107642139,0.18339300088179344,2.974,2.356,0.020427354147958276,0.007063567354274846,5.246710980537205
MA31.csv,SMD,21940453,0.3668038099584027,0.14538189448088368,0.20715462046678856,2.773,2.22,0.014849004444466261,0.004667653934665822,6.177272598590489
MA31.csv,SMD,21940453,0.3805863870397889,0.13842032627731793,0.19572601646647603,2.845,2.295,0.017260625252053702,0.005674783020314921,5.73056901891581
MA31.csv,SMD,21945413,0.45116596946135024,0.11237259724009085,0.15276272082654152,3.388,2.658,0.03209776903109874,0.012730145262256983,4.039012358645067
MA31.csv,SMD,21945413,0.5564865883379401,0.0906349130059968,0.11679879549508598,4.075,3.252,0.059555424002983526,0.02866902017410843,2.6163882489089185
MA31.csv,SMD,21959103,0.7123627467800376,0.07460948092861275,0.09033241809391723,5.206,4.11,0.10392524720322048,0.06012564152086124,1.5722937165304485
MA31.csv,SMD,21959103,0.6588456518791028,0.07883025037696156,0.09729357576046527,4.831,3.79,0.08869183064672682,0.048642240852562954,1.8463325383503704
MA31.csv,SMD,21979429,1.3669959257437456,0.056618087733202094,0.06079134631772254,9.87,7.761,0.2456573990280887,0.192922678159144,0.4173258584520445
MA31.csv,SMD,21979429,0.4785424317654601,0.1052894614378419,0.1410459755109359,3.522,2.816,0.038767403431837454,0.016297755535736504,3.5756514073093992
MA31.csv,SMD,22108759,0.4890057085556364,0.10289811912980185,0.13708904964911206,3.62,2.867,0.04142109964214784,0.017775848389963964,3.4190930519310214
MA31.csv,SMD,22108759,0.48666868401408364,0.10341857925450693,0.1379502774021647,3.605,2.849,0.040823837254355996,0.017440391362969283,3.4531698147657774
MA31.csv,SMD,22155491,0.41002708934898435,0.12587751255588497,0.17507046769315615,3.08,2.445,0.022978007185291086,0.00823214278664974,4.919295513727118
MA31.csv,SMD,22178986,0.46295424071931773,0.10916474581833102,0.14745725999541037,3.408,2.721,0.03491780884200003,0.014211992969876387,3.829251417707935
MA31.csv,SMD,22178986,0.48277584032343623,0.10430275646763454,0.13941333055256933,3.576,2.86,0.039834696653147275,0.016888373782350852,3.5110574084934787
MA31.csv,SMD,22178986,0.4603265905854234,0.10985799446216349,0.14860396856844416,3.396,2.716,0.03428210165279023,0.013874460674486827,3.8745974106280667
MA31.csv,SMD,22178986,0.4600696925466836,0.10992642474920711,0.14871715568024657,3.413,2.734,0.03422016449145336,0.013841681984087993,3.8790730931039463
MA31.csv,SMD,22178986,0.4832858088129632,0.10418568225583835,0.1392196098865096,3.569,2.831,0.03996386086915626,0.01696020513703753,3.5033927630671258
MA31.csv,SMD,22178986,0.5124787137042864,0.09806764974499915,0.12909564684734087,3.783,3.004,0.04755117583963417,0.02130881524078894,3.102799710234172
MA31.csv,SMD,22245561,0.49066427116715966,0.10253336008998182,0.13648546025750397,3.62,2.915,0.04184650227487702,0.018015751735781536,3.395210016752215
MA31.csv,SMD,22245561,0.4836289228323716,0.10410712622234575,0.13908962408775616,3.589,2.833,0.040050835356972764,0.01700861662178383,3.498249786541041
MA31.csv,SMD,22306746,0.37718756342170134,0.14006490903171032,0.19842842710738884,2.826,2.262,0.01664952634940094,0.005415255162451642,5.836351807567852
MA31.csv,SMD,22371048,0.5765870758176947,0.08780289011085873,0.11211571200606196,4.205,3.326,0.065194190811585645,0.03231253798718994,2.431282189520323
MA31.csv,SMD,22371048,0.5133908335761362,0.09789349888238286,0.1288074709927387,3.766,3.001,0.0477938055576589,0.021451926975814228,3.0913972110355847
MA31.csv,SMD,22476924,0.43630787180613645,0.11680144487079747,0.16008415037171098,3.268,2.602,0.028667112041636373,0.010983142865867344,4.328270550091351
MA31.csv,SMD,22476924,0.44195002658671717,0.11506571991444003,0.1572153289902476,3.299,2.614,0.0299528170506217,0.011630477574779046,4.214960907580756
MA31.csv,SMD,22476924,0.4266808737218016,0.11992750943344055,0.16524887901996477,3.163,2.531,0.026524116103202367,0.009924614663235657,4.532136958652422
MA31.csv,SMD,22476924,0.4304778635423661,0.11866889189982532,0.1631697925959421,3.186,2.557,0.027361511156361047,0.01033514654519138,4.4500900696116785
MA31.csv,SMD,22476924,0.42746511670544535,0.11966473402689759,0.16481484485698816,3.165,2.535,0.026696224339791307,0.010008661400155848,4.515011083009057
MA31.csv,SMD,22476924,0.4266796397767299,0.11992792405928587,0.1652495638533149,3.173,2.571,0.026523845655702247,0.009924482728685534,4.532163979402903
MA31.csv,SMD,22488044,0.7099296662346207,0.0747805945402128,0.09061445488411435,5.22,4.102,0.10323839781144499,0.0595937592504208,1.5833860343901551
MA31.csv,SMD,22488044,0.8294887973927074,0.06808906581370144,0.07959809304277776,5.992,4.721,0.13590802543874334,0.0862616432707274,1.1509027229076318
MA31.csv,SMD,22488044,0.5404473868934885,0.09313002545223736,0.12092600722958924,3.969,3.173,0.055117068583878596,0.02588286324618084,2.7795981777351875
MA31.csv,SMD,22488044,0.5463425399875064,0.09218684182093229,0.11936575336959288,4.014,3.215,0.05674109902894155,0.026893777908685253,2.717891154866059
MA31.csv,SMD,22488044,0.6478717357625658,0.07982971085919555,0.09894315895637484,4.662,3.735,0.08554676891020353,0.04635568841397349,1.9113448097179297
MA31.csv,SMD,22522466,0.4491800262700914,0.11293862309150493,0.15369867443852903,3.346,2.676,0.0316309813118551,0.012488775014668973,4.0760051347024095
MA31.csv,SMD,22543011,0.5092938346377266,0.09868325878045392,0.13011433488193025,3.745,2.965,0.046706402864573886,0.020812442912325115,3.143107610147633
MA31.csv,SMD,22543011,0.37858180357750953,0.13938480423073563,0.19731104908676633,2.83,2.27,0.016898927534926104,0.005520828363566769,5.792624485603071
MA31.csv,SMD,22543011,0.41463090092273636,0.12415905585259956,0.17223513271879465,3.074,2.449,0.023937038678974377,0.008682318366138385,4.807607686619509
MA31.csv,SMD,22543011,0.37533128166994023,0.14098244174032615,0.19993546983783905,2.827,2.24,0.0163202552154901,0.005276610138045853,5.895302809751291
MA31.csv,SMD,22543011,0.4159838518500448,0.12366511053939144,0.1714199526097402,3.109,2.486,0.024222024415401947,0.008817191604370372,4.775484207034875
MA31.csv,SMD,22543011,0.3717521714798718,0.14279134214635358,0.2029051428789307,2.791,2.237,0.015694422003507232,0.005015443471779923,6.01138007325771
MA31.csv,SMD,22543011,0.43114767075794347,0.11845039078484987,0.1628088069160618,3.198,2.58,0.02751030032503714,0.010408509471998891,4.435841613121195
MA31.csv,SMD,22543011,0.37162195037430173,0.14285816466157986,0.20301480827504692,2.808,2.232,0.01567187776180136,0.005006093762074605,6.0156643613467065
MA31.csv,SMD,22610052,0.4330960332305065,0.117820695563844,0.16176841103302075,3.214,2.559,0.02794490299645127,0.010623514298050888,4.394771546917675
MA31.csv,SMD,22610052,0.42643246006841456,0.12001105482662644,0.16538686903176925,3.174,2.547,0.026469692830834356,0.009898073465305692,4.537581420514281
MA31.csv,SMD,22610052,0.4293830888612173,0.11902828039559377,0.16376350797836836,3.221,2.559,0.027119007156416682,0.010215845906468013,4.4735227582774595
MA31.csv,SMD,22610052,0.4325352008796509,0.11800105943644945,0.162066423540683,3.219,2.562,0.02781953022075287,0.010561381143123542,4.406536410423357
MA31.csv,SMD,22610052,0.42701414730662024,0.11981565870917177,0.1650641343606104,3.169,2.532,0.02659720114018764,0.009960283834903123,4.5248475651438635
MA31.csv,SMD,22610052,0.4275758669522872,0.11962774430537249,0.16475374610336002,3.178,2.546,0.026720565214716645,0.010020561748308994,4.512600179798754
MA31.csv,SMD,22672268,0.4759174203577759,0.10591486960467966,0.14208076240349987,3.515,2.789,0.038110126756111404,0.015936655777654896,3.616589279882021
MA31.csv,SMD,22672268,0.506544946673047,0.09922416930659261,0.1310094248035485,3.727,2.961,0.0459803771716504,0.02038822623839917,3.1785255496955878
MA31.csv,SMD,22672268,0.4996013811029749,0.1006313832224871,0.13333808362927835,3.677,2.933,0.04415983049273277,0.019334296877696097,3.2706700406791245
MA31.csv,SMD,22750582,0.725436098495243,0.07371977923789474,0.08886623065770638,5.323,4.159,0.10760349972647128,0.06299596957838055,1.5146451419811635
MA31.csv,SMD,22922490,0.4082482908721113,0.12655747520104077,0.1761920434315577,3.054,2.432,0.022611958119416267,0.008061841959736684,4.963456823051693
MA31.csv,SMD,22922490,0.4669583707355507,0.10813128529781635,0.1457476750483233,3.466,2.764,0.035894071855305035,0.014734213292635204,3.761638975050696
MA31.csv,SMD,22950049,0.42629951677195227,0.12005582717188001,0.16546081759666653,3.185,2.54,0.026440585610590595,0.009883885474760335,4.540499042478652
MA31.csv,SMD,22950049,0.48372400085172534,0.104085388346565,0.1390536545967106,3.626,2.863,0.04007494634773916,0.017022043310798547,3.4968266250145597
MA31.csv,SMD,22950049,0.41587536714741835,0.12370453504650847,0.17148501990614906,3.091,2.491,0.024199120978956743,0.008806333837299792,4.778048485964059
MA31.csv,SMD,22950049,0.47505883846109,0.10612173279516535,0.14242302596738976,3.531,2.829,0.03789591340478392,0.01581940581945847,3.6301293172224414
MA31.csv,SMD,22950049,0.453397668719194,0.11174559035503273,0.1517258582798643,3.368,2.69,0.03262524043278016,0.013004250031322549,3.998026792483156
MA31.csv,SMD,22950049,0.4422439032931941,0.11497717205894409,0.15706895641670882,3.282,2.633,0.030020366986385445,0.011664736256665548,4.209178435776472
MA31.csv,SMD,22950049,0.4479203087603865,0.11330166541405651,0.15429894954500678,3.302,2.644,0.0313361743008525,0.012336918902853457,4.099728413095027
MA31.csv,SMD,22950049,0.4309292702985027,0.11852152167143926,0.16292632376793237,3.177,2.545,0.027461750520780467,0.010384557390630845,4.440480209649311
MA31.csv,SMD,22975437,0.5634530024766928,0.08961830857221709,0.11511752520026208,4.173,3.309,0.061501163697167356,0.029913386939352884,2.5499216628044996
MA31.csv,SMD,22975437,0.4975550843876485,0.10105763456339201,0.13404344608813534,3.702,2.921,0.043627101016012915,0.019028583363680587,3.2985811524743336
MA31.csv,SMD,22982556,0.4420620748266017,0.11503193738337048,0.1571594855536772,3.313,2.617,0.029978565521404835,0.01164353329354968,4.212754817030673
MA31.csv,SMD,23056528,0.619609801407305,0.08265724248469353,0.10361210140832056,4.533,3.584,0.07744410582391137,0.04060462641112932,2.095485892362703
MA31.csv,SMD,23168995,0.4320187299180442,0.11816779318999038,0.1623419070584765,3.199,2.561,0.02770426935291967,0.010504337375375724,4.417411386848613
MA31.csv,SMD,23168995,0.34967507489096217,0.1552324247755673,0.22327308743564667,2.654,2.118,0.012105232714733048,0.0035811515052754446,6.804066266007935
MA31.csv,SMD,23195113,0.4871640832409549,0.10330761248565801,0.13776665699207935,3.627,2.866,0.04095023108602183,0.017511247827020918,3.4459044506421344
MA31.csv,SMD,23195113,0.5679580415840593,0.0889811161167916,0.11406383732762182,4.162,3.312,0.06276448456781107,0.030728641769874412,2.5082721210830217
MA31.csv,SMD,23195752,0.5196724631919609,0.09671948875289416,0.12686482166442548,3.838,3.053,0.049472862236291326,0.022448916576983204,3.014533291153132
MA31.csv,SMD,23195752,0.5176522732491378,0.0970922917515461,0.1274816946545797,3.822,3.02,0.048931357008986605,0.022126124268411342,3.03894029030336
MA31.csv,SMD,23195752,0.2621161021379648,0.23985893643655132,0.35800039851462073,2.053,1.657,0.0027569233561784297,5.26671392240063e-4,11.814146207806942
MA31.csv,SMD,23195752,0.26193640831316295,0.2401233696531494,0.358408358370898,2.044,1.652,0.0027456736205591485,5.238856485644093e-4,11.828498871774862
MA31.csv,SMD,23195752,0.2624015358186762,0.23943998684046897,0.35735386608458886,2.041,1.651,0.002774854842000955,5.311186215804377e-4,11.791387924411989
MA31.csv,SMD,23195752,0.26047853270471255,0.2422884836138307,0.361745144802853,2.027,1.646,0.0026555129526609593,5.016812251031817e-4,11.945666118902231
MA31.csv,SMD,23237316,0.43869296666347407,0.1160593367009638,0.15885768034600378,3.256,2.606,0.029207999806828384,0.011254372469448012,4.279834364503998
MA31.csv,SMD,23237316,0.4455008877656699,0.11400779146251705,0.1554664186098743,3.341,2.64,0.030772798672629068,0.012047992320799658,4.145862714735726
MA31.csv,SMD,23237316,0.32892896801589244,0.1693254171222316,0.24620791960365485,2.494,2.003,0.009175488369223198,0.002500763704123499,7.688250248142325
MA31.csv,SMD,23237316,0.3290546960613083,0.1692317741436289,0.24605606341062802,2.523,2.012,0.009191913378952163,0.0025065643137038474,7.682428926699913
MA31.csv,SMD,23305081,0.4951251185306599,0.10157084376353931,0.13489270426769628,3.655,2.919,0.04299681230429898,0.01866847570967689,3.3321860504156975
MA31.csv,SMD,23325329,0.4085937163001898,0.12642472159313067,0.17597308520724309,3.027,2.436,0.02268284314157874,0.008094754022817577,4.954836361411241
MA31.csv,SMD,23410958,0.44600034080704465,0.1138610581227898,0.15522382690508396,3.325,2.629,0.030888791757038094,0.012107342281651366,4.136276878229417
MA31.csv,SMD,23763285,0.44933539700317404,0.11289406268954405,0.15362499381712635,3.311,2.669,0.031667411503293275,0.012507571857033667,4.07309311275823
MA31.csv,SMD,23763285,0.5624241762228932,0.08976602182912563,0.11536180210178415,4.134,3.272,0.06121319509469811,0.0297283556277976,2.559578027265852
MA31.csv,SMD,23763285,0.4082570599512028,0.1265541008090898,0.17618647793860487,3.063,2.444,0.02261375644390593,0.008062676529261242,4.963237712951507
MA31.csv,SMD,23769892,0.5784175732116029,0.0875598398818257,0.1117138840499462,4.232,3.357,0.06571114397713415,0.03265220871454906,2.4154044168120503
MA31.csv,SMD,23775283,0.5255650806512929,0.09565705551969039,0.1251068807262552,3.916,3.092,0.05106021729417532,0.023401958108945062,2.9449825206564806
MA31.csv,SMD,23775283,0.5448378400955646,0.09242461447634265,0.11975907450270418,4.015,3.158,0.05632572971757568,0.026634271753901546,2.733446002636153
MA31.csv,SMD,23775283,0.5224841978471694,0.09620795279702721,0.12601840449671275,3.852,3.035,0.05022885388615779,0.022901549151835957,2.9810451699685547
MA31.csv,SMD,23775283,0.5226156455752162,0.09618424489504118,0.12597917649846202,3.854,3.062,0.0502642610153392,0.022922804769423308,2.979493160342084
MA31.csv,SMD,23781957,0.4104885004479419,0.1257026097865649,0.17478194193839658,3.078,2.451,0.023073370769106705,0.008276649179699884,4.907933215183169
MA31.csv,SMD,23922862,0.3146423143825382,0.18071770245542784,0.26462367194943603,2.388,1.93,0.007416172072858367,0.0018981543379348203,8.39059694940082
MA31.csv,SMD,23922862,0.36544228819336166,0.14611358651384576,0.20835411427110362,2.752,2.204,0.014620474922969914,0.004574653699372633,6.224052775725786
MA31.csv,SMD,24004850,0.4020165518980531,0.1290129411472788,0.18024067932697607,2.986,2.41,0.021349764769445452,0.007481232791709852,5.122773817969728
MA31.csv,SMD,24025219,0.4286260969656421,0.11927843338860944,0.16417674203932986,3.185,2.556,0.026951826078796412,0.010133796251042843,4.489830865072042
MA31.csv,SMD,24025219,0.42743817798601,0.1196737358010298,0.16482971371290644,3.23,2.536,0.02669030504314616,0.010005767949731974,4.515597791187664
MA31.csv,SMD,24025219,0.4860048662307817,0.10356781552024585,0.13819722263088718,3.596,2.872,0.04065465514841072,0.017345660419387694,3.462940711064133
MA31.csv,SMD,24140426,0.5010794138657065,0.10032681956814582,0.13283409011211,3.702,2.918,0.04454571178881973,0.019556504262792093,3.2507270543964184
MA31.csv,SMD,24271510,0.37537715700345964,0.14095959853077356,0.1998979558658065,2.82,2.248,0.01632835426447744,0.0052800102312727986,5.893835733503295
MA31.csv,SMD,24271510,0.36533932993862017,0.14616925679684822,0.20844536303248007,2.754,2.215,0.014603265689887306,0.004567668116327208,6.2276106235631845
MA31.csv,SMD,24271510,0.3656059449735466,0.14602519484073206,0.20820922806206943,2.769,2.205,0.01464785068330459,0.004585771216699151,6.218403322133737
MA31.csv,SMD,24271510,0.3656059449735466,0.14602519484073206,0.20820922806206943,2.762,2.204,0.01464785068330459,0.004585771216699151,6.218403322133737
MA31.csv,SMD,24271510,0.3875806212905903,0.13517404861918303,0.19038735840290122,2.894,2.327,0.018551058441055864,0.006232017971690771,5.521330978371819
MA31.csv,SMD,24271510,0.3658308078880181,0.14590394285165476,0.20801047116227178,2.741,2.204,0.014685506571376943,0.004601073858830687,6.210652831061703
MA31.csv,SMD,24271510,0.3733630927127104,0.14197059864620198,0.20155796688110872,2.805,2.241,0.01597462368120491,0.005131990256336374,5.958736823490673
MA31.csv,SMD,24271510,0.37029680122842,0.1435422590121176,0.20413735105681463,2.77,2.244,0.01544337124258515,0.004911557181039835,6.059509204469704
MA31.csv,SMD,24275003,0.4073618158345232,0.12689974762009992,0.17675654051425194,3.061,2.409,0.0224304829298499,0.00797772896868687,4.985679289415201
MA31.csv,SMD,24275003,0.4195949332391896,0.12237061168193075,0.16928316848434222,3.152,2.487,0.02498954827908981,0.009182894404443863,4.691255680241147
MA31.csv,SMD,24275003,0.40964886061113365,0.12602133555534556,0.17530771418967206,3.076,2.443,0.022899961962125796,0.008195761674594763,4.92863786343265
MA31.csv,SMD,24275003,0.4114348344513381,0.12534577425468119,0.17419325663100815,3.079,2.481,0.02326948585597109,0.008368356554370826,4.884748237632697
MA31.csv,SMD,24280707,0.5817813016933425,0.08711929458932088,0.11098558074309384,4.289,3.392,0.06666238190555972,0.03327965898238247,2.3866286153772953
MA31.csv,SMD,24280707,0.5791239409660077,0.08746667756277937,0.11155986533516604,4.219,3.367,0.06591076407253854,0.03278362075426952,2.409318777238667
MA31.csv,SMD,24338028,0.35463042452671767,0.15223260517190895,0.2183715360533851,2.676,2.154,0.012869391841818352,0.003876970066234539,6.6138930881476155
MA31.csv,SMD,24338028,0.36321089603699946,0.14733096004447832,0.21034904913709895,2.738,2.191,0.014249784499031777,0.004424736907994475,6.301808909262063
MA31.csv,SMD,24368626,0.7293119065255962,0.07346529836892057,0.08844693875767584,5.286,4.203,0.10868974490857296,0.06385063961196955,1.4981640388755268
MA31.csv,SMD,24368626,0.9962254980675811,0.06250269691152044,0.07042503380560183,7.199,5.663,0.1765648467652554,0.12298401834210583,0.7922336894081394
MA31.csv,SMD,24462609,0.6063513733801549,0.08412462302723145,0.10603624667171985,4.467,3.493,0.07365161558970938,0.03798424684010825,2.19116236444884
MA31.csv,SMD,24462609,0.5778807766313048,0.08763087072135067,0.11183131579250216,4.247,3.353,0.06555949426527688,0.032552468762365436,2.420044507115149
MA31.csv,SMD,24462609,0.5461959794798933,0.09220991313669413,0.11940391732832856,4.022,3.168,0.05670061645373421,0.026868457436217286,2.7194004191634424
MA31.csv,SMD,24462609,0.615261454992916,0.08312786256081683,0.1043894968338025,4.496,3.554,0.07619920334198053,0.0397393494437296,2.1261634272985663
MA31.csv,SMD,24503116,0.3780864147255228,0.13962557269602638,0.19770664942305427,2.835,2.255,0.016810108100986258,0.0054831756264574144,5.808107672702789
MA31.csv,SMD,24503116,0.38430110590525235,0.1366736363722182,0.19285419543365523,2.876,2.294,0.017940528530737097,0.005966846579580763,5.618055906143704
MA31.csv,SMD,24503116,0.3771213942485894,0.1400973777778477,0.19848176507744864,2.842,2.265,0.016637734453894767,0.005410275449089499,5.838438729960094
MA31.csv,SMD,24503116,0.3906012224763256,0.13382687218700384,0.18817025937428278,2.932,2.341,0.01912180221941848,0.006482344799807201,5.4343387187278935
MA31.csv,SMD,24667363,0.5416651502542876,0.09293261154801957,0.12059942628395037,4.004,3.154,0.0554518053982343,0.026090408770694087,2.76668147359308
MA31.csv,SMD,24667363,0.5348454973167485,0.09405597218890493,0.1224578654109505,3.934,3.138,0.053582440767335926,0.024936854293020998,2.840189322204556
MA31.csv,SMD,24667363,0.5379550873446592,0.0935383345224784,0.12160148783600422,3.941,3.166,0.054433233961765366,0.02546019971427208,2.8063153313525824
MA31.csv,SMD,24667363,0.5358509587562571,0.0938875907183554,0.12217929219394896,3.977,3.123,0.05385723937117836,0.025105584439009437,2.8291701475593567
MA31.csv,SMD,24667363,0.5070592509756626,0.09912228299263115,0.1308408243953353,3.747,2.998,0.04611599062894843,0.02046729696938542,3.1718541402704137
MA31.csv,SMD,24667363,0.5142187238909139,0.0977362494236611,0.12854726392963534,3.8,2.996,0.048014292921888864,0.021582189063742447,3.0811014505974232
MA31.csv,SMD,24667363,0.5127401642157555,0.09801763389765494,0.12901288306573144,3.797,3.001,0.04762069210077823,0.021349793561730623,3.09952491680765
MA31.csv,SMD,24667363,0.5096030043082557,0.09862298138011139,0.13001458936027288,3.796,3.018,0.0467882411579694,0.020860399518134218,3.1391607980161496
MA31.csv,SMD,24746487,0.5025526818155486,0.10002596837526612,0.13233624027396107,3.667,2.965,0.04493124689415699,0.019779150271360325,3.2310271898694953
MA31.csv,SMD,24746487,0.506076178060181,0.099317311594591,0.13116355589659845,3.704,2.99,0.045856860934802714,0.020316276367758773,3.1846244302007443
MA31.csv,SMD,24746487,0.49066791417413874,0.1025325630647832,0.13648414136500564,3.581,2.888,0.04184743804822703,0.018016280347605707,3.395157830022244
MA31.csv,SMD,24746487,0.49145728400340144,0.10236029033723071,0.1361990692992161,3.641,2.911,0.04205034414785012,0.01813099237409934,3.3838778961985394
MA31.csv,SMD,24747276,0.37614450015918083,0.14057877167906652,0.19927250339246783,2.81,2.273,0.016464113648727848,0.005337080255493471,5.869373171340131
MA31.csv,SMD,24747276,0.4899981530577437,0.10267940071780957,0.13672712335287518,3.621,2.891,0.04167549918706774,0.017919218646259734,3.4047722635065614
MA31.csv,SMD,24747276,0.3642020826409426,0.14678738318534745,0.209458396456507,2.743,2.195,0.014413854322256834,0.0044909472243114396,6.267101327115954
MA31.csv,SMD,24747276,0.6784093498766066,0.07716922417227179,0.09455307671962898,4.929,3.89,0.09428607084395418,0.0527819663041383,1.7383852547357193
MA31.csv,SMD,24802968,0.45787552893772343,0.1105157000537974,0.14969181519450536,3.398,2.717,0.03369273355714693,0.013563328857769518,3.9176115140707957
MA31.csv,SMD,24802968,0.44973341325723176,0.11278012705887086,0.1534365994113529,3.326,2.656,0.03176080463197265,0.012555791389977936,4.065647235248204
MA31.csv,SMD,24802968,0.4500843831994174,0.11267991548729372,0.1532708957762814,3.394,2.655,0.03184324091644469,0.012598391544867275,4.059098028898767
MA31.csv,SMD,24802968,0.4108516252858202,0.125565387347227,0.1745555666355474,3.061,2.488,0.02314853964132203,0.008311771072240164,4.8990179288320395
MA31.csv,SMD,24802968,0.410664867014455,0.12563591551169295,0.17467191757693956,3.075,2.47,0.023109866567959138,0.008293697026516394,4.903600206524661
MA31.csv,SMD,24802968,0.40979664957146733,0.12596508969184195,0.17521493351518957,3.038,2.422,0.022930443754839925,0.008209966304641684,4.924984382334763
MA31.csv,SMD,24831231,0.4337037249090674,0.11762606979641255,0.16144682363037755,3.219,2.586,0.02808099910707262,0.010691061675909753,4.3820753833965
MA31.csv,SMD,24831231,0.44471504247101873,0.11423968902112558,0.15584980107867685,3.308,2.628,0.030590619831213382,0.011954921273738104,4.161011205755127
MA31.csv,SMD,24831231,0.42653117353834763,0.11997783805001117,0.16533200590211128,3.179,2.536,0.026491313929877726,0.009908615609976483,4.535416785210011
MA31.csv,SMD,24904343,0.3700651739896636,0.14366260515953977,0.20433479988891556,2.8,2.221,0.0154035997341862,0.0048951463001095956,6.0672194729375795
MA31.csv,SMD,24904343,0.3594235607191048,0.1494503988638477,0.2138199080643054,2.713,2.185,0.013631628671461801,0.004177362031829835,6.43695092004577
MA31.csv,SMD,24904343,0.4662429452549389,0.10831393786368748,0.1460498356159462,3.452,2.756,0.03571898254496639,0.014640212842458216,3.773589775225872
MA31.csv,SMD,24904343,0.44627400103523845,0.11378087382414226,0.15509125758033582,3.34,2.643,0.030952414726405083,0.012139926360946187,4.131038375619356
MA31.csv,SMD,24930801,0.3934194758778472,0.13259844437497603,0.18614780709944379,2.952,2.373,0.01966149532256509,0.006721176797189036,5.354936272446775
MA31.csv,SMD,24930801,0.39556087394988904,0.13168294316237916,0.18464007805203742,2.983,2.363,0.020076153775511286,0.006906056365413631,5.295713488965825
MA31.csv,SMD,24930801,0.4780054058271726,0.10541655031369879,0.14125625678136122,3.558,2.806,0.03863265224855495,0.016223560952037166,3.5839706467662436
MA31.csv,SMD,24930801,0.46583961832373166,0.10841728963983555,0.1462208076157333,3.449,2.741,0.03562039989635967,0.014587352177412978,3.780351797589776
MA31.csv,SMD,24940813,0.4282691852094895,0.11939684864605371,0.1643723486630948,3.18,2.538,0.026873144972825544,0.010095236341991613,4.497550001704109
MA31.csv,SMD,25084041,0.41732657116459765,0.12317975421080263,0.17061886128746973,3.126,2.502,0.024506250971009513,0.00895220061435879,4.74391070766671
MA31.csv,SMD,25092246,0.42804523943153483,0.11947130368871772,0.16449533655604154,3.193,2.531,0.026823822958448366,0.010071082826103103,4.502403286732381
MA31.csv,SMD,25092246,0.4590086654955438,0.11021029921011138,0.14918669022698705,3.405,2.727,0.033964762879521784,0.013706719221403594,3.8976391016875667
MA31.csv,SMD,25092246,0.44523117703053994,0.11408723956960254,0.1555977668045584,3.293,2.613,0.03071022788049187,0.012016006449607252,4.151052723495585
MA31.csv,SMD,25092246,0.4432306950110743,0.11468116048314381,0.1565796259360681,3.286,2.611,0.030247604971074135,0.011780162457462225,4.189846545292431
MA31.csv,SMD,25100956,0.379826752612293,0.13878397828165612,0.19632370635925978,2.852,2.297,0.01712312891854824,0.005616141224307771,5.753972807760366
MA31.csv,SMD,25100956,0.3660701640396278,0.14577512616334243,0.20779930395273227,2.77,2.206,0.014725642704344203,0.0046173975149468955,6.202417778938985
MA31.csv,SMD,25157962,0.42499954705858217,0.12049589746499256,0.16618762943532273,3.167,2.512,0.026156643603851667,0.009745739524903959,4.569173197033017
MA31.csv,SMD,25157962,0.47167888653192863,0.10694735054042426,0.14378900147846885,3.507,2.79,0.03705636892793103,0.015361965099677596,3.684165093804459
MA31.csv,SMD,25157962,0.5252545411512403,0.09571213499093223,0.12519801497711092,3.876,3.1,0.05097627999071696,0.023351309836170366,2.9485879986178687
MA31.csv,SMD,25157962,0.3927627362670751,0.1328822906631688,0.18661518943100575,2.942,2.329,0.019535115218963586,0.006665066291045105,5.373289876783693
MA31.csv,SMD,25157962,0.520782803095494,0.09651647383499973,0.12652889907766507,3.871,3.038,0.04977108122798844,0.022627192981587683,3.001242524266534
MA31.csv,SMD,25157962,0.4539039391765619,0.11160466707842531,0.15149280739862514,3.338,2.694,0.03274532484045202,0.013066852532543215,3.9888140320199827
MA31.csv,SMD,25228857,0.5388186475986146,0.09339620358662437,0.12136635293650788,3.976,3.147,0.054669985136002956,0.02560632765748101,2.797014934988351
MA31.csv,SMD,25228857,0.5348873460832664,0.09404894455506052,0.12244623870400029,3.931,3.134,0.05359387251973507,0.02494386771512744,2.8397294148939767
MA31.csv,SMD,25233278,1.086688632037715,0.06049593303547973,0.06713612493575338,7.821,6.128,0.19599643602813832,0.14176422272289835,0.6640191900273651
MA31.csv,SMD,25257105,0.4307140919449931,0.11859171152318415,0.16304228448143276,3.197,2.562,0.02741395000722595,0.010360988035200705,4.445057295824862
MA31.csv,SMD,25257105,0.44734489490772106,0.11346854164183262,0.1545748630190371,3.312,2.65,0.031201846946937874,0.012267877448745837,4.110632137720449
MA31.csv,SMD,25288769,0.40833515890748373,0.12652405769665154,0.17613692666779235,3.039,2.462,0.022629775361809382,0.00807011152703603,4.961286897114081
MA31.csv,SMD,25288769,0.4566332532788211,0.1108531941582438,0.15025000333455496,3.371,2.727,0.033395377015518216,0.013407013861527336,3.9396809176311165
MA31.csv,SMD,25288769,0.4083691895821721,0.1265109722918596,0.17611534428901987,3.053,2.425,0.02263675694350305,0.008073352460745961,4.9604371997160275
MA31.csv,SMD,25288769,0.451625707859949,0.11224265282082069,0.15254784186089076,3.339,2.667,0.03220617884596617,0.012786364265768192,4.030518904007008
MA31.csv,SMD,25288769,0.394531318148509,0.13212120092818003,0.18536188949180443,2.953,2.351,0.01987630044096561,0.0068168013233442445,5.324068856362441
MA31.csv,SMD,25288769,0.4490220362075786,0.11298398328948,0.15377367710287404,3.355,2.667,0.031593952537250496,0.012469676416852425,4.0789693813394035
MA31.csv,SMD,25394875,0.4276365255681512,0.11960749726897524,0.16472030234706492,3.172,2.568,0.02673390062256037,0.01002708292968835,4.5112805078089675
MA31.csv,SMD,25394875,0.459847132208085,0.10998580339437469,0.14881537032286019,3.382,2.725,0.03416653709725863,0.013813316468729684,3.8829566928485493
MA31.csv,SMD,25394875,0.42640143292442156,0.12002150024325109,0.16540412133474336,3.155,2.546,0.026462898454267022,0.00989476118234853,4.538262109149227
MA31.csv,SMD,25394875,0.4386421217803872,0.11607502761264132,0.1588836139226676,3.26,2.587,0.029196429052086588,0.011248553476570843,4.280858631002626
MA31.csv,SMD,25433094,0.790475231743538,0.06993813227945067,0.08263941453365065,5.7,4.551,0.12552416606760927,0.07749181214838606,1.2701282254199975
MA31.csv,SMD,25433094,0.5988363148640871,0.08500081304912199,0.10748406570921787,4.351,3.476,0.07150738611496206,0.036523510441157876,2.2483252660095876
MA31.csv,SMD,25433094,0.7851470244482877,0.07021256408606369,0.083090991682002735,5.711,4.506,0.12408313504874759,0.07629574034365376,1.2878427595939046
MA31.csv,SMD,25433094,0.5717667129170777,0.08845436120997008,0.11319284044779332,4.162,3.312,0.06383537441270701,0.03142417339042099,2.473847923782324
MA31.csv,SMD,25433094,0.8317582641609279,0.06798953563549737,0.07943445386623182,5.998,4.819,0.1365026234429309,0.08677171688275112,1.1444918230734458
MA31.csv,SMD,25433094,0.5568427381227127,0.09058199384576571,0.1167112723589313,4.105,3.25,0.059654653994466164,0.028732147389236688,2.61292785131656
MA31.csv,SMD,25443141,0.4932977265303379,0.101961911006209,0.1355398388201282,3.625,2.883,0.04252451547728719,0.018399773290841144,3.3577927813919217
MA31.csv,SMD,25443141,0.4964920230980554,0.10128120503170568,0.1344134107820173,3.664,2.928,0.04335104881551936,0.01887065132100908,3.3132205750311616
MA31.csv,SMD,25459283,0.44503276171535955,0.11414578078213633,0.155694549613016,3.303,2.653,0.03066422708403819,0.011992504329644032,4.154876883087965
MA31.csv,SMD,25462910,0.43869830521669445,0.11605768952849282,0.1588549579337467,3.24,2.61,0.02920921480095284,0.011254983538799945,4.279726840525388
MA31.csv,SMD,25576374,0.376285637514907,0.14050898522574673,0.1991578802849281,2.847,2.271,0.01648914317051119,0.005347617771064231,5.864889505918136
MA31.csv,SMD,25576374,0.37027745272970647,0.14355230305183697,0.20415383039187263,2.801,2.244,0.015440047074267292,0.0049101850405235065,6.060152734003566
MA31.csv,SMD,25576374,0.4815893696916492,0.104576610463879,0.13986646842478978,3.58,2.84,0.03953467965325935,0.016721821349785834,3.5289857960910775
MA31.csv,SMD,25576374,0.4726270580489441,0.1067139111289016,0.14340278574978038,3.508,2.78,0.03729127711231121,0.015489622853739341,3.6688874620878775
MA31.csv,SMD,25602134,0.4062514529204788,0.12733170352683354,0.1774688813488965,3.036,2.432,0.022204069353285397,0.007873083569420222,5.013717782206295
MA31.csv,SMD,25602134,0.46461508262216367,0.1087327644799092,0.14674268001514257,3.476,2.755,0.0353216515617522,0.014427450618931909,3.8009915535233363
MA31.csv,SMD,25602134,0.30172762551678955,0.19245248047714314,0.28346314897075675,2.305,1.856,0.006009103827775592,0.001445460536698891,9.101066849361361
MA31.csv,SMD,25602134,0.30488882563977315,0.18944098778359542,0.27864163425775745,2.34,1.891,0.006337440524602718,0.0015485537126847784,8.920064647416204
MA31.csv,SMD,25728399,0.44639675066021706,0.11374495639337812,0.15503187455612566,3.319,2.639,0.03098096827470729,0.012154556824702626,4.128691816274754
MA31.csv,SMD,25765754,0.45747449109212635,0.11062434404785249,0.14987150575098207,3.402,2.697,0.0335966391435622,0.013512765020368795,3.9247161703129585
MA31.csv,SMD,25765754,0.4505176711295574,0.11255653043945091,0.15306687113708373,3.352,2.657,0.03194511839891376,0.01265108700221303,4.051034069763282
MA31.csv,SMD,25765754,0.5350502808148034,0.09402159908552143,0.12240099767770063,3.952,3.127,0.05363838589329034,0.024971181660862898,2.8379398592179195
MA31.csv,SMD,25765754,0.5473619542861926,0.09202689050730484,0.11910116842926677,4.014,3.197,0.05702282579670879,0.027070158961297077,2.707427792196193
MA31.csv,SMD,25765754,0.3677409713371628,0.14488306849605426,0.2063366807005934,2.76,2.223,0.015007334115294117,0.004732341516512943,6.145361220453916
MA31.csv,SMD,25765754,0.36882953379576316,0.1443085204943263,0.2053943852695317,2.772,2.228,0.01519229133232519,0.004808170505644935,6.108586477520539
MA31.csv,SMD,25765754,0.3686141682030141,0.14442177924828092,0.2055801530377347,2.789,2.2,0.015155609369513587,0.0047931092105232545,6.115837378945377
MA31.csv,SMD,25765754,0.4685860486612891,0.10771891450591775,0.14506547784135093,3.483,2.766,0.03629347309623762,0.014949195842434725,3.734656333543318
MA31.csv,SMD,25765754,0.37384852948754527,0.14172539671676032,0.2011554127120898,2.823,2.249,0.01605953565790191,0.005167431893393605,5.943001599532948
MA31.csv,SMD,25765754,0.3653203457241329,0.1461795269453381,0.2084621965434894,2.753,2.192,0.01460009363224301,0.004566380784603085,6.228266959815132
MA31.csv,SMD,25849981,0.41307606321354423,0.12473285465184691,0.17318198559536768,3.052,2.463,0.0236112845945056,0.008528764387980727,4.844913094352076
MA31.csv,SMD,25849981,0.41067501384915056,0.12563208108900126,0.17466559194530218,3.051,2.436,0.023111967018730927,0.008294678440393347,4.903351085630092
MA31.csv,SMD,25849981,0.40253923908111117,0.12880249525791287,0.17989379027684194,3.024,2.413,0.02145440858620884,0.00752897355968925,5.109129501892906
MA31.csv,SMD,25849981,0.42082534263040766,0.12193730702526251,0.16856779735732474,3.124,2.51,0.0252533301888175,0.009309398973265747,4.6630490332062235
MA31.csv,SMD,25849981,0.39333591114974487,0.13263448076132422,0.18620714688825968,2.976,2.346,0.019645393822257922,0.006714021828173698,5.357266612693545
MA31.csv,SMD,25964750,0.3392267250674687,0.1620018284880146,0.2343093516821242,2.577,2.06,0.01057481111964871,0.0030056551151884715,7.230752319410961
MA31.csv,SMD,25964750,0.3382784917785936,0.16264794214229605,0.23536085827009612,2.539,2.045,0.010441405497587033,0.0029566123093783987,7.271291612780006
MA31.csv,SMD,25964750,0.34291451412852153,0.15954057862890791,0.23030080735787117,2.585,2.079,0.011102358342211452,0.0032013920832578056,7.076022872896326
MA31.csv,SMD,25965872,0.4484323906677572,0.11315370887460907,0.1540543129943539,3.309,2.65,0.03145589390952918,0.012398532054932417,4.090060411974483
MA31.csv,SMD,25965872,0.45863245196998437,0.11031143864921367,0.1493539739075299,3.396,2.704,0.03387436232871569,0.013659026689910066,3.9042535258316247
MA31.csv,SMD,25965872,0.45954758621931635,0.11006586112017414,0.14894778809697662,3.403,2.728,0.03409440513041257,0.0137751858217556,3.8881926976802483
MA31.csv,SMD,25965872,0.4578792591939495,0.11051469087250831,0.1496901460607264,3.41,2.721,0.033693627827254956,0.013563799631151703,3.917545518821808
MA31.csv,SMD,25980793,0.49307971769278847,0.10200886272779053,0.13561753386239195,3.618,2.896,0.04246826871345547,0.018367838312773145,3.360867113460142
MA31.csv,SMD,25980793,0.426822800468766,0.119879844273175,0.16517015059842466,3.205,2.551,0.026555229995707516,0.009939796027693133,4.529030632524966
MA31.csv,SMD,26051818,0.4989202641705386,0.10077266701532184,0.13357188074061999,3.69,2.926,0.04398231326668394,0.01923229005848985,3.279921372529815
MA31.csv,SMD,26051818,0.48730258361720186,0.10327665105927897,0.13771542397942216,3.601,2.877,0.04098558802251378,0.01753108181287512,3.443877292014319
MA31.csv,SMD,26216027,1.1553215708191378,0.05927953415317888,0.06514433572587075,8.361,6.588,0.2095575346807959,0.1553011469170158,0.5864801572691869
MA31.csv,SMD,26300221,0.5369098648749154,0.09371130270085637,0.12188764195693758,3.983,3.143,0.05414695465422575,0.025283789856059388,2.8176339256081206
MA31.csv,SMD,26300221,0.4751292981915554,0.10610471327905491,0.14239486663969247,3.521,2.798,0.03791347850281438,0.015829011993084327,3.6290153360637567
MA31.csv,SMD,26300221,0.4506764515703034,0.11251140659052372,0.15299225536219163,3.359,2.643,0.03198248121891709,0.012670426171244803,4.048084877166791
MA31.csv,SMD,26344502,0.30554695874775123,0.18882580044936748,0.2776555479006314,2.333,1.877,0.0064071060983942815,0.001570633822045348,8.882974745126393
MA31.csv,SMD,26344502,0.3117878060476388,0.18318556128329933,0.26859703104278987,2.381,1.925,0.007090181588141844,0.0017908087859351029,8.541146975949054
MA31.csv,SMD,26344502,0.30218385794082386,0.1920119884614777,0.28275849148108323,2.314,1.877,0.0060558481501623625,0.001460038491556476,9.074650301960553
MA31.csv,SMD,26344502,0.31190275086956193,0.18308486424946824,0.2684350200712423,2.381,1.912,0.007103144011487274,0.0017950498284279141,8.535015582177408
MA31.csv,SMD,26382238,0.5253214644386807,0.09570025656741665,0.1251783609672792,3.902,3.06,0.05099436641119411,0.023362220919262874,2.9478104399862537
MA31.csv,SMD,26382238,0.45540067742593443,0.11119085155656583,0.15080844179926556,3.385,2.686,0.03310125313563931,0.013252837806551707,3.961759024269973
MA31.csv,SMD,26382238,0.44740421656484197,0.11345130723862173,0.15454636789848242,3.329,2.666,0.031215685536938577,0.012274985814963871,4.109506065986068
MA31.csv,SMD,26403760,0.46298295972962117,0.1091572356099022,0.14744483689990284,3.456,2.716,0.034924778719069335,0.014215704733725623,3.828760129000064
MA31.csv,SMD,26403760,0.44776434650382785,0.11334683108863242,0.15437362714167258,3.351,2.656,0.031299744931398935,0.012318185604543841,4.102679605304016
MA31.csv,SMD,26403760,0.45361390410788777,0.11168534089730797,0.15162622161391925,3.369,2.679,0.03267651107781289,0.013030969457833939,3.9940880716611282
MA31.csv,SMD,26403760,0.4731009141821647,0.10659778589659352,0.14321065924363463,3.486,2.797,0.03740885281756484,0.01555361614466257,3.661287334704111
MA31.csv,SMD,26452320,0.3797590841573115,0.13881648072277186,0.1963771230518474,2.856,2.288,0.017110906206237977,0.005610935213181508,5.756064232907554
MA31.csv,SMD,26452320,0.38261142168001205,0.1374616935093177,0.19415008344263518,2.867,2.289,0.017629722491556418,0.005832906663997015,5.6688389933317485
MA31.csv,SMD,26497106,0.496712118837461,0.10123479655324774,0.13433661402335295,3.666,2.94,0.043408162703884916,0.018903299516730022,3.310181747010521
MA31.csv,SMD,26497106,0.41291644675406186,0.12479213548389712,0.17327980071584548,3.064,2.464,0.02357795028220248,0.008513088368042302,4.848766523194836
MA31.csv,SMD,26497106,0.40901258293602655,0.12626420467496524,0.1757083259532557,3.058,2.442,0.02276892743881279,0.008134766179758814,4.944412127829045
MA31.csv,SMD,26497106,0.40844582382489847,0.12648151730652168,0.1760667625338881,3.061,2.429,0.022652482287635445,0.008080653492344166,4.95852452273664
MA31.csv,SMD,26497106,0.4150627856120084,0.12400084284393609,0.17197403640343667,3.122,2.483,0.024027856867608957,0.008725245087843884,4.797319355950059
MA31.csv,SMD,26497106,0.4142734205811423,0.1242903955137935,0.1724518733862368,3.109,2.465,0.023861976105109827,0.00864687716873782,4.816147787244329
MA31.csv,SMD,26497106,0.4102475703767178,0.12579386153089045,0.1749324755137176,3.074,2.447,0.02302355467356494,0.008253392737253062,4.913861398282715
MA31.csv,SMD,26548415,0.32929791223146254,0.16905093375477553,0.24576278209309532,2.485,2.009,0.009223733417189699,0.0025178105561354932,7.671184833831979
MA31.csv,SMD,26548415,0.3331294252989369,0.16625483263070884,0.24122460257029743,2.555,2.01,0.009733084561634705,0.002699385448448228,7.496976993958859
MA31.csv,SMD,26548415,0.38494519090384804,0.1363760280382177,0.19236471997960802,2.913,2.308,0.018059677977166518,0.006018382648948372,5.598869194139033
MA31.csv,SMD,26548415,0.37777087103163476,0.13977943776287538,0.19795944397208154,2.825,2.272,0.01675365093378723,0.005459273561412993,5.818000620920616
MA31.csv,SMD,26548415,0.34216274782623546,0.1600357548489395,0.23110766322159515,2.594,2.087,0.010993693509639385,0.0031608417335424375,7.1071908372655646
MA31.csv,SMD,26548415,0.3358575442058731,0.16432282962956135,0.23808505847557915,2.537,2.041,0.010104981181170779,0.0028337682789299538,7.37622288460178
MA31.csv,SMD,26555398,0.46536221913687836,0.10853997795017811,0.14642376564818782,3.414,2.746,0.03550382953609622,0.014524907441405735,3.7883787698009708
MA31.csv,SMD,26555398,0.47464527491591024,0.10622178531489523,0.1425885654572474,3.513,2.806,0.03779286700900106,0.01576308000497553,3.6366780142352173
MA31.csv,SMD,26555398,0.40036352231440864,0.12968404938932265,0.18134677368694374,3.007,2.382,0.021020314985154043,0.007331404662234781,5.166272429762109
MA31.csv,SMD,26555398,0.39224637665630513,0.13310648871853648,0.1869843273091064,2.966,2.36,0.01943601104150877,0.006621143893519838,5.387783859056993
MA31.csv,SMD,26620542,0.49995750119385146,0.10055774837666343,0.13321623230471513,3.707,2.957,0.04425272230534691,0.019387729512770565,3.2658483928051707
MA31.csv,SMD,26620542,0.4383747939834132,0.1161576179020386,0.1590201162172885,3.292,2.589,0.02913562205667281,0.01121798536054675,4.286249831524991
MA31.csv,SMD,26628207,0.5524468571727058,0.09124249702475995,0.11780371678196078,4.073,3.231,0.0584318209019987,0.027956742208866868,2.6561219757200827
MA31.csv,SMD,26628207,0.5546986316911193,0.09090215410724312,0.11724079412391186,4.082,3.251,0.05905768035928607,0.028352915374128113,2.6338640016668746
MA31.csv,SMD,26836417,0.7972138445862565,0.06959900706154099,0.08208145277753998,5.8,4.621,0.12733901844090198,0.07900551851540519,1.248244571599899
MA31.csv,SMD,26858618,0.4134011187696521,0.12461234772076502,0.1729831415320724,3.093,2.456,0.023679230916878173,0.008560738668910614,4.837079381130738
MA31.csv,SMD,26858618,0.4214292052053346,0.12172606883875425,0.1682190272827755,3.128,2.492,0.02538320597685009,0.009371837515995678,4.649295844402124
MA31.csv,SMD,26858618,0.37716338369465296,0.14007677182892686,0.19844791476414003,2.824,2.278,0.016645216853926965,0.005413435139284594,5.837114293521317
MA31.csv,SMD,26858618,0.3651680325548774,0.14626198503829124,0.20859734884300707,2.753,2.194,0.014574656253549602,0.004556060471895343,6.233536380471582
MA31.csv,SMD,26858618,0.36611009273168094,0.1457536624282909,0.20776411776179327,2.74,2.216,0.014732343431376364,0.004620124063249525,6.201045533350236
MA31.csv,SMD,26877199,0.5940821172194969,0.08557269911476562,0.1084291778675418,4.315,3.428,0.07015353568182756,0.03560908283661926,2.285647875277619
MA31.csv,SMD,26877199,0.6353895387870342,0.08103122049868783,0.10092676691330504,4.617,3.677,0.08196711195337805,0.043789758742425626,1.9895546414617216
MA31.csv,SMD,26999723,0.46181181556993534,0.10946466178382774,0.14795336253315816,3.387,2.728,0.03464093375504659,0.014064738705160994,3.848870074933042
MA31.csv,SMD,26999723,0.46092294258368177,0.10969959463215939,0.14834196451943238,3.402,2.745,0.03442602769280486,0.013950703628316836,3.8642369887272987
MA31.csv,SMD,26999723,0.507280496372569,0.09907855058930493,0.13076845654843527,3.743,2.976,0.04617436107925184,0.020501354256700043,3.168990595913035
MA31.csv,SMD,27165447,0.7976333261593325,0.06957818374390135,0.08204719471345934,5.786,4.582,0.12745170833919853,0.07909977853881148,1.2469010969557992
MA31.csv,SMD,27165447,0.8352454848725612,0.06783819645807443,0.07918564810691087,6.06,4.778,0.13741418144973302,0.08755532794887716,1.1347451648836437
MA31.csv,SMD,27165447,0.7939930037475141,0.06976000694887707,0.08234633596326357,5.784,4.556,0.12647265022865095,0.07828189047883893,1.25863290143865
MA31.csv,SMD,27165447,0.5693991289069558,0.08878053916128292,0.1137321730993619,4.197,3.308,0.06316938067225034,0.030991138861276767,2.4951633938078976
MA31.csv,SMD,27165447,0.5694243777710961,0.08877703875538234,0.11372638507880506,4.187,3.314,0.06317647799859148,0.030995745309272727,2.4949346323422716
MA31.csv,SMD,27165447,0.586775909525945,0.08647935033198229,0.10992772326708522,4.306,3.411,0.0680776853234989,0.03421899058282512,2.3448372935102935
MA31.csv,SMD,27184238,0.6120583509764408,0.08348108836534829,0.10497302405438369,4.433,3.583,0.07528279905542908,0.03910558601958424,2.14919356890354
MA31.csv,SMD,27211062,0.48139932280799896,0.10462066856506502,0.13993936953797825,3.56,2.817,0.039486687571348426,0.016695217126643278,3.531870097291323
MA31.csv,SMD,27211062,0.4589156643654692,0.11023527749672724,0.14922800423376847,3.404,2.698,0.03394240784811975,0.013694921590387123,3.899272673704124
MA31.csv,SMD,27246249,0.48392750696772757,0.10403890439223307,0.13897673786669285,3.538,2.861,0.0401265684648313,0.017050799019506232,3.493783347445978
MA31.csv,SMD,27246249,0.49491976521452447,0.1016145691005842,0.13496506072445758,3.655,2.883,0.04294366474541767,0.01863818977974745,3.335049162387338
MA31.csv,SMD,27246249,0.37964330890982395,0.13887213095908002,0.19646858102499265,2.846,2.287,0.017090003821137734,0.005602034906980557,5.759645006591263
MA31.csv,SMD,27246249,0.37906618815188464,0.1391503159891766,0.19692573637705568,2.836,2.271,0.0169859913839499,0.005557795528753367,5.777542038787908
MA31.csv,SMD,27246249,0.4309070073693395,0.11852877870893264,0.16293831319186203,3.224,2.554,0.027456803430479675,0.010382117490422527,4.440953448292939
MA31.csv,SMD,27246249,0.4662358008561762,0.10831576621443606,0.14605286021864883,3.48,2.747,0.03571723549689601,0.014639275652396817,3.773709400421277
MA31.csv,SMD,27317195,0.5616734202363505,0.08987433448602733,0.11554092411920958,4.113,3.275,0.061003189173067865,0.029593607270880354,2.5666589633182246
MA31.csv,SMD,27317195,0.5046961442293769,0.09959306075807606,0.1316198643664731,3.71,2.953,0.045493738055947135,0.020105125780795555,3.2026803608397048
MA31.csv,SMD,27317195,0.5662885262832014,0.08921544315329133,0.11445132017959325,4.203,3.312,0.0622958737270808,0.030425567640253053,2.5235877026301923
MA31.csv,SMD,27317195,0.5064047017949181,0.09925200762929276,0.13105549141119543,3.77,2.975,0.04594341489099616,0.020366688464779004,3.1803483781902675
MA31.csv,SMD,27317195,0.5086482409288368,0.09880948978893145,0.13032321914961842,3.768,2.971,0.04653562950777518,0.020712461225319556,3.151372936068697
MA31.csv,SMD,27317195,0.505523441592969,0.09942747850839362,0.13134585943613253,3.777,2.965,0.045711331036160395,0.020231585901064872,3.191838092773891
MA31.csv,SMD,27317195,0.5004047651651611,0.10046549540934413,0.1330635716092129,3.709,2.96,0.04436946342446088,0.019454933277776153,3.2598076199868764
MA31.csv,SMD,27317195,0.50005169032811,0.10053829981714224,0.13318404872639078,3.698,2.937,0.04427729984089637,0.01940187306343769,3.264574890924854
MA31.csv,SMD,27546213,0.41069332353959687,0.12562516271234492,0.17465417871280475,3.062,2.462,0.02311575743237231,0.008296449542238288,4.9029016000459835
MA31.csv,SMD,27546213,0.4624004833474982,0.10930983719379839,0.14769726289282037,3.43,2.727,0.03478350837193412,0.014140518856984105,3.838742569902198
MA31.csv,SMD,27604299,0.3292865666862224,0.1690593605660451,0.24577644905905438,2.48,2.004,0.00922224771405715,0.0025172852029228155,7.671708849300929
MA31.csv,SMD,27604299,0.33218364047616794,0.166935921417799,0.24233064526472325,2.532,2.019,0.00960594486929301,0.0026537911474697074,7.539472384692425
MA31.csv,SMD,27604299,0.4037857525965967,0.12830399084258837,0.17907200333674111,3.052,2.4,0.021704875184925903,0.007643534661699466,5.076801249415275
MA31.csv,SMD,27604299,0.3619627384137765,0.14802195317285038,0.21148096656749238,2.731,2.168,0.014044527634280381,0.00434222985919079,6.345901339464199
MA31.csv,SMD,27611197,0.5425524923912893,0.09278961705616706,0.12036287453970285,3.985,3.158,0.0556959631049464,0.026242062021448694,2.7573257483535785
MA31.csv,SMD,27611197,0.5776692297500361,0.08765891885631893,0.11187768671751197,4.249,3.37,0.0654997422650274,0.032513191895651966,2.4218767861193036
MA31.csv,SMD,27611197,0.5176369934616343,0.0970951284736582,0.1274863885813029,3.858,3.038,0.04892726670642288,0.022123690567826006,3.03912601076447
MA31.csv,SMD,27664716,0.44448985140270636,0.11430637361020257,0.15596004451287915,3.3,2.627,0.030538488579887276,0.011928321062885121,4.165367090267658
MA31.csv,SMD,27664716,0.6317700800132909,0.08139325119565033,0.10152456595744852,4.601,3.654,0.08092917543434132,0.04305315622534755,2.013131476179819
MA31.csv,SMD,27664716,0.4519517551686241,0.11215074195320196,0.1523958540270537,3.338,2.664,0.03228314257345968,0.01282631283180778,4.0245112073851725
MA31.csv,SMD,27771383,0.4567576863064266,0.11081926183701962,0.15019388288314095,3.362,2.7,0.03342512045024459,0.013422629376165061,3.9374621046121328
MA31.csv,SMD,27898075,0.38738962040818803,0.13526031911248115,0.19052930575358928,2.918,2.322,0.018515238821192385,0.0062163855558060805,5.5268986641108135
MA31.csv,SMD,27898075,0.6874544930393575,0.0764495181658511,0.0933660487742548,4.99,3.949,0.09686420333339656,0.05472039108647226,1.6916530608403701
MA31.csv,SMD,27898075,0.3762244635852379,0.14053922329588064,0.19920754616356307,2.847,2.252,0.016478292228701195,0.0053430488879211225,5.866832286768242
MA31.csv,SMD,27913254,0.4462309738240948,0.11379347108195803,0.155112084817994,3.311,2.655,0.030942408189833057,0.012134800162011326,4.131861373603596
MA31.csv,SMD,28035183,1.4145422860416723,0.05617908359954882,0.06007401077232588,10.079,7.963,0.25271569354824275,0.20052942281054045,0.3894927172777063
MA31.csv,SMD,28086911,0.4720511582445276,0.10685552573669244,0.14363708189220503,3.528,2.795,0.03714854177964933,0.015412023965049294,3.6781556155512596
MA31.csv,SMD,28086911,0.44987947385938826,0.11273839356788384,0.15336759174811554,3.374,2.685,0.03179510216852985,0.012573510850330072,4.06291981802317
MA31.csv,SMD,28088658,0.5707564515623104,0.08859303669264373,0.1134221363122202,4.149,3.328,0.06355107386930776,0.031239126676375198,2.4829099619576467
MA31.csv,SMD,28088658,0.5530869651329707,0.09114531650214197,0.11764297940578972,4.065,3.21,0.05860961700364773,0.0280691412096882,2.6497662903647745
MA31.csv,SMD,28094810,0.7801179250600514,0.07047683450587927,0.08352589448171543,5.603,4.492,0.12271820675689886,0.07516763551047759,1.3049059975836164
MA31.csv,SMD,28094810,0.6593524285236235,0.07878531738369643,0.09721942516355986,4.852,3.819,0.08883697972650194,0.04874848454536683,1.843410777986343
MA31.csv,SMD,28184190,0.5243413229948599,0.09587468967773971,0.12546697878077662,3.862,3.084,0.050729621571912825,0.023202637193632546,2.9592289103036906
MA31.csv,SMD,28184190,0.4933713763484866,0.10194606371480508,0.1355136149344197,3.673,2.896,0.0425435220639065,0.01841056772617479,3.3567551219614633
MA31.csv,SMD,28184190,0.5350423609397671,0.09402292769456755,0.1224031957595566,3.907,3.13,0.0536362220266948,0.02496985370847283,2.8380268064989056
MA31.csv,SMD,28184190,0.4475881678507599,0.11339790945787587,0.1544580803541028,3.361,2.678,0.031258612046184256,0.012297041961629557,4.106017089622693
MA31.csv,SMD,28185885,0.5542651504469679,0.09096734334932832,0.11734861467027857,4.097,3.255,0.05893711032295366,0.028276481359030735,2.638127132095025
MA31.csv,SMD,28185885,0.4848040686710457,0.10383936819896655,0.138646564994247,3.55,2.876,0.04034914813080801,0.01717492403141589,3.4807196795280437
MA31.csv,SMD,28185885,0.5482083171568998,0.09189478349938562,0.11888264545014016,4.029,3.189,0.057256920979560234,0.027216945722168047,2.6987861950754533
MA31.csv,SMD,28185885,0.6067107004165989,0.08408355773542597,0.10596839618631393,4.468,3.524,0.07375425322038656,0.038054547738138864,2.1884838450887956
MA31.csv,SMD,28185885,0.5480131175437318,0.09192519635665541,0.11893295221033084,4.062,3.198,0.05720291536358212,0.027183063890646685,2.700775585367543
MA31.csv,SMD,28185885,0.5521776471390344,0.09128347132015302,0.11787148909259981,4.064,3.218,0.05835707306840324,0.0279095231134216,2.6588017772446793
MA31.csv,SMD,28259722,0.5572646157796133,0.09051944234139608,0.11660781893821004,4.099,3.254,0.059772232043964896,0.028806993769751734,2.6088376596813956
MA31.csv,SMD,28259722,0.5755672315203498,0.0879393304763545,0.1123412912510885,4.241,3.344,0.06490639735101215,0.03212384397402605,2.4401960774734
MA31.csv,SMD,28284951,0.5580142256251179,0.09040865525477915,0.1164245908904783,4.083,3.25,0.0599812426793968,0.028940167982554582,2.601593563569915
MA31.csv,SMD,28284951,0.6115529584590365,0.08353733810880215,0.10506595222114368,4.5,3.58,0.07513826104597691,0.03900587514984337,2.1528614112341526
MA31.csv,SMD,28284951,0.655006367907977,0.07917411105595662,0.09786106044985987,4.793,3.798,0.0875919022006444,0.04783917958553535,1.8686949393903252
MA31.csv,SMD,28284951,0.5405228644562596,0.09311775001449585,0.12090569987065647,3.983,3.186,0.05513780425494235,0.0258957074812061,2.778794985616062
MA31.csv,SMD,28284951,0.6114223638369797,0.08355189628325377,0.10509000342662411,4.465,3.54,0.0751009146105992,0.03898012239048399,2.1538107143370344
MA31.csv,SMD,28284951,0.6743487969886207,0.07750192978421522,0.09510190000121499,4.95,3.931,0.09312676059799475,0.0519165581217416,1.7599970216999772
MA31.csv,SMD,28450265,0.5840616371582712,0.08682504486229681,0.11049915891323081,4.285,3.416,0.06730814367885736,0.03370739509022811,2.3674114050934003
MA31.csv,SMD,28450265,0.5774572529633687,0.08768705553390688,0.11192420422116311,4.249,3.329,0.06543987559101902,0.032473852130944066,2.423714868725624
MA31.csv,SMD,28462362,0.3916760855605049,0.1333551579333484,0.1873937279617035,2.95,2.323,0.019326824402624142,0.006572832762630784,5.40385700283551
MA31.csv,SMD,28462362,0.44583934774759393,0.11390830082218006,0.1553019329659856,3.292,2.655,0.03085138514821465,0.012088194730497439,4.139363214380554
MA31.csv,SMD,28611594,0.46594067111596943,0.1083913692554288,0.14617792837103516,3.463,2.748,0.035645091081456026,0.014600587315088146,3.7786559115606355
MA31.csv,SMD,28611594,0.4595060543670779,0.1100769737239512,0.14896616858100709,3.378,2.744,0.03408440822000218,0.013769903269897322,3.8889194857055887
MA31.csv,SMD,28611594,0.4264277582428236,0.12001263756563318,0.1653894831846192,3.165,2.519,0.026468663172090047,0.009897571485760282,4.537684561898603
MA31.csv,SMD,28611594,0.44072973237574975,0.1154353483845445,0.15782631695250227,3.25,2.606,0.02967293402742299,0.011488794142558758,4.2390968567957765
MA31.csv,SMD,28611594,0.6461573082462195,0.07999055092065899,0.0992086606460496,4.722,3.747,0.08505517527235311,0.04600098573532282,1.921810972539062
MA31.csv,SMD,28704274,0.5114272900422894,0.09826958101756611,0.12942979394593135,3.717,2.978,0.04727187134209334,0.021144373078616482,3.116021292836524
MA31.csv,SMD,28704274,0.4707701976548643,0.10717242544074346,0.14416137278563645,3.524,2.785,0.036831692250022946,0.015240113229539453,3.6988947344892997
MA31.csv,SMD,28778811,0.5815826570660442,0.08714509454384589,0.11102823150766306,4.27,3.358,0.06660616197604803,0.03324248838342892,2.3883136963817164
MA31.csv,SMD,28778811,0.6035955707259621,0.0844420553894093,0.1065607451854459,4.398,3.519,0.07286477767967033,0.03744645737681283,2.2118689796036595
MA31.csv,SMD,28858406,0.5408786545982379,0.09305995607086626,0.12081009114583163,3.997,3.187,0.055235569659445934,0.02595628812953511,2.7750135074965376
MA31.csv,SMD,28893662,0.548645013647258,0.09182686447115773,0.11877029921800808,4.032,3.218,0.05737777451563283,0.027292805874129702,2.6943434746850348
MA31.csv,SMD,28893662,0.5584421912785602,0.09034560902905742,0.11632032132279202,4.101,3.24,0.06010062355635768,0.02901630485696242,2.5974712293734603
MA31.csv,SMD,29031548,0.5226602605899936,0.09617620228947654,0.12596586890676853,3.839,3.097,0.05027627994135576,0.022930021118676917,2.9789666617291988
MA31.csv,SMD,29031548,0.4267153817241652,0.11991591566839044,0.16522972969297167,3.189,2.521,0.02653167977497698,0.009928304680858811,4.531381402458123
MA31.csv,SMD,29033027,0.6066649816826417,0.084088778522594,0.10597702224724403,4.432,3.513,0.07374119366514287,0.0380456007734772,2.1888243724650036
MA31.csv,SMD,29033027,0.6694243056537461,0.07791371060775776,0.09578123577982955,4.892,3.887,0.09171939338849373,0.050871233582037344,1.7867525172071796
MA31.csv,SMD,29061441,0.6011092022253527,0.08473227869680733,0.10704031343893794,4.391,3.472,0.07215539310801915,0.036963355636559884,2.230803474213061
MA31.csv,SMD,29098176,0.5775887698007987,0.08766959496396787,0.11189533717501532,4.246,3.368,0.06547701789649063,0.03249825772050734,2.422574221104745
MA31.csv,SMD,29098176,0.41127424062296924,0.12540615203263394,0.17429286763414198,3.063,2.454,0.023236154973960345,0.008352753311607817,4.8886715601508035
MA31.csv,SMD,29154366,0.4214403801251133,0.12172216847928474,0.16821258735609057,3.144,2.489,0.025385611998514322,0.009372995172475147,4.649041887680583
MA31.csv,SMD,10.1016/j.ejphar.2012.08.020,0.6326306094396634,0.08130660464937134,0.10138148725847418,4.59,3.696,0.08117593106070466,0.043227969545475656,2.007488260910284
MA31.csv,SMD,10.1016/j.ejphar.2012.08.020,0.593333027059846,0.08566408797263692,0.10858021809420815,4.37,3.439,0.06994042721522453,0.03546570350990332,2.291613012157123
MA31.csv,SMD,10.1016/j.ijdevneu.2008.03.004,0.4828744785138266,0.10428008234520048,0.13937581214557482,3.562,2.831,0.03985966975826858,0.016902255994091533,3.5095729800374342
MA31.csv,SMD,10.1016/j.ijdevneu.2008.03.004,0.44622953398447307,0.11379389269438189,0.15511278187561683,3.327,2.651,0.030942073356987055,0.012134628641303716,4.131888918123494
MA31.csv,SMD,10.1016/j.ijdevneu.2008.03.004,0.41749789340785903,0.12311817049563722,0.1705172099936505,3.142,2.471,0.02454261595385153,0.00896950965404275,4.739903949801327
MA31.csv,SMD,10.1016/j.ijdevneu.2008.03.004,0.5005252431196652,0.10044068877579404,0.13302252146186244,3.672,2.927,0.04440092380619742,0.019473053942481094,3.25818326860684
MA31.csv,SMD,10.1371/journal.pone.0068010,0.505298850186699,0.0994723478914229,0.1314201090865056,3.719,2.949,0.04565223289213695,0.020197219566744185,3.194776119508269
MA31.csv,SMD,10.1371/journal.pone.0068010,0.391822310492907,0.13329129227278258,0.18728858455431596,2.93,2.346,0.019354793389528824,0.00658520004417136,5.399729228153339
MA31.csv,SMD,10.2298/ABS141002015D,0.5368513853945056,0.09372101064778471,0.12190370264761763,3.951,3.137,0.05413094652069226,0.025273934711341928,2.818269199983292
MA31.csv,SMD,10.2298/ABS141002015D,0.5155650017214124,0.09748218899347594,0.1281268624571945,3.803,3.046,0.048373368711557174,0.021794756121926467,3.0644673463718575
MA31.csv,SMD,10.2298/ABS141002015D,0.9837797304274977,0.06282332020589554,0.07095083329724494,7.063,5.626,0.173747790764914,0.1203243369320885,0.8127513091349403
MA31.csv,SMD,10.2298/ABS141002015D,0.5521253354085466,0.09129144036931236,0.11788467009429582,4.087,3.216,0.05834255031292004,0.027900351317072025,2.659322972498346
MA31.csv,SMD,10.3758/BF03331999,0.9209846708822031,0.06464626228135784,0.07394196030761735,6.617,5.269,0.1589948453738439,0.10666776563086716,0.9295698026259513
MA31.csv,SMD,10.3758/BF03331999,0.8768685950585755,0.066170441891375,0.07644491300680678,6.355,5.043,0.148093838927181,0.0968810176270888,1.0274471115431782
MA31.csv,SMD,10.3758/BF03331999,0.9274177047048433,0.06444216850223183,0.07360694343659324,6.689,5.318,0.16054763734301195,0.10808321205378697,0.9164774934361408
MA31.csv,SMD,10.3758/BF03331999,0.8896770621972897,0.06570423123913005,0.07567912781490294,6.466,5.034,0.15130385713332972,0.09973531474505726,0.9974896575772885
MA31.csv,SMD,10.3758/BF03331999,1.5669850956534335,0.05503192665374057,0.05820050815930056,11.192,8.794,0.27315683537953045,0.22298454818498722,0.31685815055599864
MA31.csv,SMD,10.3758/BF03331999,0.9370580958510524,0.0641442293386989,0.07311794093202872,6.707,5.333,0.1628569387295419,0.11019793235774042,0.8973711593329825
MA31.csv,SMD,10.3758/BF03331999,0.9408337807498198,0.06403005342497903,0.07293056499619188,6.743,5.452,0.16375559646853427,0.11102397950355046,0.8900511571212855
MA31.csv,SMD,10.3758/BF03331999,0.8797931245469016,0.06606217714345608,0.07626706546903084,6.389,5.042,0.1488299923704223,0.09753353099313618,1.0204888325574757
MA32.csv,SMD,Gunther_etal_1998,0.43243657222765053,0.8471784311798413,0.9931037047519409,1.093,1.002,4.509375805454908e-7,8.768728728022234e-11,14.592527357209962
MA32.csv,SMD,Chelonis_etal_1999,0.3738120864819649,0.932208136725965,0.9992008276574751,1.043,1.003,3.33598516002908e-8,7.417363497268259e-13,6.699269093151006
MA32.csv,SMD,Chelonis_etal_1999,0.37196037961051714,0.9344307224790828,0.9992678779058308,1.038,0.999,3.022949114845528e-8,6.170279074437704e-13,6.4837155426748065
MA32.csv,SMD,Bouton_etal_2006,0.35389159074496246,0.954176737070741,0.999713621034292,1.028,1.001,1.0805997642801018e-8,8.918174869063689e-14,4.553688396355094
MA32.csv,SMD,Laborda_etal_2013,0.411097785204445,0.8808636733791212,0.996450697066185,1.071,1.002,1.9356889484348236e-7,1.9011413307524658e-11,11.558702368706387
MA32.csv,SMD,Laborda_etal_2013,0.42676146381790375,0.8563567167559787,0.994156089392281,1.086,1.002,3.636146243093544e-7,5.955178942177447e-11,13.779937263630227
MA32.csv,SMD,Cordero_etal_2014,0.4157026353055751,0.8738002832551761,0.9958626369629047,1.074,1.004,2.343458399616482e-7,2.6911230588179903e-11,12.206235370772855
MA32.csv,SMD,Gonzalez_etal_2016,0.44773504106781725,0.8218494178495163,0.9895975629081848,1.115,1.007,7.805871295746986e-7,2.335203110421277e-10,16.774814505866853
MA32.csv,SMD,Gonzalez_etal_2016,0.4105704032197158,0.881664313963002,0.9965137869521485,1.072,1.003,1.893156157325378e-7,1.8257574195086643e-11,11.48494729891465
MA32.csv,SMD,Bernal-Gamboa_etal_2017,0.40825211818189017,0.8851626298680308,0.9967811240894455,1.066,1,1.715613093262463e-7,1.5257616689746952e-11,11.161849422141469
MA32.csv,SMD,Bernal-Gamboa_etal_2017,0.4336152926270013,0.8452553810185776,0.9928690456382467,1.096,1.004,4.711652365570967e-7,9.486694336475503e-11,14.761366461966919
MA32.csv,SMD,Bernal-Gamboa_etal_2017,0.4084183590388659,0.8849129364947327,0.9967624882578862,1.071,1.002,1.7278471095614622e-7,1.5456671424846346e-11,11.184955176315349
MA32.csv,SMD,Bernal-Gamboa_etal_2017,0.4286947247167849,0.8532456699032998,0.9938117329174921,1.095,1.006,3.915698372237312e-7,6.80451455142353e-11,14.056606301419238
MA14_01.csv,SMD,Piiroinen et al,0.29990074756485774,0.14942709742483062,0.2670215560958066,2.73,1.939,0.013638243304895216,0.0018325334721000076,11.759445867097595
MA14_01.csv,SMD,Tan et al,0.15066081624777863,0.442816878964011,0.7582531606768094,1.494,1.158,1.8002276501396242e-4,2.5229152519786157e-6,31.543628171279835
MA14_01.csv,SMD,Tan et al,0.1510194918781691,0.4411159655461169,0.756276639453554,1.495,1.157,1.838698482621401e-4,2.6076941246565923e-6,31.516067390743707
MA14_01.csv,SMD,El Hassani et al,0.36575933366529323,0.11614876763479154,0.194913549894286,3.291,2.28,0.029142130302264035,0.005755661538726976,7.876478225949446
MA14_01.csv,SMD,El Hassani et al,0.35953626705223013,0.11851659829750127,0.20009750677439875,3.215,2.267,0.02746510740980542,0.0052619534422931194,8.158090847689747
MA14_01.csv,SMD,El Hassani et al,0.3619913083212524,0.11756753093009231,0.1980204299252858,3.221,2.263,0.028122099009417114,0.0054535256675045055,8.045289899519348
MA14_01.csv,SMD,El Hassani et al,0.37402804505374365,0.11318775673447745,0.18842265753497933,3.345,2.331,0.0314282919862375,0.006453252582310923,7.523490080050188
MA14_01.csv,SMD,El Hassani et al,0.3716554340598959,0.11401672018920128,0.19024072133244896,3.296,2.336,0.030765758541074998,0.006248215848615994,7.622400114324767
MA14_01.csv,SMD,El Hassani et al,0.37981358295102,0.11123259573806443,0.1841321175422762,3.372,2.378,0.03306512313411892,0.006969703216907584,7.289952180421178
MA14_01.csv,SMD,Thany et al,0.14909059298863173,0.45037212179113706,0.7669122553186609,1.476,1.143,1.638993571818641e-4,2.1784333163021124e-6,31.654013352752386
MA14_01.csv,SMD,Thany et al,0.14908155531531328,0.45041612464073666,0.7669621132707027,1.477,1.155,1.6380987808509834e-4,2.1765713174715886e-6,31.654598862996608
MA14_01.csv,SMD,Thany et al,0.14908359526522638,0.45040619196078213,0.7669508595089807,1.483,1.146,1.6383007170271991e-4,2.17699148409753e-6,31.654466754819854
MA14_01.csv,SMD,Thany et al,0.14913367428151358,0.4501624484274601,0.7666745913426373,1.484,1.147,1.6432640586920433e-4,2.1873275896831882e-6,31.651214291517714
MA14_01.csv,SMD,Thany et al,0.1490891432133347,0.4503791800919328,0.7669202532568068,1.48,1.146,1.638850009025536e-4,2.1781345343677356e-6,31.6541073164874
MA14_01.csv,SMD,Thany et al,0.14933737226678628,0.4491728977864641,0.7655509065690649,1.478,1.149,1.663571392707439e-4,2.2297956737041365e-6,31.63780087826008
MA14_01.csv,SMD,Thany et al,0.1490954729713113,0.45034836448762516,0.7668853340670263,1.474,1.146,1.6394768788250604e-4,2.1794392771903396e-6,31.653696957940113
MA14_01.csv,SMD,Thany et al,0.1496170062211181,0.4478193703323682,0.7640084707328463,1.488,1.153,1.6917612652703792e-4,2.2892206818786933e-6,31.61891004004781
MA14_01.csv,SMD,Piiroinen & Goulson,0.22133010625785698,0.23527599602633564,0.44092084543190524,2.06,1.494,0.002960536059787863,1.8431648849127097e-4,20.56448494055696
MA14_01.csv,SMD,Piiroinen & Goulson,0.23472241805135277,0.21437564137105825,0.4005747497660529,2.165,1.565,0.00413926960304621,3.054269491687256e-4,18.619910839499465
MA14_01.csv,SMD,Stanley et al,0.24144196244751356,0.2051612062080742,0.3823480628895568,2.227,1.596,0.004827154338064937,3.849239637834452e-4,17.71868566814826
MA14_01.csv,SMD,Stanley et al,0.2393448816501388,0.20795422192682622,0.38790037154117585,2.22,1.59,0.004605415430496266,3.5863537968234296e-4,17.994614961434962
MA14_01.csv,SMD,Stanley et al,0.23757419449264103,0.2103700590420723,0.3926836310024886,2.181,1.577,0.004423188877181677,3.374982560314403e-4,18.231357196041632
MA14_01.csv,SMD,Stanley et al,0.25277727611400075,0.19124637089066188,0.354339619244888,2.327,1.659,0.006138123560472453,5.52387799743744e-4,16.30932483542261
MA14_01.csv,SMD,Stanley et al,0.24679367144022046,0.19835256589893946,0.36871451926971877,2.269,1.628,0.0054223469894502515,4.5846754458406323e-4,17.03619533707793
MA14_01.csv,SMD,Williamson & Wright,0.2863186580183493,0.1593632926907178,0.28815355269145004,2.601,1.846,0.011141580824780005,0.0013524532544975385,12.879026000073225
MA14_01.csv,SMD,Williamson & Wright,0.28706295928900605,0.15878134108276276,0.2869219086492284,2.596,1.846,0.011271522826375991,0.0013762145550999271,12.814056756646563
MA14_01.csv,SMD,Williamson & Wright,0.29198709868494077,0.1550446002605934,0.2789952368313299,2.667,1.876,0.012151419720994094,0.0015407205768191194,12.395063657073646
MA14_01.csv,SMD,Williamson & Wright,0.2954578540331371,0.15252423780359337,0.27363143451498484,2.669,1.9,0.012792558353864922,0.0016644625139086379,12.110719671139147
MA14_01.csv,SMD,Williamson & Wright,0.3228453921553961,0.1354520047186183,0.23696049075307346,2.892,2.051,0.01843595920778474,0.0028837556163918577,10.150848603445517
MA14_01.csv,SMD,Williamson & Wright,0.2905731577327455,0.15609782597338817,0.2812325807744376,2.627,1.879,0.011895177898694206,0.001492171212029598,12.51347548010494
MA14_01.csv,SMD,Williamson & Wright,0.28391477319255337,0.161274724852289,0.2921934247750171,2.568,1.835,0.010727424360605618,0.0012776532468952017,13.091869992272809
MA14_01.csv,SMD,Williamson & Wright,0.2851163513226133,0.16031315538505686,0.29016217417140666,2.599,1.84,0.010933384587963247,0.001314672938273626,12.98490187863498
MA14_01.csv,SMD,Williamson & Wright,0.2837834186783246,0.1613805953578311,0.2924169375215311,2.565,1.826,0.010705037258895132,0.0012736507474069288,13.103634216369997
MA14_01.csv,SMD,Williamson & Wright,0.2839814372767044,0.16122105132529174,0.2920800997693601,2.546,1.85,0.01073879576695568,0.001279687906399702,13.085904844406837
MA14_01.csv,SMD,Williamson & Wright,0.28548692695379224,0.16001908713430602,0.28954054677266516,2.601,1.827,0.010997330071691588,0.0013262385746979806,12.952145963835914
MA14_01.csv,SMD,Williamson & Wright,0.2836808820434663,0.1614633428035056,0.2925916148658685,2.554,1.837,0.010687579233438434,0.001270532420239179,13.112827206236288
MA14_01.csv,SMD,"Wright, Softley & Earnshaw",0.18296001415926222,0.3213795072777115,0.5913533318462355,1.754,1.299,8.551388290609432e-4,2.7999476320418862e-5,26.997382456852403
MA14_01.csv,SMD,"Wright, Softley & Earnshaw",0.18263144536180648,0.3223408304355365,0.5928834617780885,1.747,1.29,8.441200571041808e-4,2.7450113216130952e-5,27.054263134255198
MA14_01.csv,SMD,"Wright, Softley & Earnshaw",0.18483083786086896,0.3159940885108248,0.5827194181916701,1.754,1.308,9.198379527654831e-4,3.129825201911586e-5,26.67253296808453
MA14_01.csv,SMD,"Wright, Softley & Earnshaw",0.18283371950523505,0.32174846493072995,0.5919409951628107,1.745,1.302,8.508914028656771e-4,2.7787277456029726e-5,27.01925302320808
MA14_01.csv,SMD,"Wright, Softley & Earnshaw",0.18354655465544711,0.31967500484849476,0.588632046650209,1.745,1.302,8.750629379280747e-4,2.900210957402422e-5,26.89570418017142
MA14_01.csv,SMD,"Wright, Softley & Earnshaw",0.18270618446823647,0.32212174788453374,0.5925350449814245,1.746,1.295,8.466175384047133e-4,2.7574308126285053e-5,27.041329709689077
MA14_01.csv,SMD,"Wright, Softley & Earnshaw",0.18362648697714362,0.31944386337506503,0.5882622114335155,1.752,1.309,8.778034863180283e-4,2.9140949512828856e-5,26.881834805845052
MA14_01.csv,SMD,"Wright, Softley & Earnshaw",0.18346401960057496,0.3199139598160432,0.589014180041111,1.746,1.3,8.722395460312289e-4,2.885930667418715e-5,26.910022022506773
MA14_01.csv,SMD,"Wright, Softley & Earnshaw",0.18825836468627036,0.30650463440349174,0.5672502880044645,1.786,1.325,0.001047252620369004,3.814618489982514e-5,26.074565360097278
MA14_01.csv,SMD,"Wright, Softley & Earnshaw",0.18299167988747594,0.32128710714381303,0.5912060826866763,1.752,1.309,8.562061456316935e-4,2.8052884375534774e-5,26.991897554286325
MA14_01.csv,SMD,"Wright, Softley & Earnshaw",0.1828700675640617,0.3216422067864543,0.591771801415044,1.748,1.299,8.521122833871972e-4,2.7848216135337467e-5,27.012959462858976
MA14_01.csv,SMD,"Wright, Softley & Earnshaw",0.18277248724978956,0.321927597845143,0.59222613390105,1.733,1.298,8.488375163842772e-4,2.768486201887078e-5,27.02985360559069
MA14_01.csv,SMD,"Williamson, Baker & Wright",0.29499733406486167,0.15285344859379135,0.2743328367706035,2.676,1.883,0.012706499049643096,0.001647666420902441,12.147938817681215
MA14_01.csv,SMD,"Williamson, Baker & Wright",0.29827373173672367,0.15054493179658235,0.2694095487056839,2.668,1.913,0.01332531588259012,0.0017697081773948092,11.886461690910155
MA14_01.csv,SMD,"Williamson, Baker & Wright",0.29645285297031293,0.15181827455418995,0.2721265585010487,2.668,1.919,0.012979526948970716,0.0017011500971221352,12.030828394685877
MA14_01.csv,SMD,"Williamson, Baker & Wright",0.2954324665752664,0.15254234563627211,0.27367002031772447,2.674,1.906,0.012787806235964387,0.0016635335530433965,12.112767468145236
MA14_01.csv,SMD,"Williamson, Baker & Wright",0.29547075911797127,0.15251503495867058,0.273611823994083,2.669,1.896,0.012794974326487641,0.0016649348637706935,12.109678903541244
MA14_01.csv,SMD,"Williamson, Baker & Wright",0.2985062644316788,0.1503840291896017,0.2690659782334103,2.683,1.904,0.013369811375264088,0.001778596235188461,11.868194904380857
MA14_01.csv,SMD,Tan et al,0.152746269073384,0.4330547396566067,0.7467730692243546,1.509,1.158,2.0327586348466603e-4,3.049995670306152e-6,31.371832956774792
MA14_01.csv,SMD,Tan et al,0.14987048534399547,0.4465973407024878,0.7626104837395585,1.481,1.147,1.7176289423892333e-4,2.344230120091319e-6,31.601314303707074
MA14_01.csv,SMD,Tan et al,0.1532541440769546,0.4307235269288122,0.7439826891443098,1.512,1.166,2.092693202119518e-4,3.1914175740032315e-6,31.325916221549754
MA14_01.csv,SMD,Ciarlo et al,0.3328049132134444,0.13028376316022805,0.22575549913160364,2.991,2.11,0.02073130041674213,0.0034413526674764282,9.54717359713756
MA14_01.csv,SMD,Abramson et al,0.3223042673140223,0.13574692534031196,0.237598565586718,2.892,2.045,0.018314807894841547,0.002855270103425049,10.185164024640603
MA14_01.csv,SMD,Abramson et al,0.324769939296624,0.1344152830362919,0.23471632869827197,2.92,2.053,0.018869856259678186,0.002986563492052025,10.030104566198006
MA14_01.csv,SMD,Abramson et al,0.31952761677979546,0.13728441548914694,0.2409225818417291,2.898,2.025,0.017699051709276666,0.0027119908518797183,10.363816635258216
MA14_01.csv,SMD,Abramson et al,0.3670637580877727,0.11566800789955722,0.19386027030305508,3.27,2.29,0.029498479587141798,0.005862549620693056,7.819226240349786
MA14_01.csv,SMD,"Frost, Shutler & Hillier",0.18641953826218277,0.3115361309896948,0.5754929040667314,1.771,1.316,9.774452014899122e-4,3.4337891519484985e-5,26.395677307703657
MA14_01.csv,SMD,"Frost, Shutler & Hillier",0.1870486629070052,0.3097993859963486,0.5726581058064643,1.786,1.316,0.0010009469369745105,3.5604943833738765e-5,26.285871981011567
MA14_01.csv,SMD,Gonalons & Farina,0.2515804859624268,0.19262712458424136,0.35714412307834276,2.294,1.66,0.005990689248810033,5.325699470319601e-4,16.45169984941014
MA14_01.csv,SMD,Gonalons & Farina,0.25043630726425625,0.19396579204835485,0.35985792090993973,2.292,1.656,0.005851735957974283,5.141136859041073e-4,16.58921288615849
MA14_01.csv,SMD,Gonalons & Farina,0.22521724196306325,0.22883039679070216,0.4286291052047262,2.085,1.513,0.0032768424954366265,2.1480836914373647e-4,19.979870841402402
MA14_01.csv,SMD,Gonalons & Farina,0.23332685808359757,0.21638911853421183,0.4045224423791748,2.168,1.552,0.004004604157728809,2.905909337983806e-4,18.813332384496295
MA14_01.csv,SMD,Gonalons & Farina,0.2735472487677806,0.1701132622359457,0.31076085003407716,2.501,1.777,0.009038693394057707,9.87860814031463e-4,14.064758779813147
MA14_01.csv,SMD,Gonalons & Farina,0.2663972317954265,0.17682778310951008,0.3247360783858264,2.428,1.745,0.00796718842816167,8.17331451314817e-4,14.790829527631633
MA14_01.csv,SMD,Alkassab & Kirchner,0.26576533121870605,0.1774476952500893,0.3260204363915711,2.439,1.734,0.00787617204986821,8.033487659326018e-4,14.857274114148177
MA14_01.csv,SMD,Alkassab & Kirchner,0.23112822295956678,0.21963478541120496,0.41085909662280296,2.134,1.542,0.0037981035784263838,2.683226937600316e-4,19.1224311211598
MA14_01.csv,SMD,Alkassab & Kirchner,0.27011361935798683,0.17327043734515024,0.31734643600461965,2.439,1.744,0.008514587456985655,9.031038981185093e-4,14.40759986594694
MA14_01.csv,SMD,Alkassab & Kirchner,0.23318657212445282,0.21659350216147966,0.4049224515486384,2.147,1.56,0.003991221815769943,2.891300473686574e-4,18.83289493871587
MA14_01.csv,SMD,Han et al,0.1617739971635386,0.3941801099742558,0.6977450443329051,1.575,1.204,3.3115641945478486e-4,6.511384708157403e-6,30.356493435864927
MA14_01.csv,SMD,Aliouane et al,0.2753456075723504,0.16850722265452212,0.3074011655619254,2.515,1.774,0.009320207213640358,0.001034423977688037,13.88939429074033
MA14_01.csv,SMD,Aliouane et al,0.2630945079355571,0.1801178676070999,0.331540966252988,2.405,1.715,0.0074980932962749975,7.461337958967255e-4,15.14230986458881
MA14_01.csv,SMD,Aliouane et al,0.30004357843644014,0.149329850266952,0.2668136875767704,2.696,1.933,0.013665891725818254,0.0018381198126412826,11.748383730981837
MA14_01.csv,SMD,Tan et al,0.11660448278740526,0.6503860683640587,0.9302663513508338,1.245,1.039,1.276407198209149e-5,3.627917127197138e-8,27.988028298677513
MA14_01.csv,SMD,Tan et al,0.11779917440213432,0.6415367983623127,0.9254775013333909,1.25,1.042,1.440507268455076e-5,4.4260010131149536e-8,28.39407029710782
MA14_01.csv,SMD,Tison et al,0.17836007651592367,0.33527498280248424,0.613144322355718,1.711,1.282,7.099432927336934e-4,2.1063977417222196e-5,27.786933955323377
MA14_01.csv,SMD,Tison et al,0.1585812042390494,0.40732327841056215,0.7149186406643497,1.557,1.193,2.8052073677536536e-4,5.0345823758301145e-6,30.75953622537876
MA14_01.csv,SMD,Tison et al,0.16177247529778022,0.39418622378872037,0.6977531761272834,1.573,1.205,3.3113076716083465e-4,6.510603893398344e-6,30.3566952338563
MA14_01.csv,SMD,Tison et al,0.16900225802324664,0.3666821819719146,0.6598133692857304,1.637,1.233,4.7064531373686245e-4,1.120421783300641e-5,29.313118731381582
MA14_01.csv,SMD,Tison et al,0.19086372045608377,0.29960350311601913,0.5557961873079145,1.805,1.334,0.0011520639372623626,4.411129711479065e-5,25.619268419189535
MA14_01.csv,SMD,Tison et al,0.19763290888414822,0.2828445522736315,0.5272686233350987,1.865,1.368,0.0014582493193903252,6.312011145654686e-5,24.442407106146725
MA14_01.csv,SMD,Tison et al,0.20527757305017563,0.26576505077928736,0.4971682325468346,1.929,1.414,0.0018665950176933498,9.178391589346373e-5,23.140318176754725
MA14_01.csv,SMD,Tison et al,0.20390555146336337,0.2686965878777563,0.5024076749620254,1.91,1.403,0.0017882082219826461,8.600810701970642e-5,23.371108708426913
MA14_01.csv,SMD,Tison et al,0.21471919153658525,0.24703285306006773,0.4629853408589093,1.992,1.462,0.0024695188842458965,1.4017078555757868e-4,21.59524877988416
MA14_01.csv,SMD,Tison et al,0.24675528516716438,0.19839983204484224,0.3688096396983963,2.284,1.625,0.005417927065278075,4.5790583009187684e-4,17.040980765355407
MA14_01.csv,SMD,Papach et al,0.1465094582977263,0.463183955862001,0.7811499187957531,1.454,1.142,1.3982627971700573e-4,1.698121751254432e-6,31.796596293375213
MA14_01.csv,SMD,Urlacher et al,0.1802278899021533,0.3295176432932575,0.6042007159565348,1.719,1.281,7.665738341011614e-4,2.368956905772637e-5,27.46830726632773
MA14_01.csv,SMD,Urlacher et al,0.17953643965440438,0.33163027182665106,0.607496519628135,1.712,1.288,7.452453143877266e-4,2.2688481113415017e-5,27.586624780148394
MA14_01.csv,SMD,Urlacher et al,0.18007001817883622,0.3299980805770246,0.6049516461042497,1.721,1.281,7.616660453413016e-4,2.3457921480165805e-5,27.495356552722505
MA14_01.csv,SMD,Urlacher et al,0.1802331022624705,0.32950180024407594,0.6041759387682372,1.72,1.287,7.667362572786398e-4,2.369724857594004e-5,27.467413852416122
MA14_01.csv,SMD,Urlacher et al,0.17521424362001223,0.3453431285728432,0.6284949351828806,1.687,1.258,6.21468071568083e-4,1.7176722771499937e-5,28.315180661003737
MA14_01.csv,SMD,Urlacher et al,0.17974957432100236,0.3309767442160345,0.6064787169470077,1.718,1.285,7.517736866544065e-4,2.2993347279960484e-5,27.55019727309732
MA14_01.csv,SMD,Urlacher et al,0.18059703965913182,0.3283986440145954,0.6024484535554745,1.733,1.295,7.781380631185766e-4,2.4238433579028255e-5,27.40498095408791
MA14_01.csv,SMD,Hesselbach et al,0.23272427867517997,0.21726961196470007,0.40624476057910897,2.152,1.564,0.003947321591555424,2.8435486447349974e-4,18.89751486144089
MA14_01.csv,SMD,Hesselbach et al,0.22844188835243515,0.22372672761844548,0.41880018220485904,2.096,1.525,0.00355512087755476,2.4288661772857206e-4,19.507345458641357
MA14_01.csv,SMD,Hesselbach et al,0.2368578245201839,0.21136277254047398,0.39464394959759863,2.187,1.577,0.004350760670315586,3.292161303508549e-4,18.328117705712465
MA14_01.csv,SMD,Hesselbach et al,0.2767191310946932,0.16730190291074842,0.3048755470728346,2.528,1.804,0.009538456574880023,0.0010710131015731947,13.757364416208617
MA14_01.csv,SMD,Hesselbach et al,0.21459983833234764,0.24725486441769262,0.4633975183936504,2.005,1.457,0.002461186199937652,1.394567980694563e-4,21.614265397595776
MA14_01.csv,SMD,Hesselbach et al,0.2354584855088531,0.21332792682811086,0.3985155416365216,2.164,1.577,0.004211425900462852,3.134766767538785e-4,18.51876148084107
MA14_02.csv,SMD,Piiroinen et al,0.3181072829798566,0.11508605862751065,0.17478885941632494,3.283,2.46,0.029937328888674192,0.008275578750763419,5.970280078881429
MA14_02.csv,SMD,Tan et al,0.15102063971719037,0.3459760108568041,0.5739081610883021,1.687,1.318,6.163176378701366e-4,3.504084344341812e-5,22.793215023149806
MA14_02.csv,SMD,Tan et al,0.15246066561435528,0.3405599966248658,0.5659473568378266,1.69,1.325,6.619220510739285e-4,3.878375899831867e-5,22.53873602129608
MA14_02.csv,SMD,Tan et al,0.15125891096614189,0.34507045331412844,0.5725824653235843,1.679,1.313,6.237013466346835e-4,3.5639352435496865e-5,22.75120120094558
MA14_02.csv,SMD,Tan et al,0.15147715946939386,0.3442442867282345,0.5713711186498346,1.683,1.326,6.30520630693908e-4,3.6194709872272766e-5,22.71268319216001
MA14_02.csv,SMD,Tan et al,0.14956524450152628,0.35158978695805865,0.582078422080257,1.664,1.309,5.725860330979361e-4,3.15572283857359e-5,23.04886351221983
MA14_02.csv,SMD,Tan et al,0.1504910451136562,0.34800228167499636,0.5768667361769771,1.671,1.321,6.001334916332615e-4,3.373932997030849e-5,22.886445450198078
MA14_02.csv,SMD,El Hassani et al,0.36554007273393674,0.09898171188686122,0.14378713041256763,3.739,2.773,0.0463039599407064,0.015362580408512525,4.48054185257064
MA14_02.csv,SMD,El Hassani et al,0.3594982068686928,0.10067750583908142,0.14705488968172198,3.685,2.745,0.04410177617610925,0.014332822511467745,4.637738384264056
MA14_02.csv,SMD,El Hassani et al,0.3600995711747869,0.10050479755176644,0.14672210098540317,3.711,2.734,0.04431967934641552,0.01443371496650091,4.621730343363673
MA14_02.csv,SMD,El Hassani et al,0.3664876499693875,0.09872350151433895,0.14328953731905558,3.743,2.777,0.04665187044957879,0.01552730401085379,4.456603580471663
MA14_02.csv,SMD,El Hassani et al,0.36001676632103125,0.1005285260812433,0.1467678233400962,3.706,2.745,0.044289657869962924,0.014419801428921774,4.62392972588529
MA14_02.csv,SMD,El Hassani et al,0.3662677929175849,0.09878322902144199,0.143404637768474,3.75,2.795,0.04657108893060667,0.015489007572278113,4.462140874703202
MA14_02.csv,SMD,El Hassani et al,0.3913721894960371,0.0926129692460197,0.13151357695106425,3.975,2.983,0.05599956694587155,0.020154062103868005,3.8900607705044554
MA14_02.csv,SMD,El Hassani et al,0.3634057339871768,0.0995708934888968,0.1449225088609578,3.744,2.767,0.04552278917829393,0.014994739884157853,4.5351615372061005
MA14_02.csv,SMD,El Hassani et al,0.3697855804592532,0.0978405966298459,0.14158806590595185,3.784,2.81,0.047867833075626566,0.016107336918271865,4.3747469276105955
MA14_02.csv,SMD,El Hassani et al,0.37440059758589234,0.09664489061803916,0.13928371930961325,3.829,2.845,0.04958216788349369,0.016936391494270828,4.26388286915741
MA14_02.csv,SMD,El Hassani et al,0.3818687522683166,0.09480297085968481,0.13573396405805005,3.917,2.893,0.052385565791749744,0.01832011139186566,4.093099319836524
MA14_02.csv,SMD,El Hassani et al,0.3831197325913875,0.09450514574715974,0.13516000164987962,3.945,2.917,0.05285845299284334,0.01855689894748152,4.065485590271988
MA14_02.csv,SMD,El Hassani et al,0.3717582139470667,0.09732393479548285,0.14059236991248525,3.787,2.821,0.048598830375201685,0.016459242013385913,4.32684351170024
MA14_02.csv,SMD,El Hassani et al,0.37172748447221904,0.09733191888771586,0.14060775672256642,3.755,2.825,0.048587422395322995,0.016453731768475872,4.327583783485056
MA14_02.csv,SMD,El Hassani et al,0.3802486953395344,0.09519313572444565,0.1364858869340535,3.852,2.881,0.05177452359141185,0.018015580728053218,4.129275120960784
MA14_02.csv,SMD,El Hassani et al,0.3741138715519314,0.0967178633277691,0.13942435256572683,3.826,2.851,0.04947524050849259,0.016884298212184803,4.270648923795772
MA14_02.csv,SMD,El Hassani et al,0.3716121683222546,0.09736189823679398,0.14066553240305135,3.794,2.838,0.04854461829874093,0.01643306186438908,4.330363416625738
MA14_02.csv,SMD,El Hassani et al,0.37893655288709344,0.09551289955925069,0.1371021366211147,3.941,2.849,0.05128076992287791,0.017770691055863014,4.1589237061864015
MA14_02.csv,SMD,Thany et al,0.1497442504493806,0.3508916003693401,0.5810667967472355,1.673,1.305,5.778391760682038e-4,3.197006797951618e-5,23.01751963778954
MA14_02.csv,SMD,Thany et al,0.14920019511830354,0.35302039944381447,0.5841472739064464,1.663,1.308,5.619810569444734e-4,3.072855979416505e-5,23.11268744626319
MA14_02.csv,SMD,Thany et al,0.14946986685141833,0.35196268681427023,0.5826182031493808,1.666,1.308,5.698012977393438e-4,3.133901126015534e-5,23.06555163351106
MA14_02.csv,SMD,Thany et al,0.14939158415673842,0.35226921525181343,0.5830616358817764,1.665,1.312,5.675230596577355e-4,3.116081143338119e-5,23.079242062996297
MA14_02.csv,SMD,Thany et al,0.15165439716869578,0.3435756719326748,0.5703894688271287,1.689,1.321,6.360981118669753e-4,3.665077961623303e-5,22.681379689445393
MA14_02.csv,SMD,Thany et al,0.1494463932200372,0.35205455753413295,0.5827511319043507,1.667,1.309,5.69117454033307e-4,3.128549122412824e-5,23.069657437021775
MA14_02.csv,SMD,Thany et al,0.14933375835388318,0.35249591109606104,0.5833894213482599,1.661,1.309,5.658444364527375e-4,3.1029701322735004e-5,23.089351025219884
MA14_02.csv,SMD,Thany et al,0.1499677453569025,0.350022951760817,0.5798063927168287,1.67,1.312,5.844470018915098e-4,3.249157441774597e-5,22.978344095601166
MA14_02.csv,SMD,Thany et al,0.14962014234307616,0.35137543360570456,0.5817679750023527,1.671,1.308,5.741933657123331e-4,3.1683381791078984e-5,23.039254139664813
MA14_02.csv,SMD,Thany et al,0.15118057538062363,0.34536775524402186,0.5730179392031093,1.677,1.314,6.212667964916958e-4,3.544168817462713e-5,22.765018395908744
MA14_02.csv,SMD,Thany et al,0.1504745274515589,0.3480657811844444,0.57695927812011,1.679,1.315,5.996337353631251e-4,3.369936796084584e-5,22.88934969356656
MA14_02.csv,SMD,Thany et al,0.15079716290337888,0.3468287680416803,0.5751545925798565,1.683,1.313,6.094501809276835e-4,3.4486826082249956e-5,22.83258245381762
MA14_02.csv,SMD,Thany et al,0.14917106220179485,0.3531349641432229,0.584312716225595,1.674,1.311,5.611409327383486e-4,3.066318700027415e-5,23.117775208237212
MA14_02.csv,SMD,Thany et al,0.14951100185133026,0.3518017842319845,0.5823853378868457,1.672,1.314,5.710011020209709e-4,3.143297631402292e-5,23.058355365486115
MA14_02.csv,SMD,Thany et al,0.14917865097085384,0.35310511581339443,0.5842696157305038,1.661,1.31,5.61359686658466e-4,3.068020506173782e-5,23.11644999171094
MA14_02.csv,SMD,Thany et al,0.14920269017392815,0.353010590394253,0.5841331070990038,1.663,1.308,5.620530509983931e-4,3.073416376504421e-5,23.112251670475082
MA14_02.csv,SMD,Thany et al,0.1497464843565855,0.35088290113496623,0.5810541840505444,1.665,1.311,5.779049533946565e-4,3.197524721770182e-5,23.01712829155782
MA14_02.csv,SMD,Thany et al,0.15163314847227838,0.34365572204269335,0.5705070588698233,1.685,1.321,6.354275608939389e-4,3.6595861361979204e-5,22.685133682712998
MA14_02.csv,SMD,Thany et al,0.14930168636709815,0.3526217425384689,0.5835713059124756,1.668,1.31,5.649149800675908e-4,3.095717449878851e-5,23.094956337400674
MA14_02.csv,SMD,Thany et al,0.14908887873583138,0.3534584641229248,0.5847796942478525,1.655,1.313,5.587758874961667e-4,3.0479372386774605e-5,23.132123012492766
MA14_02.csv,SMD,Thany et al,0.14920234936595209,0.3530119302198267,0.5841350421690038,1.666,1.314,5.620432166941312e-4,3.07333982516301e-5,23.112311194917712
MA14_02.csv,SMD,Thany et al,0.14909570938178057,0.35343155882275556,0.584740866478955,1.665,1.307,5.589721800614715e-4,3.049461630502794e-5,23.13093076561994
MA14_02.csv,SMD,Thany et al,0.15016857649449536,0.34924527777478165,0.5786763086058129,1.683,1.313,5.904314607271176e-4,3.296598857657924e-5,22.94310308310312
MA14_02.csv,SMD,Thany et al,0.15015506004194235,0.3492975316509397,0.5787522916412698,1.677,1.314,5.900272996565209e-4,3.293388622245201e-5,22.945475999033015
MA14_02.csv,SMD,Piiroinen & Goulson,0.2761210410798758,0.1370181822367491,0.21676594698883478,2.892,2.152,0.017803808337447075,0.003979971162749865,7.974776475208567
MA14_02.csv,SMD,Piiroinen & Goulson,0.25462388639052175,0.1527873527750343,0.24665443841903034,2.679,2.009,0.01272372015302401,0.0024837959922003345,9.386708564399605
MA14_02.csv,SMD,Stanley et al,0.24086303344565535,0.16521969880015042,0.26999148398345585,2.542,1.924,0.009930238267013504,0.0017547672492573302,10.477178518330543
MA14_02.csv,SMD,Stanley et al,0.23914711085359217,0.1669247491361966,0.27317456112812877,2.505,1.899,0.009608014146051332,0.0016755061177083858,10.624981199193218
MA14_02.csv,SMD,Stanley et al,0.23764760388236933,0.16844553287236574,0.2760098892145949,2.501,1.903,0.009331229998032816,0.001608270698355763,10.756435634222916
MA14_02.csv,SMD,Stanley et al,0.2577505632622565,0.15024116320029834,0.24184884356292713,2.693,2.035,0.013409472147096042,0.0026735433268371004,9.160768036262878
MA14_02.csv,SMD,Stanley et al,0.24922113973054924,0.15741935294326947,0.25537466387690033,2.631,1.971,0.011582930124671152,0.002177311174550823,9.795531093363085
MA14_02.csv,SMD,Williamson & Wright,0.28536755309155576,0.1313266956815755,0.20591153649069627,2.977,2.227,0.02024046771665294,0.00476637910739313,7.458484080912076
MA14_02.csv,SMD,Williamson & Wright,0.2977030314024854,0.1245612903000004,0.1929706832851401,3.087,2.299,0.02370809355228897,0.005954658842994879,6.8409392985139705
MA14_02.csv,SMD,Williamson & Wright,0.28426803632198416,0.13197385910343884,0.2071473314594504,2.955,2.223,0.01994321159654251,0.004668225801589417,7.517347235601157
MA14_02.csv,SMD,Williamson & Wright,0.29301588173348364,0.1270291663219193,0.19769568102187007,3.035,2.285,0.022362342879377925,0.005484215494156274,7.066651469995078
MA14_02.csv,SMD,Williamson & Wright,0.28616100439118547,0.13086441137559268,0.20502854282160154,2.967,2.23,0.02045621195836024,0.004837994106821484,7.416413144600886
MA14_02.csv,SMD,Williamson & Wright,0.2841816580959706,0.13202502615875167,0.20724502126046485,2.949,2.202,0.019919943574837232,0.004660568257013721,7.521999510171318
MA14_02.csv,SMD,Williamson & Wright,0.284317015761375,0.13194486680513118,0.20709197734077722,2.974,2.212,0.019956410848007547,0.00467257134728572,7.5147110535646044
MA14_02.csv,SMD,Williamson & Wright,0.2828443906893475,0.1328232984714236,0.20876879067983933,2.929,2.206,0.019561297080004356,0.004543008302255935,7.594549220841573
MA14_02.csv,SMD,Williamson & Wright,0.28847864491968356,0.12953636864983786,0.20249082045450184,3.003,2.247,0.021092260708230975,0.005050952906716296,7.295445180466398
MA14_02.csv,SMD,Williamson & Wright,0.28608367586079375,0.13090929190065115,0.2051142761418785,2.979,2.232,0.02043514055960004,0.0048309856790839665,7.4204984241227345
MA14_02.csv,SMD,Williamson & Wright,0.28319702366220056,0.1326116734146563,0.20836489204087882,2.937,2.205,0.01965558250625731,0.004573827952476467,7.575321862622253
MA14_02.csv,SMD,Williamson & Wright,0.28645331753516,0.130695092235122,0.2047050833540478,2.972,2.227,0.020535953110059717,0.004864543498408636,7.400999111892581
MA14_02.csv,SMD,Williamson & Wright,0.2888771228065458,0.12931132322339967,0.20206063178453393,3.004,2.232,0.021202492367237664,0.0050881352205849875,7.274930856113427
MA14_02.csv,SMD,Williamson & Wright,0.28622462216637007,0.13082751630052003,0.20495806238953262,2.966,2.241,0.020473554608986443,0.004843764592327287,7.413054608901259
MA14_02.csv,SMD,Williamson & Wright,0.28293869271580036,0.13276662586875176,0.20866063190510797,2.961,2.206,0.019586490843069425,0.004551237519499808,7.589400603635621
MA14_02.csv,SMD,Williamson & Wright,0.30523632612671325,0.12083586573704952,0.18582920031415162,3.153,2.363,0.025939938838551294,0.006759748751506838,6.49933345771021
MA14_02.csv,SMD,Williamson & Wright,0.285137257414395,0.13146161140484802,0.20616919756994123,2.963,2.219,0.020178042171732854,0.004745716313235933,7.470758616509321
MA14_02.csv,SMD,Williamson & Wright,0.2875354760655,0.1300728549981478,0.20351616801047834,2.973,2.235,0.020832369173493237,0.004963609368966813,7.344331301233053
MA14_02.csv,SMD,Williamson & Wright,0.28284873008678396,0.13282068935515412,0.20876381128921073,2.951,2.198,0.019562456069584885,0.004543386774793187,7.594312193405662
MA14_02.csv,SMD,Williamson & Wright,0.2843115747961724,0.13194808670771618,0.20709812504207847,2.986,2.219,0.01995494439075292,0.004672088491471055,7.515003833436229
MA14_02.csv,SMD,Williamson & Wright,0.2865527539317612,0.13063761560190235,0.2045952767450846,2.973,2.23,0.02056311048194004,0.004873595205477044,7.395766114318225
MA14_02.csv,SMD,Williamson & Wright,0.291471208369506,0.1278692880689115,0.19930304785440267,3.029,2.238,0.021926295808784812,0.005334276375267372,7.143375978549116
MA14_02.csv,SMD,Williamson & Wright,0.28284399578613834,0.1328235359179495,0.20876924383640538,2.958,2.207,0.019561191608692245,0.004542973860652207,7.594570791845589
MA14_02.csv,SMD,Williamson & Wright,0.2854858808660113,0.1312575047486506,0.20577938965765086,2.975,2.212,0.020272576326492778,0.004777017353172677,7.452188490900024
MA14_02.csv,SMD,"Wright, Softley & Earnshaw",0.1827354012147146,0.25261326474328194,0.42623382583303326,1.964,1.517,0.0022694566002880614,2.2132783295443866e-4,17.362056108975132
MA14_02.csv,SMD,"Wright, Softley & Earnshaw",0.18749104536303382,0.2423406722250766,0.40869162136830195,2.02,1.549,0.002653381852433926,2.757333490100323e-4,16.635094914322536
MA14_02.csv,SMD,"Wright, Softley & Earnshaw",0.18944846470744,0.23832921916570116,0.4017765306507656,2.034,1.556,0.002823046931908255,3.008288077691846e-4,16.34473114850644
MA14_02.csv,SMD,"Wright, Softley & Earnshaw",0.19166039285369604,0.23393976169267783,0.3941688029503103,2.058,1.57,0.0030231144509108676,0.00033120386684848873,16.022904125763247
MA14_02.csv,SMD,"Wright, Softley & Earnshaw",0.19675548051289277,0.22437525291263027,0.37744600080747315,2.103,1.614,0.003518286729618756,4.098196454606736e-4,15.307074789484288
MA14_02.csv,SMD,"Wright, Softley & Earnshaw",0.19697246436433644,0.22398405539157096,0.3767578343446243,2.12,1.605,0.0035404523446320624,4.1344816938037454e-4,15.277377895305333
MA14_02.csv,SMD,"Wright, Softley & Earnshaw",0.18325980258994587,0.25144242484799684,0.42424661627292604,1.983,1.521,0.002309856227889556,2.2689071072375303e-4,17.28041914249292
MA14_02.csv,SMD,"Wright, Softley & Earnshaw",0.18358304781915494,0.25072553301469425,0.4230283106007888,1.981,1.525,0.0023349954390875,2.3037205512992546e-4,17.230277758609457
MA14_02.csv,SMD,"Wright, Softley & Earnshaw",0.18262925866195934,0.2528514365229516,0.426637675678998,1.993,1.511,0.0022613370605750025,2.2021456064551646e-4,17.378623915604642
MA14_02.csv,SMD,"Wright, Softley & Earnshaw",0.18414479788897312,0.24948835781459744,0.42092304129386227,1.992,1.526,0.0023791143384286994,2.3651806876154698e-4,17.143468347926483
MA14_02.csv,SMD,"Wright, Softley & Earnshaw",0.1866177574779023,0.24417010285787066,0.41183325898080503,2.018,1.554,0.0025798978772249904,2.6505950868444705e-4,16.766315612293436
MA14_02.csv,SMD,"Wright, Softley & Earnshaw",0.1876576343404517,0.24199450665063404,0.4080963106788963,2.035,1.55,0.002667553984958899,2.7780564687328205e-4,16.610180402826224
MA14_02.csv,SMD,"Wright, Softley & Earnshaw",0.18257512627708308,0.2529730577852686,0.42684384904866257,1.972,1.525,0.0022572035763901814,2.1964843209030103e-4,17.3870791263394
MA14_02.csv,SMD,"Wright, Softley & Earnshaw",0.18364078227353028,0.2505978747211993,0.4228112405078067,1.971,1.522,0.0023395045610046512,2.3099808444492834e-4,17.22133657866074
MA14_02.csv,SMD,"Wright, Softley & Earnshaw",0.1837459133908573,0.25036571501087745,0.4224163802065145,2,1.53,0.0023477302506513986,2.3214135288818243e-4,17.205066519563704
MA14_02.csv,SMD,"Wright, Softley & Earnshaw",0.1969289897099614,0.22406233327085545,0.3768955611867162,2.112,1.616,0.003536004147408066,4.1271926771389346e-4,15.283322791586073
MA14_02.csv,SMD,"Wright, Softley & Earnshaw",0.18815687730949987,0.2409624523297721,0.4063198593858873,2.027,1.555,0.0027103229310648093,2.8408613452701883e-4,16.535740705611524
MA14_02.csv,SMD,"Wright, Softley & Earnshaw",0.19417269980808735,0.22913126085097102,0.38578624558535024,2.086,1.6,0.0032612390588449645,3.6841564775166446e-4,15.665498473437921
MA14_02.csv,SMD,"Wright, Softley & Earnshaw",0.18298707568706302,0.2520501338914971,0.4252784461777277,1.982,1.524,0.0022887863170885938,2.239845559260916e-4,17.32283122862306
MA14_02.csv,SMD,"Wright, Softley & Earnshaw",0.1830517621881611,0.25190575760617107,0.42503338666501533,1.99,1.521,0.0022937721565643348,2.2467128444630526e-4,17.312762905884426
MA14_02.csv,SMD,"Wright, Softley & Earnshaw",0.18263910382782145,0.25282932823280657,0.4266001938482076,1.973,1.518,0.0022620893668780884,2.2031764234277593e-4,17.3770865615401
MA14_02.csv,SMD,"Wright, Softley & Earnshaw",0.19028828177640192,0.23664502668937915,0.3988625589474253,2.051,1.569,0.0028979591514312008,0.00031210479972624677,16.221753225804612
MA14_02.csv,SMD,"Wright, Softley & Earnshaw",0.19008912376679965,0.23704245315332073,0.3995507493850414,2.046,1.558,0.0028800783979825756,3.0940263069726814e-4,16.25082962317207
MA14_02.csv,SMD,"Wright, Softley & Earnshaw",0.18850681190640312,0.24024380864264483,0.4050814635294182,2.046,1.558,0.0027405672253655376,2.8855143633750075e-4,16.48376548867734
MA14_02.csv,SMD,"Williamson, Baker & Wright",0.2968658825969766,0.12499330551192378,0.19379816859360544,3.072,2.301,0.023465272490671273,0.005868924732262547,6.880486308168166
MA14_02.csv,SMD,"Williamson, Baker & Wright",0.2960110874738993,0.1254383042692736,0.19465037032708155,3.112,2.274,0.023218430293173897,0.005782151836159117,6.921206605780794
MA14_02.csv,SMD,"Williamson, Baker & Wright",0.3065434885257734,0.12021789398676697,0.18464362286752767,3.158,2.348,0.026335563137057587,0.0069056146439780254,6.44257288807607
MA14_02.csv,SMD,"Williamson, Baker & Wright",0.29491260929425234,0.12601598791701363,0.19575643845099766,3.075,2.271,0.022902857851857462,0.005671780781122324,6.974045053398403
MA14_02.csv,SMD,"Williamson, Baker & Wright",0.2971116185234207,0.12486610450171987,0.19355454183929655,3.078,2.309,0.023536440002582638,0.005894013803756698,6.868843733757668
MA14_02.csv,SMD,"Williamson, Baker & Wright",0.29772813331130427,0.12454839389276218,0.19294597918526746,3.077,2.302,0.02371539089537991,0.005957241086755959,6.839758529250528
MA14_02.csv,SMD,"Williamson, Baker & Wright",0.29659356290005595,0.12513464535871888,0.19406886049477534,3.071,2.292,0.023386513100359545,0.00584119647416782,6.893421513605647
MA14_02.csv,SMD,"Williamson, Baker & Wright",0.2948840008283892,0.12603112129624583,0.1957854101502049,3.04,2.293,0.022894663917120125,0.005668923409493074,6.975428885395907
MA14_02.csv,SMD,"Williamson, Baker & Wright",0.29609868708289827,0.12539251920595829,0.1945626961280219,3.068,2.304,0.02324367555118814,0.005791008656126212,6.917017692206362
MA14_02.csv,SMD,"Williamson, Baker & Wright",0.2948916334153911,0.1260270833500058,0.19577767982840444,3.104,2.291,0.02289684989225382,0.005669685656214483,6.975059647839865
MA14_02.csv,SMD,"Williamson, Baker & Wright",0.30083677870320313,0.12297673972744383,0.18993440499964476,3.116,2.343,0.024626389476822393,0.006282213701700667,6.695766527220092
MA14_02.csv,SMD,"Williamson, Baker & Wright",0.29860100596162864,0.12410201352694827,0.1920908232201467,3.103,2.309,0.02396973224480493,0.006047450772046222,6.798880969319843
MA14_02.csv,SMD,Ciarlo et al,0.32193541871734793,0.11351058789897606,0.17176042229809374,3.342,2.486,0.03116811838539685,0.008760555485791336,5.824983439911769
MA14_02.csv,SMD,"Frost, Shutler & Hillier",0.18642976476786696,0.24456719560353635,0.41251417809454916,1.997,1.546,0.002564256144164303,2.628030270024804e-4,16.79469824910128
MA14_02.csv,SMD,"Frost, Shutler & Hillier",0.1851056324621802,0.2473974693480312,0.417357055447914,2.007,1.544,0.002455850745743775,2.4731672253543613e-4,16.995958609988282
MA14_02.csv,SMD,Gonalons & Farina,0.26228768545774134,0.14671011791174138,0.23517086091297845,2.74,2.063,0.01443736421206906,0.0029654054552711137,8.846074300123707
MA14_02.csv,SMD,Gonalons & Farina,0.2548629859068076,0.15258926568864362,0.2462808778395864,2.668,2,0.012775502865401855,0.0024979822846173923,9.36916121509428
MA14_02.csv,SMD,Gonalons & Farina,0.2288165517472142,0.17802503892088828,0.2937854103773184,2.426,1.824,0.007792524422429401,0.0012494457523443327,11.576037145643014
MA14_02.csv,SMD,Gonalons & Farina,0.23466257991883788,0.17156135241643278,0.2818077241185548,2.485,1.87,0.008793616772244646,0.0014799681776985244,11.024637170212204
MA14_02.csv,SMD,Gonalons & Farina,0.2661554187759286,0.14384429927712894,0.22973981675544142,2.777,2.08,0.015343793911310114,0.0032299391935917882,8.589551747831248
MA14_02.csv,SMD,Gonalons & Farina,0.2710014961659692,0.14042880605536956,0.22325465308326187,2.838,2.133,0.016517958454964617,0.0035822139548992095,8.282584702789231
MA14_02.csv,SMD,Alkassab & Kirchner,0.21829270369557766,0.19100922772225304,0.3176312143392419,2.313,1.765,0.0061638758837121175,8.996225465141611e-4,12.662198661698888
MA14_02.csv,SMD,Alkassab & Kirchner,0.2343261793193628,0.17192007554895838,0.28247424149536604,2.479,1.872,0.00873414860786943,0.0014659653409482389,11.055416594640766
MA14_02.csv,SMD,Alkassab & Kirchner,0.22111208191136963,0.18734704106188904,0.31093562639536376,2.345,1.77,0.006578320803326757,9.855021908020012e-4,12.358858533347473
MA14_02.csv,SMD,Alkassab & Kirchner,0.237608849925688,0.16848522413720568,0.2760838412362504,2.516,1.884,0.009324136122744785,0.0016065579087159766,10.759861709904472
MA14_02.csv,SMD,Alkassab & Kirchner,0.22873603139780121,0.17811757971099762,0.2939563949147046,2.414,1.82,0.007779215970640233,0.0012464573916693134,11.583881520370698
MA14_02.csv,SMD,Alkassab & Kirchner,0.24919003864539055,0.15744690830606822,0.25542645206946346,2.606,1.975,0.011576526587294854,0.002175624038861692,9.797954376339524
MA14_02.csv,SMD,Alkassab & Kirchner,0.22580157375080315,0.1815585978534332,0.30030396920252467,2.374,1.789,0.007303122235880626,0.0011409160858288823,11.874537134909147
MA14_02.csv,SMD,Alkassab & Kirchner,0.24643288297553534,0.1599320660412964,0.2600927358057573,2.609,1.945,0.011016340129984733,0.002029507830939468,10.016066976446092
MA14_02.csv,SMD,Aliouane et al,0.27569522657869344,0.13729447573149178,0.21729205262436313,2.891,2.15,0.01769510831060091,0.003945874160665017,7.999757689287135
MA14_02.csv,SMD,Aliouane et al,0.27523176147190276,0.13759669011869236,0.21786742484336996,2.878,2.137,0.017577155215093176,0.003908972285430143,8.02707347246776
MA14_02.csv,SMD,Aliouane et al,0.2752128815309275,0.13760903436150695,0.21789092446113723,2.87,2.148,0.017572358148152663,0.003907473668210794,8.028189009963027
MA14_02.csv,SMD,Aliouane et al,0.26325004879392366,0.14598498718583452,0.2337975826944112,2.767,2.06,0.014660324311716832,0.003029861968895876,8.781259550857667
MA14_02.csv,SMD,Aliouane et al,0.2663186351416421,0.14372615777785747,0.22951571782524238,2.766,2.088,0.015382648237932811,0.0032414248268049545,8.578956004738492
MA14_02.csv,SMD,Aliouane et al,0.2631558871264268,0.14605557894987498,0.23393129970767812,2.732,2.071,0.014638433301495269,0.003023515555383896,8.787572075780314
MA14_02.csv,SMD,Aliouane et al,0.2991040834714033,0.1238465586804256,0.19160136570210362,3.115,2.309,0.02411684007284579,0.006099811193624068,6.775480702167802
MA14_02.csv,SMD,Aliouane et al,0.2988814835935801,0.12395942853559383,0.19181763310523947,3.124,2.316,0.02405170167057361,0.006076609713659129,6.785820456964564
MA14_02.csv,SMD,Aliouane et al,0.3017461299771085,0.12252636681568829,0.18907107043013527,3.153,2.332,0.024895583827411152,0.006379222568762228,6.654470361444698
MA14_02.csv,SMD,Tan et al,0.11592533317069895,0.5305023948437543,0.7984340470937231,1.364,1.123,6.0620347850351055e-5,1.236798195467323e-6,26.793165224996883
MA14_02.csv,SMD,Tan et al,0.11635727437350102,0.5274955617458611,0.7955019944228653,1.368,1.132,6.294146168382349e-5,1.3067442230815772e-6,26.80064326770042
MA14_02.csv,SMD,Tan et al,0.11579092995151409,0.5314422377077247,0.7993456555615481,1.366,1.123,5.99120576792118e-5,1.2156906301209688e-6,26.790341785382342
MA14_02.csv,SMD,Tan et al,0.11588897971854487,0.5307564056244358,0.7986806551418483,1.361,1.125,6.0428120823052706e-5,1.2310586642068191e-6,26.792424951741246
MA14_02.csv,SMD,Tan et al,0.11615408893136286,0.5289073942012075,0.7968816661763962,1.371,1.125,6.184104048705965e-5,1.2734362250812632e-6,26.797427197518875
MA14_02.csv,SMD,Tan et al,0.11576759341699334,0.5316056282795949,0.799503901563045,1.368,1.126,5.9789744958169865e-5,1.2120569363708648e-6,26.789827328345005
MA14_02.csv,SMD,Tison et al,0.1762151759806847,0.2680199215730431,0.45208442980927455,1.912,1.474,0.001805967669499493,1.6045368335475656e-4,18.406450823623143
MA14_02.csv,SMD,Tison et al,0.158654801931576,0.31874487350306924,0.5331088739216161,1.756,1.371,8.861481934180487e-4,5.867574143149872e-5,21.436400041854686
MA14_02.csv,SMD,Tison et al,0.16079469629124485,0.3117325282196054,0.5222925149221241,1.762,1.375,9.748258063115286e-4,6.716386641757253e-5,21.055998670251874
MA14_02.csv,SMD,Tison et al,0.16272197410396066,0.30563215462622684,0.5127808791390487,1.778,1.393,0.0010599050148878554,7.560914677887662e-5,20.714872451282183
MA14_02.csv,SMD,Tison et al,0.19088485915786432,0.23546180092494884,0.3968115956708296,2.049,1.577,0.0029519528259051107,3.2030479980711896e-4,16.134979474588075
MA14_02.csv,SMD,Tison et al,0.19720113911642875,0.22357315672557843,0.3760346608403855,2.115,1.616,0.0035639084336247864,4.172978304636586e-4,15.246150411480707
MA14_02.csv,SMD,Tison et al,0.20786927912510417,0.2058699773548074,0.3445445209398067,2.221,1.686,0.004769721755345511,6.280332400344086e-4,13.86745435849993
MA14_02.csv,SMD,Tison et al,0.20279471073242217,0.2139458105614772,0.35898933660752186,2.177,1.652,0.004168696451364835,5.199455306399771e-4,14.504352604604465
MA14_02.csv,SMD,Tison et al,0.21206664585158,0.19962184384788106,0.33328024402213374,2.263,1.724,0.00530511528187844,7.290343530820353e-4,13.365840017425267
MA14_02.csv,SMD,Tison et al,0.24104125362752576,0.16504472272957438,0.26966458063392784,2.529,1.911,0.009964040703303468,0.0017631428352506233,10.461985790435346
MA14_02.csv,SMD,Papach et al,0.14792979587239774,0.35807090430933164,0.5914078114328207,1.663,1.292,5.261888186443101e-4,2.797974050363436e-5,23.333690712348908
MA14_02.csv,SMD,Papach et al,0.2267805300271208,0.18039565561400361,0.29816096664951275,2.412,1.814,0.007460021157435899,0.0011754021048335172,11.776531103550914
MA14_02.csv,SMD,Urlacher et al,0.2185592761435863,0.19065686202597543,0.31698803943409304,2.31,1.761,0.006202377664196853,9.075061225279198e-4,12.63311774081176
MA14_02.csv,SMD,Urlacher et al,0.21828043860033067,0.1910254713953472,0.31766085853493253,2.333,1.755,0.006162107837321154,8.992609950419946e-4,12.663538713958534
MA14_02.csv,SMD,Urlacher et al,0.17988156280465692,0.25915895482099305,0.4372848906921759,1.956,1.505,0.002057836120517595,1.9284482783906402e-4,17.812593587118286
MA14_02.csv,SMD,Urlacher et al,0.1816622588933959,0.2550398475360104,0.4303422487315193,1.97,1.507,0.002188254533306114,2.1026666160395835e-4,17.53024011955089
MA14_02.csv,SMD,Urlacher et al,0.175604527498746,0.2695474343992451,0.45461680655066417,1.92,1.468,0.0017661551539307797,1.5549178725858648e-4,18.506937215141907
MA14_02.csv,SMD,Urlacher et al,0.1799540469796237,0.2589889866794748,0.4369991989832379,1.957,1.488,0.002063040404775056,1.9353176699415614e-4,17.801021230376314
MA14_02.csv,SMD,Urlacher et al,0.1783166409034425,0.26287714376456617,0.44351762230511393,1.947,1.489,0.0019476166240759063,1.7846177389121775e-4,18.064047854054778
MA18.csv,SMD,Zhao_etal_2019,0.5901550289113153,0.5042230859069411,0.7252724306086881,1.392,1.175,8.409173120152774e-5,4.2936018107169925e-6,22.104934470174697
MA18.csv,SMD,Bensalem_etal_2018,0.3443383947352216,0.921779316649489,0.9923469537263989,1.047,1.01,5.123822772907822e-8,1.120832347943517e-10,7.056763707690994
MA18.csv,SMD,Asseburg_etal_2016,0.36751700658846514,0.8857351340218169,0.9841629517154006,1.068,1.011,1.687811412176878e-7,6.562365731462404e-10,9.842781769358366
MA18.csv,SMD,Beracochea_etal_2016a,0.5141645108633992,0.6185716266917095,0.8356425028764816,1.273,1.109,1.960520900655984e-5,5.833441792293791e-7,21.707087618477207
MA18.csv,SMD,Beracochea_etal_2016b,0.5099138634243195,0.6257365521725031,0.8416313978138736,1.262,1.096,1.782230855549849e-5,5.112336847972572e-7,21.589484564137052
MA18.csv,SMD,Lee_Oh_2016,0.9747878706692518,0.22234303761209895,0.3407683137661728,2.126,1.703,0.0036352124149063186,6.601023934991104e-4,11.842527615407384
MA18.csv,SMD,Saoji_etal_2016,0.6723059406703885,0.40904383050596194,0.6125484610987123,1.549,1.284,2.7451485032474975e-4,2.1230121710772898e-5,20.350463059275036
MA18.csv,SMD,Zhang_etal_2015a,0.555227581645309,0.5534952029740532,0.7762294100986425,1.337,1.138,4.5412724880400305e-5,1.8528943140115256e-6,22.273420712458936
MA18.csv,SMD,Zhang_etal_2015b,0.601017066515856,0.49002408200916403,0.7096419504764646,1.415,1.192,1.0028212904861161e-4,5.453369961472858e-6,21.961786846730057
MA18.csv,SMD,Liu_etal_2014Ê,0.5913727853093145,0.5026051408170876,0.72351263043597,1.4,1.18,8.579758981768278e-5,4.41240774265161e-6,22.09074896188824
MA18.csv,SMD,Taridi_etal_2014,0.47531799928514507,0.686712943313818,0.8881428015203507,1.206,1.066,7.650214088477684e-6,1.5746197215213364e-7,20.14298582065327
MA18.csv,SMD,Yang_etal_2014,0.5488740363485249,0.5630610958311679,0.7855279014589442,1.331,1.132,4.023247651123004e-5,1.5696255132045484e-6,22.246680562777634
MA18.csv,SMD,Rastogi_etal_2012,0.7270482471259176,0.35941204842339136,0.5465301304201738,1.649,1.349,5.170986067368092e-4,4.9580692229720644e-5,18.71180819967825
MA18.csv,SMD,Papandreou_etal_2011,0.5573670855192023,0.5503159390673652,0.7730960690019334,1.345,1.142,4.7271652886138756e-5,1.957468778740171e-6,22.27801299345682
MA18.csv,SMD,Pyrzanowska_etal_2010,0.5460844081255325,0.5673200219375573,0.7896052975258727,1.326,1.133,3.811234436107387e-5,1.4573232419171945e-6,22.228527558831544
MA18.csv,SMD,Li_etal_2009Ê,0.4079723635310201,0.8133735163554574,0.9591666321320175,1.119,1.023,9.263119643353272e-7,7.843913281019604e-9,14.579311577656007
MA18.csv,SMD,Song_etal_2009,0.41058635286351963,0.8084640165192066,0.9570591198893034,1.119,1.023,1.020347695376806e-6,9.015922302160423e-9,14.859510337009674
MA18.csv,SMD,Zhang_etal_2008,0.49535578886516196,0.6508430988791701,0.8617488752325387,1.244,1.084,1.2684133763146195e-5,3.188828353168719e-7,21.09057763533686
MA18.csv,SMD,Sarkaki_etal_2007,0.3944854347514951,0.8383858617702163,0.9690931931970753,1.1,1.017,5.493711663402655e-7,3.6847292110261642e-9,13.070733142685897
MA18.csv,SMD,Zhang_etal_2007Ê,0.4954178919091194,0.6507341992514969,0.861664535387074,1.238,1.084,1.2703139798553683e-5,3.1954763044593066e-7,21.09303361355771
MA18.csv,SMD,Balu_etal_2005,0.761308837158604,0.33293066695495355,0.5093628806428857,1.714,1.402,7.324368303567459e-4,7.889117900236342e-5,17.643221368793217
MA18.csv,SMD,Kou_etal_2005Ê,0.4333975606079234,0.7652164554901512,0.9362424141367744,1.155,1.035,2.2425692113885532e-6,2.7837840925506225e-8,17.10259586466233
MA18.csv,SMD,Ward_etal_2002,0.5785882498223064,0.5199235749040284,0.7420646096002375,1.375,1.162,6.917665170102629e-5,3.291852078363064e-6,22.214103469620905
MA39_1.csv,SMD,Xu_2018,0.5111303903369336,0.056144758221255975,0.10784082221106361,10.214,3.448,0.253283824765362,0.03617480286525898,5.169606398980764
MA39_1.csv,SMD,Dalle_2017,0.3279963618899612,0.06499676290555767,0.19376011111488955,6.545,2.306,0.15638166884152405,0.005872835612793486,12.876334820933188
MA39_1.csv,SMD,Dalle_2017,0.4924350170544171,0.0566220287519249,0.11242486065022461,9.818,3.369,0.2455957191243754,0.03205429914311668,5.580283189829971
MA39_1.csv,SMD,Dalle_2017,0.4797010640262099,0.056979715598336145,0.11586645339861545,9.643,3.235,0.24011524862746184,0.029350715726396047,5.888673780027931
MA39_1.csv,SMD,Zhang_2014,0.41099753009173967,0.05952213665002126,0.1404527681149359,8.22,2.833,0.2067289798705832,0.016509340279053365,8.093063146491463
MA39_1.csv,SMD,Zhang_2014,0.4177443799728288,0.05921543447504041,0.1374772267903318,8.304,2.869,0.21031590479739312,0.01762366392169105,7.8261792315291405
MA39_1.csv,SMD,Sun_2014,0.5380682572890628,0.05554294551044481,0.10207496936686078,10.724,3.658,0.2636616317956047,0.042389239839496363,4.653202385641597
MA39_1.csv,SMD,Sun_2014,0.39247789164415636,0.06044744242577682,0.14944172868946404,7.818,2.716,0.1965087081260309,0.013634089433008211,8.89942862636872
MA39_1.csv,SMD,Sun_2014,0.39326903428011845,0.06040520226797663,0.14903103794765105,7.882,2.707,0.1969567583276786,0.013751279717866226,8.862583567967441
MA39_1.csv,SMD,Chocyk_2014,0.3197261853756133,0.06578941528290516,0.20147952918630452,6.44,2.252,0.1507094841092514,0.005138873578149456,13.569011390339936
MA39_1.csv,SMD,Baudin_2012,0.408248290463863,0.059651526377395125,0.14170870581508022,8.175,2.814,0.2052467508916007,0.016065335928549595,8.205717943768509
MA39_1.csv,SMD,Baudin_2012,0.408248290463863,0.059651526377395125,0.14170870581508022,8.133,2.818,0.2052467508916007,0.016065335928549595,8.205717943768509
MA39_1.csv,SMD,Solas_2010,0.3770149668954586,0.06132760585333197,0.15800543341434448,7.591,2.625,0.18754120293367213,0.011447658078548145,9.66778275610125
MA39_1.csv,SMD,Solas_2010,0.37802840093589163,0.06126656679278508,0.157411209101172,7.597,2.634,0.18814130779603158,0.011584823483707159,9.614464230838692
MA39_1.csv,SMD,Solas_2010,0.37496969364181165,0.06145231566619669,0.15921963477756862,7.47,2.609,0.18632475024614845,0.011173487328269652,9.776731911137194
MA39_1.csv,SMD,Solas_2010,0.396115536239408,0.060255327167467065,0.1475740846760154,7.948,2.713,0.1985602761938927,0.014177146516347954,8.731875750854833
MA39_1.csv,SMD,Aisa_2007,0.5324755174493595,0.055660384714467104,0.10319880926775682,10.561,3.581,0.2615718333062588,0.041074657033669824,4.7538424553289715
MA39_1.csv,SMD,Aisa_2007,0.4264401919693122,0.05884154482813586,0.13385291792753484,8.498,2.944,0.21483468940603914,0.019110561321835463,7.501137309939898
MA39_1.csv,SMD,Guijarro_2007,0.360970535305722,0.06236411482979065,0.16810156709681723,7.203,2.5,0.1778050085224944,0.009392979627865028,10.573745226702657
MA39_1.csv,SMD,Uysal_2005,0.5539906965444692,0.05522793422588601,0.09906376896506075,10.923,3.779,0.26943455991400805,0.04619411237061752,4.383583473917474
MA39_1.csv,SMD,Uysal_2005,0.5412779933310146,0.05547719077846325,0.10144601595717528,10.759,3.67,0.26484619653366853,0.04314901360013447,4.596882517871204
MA39_1.csv,SMD,Zoicas_2016,0.4084097875990729,0.05964385288322793,0.14163421199131776,8.176,2.811,0.20533415332159854,0.016091255024293448,8.199035910808982
MA39_1.csv,SMD,Couto-Pereira_2019,0.39609558863322486,0.060256366143286666,0.14758418333216894,7.831,2.716,0.19854908555590126,0.014174139235608799,8.732781718888226
MA39_1.csv,SMD,Xiong_2015,0.36683910991771457,0.061969052180842366,0.16425237641810098,7.389,2.548,0.18141787951671418,0.010118865316154175,10.228332423725861
MA39_1.csv,SMD,Xiong_2015,0.4091210156747038,0.05961016789267681,0.1413072150321959,8.279,2.838,0.2057185759083488,0.016205644190861478,8.169704713951909
MA39_1.csv,SMD,Xiong_2015,0.4137216031893507,0.05939648465737768,0.13923346522377855,8.182,2.843,0.208185827788866,0.01695505500634556,7.983698056640087
MA39_1.csv,SMD,Cao_2014,0.45946829173634074,0.057610732629256534,0.12194973185182478,9.147,3.163,0.2309762366579629,0.025245717303729168,6.433899922256825
MA39_1.csv,SMD,Cao_2014,0.4632218423078053,0.057487357603941414,0.12075922285343887,9.28,3.158,0.232713001362769,0.025988593247889987,6.327186524949746
MA39_1.csv,SMD,Reshetnikov_2018,0.4864601163473162,0.05678634437695096,0.11400524544241497,9.638,3.278,0.24304954109072663,0.030774806539816523,5.721890106546401
MA39_1.csv,SMD,Lai_2006,0.3093504533311712,0.06687622512686331,0.21205179843397148,6.184,2.183,0.14342704408307436,0.0043013031666881965,14.517557330710817
MA39_1.csv,SMD,Lai_2006,0.309009501043711,0.06691382841825089,0.212417288691648,6.225,2.17,0.1431846520526313,0.004275335135773627,14.55034602733971
MA39_1.csv,SMD,Huang_2002,0.48612268180449975,0.056795806246854985,0.11409628237675307,9.579,3.305,0.24290441947404587,0.03070311640253507,5.730047612989808
MA39_1.csv,SMD,Kosten_2006,0.5408089538044547,0.05548672623459816,0.10153721096247847,10.908,3.677,0.2646737622267312,0.04303775114607351,4.605048472788031
MA39_1.csv,SMD,Diehl_2014,0.7310870917607393,0.0529979385281919,0.07790362327820044,14.654,4.898,0.3195588929755689,0.09175351251344081,2.490568475000854
MA39_1.csv,SMD,Xue_2013,0.5782800597124659,0.05479676451961968,0.09495036719915184,11.419,3.903,0.2777639800741802,0.05215360713911995,4.015360267953216
MA39_1.csv,SMD,Diehl_2012,0.4723858031731119,0.05719847401020506,0.11797373793778199,9.366,3.204,0.23687346200172882,0.027838475497352695,6.077526392757693
MA39_1.csv,SMD,Kosten_2006,0.5408089538044547,0.05548672623459816,0.10153721096247847,10.712,3.67,0.2646737622267312,0.04303775114607351,4.605048472788031
MA39_2.csv,SMD,banqueri_2018,0.44721359549995793,0.05155070957703711,0.26314329049271523,20.169,1.937,0.3673079591185181,0.0019399862894485596,21.15925809156781
MA39_2.csv,SMD,Xu_2018,0.519176703654897,0.05115033610131581,0.20739490156407137,23.459,2.211,0.3849944779601259,0.004648848267536632,15.624456546275557
MA39_2.csv,SMD,Sun_2014,0.5170141471444771,0.051159986223930365,0.20874386120833122,23.234,2.196,0.3845306492017762,0.004544903506541091,15.758387498440085
MA39_2.csv,SMD,Sun_2014,0.39246386817350615,0.05201410725896738,0.3264542420650197,17.747,1.733,0.3498603263087051,7.986848198990404e-4,27.444013480605236
MA39_2.csv,SMD,Sun_2014,0.39565588806977187,0.051981701356569876,0.32208873470540256,17.851,1.741,0.3509984482600669,8.469945761674743e-4,27.010703334883267
MA39_2.csv,SMD,Chocyk_2014,0.32005060360207055,0.05303046713887505,0.4567052759508765,14.287,1.475,0.31867177524099205,1.5151666419352196e-4,40.367480881200144
MA39_2.csv,SMD,Uysal_2005,0.5529712646144013,0.0510139442141494,0.18832489418553722,24.741,2.358,0.39179486629834376,0.006464502654753364,13.731094997138783
MA39_2.csv,SMD,Uysal_2005,0.5251053368406554,0.05112448966458438,0.2037814792562136,23.505,2.234,0.38624750696769766,0.004941298702406864,15.265698959162922
MA39_2.csv,SMD,Wang_2011,0.3541050659678667,0.05247478808846162,0.387223509929124,15.938,1.583,0.3347475827456871,3.617366489732497e-4,33.47487218406624
MA39_2.csv,SMD,Asia_2008,0.46579341443058914,0.05142936087303962,0.24631285299081962,20.962,2.014,0.372363638370622,0.0024967643930031117,19.488349211778
MA39_2.csv,SMD,Xiong_2014,0.5009926427692363,0.05123542065057085,0.21928395940896706,22.511,2.155,0.38097663303352697,0.0038198177882143593,16.80485387583962
MA39_2.csv,SMD,Pusceddu_2015,0.4473171655229446,0.051549990896331055,0.2630438509605071,19.953,1.941,0.3673372225534422,0.0019428332354349132,21.149386006417604
MA39_2.csv,SMD,Kosten_2006,0.5566422518292548,0.05100060653266292,0.18646038385071106,25.22,2.342,0.3924862417957021,0.006683589164066399,13.545977731804815
MA39_2.csv,SMD,Diehl_2014,1.089675829621574,0.050260990905542036,0.08449171343638373,49.252,4.421,0.44443963964127026,0.07274272706896144,3.4230722530841695
MA39_2.csv,SMD,Kosten_2006,0.5566422518292548,0.05100060653266292,0.18646038385071106,24.988,2.365,0.3924862417957021,0.006683589164066399,13.545977731804815
MA17.csv,Zr,Bensky_et_al,0.408656334834051,0.05372386764155512,0.06841419299222684,12.941,5.991,0.30107361459264403,0.13399230308669696,1.4690325350671718
MA17.csv,Zr,Bensky_et_al,0.408656334834051,0.05372386764155512,0.06841419299222684,12.965,5.966,0.30107361459264403,0.13399230308669696,1.4690325350671718
MA17.csv,Zr,Exnerova_et_al,0.16431676725154984,0.07328258385622644,0.16808935698607175,5.324,2.497,0.10947935874575945,0.009395180677894384,9.48067731298453
MA17.csv,Zr,Mesquita_et_al,0.28809720581775866,0.05750923671110786,0.08739844989315038,9.135,4.241,0.23240329305307478,0.06605747703492458,2.9889213182042518
MA17.csv,Zr,Guillette_et_al,0.19493588689617927,0.06648403205813191,0.13312442706559735,6.283,2.941,0.14599241429995782,0.01942810881465047,6.664039500746544
MA17.csv,Zr,Guillette_et_al,0.2,0.06565280259913275,0.12886088945127172,6.462,3.001,0.15166443207763647,0.021425307649633844,6.320808685213897
MA17.csv,Zr,Guillette_et_al,0.20493901531919198,0.06490134536128578,0.12501011679124407,6.603,3.083,0.15708647268883205,0.023455887128407595,6.010877142995829
MA17.csv,Zr,Guillette_et_al,0.2073644135332772,0.06455202824164397,0.12322135061577599,6.654,3.097,0.15970890206367244,0.02448172704148491,5.866932237413202
MA17.csv,Zr,Guillette_et_al,0.20493901531919198,0.06490134536128578,0.12501011679124407,6.645,3.098,0.15708647268883205,0.023455887128407595,6.010877142995829
MA17.csv,Zr,Guillette_et_al,0.20493901531919198,0.06490134536128578,0.12501011679124407,6.559,3.07,0.15708647268883205,0.023455887128407595,6.010877142995829
MA17.csv,Zr,Kareklas_et_al,0.28809720581775866,0.05750923671110786,0.08739844989315038,9.218,4.248,0.23240329305307478,0.06605747703492458,2.9889213182042518
MA17.csv,Zr,Moiron_et_al,0.18973665961010275,0.06740844054134476,0.13787019548352486,6.116,2.884,0.14005281621732305,0.0174712498573221,7.04617549421801
MA17.csv,Zr,Bousquet_et_al,0.3781534080237807,0.054350469008520697,0.0715399260075299,12.105,5.547,0.2869700293289487,0.11744270874899132,1.71894569990092
MA17.csv,Zr,Guillette_et_al,0.21908902300206645,0.06302525557637262,0.11541381572370402,7.025,3.303,0.17200992922606034,0.029689146494145,5.238856014733139
MA17.csv,Zr,Moldoff_Westneat,0.2588435821108957,0.05931210615412186,0.0965159793969852,8.29,3.834,0.2091739566185366,0.049771810431992296,3.720387324286334
MA17.csv,Zr,Kazlauckas_et_al,0.20493901531919198,0.06490134536128578,0.12501011679124407,6.579,3.085,0.15708647268883205,0.023455887128407595,6.010877142995829
MA17.csv,Zr,Gibelli_Dubois,0.25099800796022265,0.059906695616176564,0.09953205637657292,8.053,3.752,0.20237563163094816,0.04557374564251919,3.9625360760396355
MA17.csv,Zr,Gibelli_Dubois,0.24289915602982237,0.0605823758581433,0.10296448027774296,7.758,3.602,0.19508868477834665,0.041344313867440516,4.238210441959966
MA17.csv,Zr,Gibelli_Dubois,0.2588435821108957,0.05931210615412186,0.0965159793969852,8.368,3.841,0.2091739566185366,0.049771810431992296,3.720387324286334
MA17.csv,Zr,Logan,0.44721359549995793,0.05310828885360386,0.06535059425335776,14.302,6.542,0.3165738968382477,0.15381000796806749,1.2242305399753906
MA17.csv,Zr,Logan,0.44721359549995793,0.05310828885360386,0.06535059425335776,14.145,6.586,0.3165738968382477,0.15381000796806749,1.2242305399753906
MA17.csv,Zr,Logan,0.5,0.05248570406509423,0.062259629359237456,15.803,7.233,0.3344111722376082,0.1787492595618202,0.9773925294143226
MA17.csv,Zr,Logan,0.5,0.05248570406509423,0.062259629359237456,15.848,7.309,0.3344111722376082,0.1787492595618202,0.9773925294143226
MA17.csv,Zr,Titulaer_et_al,0.1414213562373095,0.08156035498569902,0.21062781025489474,4.613,2.159,0.08045620405328215,0.004404248913099128,12.906745526919572
MA17.csv,Zr,Titulaer_et_al,0.18973665961010275,0.06740844054134476,0.13787019548352486,6.165,2.88,0.14005281621732305,0.0174712498573221,7.04617549421801
MA17.csv,Zr,Titulaer_et_al,0.23664319132398465,0.06115286636080697,0.10586646862252169,7.637,3.507,0.18926752648956474,0.03816047448262392,4.471360226171472
MA17.csv,Zr,Titulaer_et_al,0.1414213562373095,0.08156035498569902,0.21062781025489474,4.608,2.21,0.08045620405328215,0.004404248913099128,12.906745526919572
MA17.csv,Zr,Titulaer_et_al,0.1414213562373095,0.08156035498569902,0.21062781025489474,4.613,2.209,0.08045620405328215,0.004404248913099128,12.906745526919572
MA17.csv,Zr,Bannier_et_al,0.13784048752090222,0.08324808384951943,0.2192632597933547,4.512,2.148,0.07588559525942976,0.0038211034767880727,13.601517594383527
MA17.csv,Zr,Bannier_et_al,0.13784048752090222,0.08324808384951943,0.2192632597933547,4.505,2.143,0.07588559525942976,0.0038211034767880727,13.601517594383527
MA17.csv,Zr,Brust_Guenther,0.23664319132398465,0.06115286636080697,0.10586646862252169,7.611,3.555,0.18926752648956474,0.03816047448262392,4.471360226171472
MA17.csv,Zr,Brust_Guenther,0.2664582518894845,0.05878483801870149,0.09384503303267011,8.546,3.95,0.2155346397857248,0.05392699026145224,3.506019501396862
MA17.csv,Zr,Brust_Guenther,0.23664319132398465,0.06115286636080697,0.10586646862252169,7.606,3.498,0.18926752648956474,0.03816047448262392,4.471360226171472
MA17.csv,Zr,Brust_Guenther,0.2664582518894845,0.05878483801870149,0.09384503303267011,8.584,3.933,0.2155346397857248,0.05392699026145224,3.506019501396862
MA17.csv,Zr,Brust_Guenther,0.23664319132398465,0.06115286636080697,0.10586646862252169,7.534,3.516,0.18926752648956474,0.03816047448262392,4.471360226171472
MA17.csv,Zr,Brust_Guenther,0.2664582518894845,0.05878483801870149,0.09384503303267011,8.62,3.912,0.2155346397857248,0.05392699026145224,3.506019501396862
MA17.csv,Zr,Guenther_et_al,0.23664319132398465,0.06115286636080697,0.10586646862252169,7.637,3.541,0.18926752648956474,0.03816047448262392,4.471360226171472
MA17.csv,Zr,Guenther_et_al,0.408656334834051,0.05372386764155512,0.06841419299222684,12.962,5.963,0.30107361459264403,0.13399230308669696,1.4690325350671718
MA17.csv,Zr,Guenther_et_al,0.23664319132398465,0.06115286636080697,0.10586646862252169,7.681,3.501,0.18926752648956474,0.03816047448262392,4.471360226171472
MA17.csv,Zr,Guenther_et_al,0.408656334834051,0.05372386764155512,0.06841419299222684,13.092,5.977,0.30107361459264403,0.13399230308669696,1.4690325350671718
MA17.csv,Zr,Guenther_et_al,0.24289915602982237,0.0605823758581433,0.10296448027774296,7.777,3.612,0.19508868477834665,0.041344313867440516,4.238210441959966
MA17.csv,Zr,Guenther_et_al,0.44721359549995793,0.05310828885360386,0.06535059425335776,14.201,6.496,0.3165738968382477,0.15381000796806749,1.2242305399753906
MA17.csv,Zr,Brust_Guenther,0.24289915602982237,0.0605823758581433,0.10296448027774296,7.736,3.609,0.19508868477834665,0.041344313867440516,4.238210441959966
MA17.csv,Zr,Brust_Guenther,0.24289915602982237,0.0605823758581433,0.10296448027774296,7.793,3.623,0.19508868477834665,0.041344313867440516,4.238210441959966
MA17.csv,Zr,Brust_Guenther,0.24289915602982237,0.0605823758581433,0.10296448027774296,7.805,3.63,0.19508868477834665,0.041344313867440516,4.238210441959966
MA17.csv,Zr,Udino_et_al,0.15491933384829668,0.076231918941008,0.18326865757540878,5.025,2.381,0.09766321443032533,0.007079506103422569,10.703673863440077
MA17.csv,Zr,Udino_et_al,0.15491933384829668,0.076231918941008,0.18326865757540878,5.054,2.376,0.09766321443032533,0.007079506103422569,10.703673863440077
MA17.csv,Zr,Udino_et_al,0.15491933384829668,0.076231918941008,0.18326865757540878,5.051,2.38,0.09766321443032533,0.007079506103422569,10.703673863440077
MA17.csv,Zr,Bebus_et_al,0.3781534080237807,0.054350469008520697,0.0715399260075299,12.126,5.507,0.2869700293289487,0.11744270874899132,1.71894569990092
MA17.csv,Zr,Bebus_et_al,0.3331666249791536,0.05560881228558345,0.07783802157754949,10.582,4.951,0.2624855142745619,0.09197583592978159,2.2229209291966034
MA17.csv,Zr,Bebus_et_al,0.3331666249791536,0.05560881228558345,0.07783802157754949,10.619,4.92,0.2624855142745619,0.09197583592978159,2.2229209291966034
MA17.csv,Zr,Bebus_et_al,0.3331666249791536,0.05560881228558345,0.07783802157754949,10.706,4.884,0.2624855142745619,0.09197583592978159,2.2229209291966034
MA17.csv,Zr,Bebus_et_al,0.3331666249791536,0.05560881228558345,0.07783802157754949,10.724,4.875,0.2624855142745619,0.09197583592978159,2.2229209291966034
MA17.csv,Zr,Brust_et_al,0.30166206257996714,0.05684645723176529,0.08405796004228949,9.642,4.444,0.242130285170284,0.07381833042127336,2.72115028105242
MA17.csv,Zr,Brust_et_al,0.3535533905932738,0.05497878259933797,0.07468127526935975,11.337,5.175,0.27418419617096834,0.10363627655170873,1.9702492670021776
MA17.csv,Zr,Nawroth_et_al,0.3331666249791536,0.05560881228558345,0.07783802157754949,10.632,4.869,0.2624855142745619,0.09197583592978159,2.2229209291966034
MA17.csv,Zr,Nawroth_et_al,0.3331666249791536,0.05560881228558345,0.07783802157754949,10.641,4.873,0.2624855142745619,0.09197583592978159,2.2229209291966034
MA17.csv,Zr,Carazo_et_al,0.13784048752090222,0.08324808384951943,0.2192632597933547,4.486,2.127,0.07588559525942976,0.0038211034767880727,13.601517594383527
MA17.csv,Zr,Carazo_et_al,0.13784048752090222,0.08324808384951943,0.2192632597933547,4.473,2.144,0.07588559525942976,0.0038211034767880727,13.601517594383527
MA17.csv,Zr,Carazo_et_al,0.13784048752090222,0.08324808384951943,0.2192632597933547,4.479,2.148,0.07588559525942976,0.0038211034767880727,13.601517594383527
MA17.csv,Zr,Carazo_et_al,0.13784048752090222,0.08324808384951943,0.2192632597933547,4.506,2.147,0.07588559525942976,0.0038211034767880727,13.601517594383527
MA17.csv,Zr,DePasquale_et_al,0.20493901531919198,0.06490134536128578,0.12501011679124407,6.606,3.091,0.15708647268883205,0.023455887128407595,6.010877142995829
MA17.csv,Zr,DePasquale_et_al,0.20493901531919198,0.06490134536128578,0.12501011679124407,6.628,3.095,0.15708647268883205,0.023455887128407595,6.010877142995829
MA17.csv,Zr,DePasquale_et_al,0.20493901531919198,0.06490134536128578,0.12501011679124407,6.636,3.09,0.15708647268883205,0.023455887128407595,6.010877142995829
MA17.csv,Zr,Dugatkin_Alfieri,0.18439088914585774,0.06844261541659769,0.14318401947645654,5.937,2.791,0.1338267403811768,0.015562515095576624,7.474140405985885
MA17.csv,Zr,Dugatkin_Alfieri,0.19235384061671346,0.06693363690044118,0.1354321032642567,6.229,2.903,0.1430572136752065,0.01844417055204686,6.849846636381551
MA34.csv,Zr,Anderson_1993,0.22941573398526963,0.12584583639888614,0.18373199526580042,3.083,2.379,0.02299524127298736,0.007020330819104942,5.788615886691428
MA34.csv,Zr,Anderson_1993,0.22941573398526963,0.12584583639888614,0.18373199526580042,3.077,2.359,0.02299524127298736,0.007020330819104942,5.788615886691428
MA34.csv,Zr,Anderson_1993,0.22941573398526963,0.12584583639888614,0.18373199526580042,3.063,2.377,0.02299524127298736,0.007020330819104942,5.788615886691428
MA34.csv,Zr,Anderson_1993,0.22941573398526963,0.12584583639888614,0.18373199526580042,3.035,2.375,0.02299524127298736,0.007020330819104942,5.788615886691428
MA34.csv,Zr,Anderson_1993,0.22941573398526963,0.12584583639888614,0.18373199526580042,3.084,2.369,0.02299524127298736,0.007020330819104942,5.788615886691428
MA34.csv,Zr,Anderson_1993,0.22941573398526963,0.12584583639888614,0.18373199526580042,3.066,2.375,0.02299524127298736,0.007020330819104942,5.788615886691428
MA34.csv,Zr,Anderson_etal_2017,0.25,0.11359580479845932,0.16209764500890345,3.323,2.584,0.031099902738001308,0.010554897306980615,4.850184021044413
MA34.csv,Zr,Anderson_etal_2017,0.25,0.11359580479845932,0.16209764500890345,3.333,2.567,0.031099902738001308,0.010554897306980615,4.850184021044413
MA34.csv,Zr,Anderson_etal_2017,0.25,0.11359580479845932,0.16209764500890345,3.329,2.57,0.031099902738001308,0.010554897306980615,4.850184021044413
MA34.csv,Zr,Anderson_etal_2017,0.25,0.11359580479845932,0.16209764500890345,3.28,2.595,0.031099902738001308,0.010554897306980615,4.850184021044413
MA34.csv,Zr,Anderson_etal_2017,0.25,0.11359580479845932,0.16209764500890345,3.315,2.571,0.031099902738001308,0.010554897306980615,4.850184021044413
MA34.csv,Zr,Anderson_etal_2017,0.25,0.11359580479845932,0.16209764500890345,3.336,2.574,0.031099902738001308,0.010554897306980615,4.850184021044413
MA34.csv,Zr,Anderson_etal_2017,0.25,0.11359580479845932,0.16209764500890345,3.346,2.569,0.031099902738001308,0.010554897306980615,4.850184021044413
MA34.csv,Zr,Anderson_etal_2017,0.25,0.11359580479845932,0.16209764500890345,3.319,2.581,0.031099902738001308,0.010554897306980615,4.850184021044413
MA34.csv,Zr,Anderson_etal_2017,0.25,0.11359580479845932,0.16209764500890345,3.281,2.572,0.031099902738001308,0.010554897306980615,4.850184021044413
MA34.csv,Zr,Anderson_etal_2017,0.25,0.11359580479845932,0.16209764500890345,3.299,2.573,0.031099902738001308,0.010554897306980615,4.850184021044413
MA34.csv,Zr,Anderson_etal_2017,0.16666666733333332,0.19618974561890845,0.30558714980609736,2.277,1.792,0.005629222195123292,0.001060562197472752,10.939740418718891
MA34.csv,Zr,Anderson_etal_2017,0.16222141967076975,0.2045086919718433,0.3196104713355148,2.231,1.747,0.004880746600291932,8.758271456066785e-4,11.51017793636715
MA34.csv,Zr,Anderson_etal_2017,0.1643989872231578,0.20034928177355504,0.3126112327754993,2.247,1.762,0.005239274668141043,9.632000371320771e-4,11.226195100194424
MA34.csv,Zr,Anderson_etal_2017,0.1643989872231578,0.20034928177355504,0.3126112327754993,2.252,1.784,0.005239274668141043,9.632000371320771e-4,11.226195100194424
MA34.csv,Zr,Anderson_etal_2017,0.16666666733333332,0.19618974561890845,0.30558714980609736,2.279,1.79,0.005629222195123292,0.001060562197472752,10.939740418718891
MA34.csv,Zr,Anderson_etal_2017,0.1690308522134347,0.19203045780371908,0.29853944109713737,2.309,1.81,0.0060538795810036105,0.00116922887708751,10.650898329341828
MA34.csv,Zr,Anderson_etal_2017,0.1690308522134347,0.19203045780371908,0.29853944109713737,2.314,1.819,0.0060538795810036105,0.00116922887708751,10.650898329341828
MA34.csv,Zr,Anderson_etal_2017,0.1643989872231578,0.20034928177355504,0.3126112327754993,2.249,1.769,0.005239274668141043,9.632000371320771e-4,11.226195100194424
MA34.csv,Zr,Anderson_etal_2017,0.1643989872231578,0.20034928177355504,0.3126112327754993,2.255,1.779,0.005239274668141043,9.632000371320771e-4,11.226195100194424
MA34.csv,Zr,Anderson_etal_2017,0.16666666733333332,0.19618974561890845,0.30558714980609736,2.273,1.794,0.005629222195123292,0.001060562197472752,10.939740418718891
MA34.csv,Zr,Arden & Adams_2016,0.13363062149073468,0.2789631581331955,0.4401895156902508,1.885,1.496,0.0015414293685179692,1.8600040375621807e-4,16.122635755705527
MA34.csv,Zr,Arden & Adams_2016,0.1414213562373095,0.25428305623168757,0.4012733638125102,1.962,1.561,0.0022132204671593447,3.0274514378310553e-4,14.699030758082266
MA34.csv,Zr,Arden & Adams_2016,0.138675048224257,0.26253078476037583,0.41440146635610287,1.935,1.548,0.0019575973456355438,2.566520821415771e-4,15.187068159572704
MA34.csv,Zr,Arden & Adams_2016,0.1643989872231578,0.20034928177355504,0.3126112327754993,2.257,1.774,0.005239274668141043,9.632000371320771e-4,11.226195100194424
MA34.csv,Zr,Arden & Adams_2016,0.13245323703103673,0.2830564782701578,0.44653543945604013,1.864,1.482,0.0014538538566782758,1.7189498967968577e-4,16.347896118588235
MA34.csv,Zr,Arden & Adams_2016,0.1414213562373095,0.25428305623168757,0.4012733638125102,1.973,1.567,0.0022132204671593447,3.0274514378310553e-4,14.699030758082266
MA34.csv,Zr,Arden & Adams_2016,0.13245323703103673,0.2830564782701578,0.44653543945604013,1.865,1.486,0.0014538538566782758,1.7189498967968577e-4,16.347896118588235
MA34.csv,Zr,Arden & Adams_2016,0.14002800791270295,0.25840930936601847,0.4078563760229349,1.951,1.548,0.0020809018780766513,2.7864542951864954e-4,14.944706665691642
MA34.csv,Zr,Arden & Adams_2016,0.13608276525703025,0.2707582334631189,0.42737518932797836,1.907,1.516,0.0017352970265109317,2.1819631047342625e-4,15.661695586485946
MA34.csv,Zr,Arden & Adams_2016,0.16222141967076975,0.2045086919718433,0.3196104713355148,2.224,1.755,0.004880746600291932,8.758271456066785e-4,11.51017793636715
MA34.csv,Zr,Arden & Adams_2016,0.129099446164575,0.29529672280560937,0.465322003505926,1.832,1.453,0.0012233039657448966,1.3617128898809244e-4,17.002528070031666
MA34.csv,Zr,Arden & Adams_2016,0.138675048224257,0.26253078476037583,0.41440146635610287,1.943,1.537,0.0019575973456355438,2.566520821415771e-4,15.187068159572704
MA34.csv,Zr,Arden & Adams_2016,0.129099446164575,0.29529672280560937,0.465322003505926,1.819,1.46,0.0012233039657448966,1.3617128898809244e-4,17.002528070031666
MA34.csv,Zr,Arden & Adams_2016,0.1443375661427059,0.24601741485717366,0.3879964498656908,2.005,1.598,0.0025080430602428174,3.5819742985550393e-4,14.197903500851716
MA34.csv,Zr,Arden & Adams_2016,0.1690308522134347,0.19203045780371908,0.29853944109713737,2.313,1.812,0.0060538795810036105,0.00116922887708751,10.650898329341828
MA34.csv,Zr,Arden & Adams_2016,0.138675048224257,0.26253078476037583,0.41440146635610287,1.938,1.54,0.0019575973456355438,2.566520821415771e-4,15.187068159572704
MA34.csv,Zr,Arden & Adams_2016,0.1443375661427059,0.24601741485717366,0.3879964498656908,2.011,1.594,0.0025080430602428174,3.5819742985550393e-4,14.197903500851716
MA34.csv,Zr,Arden & Adams_2016,0.13736056566569607,0.2666471825104808,0.42090794407199783,1.928,1.527,0.0018426083539599747,2.3656274740886535e-4,15.426076156151701
MA34.csv,Zr,Arden & Adams_2016,0.16666666733333332,0.19618974561890845,0.30558714980609736,2.29,1.796,0.005629222195123292,0.001060562197472752,10.939740418718891
MA34.csv,Zr,Arden & Adams_2016,0.13483997181844856,0.2748636574116493,0.4338025863383195,1.885,1.508,0.001635081273816817,2.0139063771514726e-4,15.893892892667017
MA34.csv,Zr,Arden & Adams_2016,0.1414213562373095,0.25428305623168757,0.4012733638125102,1.978,1.557,0.0022132204671593447,3.0274514378310553e-4,14.699030758082266
MA34.csv,Zr,Arden & Adams_2016,0.13483997181844856,0.2748636574116493,0.4338025863383195,1.899,1.508,0.001635081273816817,2.0139063771514726e-4,15.893892892667017
MA34.csv,Zr,Arden & Adams_2016,0.15811388300841897,0.21282565103576223,0.33352972018635774,2.174,1.704,0.004246537098102305,7.266166211928704e-4,12.07040691505955
MA34.csv,Zr,Arden & Adams_2016,0.15811388300841897,0.21282565103576223,0.33352972018635774,2.173,1.711,0.004246537098102305,7.266166211928704e-4,12.07040691505955
MA34.csv,Zr,Arden & Adams_2016,0.15811388300841897,0.21282565103576223,0.33352972018635774,2.183,1.715,0.004246537098102305,7.266166211928704e-4,12.07040691505955
MA34.csv,Zr,Arden & Adams_2016,0.13736056566569607,0.2666471825104808,0.42090794407199783,1.932,1.538,0.0018426083539599747,2.3656274740886535e-4,15.426076156151701
MA34.csv,Zr,Arden & Adams_2016,0.12803688140532007,0.29936270893212,0.4714988593119117,1.824,1.449,0.0011559238454131066,1.261424726864855e-4,17.213615037979167
MA34.csv,Zr,Arden & Adams_2016,0.13608276525703025,0.2707582334631189,0.42737518932797836,1.9,1.521,0.0017352970265109317,2.1819631047342625e-4,15.661695586485946
MA34.csv,Zr,Ashton_etal_2018,0.15075567319341585,0.22944219066453508,0.3610208806116503,2.091,1.637,0.0032452035301414883,5.064141928706155e-4,13.157868994711519
MA34.csv,Zr,Ashton_etal_2018,0.15075567319341585,0.22944219066453508,0.3610208806116503,2.083,1.637,0.0032452035301414883,5.064141928706155e-4,13.157868994711519
MA34.csv,Zr,Ashton_etal_2018,0.14907119775462999,0.23359069933777177,0.367815413745859,2.059,1.646,0.003039711161278973,4.6381325527938404e-4,13.422471440808724
MA34.csv,Zr,Ashton_etal_2018,0.14907119775462999,0.23359069933777177,0.367815413745859,2.058,1.624,0.003039711161278973,4.6381325527938404e-4,13.422471440808724
MA34.csv,Zr,Ashton_etal_2018,0.15075567319341585,0.22944219066453508,0.3610208806116503,2.087,1.65,0.0032452035301414883,5.064141928706155e-4,13.157868994711519
MA34.csv,Zr,Ashton_etal_2018,0.15075567319341585,0.22944219066453508,0.3610208806116503,2.085,1.64,0.0032452035301414883,5.064141928706155e-4,13.157868994711519
MA34.csv,Zr,Ashton_etal_2018,0.2886751340174626,0.09739220306969121,0.13341364739670303,3.826,2.942,0.04850140007841991,0.019301254181090195,3.602144432701182
MA34.csv,Zr,Ashton_etal_2018,0.2886751340174626,0.09739220306969121,0.13341364739670303,3.779,2.914,0.04850140007841991,0.019301254181090195,3.602144432701182
MA34.csv,Zr,Ashton_etal_2018,0.27735009825128965,0.10142764825240858,0.1405603747506401,3.649,2.816,0.04317146868624213,0.01647070728892333,3.913272649823152
MA34.csv,Zr,Ashton_etal_2018,0.2886751340174626,0.09739220306969121,0.13341364739670303,3.83,2.939,0.04850140007841991,0.019301254181090195,3.602144432701182
MA34.csv,Zr,Ashton_etal_2018,0.2886751340174626,0.09739220306969121,0.13341364739670303,3.851,2.948,0.04850140007841991,0.019301254181090195,3.602144432701182
MA34.csv,Zr,Ashton_etal_2018,0.2886751340174626,0.09739220306969121,0.13341364739670303,3.783,2.926,0.04850140007841991,0.019301254181090195,3.602144432701182
MA34.csv,Zr,Ashton_etal_2018,0.37796447319820947,0.0773937644901238,0.09803502070324477,4.954,3.793,0.09350145765790438,0.04759651125828337,2.064125621312096
MA34.csv,Zr,Ashton_etal_2018,0.37796447319820947,0.0773937644901238,0.09803502070324477,4.952,3.777,0.09350145765790438,0.04759651125828337,2.064125621312096
MA34.csv,Zr,Ashton_etal_2018,0.37796447319820947,0.0773937644901238,0.09803502070324477,4.938,3.749,0.09350145765790438,0.04759651125828337,2.064125621312096
MA34.csv,Zr,Ashton_etal_2018,0.37796447319820947,0.0773937644901238,0.09803502070324477,4.91,3.77,0.09350145765790438,0.04759651125828337,2.064125621312096
MA34.csv,Zr,Ashton_etal_2018,0.37796447319820947,0.0773937644901238,0.09803502070324477,4.973,3.779,0.09350145765790438,0.04759651125828337,2.064125621312096
MA34.csv,Zr,Ashton_etal_2018,0.37796447319820947,0.0773937644901238,0.09803502070324477,4.901,3.787,0.09350145765790438,0.04759651125828337,2.064125621312096
MA34.csv,Zr,Boogert_etal_2011,0.1443375661427059,0.24601741485717366,0.3879964498656908,1.998,1.589,0.0025080430602428174,3.5819742985550393e-4,14.197903500851716
MA34.csv,Zr,Boogert_etal_2011,0.1458649923730845,0.24187862516360137,0.38130404434436027,2.024,1.605,0.0026723175246728395,3.900893480547154e-4,13.94254191807589
MA34.csv,Zr,Boogert_etal_2011,0.22941573398526963,0.12584583639888614,0.18373199526580042,3.052,2.369,0.02299524127298736,0.007020330819104942,5.788615886691428
MA34.csv,Zr,Boogert_etal_2011,0.1443375661427059,0.24601741485717366,0.3879964498656908,2.008,1.596,0.0025080430602428174,3.5819742985550393e-4,14.197903500851716
MA34.csv,Zr,Boogert_etal_2011,0.1443375661427059,0.24601741485717366,0.3879964498656908,2.016,1.598,0.0025080430602428174,3.5819742985550393e-4,14.197903500851716
MA34.csv,Zr,Boogert_etal_2011,0.22941573398526963,0.12584583639888614,0.18373199526580042,3.059,2.376,0.02299524127298736,0.007020330819104942,5.788615886691428
MA34.csv,Zr,Boogert_etal_2011,0.14285714192857144,0.25015232623184047,0.39465314505613824,1.995,1.582,0.0023553198702376704,3.2917778510808943e-4,14.450081882429778
MA34.csv,Zr,Boogert_etal_2011,0.22941573398526963,0.12584583639888614,0.18373199526580042,3.056,2.362,0.02299524127298736,0.007020330819104942,5.788615886691428
MA34.csv,Zr,Boogert_etal_2011,0.1443375661427059,0.24601741485717366,0.3879964498656908,2.004,1.598,0.0025080430602428174,3.5819742985550393e-4,14.197903500851716
MA34.csv,Zr,Boogert_etal_2011,0.22941573398526963,0.12584583639888614,0.18373199526580042,3.053,2.376,0.02299524127298736,0.007020330819104942,5.788615886691428
MA34.csv,Zr,DuBois_etal_2018,0.19611613396148722,0.15467298841398047,0.23426981160943428,2.652,2.065,0.012243437678978163,0.0030075174331025624,7.95968231954538
MA34.csv,Zr,DuBois_etal_2018,0.19611613396148722,0.15467298841398047,0.23426981160943428,2.657,2.088,0.012243437678978163,0.0030075174331025624,7.95968231954538
MA34.csv,Zr,DuBois_etal_2018,0.24253562418745828,0.11767072925492006,0.16930129268678562,3.228,2.505,0.028049695416215003,0.009179716413108226,5.163056343186556
MA34.csv,Zr,DuBois_etal_2018,0.20851441436984638,0.14228335840454753,0.2126284242319746,2.785,2.172,0.015867122544115854,0.004260417344744038,7.034506582742706
MA34.csv,Zr,DuBois_etal_2018,0.14744195468047755,0.23773628728683804,0.3745767630454995,2.042,1.625,0.002849164215500668,4.2517414767872836e-4,13.684047575866142
MA34.csv,Zr,DuBois_etal_2018,0.1690308522134347,0.19203045780371908,0.29853944109713737,2.31,1.81,0.0060538795810036105,0.00116922887708751,10.650898329341828
MA34.csv,Zr,DuBois_etal_2018,0.15249857048510324,0.22529109818751325,0.3541940867200972,2.109,1.664,0.003467018911816301,5.534374600136683e-4,12.890298853258397
MA34.csv,Zr,DuBois_etal_2018,0.1690308522134347,0.19203045780371908,0.29853944109713737,2.319,1.81,0.0060538795810036105,0.00116922887708751,10.650898329341828
MA34.csv,Zr,DuBois_etal_2018,0.15249857048510324,0.22529109818751325,0.3541940867200972,2.11,1.662,0.003467018911816301,5.534374600136683e-4,12.890298853258397
MA34.csv,Zr,DuBois_etal_2018,0.17407765508530956,0.18371416292734455,0.2843782474331932,2.391,1.857,0.007022597339188022,0.0014267702622475964,10.066408450584863
MA34.csv,Zr,Galsworthy_etal_2005,0.11111111105555556,0.37882100126716267,0.5855230561963913,1.604,1.304,4.026698420454374e-4,3.018890756815021e-5,20.670205492922868
MA34.csv,Zr,Galsworthy_etal_2005,0.11111111105555556,0.37882100126716267,0.5855230561963913,1.611,1.307,4.026698420454374e-4,3.018890756815021e-5,20.670205492922868
MA34.csv,Zr,Galsworthy_etal_2005,0.11111111105555556,0.37882100126716267,0.5855230561963913,1.608,1.301,4.026698420454374e-4,3.018890756815021e-5,20.670205492922868
MA34.csv,Zr,Galsworthy_etal_2005,0.11111111105555556,0.37882100126716267,0.5855230561963913,1.605,1.313,4.026698420454374e-4,3.018890756815021e-5,20.670205492922868
MA34.csv,Zr,Galsworthy_etal_2005,0.11111111105555556,0.37882100126716267,0.5855230561963913,1.607,1.309,4.026698420454374e-4,3.018890756815021e-5,20.670205492922868
MA34.csv,Zr,Galsworthy_etal_2005,0.11111111105555556,0.37882100126716267,0.5855230561963913,1.606,1.296,4.026698420454374e-4,3.018890756815021e-5,20.670205492922868
MA34.csv,Zr,Galsworthy_etal_2005,0.11111111105555556,0.37882100126716267,0.5855230561963913,1.611,1.303,4.026698420454374e-4,3.018890756815021e-5,20.670205492922868
MA34.csv,Zr,Galsworthy_etal_2005,0.11111111105555556,0.37882100126716267,0.5855230561963913,1.613,1.308,4.026698420454374e-4,3.018890756815021e-5,20.670205492922868
MA34.csv,Zr,Galsworthy_etal_2005,0.11111111105555556,0.37882100126716267,0.5855230561963913,1.598,1.309,4.026698420454374e-4,3.018890756815021e-5,20.670205492922868
MA34.csv,Zr,Galsworthy_etal_2005,0.11111111105555556,0.37882100126716267,0.5855230561963913,1.609,1.306,4.026698420454374e-4,3.018890756815021e-5,20.670205492922868
MA34.csv,Zr,Galsworthy_etal_2005,0.11111111105555556,0.37882100126716267,0.5855230561963913,1.612,1.305,4.026698420454374e-4,3.018890756815021e-5,20.670205492922868
MA34.csv,Zr,Galsworthy_etal_2005,0.11111111105555556,0.37882100126716267,0.5855230561963913,1.607,1.309,4.026698420454374e-4,3.018890756815021e-5,20.670205492922868
MA34.csv,Zr,Galsworthy_etal_2005,0.11111111105555556,0.37882100126716267,0.5855230561963913,1.616,1.306,4.026698420454374e-4,3.018890756815021e-5,20.670205492922868
MA34.csv,Zr,Galsworthy_etal_2005,0.11111111105555556,0.37882100126716267,0.5855230561963913,1.615,1.304,4.026698420454374e-4,3.018890756815021e-5,20.670205492922868
MA34.csv,Zr,Galsworthy_etal_2005,0.11111111105555556,0.37882100126716267,0.5855230561963913,1.618,1.301,4.026698420454374e-4,3.018890756815021e-5,20.670205492922868
MA34.csv,Zr,Galsworthy_etal_2005,0.07808688110047679,0.6514621022005038,0.8720738902883705,1.239,1.085,1.2576589864337504e-5,2.452463785193054e-7,22.061178808786664
MA34.csv,Zr,Galsworthy_etal_2005,0.07808688110047679,0.6514621022005038,0.8720738902883705,1.239,1.076,1.2576589864337504e-5,2.452463785193054e-7,22.061178808786664
MA34.csv,Zr,Galsworthy_etal_2005,0.07808688110047679,0.6514621022005038,0.8720738902883705,1.244,1.078,1.2576589864337504e-5,2.452463785193054e-7,22.061178808786664
MA34.csv,Zr,Galsworthy_etal_2005,0.07808688110047679,0.6514621022005038,0.8720738902883705,1.238,1.078,1.2576589864337504e-5,2.452463785193054e-7,22.061178808786664
MA34.csv,Zr,Galsworthy_etal_2005,0.07808688110047679,0.6514621022005038,0.8720738902883705,1.242,1.078,1.2576589864337504e-5,2.452463785193054e-7,22.061178808786664
MA34.csv,Zr,Galsworthy_etal_2005,0.07808688110047679,0.6514621022005038,0.8720738902883705,1.241,1.078,1.2576589864337504e-5,2.452463785193054e-7,22.061178808786664
MA34.csv,Zr,Galsworthy_etal_2005,0.07808688110047679,0.6514621022005038,0.8720738902883705,1.252,1.08,1.2576589864337504e-5,2.452463785193054e-7,22.061178808786664
MA34.csv,Zr,Galsworthy_etal_2005,0.07808688110047679,0.6514621022005038,0.8720738902883705,1.244,1.077,1.2576589864337504e-5,2.452463785193054e-7,22.061178808786664
MA34.csv,Zr,Galsworthy_etal_2005,0.07808688110047679,0.6514621022005038,0.8720738902883705,1.243,1.077,1.2576589864337504e-5,2.452463785193054e-7,22.061178808786664
MA34.csv,Zr,Galsworthy_etal_2005,0.07808688110047679,0.6514621022005038,0.8720738902883705,1.243,1.072,1.2576589864337504e-5,2.452463785193054e-7,22.061178808786664
MA34.csv,Zr,Galsworthy_etal_2005,0.07808688110047679,0.6514621022005038,0.8720738902883705,1.241,1.075,1.2576589864337504e-5,2.452463785193054e-7,22.061178808786664
MA34.csv,Zr,Galsworthy_etal_2005,0.07808688110047679,0.6514621022005038,0.8720738902883705,1.242,1.076,1.2576589864337504e-5,2.452463785193054e-7,22.061178808786664
MA34.csv,Zr,Galsworthy_etal_2005,0.07808688110047679,0.6514621022005038,0.8720738902883705,1.243,1.083,1.2576589864337504e-5,2.452463785193054e-7,22.061178808786664
MA34.csv,Zr,Galsworthy_etal_2005,0.07808688110047679,0.6514621022005038,0.8720738902883705,1.24,1.08,1.2576589864337504e-5,2.452463785193054e-7,22.061178808786664
MA34.csv,Zr,Galsworthy_etal_2005,0.07808688110047679,0.6514621022005038,0.8720738902883705,1.243,1.08,1.2576589864337504e-5,2.452463785193054e-7,22.061178808786664
MA34.csv,Zr,Galsworthy_etal_2005,0.07808688110047679,0.6514621022005038,0.8720738902883705,1.246,1.074,1.2576589864337504e-5,2.452463785193054e-7,22.061178808786664
MA34.csv,Zr,Galsworthy_etal_2005,0.07808688110047679,0.6514621022005038,0.8720738902883705,1.243,1.074,1.2576589864337504e-5,2.452463785193054e-7,22.061178808786664
MA34.csv,Zr,Galsworthy_etal_2005,0.07808688110047679,0.6514621022005038,0.8720738902883705,1.241,1.081,1.2576589864337504e-5,2.452463785193054e-7,22.061178808786664
MA34.csv,Zr,Galsworthy_etal_2005,0.07808688110047679,0.6514621022005038,0.8720738902883705,1.252,1.084,1.2576589864337504e-5,2.452463785193054e-7,22.061178808786664
MA34.csv,Zr,Galsworthy_etal_2005,0.07808688110047679,0.6514621022005038,0.8720738902883705,1.242,1.079,1.2576589864337504e-5,2.452463785193054e-7,22.061178808786664
MA34.csv,Zr,Galsworthy_etal_2005,0.07808688110047679,0.6514621022005038,0.8720738902883705,1.234,1.075,1.2576589864337504e-5,2.452463785193054e-7,22.061178808786664
MA34.csv,Zr,Galsworthy_etal_2005,0.07808688110047679,0.6514621022005038,0.8720738902883705,1.243,1.073,1.2576589864337504e-5,2.452463785193054e-7,22.061178808786664
MA34.csv,Zr,Galsworthy_etal_2005,0.07808688110047679,0.6514621022005038,0.8720738902883705,1.247,1.079,1.2576589864337504e-5,2.452463785193054e-7,22.061178808786664
MA34.csv,Zr,Galsworthy_etal_2005,0.07808688110047679,0.6514621022005038,0.8720738902883705,1.243,1.072,1.2576589864337504e-5,2.452463785193054e-7,22.061178808786664
MA34.csv,Zr,Galsworthy_etal_2005,0.07808688110047679,0.6514621022005038,0.8720738902883705,1.248,1.077,1.2576589864337504e-5,2.452463785193054e-7,22.061178808786664
MA34.csv,Zr,Galsworthy_etal_2005,0.07808688110047679,0.6514621022005038,0.8720738902883705,1.241,1.076,1.2576589864337504e-5,2.452463785193054e-7,22.061178808786664
MA34.csv,Zr,Galsworthy_etal_2005,0.07808688110047679,0.6514621022005038,0.8720738902883705,1.241,1.076,1.2576589864337504e-5,2.452463785193054e-7,22.061178808786664
MA34.csv,Zr,Galsworthy_etal_2005,0.07808688110047679,0.6514621022005038,0.8720738902883705,1.242,1.078,1.2576589864337504e-5,2.452463785193054e-7,22.061178808786664
MA34.csv,Zr,Galsworthy_etal_2005,0.07808688110047679,0.6514621022005038,0.8720738902883705,1.243,1.082,1.2576589864337504e-5,2.452463785193054e-7,22.061178808786664
MA34.csv,Zr,Galsworthy_etal_2005,0.07808688110047679,0.6514621022005038,0.8720738902883705,1.246,1.08,1.2576589864337504e-5,2.452463785193054e-7,22.061178808786664
MA34.csv,Zr,Galsworthy_etal_2005,0.07808688110047679,0.6514621022005038,0.8720738902883705,1.244,1.077,1.2576589864337504e-5,2.452463785193054e-7,22.061178808786664
MA34.csv,Zr,Galsworthy_etal_2005,0.07808688110047679,0.6514621022005038,0.8720738902883705,1.24,1.084,1.2576589864337504e-5,2.452463785193054e-7,22.061178808786664
MA34.csv,Zr,Galsworthy_etal_2005,0.07808688110047679,0.6514621022005038,0.8720738902883705,1.246,1.076,1.2576589864337504e-5,2.452463785193054e-7,22.061178808786664
MA34.csv,Zr,Galsworthy_etal_2005,0.07808688110047679,0.6514621022005038,0.8720738902883705,1.241,1.076,1.2576589864337504e-5,2.452463785193054e-7,22.061178808786664
MA34.csv,Zr,Galsworthy_etal_2005,0.07808688110047679,0.6514621022005038,0.8720738902883705,1.244,1.078,1.2576589864337504e-5,2.452463785193054e-7,22.061178808786664
MA34.csv,Zr,Galsworthy_etal_2005,0.07808688110047679,0.6514621022005038,0.8720738902883705,1.25,1.081,1.2576589864337504e-5,2.452463785193054e-7,22.061178808786664
MA34.csv,Zr,Galsworthy_etal_2005,0.07808688110047679,0.6514621022005038,0.8720738902883705,1.238,1.079,1.2576589864337504e-5,2.452463785193054e-7,22.061178808786664
MA34.csv,Zr,Galsworthy_etal_2005,0.07808688110047679,0.6514621022005038,0.8720738902883705,1.239,1.075,1.2576589864337504e-5,2.452463785193054e-7,22.061178808786664
MA34.csv,Zr,Galsworthy_etal_2005,0.07808688110047679,0.6514621022005038,0.8720738902883705,1.236,1.086,1.2576589864337504e-5,2.452463785193054e-7,22.061178808786664
MA34.csv,Zr,Galsworthy_etal_2005,0.07808688110047679,0.6514621022005038,0.8720738902883705,1.245,1.076,1.2576589864337504e-5,2.452463785193054e-7,22.061178808786664
MA34.csv,Zr,Galsworthy_etal_2005,0.07808688110047679,0.6514621022005038,0.8720738902883705,1.239,1.075,1.2576589864337504e-5,2.452463785193054e-7,22.061178808786664
MA34.csv,Zr,Galsworthy_etal_2005,0.07808688110047679,0.6514621022005038,0.8720738902883705,1.235,1.078,1.2576589864337504e-5,2.452463785193054e-7,22.061178808786664
MA34.csv,Zr,Galsworthy_etal_2005,0.07808688110047679,0.6514621022005038,0.8720738902883705,1.24,1.08,1.2576589864337504e-5,2.452463785193054e-7,22.061178808786664
MA34.csv,Zr,Galsworthy_etal_2005,0.07808688110047679,0.6514621022005038,0.8720738902883705,1.247,1.079,1.2576589864337504e-5,2.452463785193054e-7,22.061178808786664
MA34.csv,Zr,Galsworthy_etal_2005,0.07808688110047679,0.6514621022005038,0.8720738902883705,1.241,1.077,1.2576589864337504e-5,2.452463785193054e-7,22.061178808786664
MA34.csv,Zr,Galsworthy_etal_2005,0.07808688110047679,0.6514621022005038,0.8720738902883705,1.24,1.079,1.2576589864337504e-5,2.452463785193054e-7,22.061178808786664
MA34.csv,Zr,Galsworthy_etal_2005,0.07808688110047679,0.6514621022005038,0.8720738902883705,1.24,1.075,1.2576589864337504e-5,2.452463785193054e-7,22.061178808786664
MA34.csv,Zr,Galsworthy_etal_2005,0.07808688110047679,0.6514621022005038,0.8720738902883705,1.242,1.075,1.2576589864337504e-5,2.452463785193054e-7,22.061178808786664
MA34.csv,Zr,Galsworthy_etal_2005,0.07808688110047679,0.6514621022005038,0.8720738902883705,1.244,1.076,1.2576589864337504e-5,2.452463785193054e-7,22.061178808786664
MA34.csv,Zr,Galsworthy_etal_2005,0.07808688110047679,0.6514621022005038,0.8720738902883705,1.242,1.078,1.2576589864337504e-5,2.452463785193054e-7,22.061178808786664
MA34.csv,Zr,Galsworthy_etal_2005,0.07808688110047679,0.6514621022005038,0.8720738902883705,1.241,1.075,1.2576589864337504e-5,2.452463785193054e-7,22.061178808786664
MA34.csv,Zr,Galsworthy_etal_2005,0.07808688110047679,0.6514621022005038,0.8720738902883705,1.242,1.076,1.2576589864337504e-5,2.452463785193054e-7,22.061178808786664
MA34.csv,Zr,Galsworthy_etal_2005,0.07808688110047679,0.6514621022005038,0.8720738902883705,1.241,1.074,1.2576589864337504e-5,2.452463785193054e-7,22.061178808786664
MA34.csv,Zr,Galsworthy_etal_2005,0.07808688110047679,0.6514621022005038,0.8720738902883705,1.244,1.076,1.2576589864337504e-5,2.452463785193054e-7,22.061178808786664
MA34.csv,Zr,Galsworthy_etal_2005,0.07808688110047679,0.6514621022005038,0.8720738902883705,1.242,1.077,1.2576589864337504e-5,2.452463785193054e-7,22.061178808786664
MA34.csv,Zr,Galsworthy_etal_2002,0.1643989872231578,0.20034928177355504,0.3126112327754993,2.237,1.773,0.005239274668141043,9.632000371320771e-4,11.226195100194424
MA34.csv,Zr,Galsworthy_etal_2002,0.1643989872231578,0.20034928177355504,0.3126112327754993,2.261,1.772,0.005239274668141043,9.632000371320771e-4,11.226195100194424
MA34.csv,Zr,Galsworthy_etal_2002,0.1643989872231578,0.20034928177355504,0.3126112327754993,2.245,1.766,0.005239274668141043,9.632000371320771e-4,11.226195100194424
MA34.csv,Zr,Galsworthy_etal_2002,0.1643989872231578,0.20034928177355504,0.3126112327754993,2.246,1.768,0.005239274668141043,9.632000371320771e-4,11.226195100194424
MA34.csv,Zr,Galsworthy_etal_2002,0.1643989872231578,0.20034928177355504,0.3126112327754993,2.267,1.782,0.005239274668141043,9.632000371320771e-4,11.226195100194424
MA34.csv,Zr,Galsworthy_etal_2002,0.1643989872231578,0.20034928177355504,0.3126112327754993,2.264,1.762,0.005239274668141043,9.632000371320771e-4,11.226195100194424
MA34.csv,Zr,Galsworthy_etal_2002,0.1643989872231578,0.20034928177355504,0.3126112327754993,2.255,1.77,0.005239274668141043,9.632000371320771e-4,11.226195100194424
MA34.csv,Zr,Galsworthy_etal_2002,0.1643989872231578,0.20034928177355504,0.3126112327754993,2.254,1.771,0.005239274668141043,9.632000371320771e-4,11.226195100194424
MA34.csv,Zr,Galsworthy_etal_2002,0.1643989872231578,0.20034928177355504,0.3126112327754993,2.248,1.76,0.005239274668141043,9.632000371320771e-4,11.226195100194424
MA34.csv,Zr,Galsworthy_etal_2002,0.1643989872231578,0.20034928177355504,0.3126112327754993,2.262,1.769,0.005239274668141043,9.632000371320771e-4,11.226195100194424
MA34.csv,Zr,Galsworthy_etal_2002,0.1643989872231578,0.20034928177355504,0.3126112327754993,2.247,1.783,0.005239274668141043,9.632000371320771e-4,11.226195100194424
MA34.csv,Zr,Galsworthy_etal_2002,0.1643989872231578,0.20034928177355504,0.3126112327754993,2.263,1.768,0.005239274668141043,9.632000371320771e-4,11.226195100194424
MA34.csv,Zr,Galsworthy_etal_2002,0.1643989872231578,0.20034928177355504,0.3126112327754993,2.262,1.757,0.005239274668141043,9.632000371320771e-4,11.226195100194424
MA34.csv,Zr,Galsworthy_etal_2002,0.1643989872231578,0.20034928177355504,0.3126112327754993,2.247,1.771,0.005239274668141043,9.632000371320771e-4,11.226195100194424
MA34.csv,Zr,Galsworthy_etal_2002,0.1643989872231578,0.20034928177355504,0.3126112327754993,2.258,1.77,0.005239274668141043,9.632000371320771e-4,11.226195100194424
MA34.csv,Zr,Galsworthy_etal_2002,0.1643989872231578,0.20034928177355504,0.3126112327754993,2.249,1.768,0.005239274668141043,9.632000371320771e-4,11.226195100194424
MA34.csv,Zr,Galsworthy_etal_2002,0.1643989872231578,0.20034928177355504,0.3126112327754993,2.247,1.773,0.005239274668141043,9.632000371320771e-4,11.226195100194424
MA34.csv,Zr,Galsworthy_etal_2002,0.1643989872231578,0.20034928177355504,0.3126112327754993,2.254,1.774,0.005239274668141043,9.632000371320771e-4,11.226195100194424
MA34.csv,Zr,Galsworthy_etal_2002,0.1643989872231578,0.20034928177355504,0.3126112327754993,2.249,1.763,0.005239274668141043,9.632000371320771e-4,11.226195100194424
MA34.csv,Zr,Galsworthy_etal_2002,0.1643989872231578,0.20034928177355504,0.3126112327754993,2.265,1.774,0.005239274668141043,9.632000371320771e-4,11.226195100194424
MA34.csv,Zr,Galsworthy_etal_2002,0.1643989872231578,0.20034928177355504,0.3126112327754993,2.251,1.765,0.005239274668141043,9.632000371320771e-4,11.226195100194424
MA34.csv,Zr,Galsworthy_etal_2002,0.1643989872231578,0.20034928177355504,0.3126112327754993,2.247,1.763,0.005239274668141043,9.632000371320771e-4,11.226195100194424
MA34.csv,Zr,Galsworthy_etal_2002,0.1643989872231578,0.20034928177355504,0.3126112327754993,2.26,1.776,0.005239274668141043,9.632000371320771e-4,11.226195100194424
MA34.csv,Zr,Galsworthy_etal_2002,0.1643989872231578,0.20034928177355504,0.3126112327754993,2.259,1.775,0.005239274668141043,9.632000371320771e-4,11.226195100194424
MA34.csv,Zr,Galsworthy_etal_2002,0.1643989872231578,0.20034928177355504,0.3126112327754993,2.234,1.769,0.005239274668141043,9.632000371320771e-4,11.226195100194424
MA34.csv,Zr,Galsworthy_etal_2002,0.1643989872231578,0.20034928177355504,0.3126112327754993,2.254,1.778,0.005239274668141043,9.632000371320771e-4,11.226195100194424
MA34.csv,Zr,Galsworthy_etal_2002,0.1643989872231578,0.20034928177355504,0.3126112327754993,2.267,1.767,0.005239274668141043,9.632000371320771e-4,11.226195100194424
MA34.csv,Zr,Galsworthy_etal_2002,0.1643989872231578,0.20034928177355504,0.3126112327754993,2.25,1.769,0.005239274668141043,9.632000371320771e-4,11.226195100194424
MA34.csv,Zr,Isden_etal 2013_2013,0.31622776601683794,0.08935542090053195,0.11918342547632255,4.158,3.202,0.06201818937011638,0.027015166332147955,2.98280045757906
MA34.csv,Zr,Isden_etal 2013_2013,0.31622776601683794,0.08935542090053195,0.11918342547632255,4.164,3.19,0.06201818937011638,0.027015166332147955,2.98280045757906
MA34.csv,Zr,Isden_etal 2013_2013,0.3333333331666667,0.08535517623736344,0.11210504690162781,4.354,3.346,0.07066434068542596,0.032321494456868015,2.6749870664264375
MA34.csv,Zr,Isden_etal 2013_2013,0.3535533905932738,0.08136776924719469,0.1050546725720547,4.604,3.561,0.08100163643361656,0.039017960428618076,2.368690332486001
MA34.csv,Zr,Isden_etal 2013_2013,0.3535533905932738,0.08136776924719469,0.1050546725720547,4.645,3.569,0.08100163643361656,0.039017960428618076,2.368690332486001
MA34.csv,Zr,Isden_etal 2013_2013,0.3015113447285193,0.09336794628292189,0.12628715519579614,3.963,3.056,0.054717217438420424,0.022756593985631714,3.2919208912874254
MA34.csv,Zr,Isden_etal 2013_2013,0.31622776601683794,0.08935542090053195,0.11918342547632255,4.155,3.176,0.06201818937011638,0.027015166332147955,2.98280045757906
MA34.csv,Zr,Isden_etal 2013_2013,0.3333333331666667,0.08535517623736344,0.11210504690162781,4.362,3.372,0.07066434068542596,0.032321494456868015,2.6749870664264375
MA34.csv,Zr,Isden_etal 2013_2013,0.3333333331666667,0.08535517623736344,0.11210504690162781,4.386,3.367,0.07066434068542596,0.032321494456868015,2.6749870664264375
MA34.csv,Zr,Isden_etal 2013_2013,0.31622776601683794,0.08935542090053195,0.11918342547632255,4.128,3.214,0.06201818937011638,0.027015166332147955,2.98280045757906
MA34.csv,Zr,Isden_etal 2013_2013,0.3333333331666667,0.08535517623736344,0.11210504690162781,4.302,3.372,0.07066434068542596,0.032321494456868015,2.6749870664264375
MA34.csv,Zr,Isden_etal 2013_2013,0.3333333331666667,0.08535517623736344,0.11210504690162781,4.379,3.352,0.07066434068542596,0.032321494456868015,2.6749870664264375
MA34.csv,Zr,Isden_etal 2013_2013,0.3333333331666667,0.08535517623736344,0.11210504690162781,4.369,3.371,0.07066434068542596,0.032321494456868015,2.6749870664264375
MA34.csv,Zr,Isden_etal 2013_2013,0.3333333331666667,0.08535517623736344,0.11210504690162781,4.332,3.355,0.07066434068542596,0.032321494456868015,2.6749870664264375
MA34.csv,Zr,Isden_etal 2013_2013,0.3333333331666667,0.08535517623736344,0.11210504690162781,4.379,3.362,0.07066434068542596,0.032321494456868015,2.6749870664264375
MA34.csv,Zr,Keagey_etal_2011,0.25,0.11359580479845932,0.16209764500890345,3.353,2.581,0.031099902738001308,0.010554897306980615,4.850184021044413
MA34.csv,Zr,Keagey_etal_2011,0.25,0.11359580479845932,0.16209764500890345,3.308,2.545,0.031099902738001308,0.010554897306980615,4.850184021044413
MA34.csv,Zr,Keagey_etal_2011,0.25819889039265836,0.10952997302902201,0.15490474501903828,3.452,2.646,0.0345810164664108,0.01218595086501025,4.537477199001627
MA34.csv,Zr,Keagey_etal_2011,0.25819889039265836,0.10952997302902201,0.15490474501903828,3.407,2.652,0.0345810164664108,0.01218595086501025,4.537477199001627
MA34.csv,Zr,Keagey_etal_2011,0.25819889039265836,0.10952997302902201,0.15490474501903828,3.4,2.636,0.0345810164664108,0.01218595086501025,4.537477199001627
MA34.csv,Zr,Keagey_etal_2011,0.25,0.11359580479845932,0.16209764500890345,3.32,2.566,0.031099902738001308,0.010554897306980615,4.850184021044413
MA34.csv,Zr,Keagey_etal_2011,0.25819889039265836,0.10952997302902201,0.15490474501903828,3.426,2.634,0.0345810164664108,0.01218595086501025,4.537477199001627
MA34.csv,Zr,Keagey_etal_2011,0.25819889039265836,0.10952997302902201,0.15490474501903828,3.409,2.634,0.0345810164664108,0.01218595086501025,4.537477199001627
MA34.csv,Zr,Keagey_etal_2011,0.25819889039265836,0.10952997302902201,0.15490474501903828,3.45,2.652,0.0345810164664108,0.01218595086501025,4.537477199001627
MA34.csv,Zr,Keagey_etal_2011,0.25819889039265836,0.10952997302902201,0.15490474501903828,3.421,2.612,0.0345810164664108,0.01218595086501025,4.537477199001627
MA34.csv,Zr,Keagey_etal_2011,0.25819889039265836,0.10952997302902201,0.15490474501903828,3.414,2.659,0.0345810164664108,0.01218595086501025,4.537477199001627
MA34.csv,Zr,Keagey_etal_2011,0.25819889039265836,0.10952997302902201,0.15490474501903828,3.428,2.649,0.0345810164664108,0.01218595086501025,4.537477199001627
MA34.csv,Zr,Keagey_etal_2011,0.25819889039265836,0.10952997302902201,0.15490474501903828,3.416,2.654,0.0345810164664108,0.01218595086501025,4.537477199001627
MA34.csv,Zr,Keagey_etal_2011,0.25819889039265836,0.10952997302902201,0.15490474501903828,3.417,2.649,0.0345810164664108,0.01218595086501025,4.537477199001627
MA34.csv,Zr,Keagey_etal_2011,0.25819889039265836,0.10952997302902201,0.15490474501903828,3.425,2.641,0.0345810164664108,0.01218595086501025,4.537477199001627
MA34.csv,Zr,Kolata_etal_2005,0.2357022613383249,0.12175423845654532,0.17651346240259846,3.151,2.437,0.025365837524455332,0.008013819168120793,5.475922394605314
MA34.csv,Zr,Kolata_etal_2005,0.2357022613383249,0.12175423845654532,0.17651346240259846,3.151,2.424,0.025365837524455332,0.008013819168120793,5.475922394605314
MA34.csv,Zr,Kolata_etal_2005,0.2357022613383249,0.12175423845654532,0.17651346240259846,3.159,2.429,0.025365837524455332,0.008013819168120793,5.475922394605314
MA34.csv,Zr,Kolata_etal_2005,0.2357022613383249,0.12175423845654532,0.17651346240259846,3.132,2.423,0.025365837524455332,0.008013819168120793,5.475922394605314
MA34.csv,Zr,Kolata_etal_2005,0.2357022613383249,0.12175423845654532,0.17651346240259846,3.144,2.46,0.025365837524455332,0.008013819168120793,5.475922394605314
MA34.csv,Zr,Kolata_etal_2005,0.2357022613383249,0.12175423845654532,0.17651346240259846,3.151,2.424,0.025365837524455332,0.008013819168120793,5.475922394605314
MA34.csv,Zr,Kolata_etal_2005,0.2357022613383249,0.12175423845654532,0.17651346240259846,3.14,2.425,0.025365837524455332,0.008013819168120793,5.475922394605314
MA34.csv,Zr,Kolata_etal_2005,0.2357022613383249,0.12175423845654532,0.17651346240259846,3.121,2.434,0.025365837524455332,0.008013819168120793,5.475922394605314
MA34.csv,Zr,Kolata_etal_2005,0.2357022613383249,0.12175423845654532,0.17651346240259846,3.177,2.433,0.025365837524455332,0.008013819168120793,5.475922394605314
MA34.csv,Zr,Kolata_etal_2005,0.2357022613383249,0.12175423845654532,0.17651346240259846,3.139,2.428,0.025365837524455332,0.008013819168120793,5.475922394605314
MA34.csv,Zr,Kolata_etal_2005,0.2357022613383249,0.12175423845654532,0.17651346240259846,3.15,2.438,0.025365837524455332,0.008013819168120793,5.475922394605314
MA34.csv,Zr,Kolata_etal_2005,0.2357022613383249,0.12175423845654532,0.17651346240259846,3.116,2.43,0.025365837524455332,0.008013819168120793,5.475922394605314
MA34.csv,Zr,Kolata_etal_2005,0.2357022613383249,0.12175423845654532,0.17651346240259846,3.153,2.436,0.025365837524455332,0.008013819168120793,5.475922394605314
MA34.csv,Zr,Kolata_etal_2005,0.2357022613383249,0.12175423845654532,0.17651346240259846,3.152,2.424,0.025365837524455332,0.008013819168120793,5.475922394605314
MA34.csv,Zr,Kolata_etal_2005,0.2357022613383249,0.12175423845654532,0.17651346240259846,3.136,2.435,0.025365837524455332,0.008013819168120793,5.475922394605314
MA34.csv,Zr,Kolata_etal_2005,0.2357022613383249,0.12175423845654532,0.17651346240259846,3.151,2.432,0.025365837524455332,0.008013819168120793,5.475922394605314
MA34.csv,Zr,Kolata_etal_2005,0.2357022613383249,0.12175423845654532,0.17651346240259846,3.146,2.431,0.025365837524455332,0.008013819168120793,5.475922394605314
MA34.csv,Zr,Kolata_etal_2005,0.2357022613383249,0.12175423845654532,0.17651346240259846,3.176,2.43,0.025365837524455332,0.008013819168120793,5.475922394605314
MA34.csv,Zr,Kolata_etal_2005,0.2357022613383249,0.12175423845654532,0.17651346240259846,3.115,2.423,0.025365837524455332,0.008013819168120793,5.475922394605314
MA34.csv,Zr,Kolata_etal_2005,0.2357022613383249,0.12175423845654532,0.17651346240259846,3.144,2.427,0.025365837524455332,0.008013819168120793,5.475922394605314
MA34.csv,Zr,Kolata_etal_2005,0.2357022613383249,0.12175423845654532,0.17651346240259846,3.137,2.428,0.025365837524455332,0.008013819168120793,5.475922394605314
MA34.csv,Zr,Kolata_etal_2007,0.20412414604842807,0.14640814703961635,0.21984826531783752,2.745,2.149,0.014529701142689536,0.0037849604591605056,7.344011827822117
MA34.csv,Zr,Kolata_etal_2007,0.20412414604842807,0.14640814703961635,0.21984826531783752,2.756,2.137,0.014529701142689536,0.0037849604591605056,7.344011827822117
MA34.csv,Zr,Kolata_etal_2007,0.20412414604842807,0.14640814703961635,0.21984826531783752,2.748,2.142,0.014529701142689536,0.0037849604591605056,7.344011827822117
MA34.csv,Zr,Kolata_etal_2007,0.20412414604842807,0.14640814703961635,0.21984826531783752,2.741,2.129,0.014529701142689536,0.0037849604591605056,7.344011827822117
MA34.csv,Zr,Kolata_etal_2007,0.20412414604842807,0.14640814703961635,0.21984826531783752,2.774,2.148,0.014529701142689536,0.0037849604591605056,7.344011827822117
MA34.csv,Zr,Kolata_etal_2007,0.20412414604842807,0.14640814703961635,0.21984826531783752,2.736,2.125,0.014529701142689536,0.0037849604591605056,7.344011827822117
MA34.csv,Zr,Kolata_etal_2007,0.20412414604842807,0.14640814703961635,0.21984826531783752,2.74,2.123,0.014529701142689536,0.0037849604591605056,7.344011827822117
MA34.csv,Zr,Kolata_etal_2007,0.20412414604842807,0.14640814703961635,0.21984826531783752,2.754,2.132,0.014529701142689536,0.0037849604591605056,7.344011827822117
MA34.csv,Zr,Kolata_etal_2007,0.20412414604842807,0.14640814703961635,0.21984826531783752,2.75,2.122,0.014529701142689536,0.0037849604591605056,7.344011827822117
MA34.csv,Zr,Kolata_etal_2007,0.20412414604842807,0.14640814703961635,0.21984826531783752,2.743,2.134,0.014529701142689536,0.0037849604591605056,7.344011827822117
MA34.csv,Zr,Kolata_etal_2007,0.20412414604842807,0.14640814703961635,0.21984826531783752,2.722,2.133,0.014529701142689536,0.0037849604591605056,7.344011827822117
MA34.csv,Zr,Kolata_etal_2007,0.20412414604842807,0.14640814703961635,0.21984826531783752,2.744,2.129,0.014529701142689536,0.0037849604591605056,7.344011827822117
MA34.csv,Zr,Kolata_etal_2007,0.20412414604842807,0.14640814703961635,0.21984826531783752,2.761,2.128,0.014529701142689536,0.0037849604591605056,7.344011827822117
MA34.csv,Zr,Kolata_etal_2007,0.20412414604842807,0.14640814703961635,0.21984826531783752,2.769,2.147,0.014529701142689536,0.0037849604591605056,7.344011827822117
MA34.csv,Zr,Kolata_etal_2007,0.20412414604842807,0.14640814703961635,0.21984826531783752,2.759,2.123,0.014529701142689536,0.0037849604591605056,7.344011827822117
MA34.csv,Zr,Kolata_etal_2007,0.20412414604842807,0.14640814703961635,0.21984826531783752,2.757,2.133,0.014529701142689536,0.0037849604591605056,7.344011827822117
MA34.csv,Zr,Kolata_etal_2007,0.20412414604842807,0.14640814703961635,0.21984826531783752,2.714,2.137,0.014529701142689536,0.0037849604591605056,7.344011827822117
MA34.csv,Zr,Kolata_etal_2007,0.20412414604842807,0.14640814703961635,0.21984826531783752,2.741,2.122,0.014529701142689536,0.0037849604591605056,7.344011827822117
MA34.csv,Zr,Kolata_etal_2007,0.20412414604842807,0.14640814703961635,0.21984826531783752,2.742,2.136,0.014529701142689536,0.0037849604591605056,7.344011827822117
MA34.csv,Zr,Kolata_etal_2007,0.20412414604842807,0.14640814703961635,0.21984826531783752,2.754,2.138,0.014529701142689536,0.0037849604591605056,7.344011827822117
MA34.csv,Zr,Kolata_etal_2007,0.20412414604842807,0.14640814703961635,0.21984826531783752,2.742,2.144,0.014529701142689536,0.0037849604591605056,7.344011827822117
MA34.csv,Zr,Kolata_etal_2007,0.20412414604842807,0.14640814703961635,0.21984826531783752,2.739,2.144,0.014529701142689536,0.0037849604591605056,7.344011827822117
MA34.csv,Zr,Kolata_etal_2007,0.20412414604842807,0.14640814703961635,0.21984826531783752,2.747,2.146,0.014529701142689536,0.0037849604591605056,7.344011827822117
MA34.csv,Zr,Kolata_etal_2007,0.20412414604842807,0.14640814703961635,0.21984826531783752,2.73,2.133,0.014529701142689536,0.0037849604591605056,7.344011827822117
MA34.csv,Zr,Kolata_etal_2007,0.20412414604842807,0.14640814703961635,0.21984826531783752,2.755,2.136,0.014529701142689536,0.0037849604591605056,7.344011827822117
MA34.csv,Zr,Kolata_etal_2007,0.20412414604842807,0.14640814703961635,0.21984826531783752,2.756,2.135,0.014529701142689536,0.0037849604591605056,7.344011827822117
MA34.csv,Zr,Kolata_etal_2007,0.20412414604842807,0.14640814703961635,0.21984826531783752,2.745,2.149,0.014529701142689536,0.0037849604591605056,7.344011827822117
MA34.csv,Zr,Kolata_etal_2007,0.20412414604842807,0.14640814703961635,0.21984826531783752,2.767,2.15,0.014529701142689536,0.0037849604591605056,7.344011827822117
MA34.csv,Zr,Kolata_etal_2007,0.20412414604842807,0.14640814703961635,0.21984826531783752,2.749,2.136,0.014529701142689536,0.0037849604591605056,7.344011827822117
MA34.csv,Zr,Kolata_etal_2007,0.20412414604842807,0.14640814703961635,0.21984826531783752,2.73,2.133,0.014529701142689536,0.0037849604591605056,7.344011827822117
MA34.csv,Zr,Kolata_etal_2007,0.20412414604842807,0.14640814703961635,0.21984826531783752,2.781,2.131,0.014529701142689536,0.0037849604591605056,7.344011827822117
MA34.csv,Zr,Kolata_etal_2007,0.20412414604842807,0.14640814703961635,0.21984826531783752,2.77,2.15,0.014529701142689536,0.0037849604591605056,7.344011827822117
MA34.csv,Zr,Kolata_etal_2007,0.20412414604842807,0.14640814703961635,0.21984826531783752,2.732,2.132,0.014529701142689536,0.0037849604591605056,7.344011827822117
MA34.csv,Zr,Kolata_etal_2007,0.20412414604842807,0.14640814703961635,0.21984826531783752,2.754,2.145,0.014529701142689536,0.0037849604591605056,7.344011827822117
MA34.csv,Zr,Kolata_etal_2007,0.20412414604842807,0.14640814703961635,0.21984826531783752,2.752,2.139,0.014529701142689536,0.0037849604591605056,7.344011827822117
MA34.csv,Zr,Kolata_etal_2007,0.20412414604842807,0.14640814703961635,0.21984826531783752,2.74,2.135,0.014529701142689536,0.0037849604591605056,7.344011827822117
MA34.csv,Zr,Kolata_etal_2008,0.06482037488321091,0.8078648168570131,0.9616311664820246,1.12,1.022,1.0323387708722594e-6,6.610646011285999e-9,15.376634962501157
MA34.csv,Zr,Kolata_etal_2008,0.06482037488321091,0.8078648168570131,0.9616311664820246,1.123,1.027,1.0323387708722594e-6,6.610646011285999e-9,15.376634962501157
MA34.csv,Zr,Kolata_etal_2008,0.06482037488321091,0.8078648168570131,0.9616311664820246,1.119,1.026,1.0323387708722594e-6,6.610646011285999e-9,15.376634962501157
MA34.csv,Zr,Kolata_etal_2008,0.06482037488321091,0.8078648168570131,0.9616311664820246,1.122,1.024,1.0323387708722594e-6,6.610646011285999e-9,15.376634962501157
MA34.csv,Zr,Kolata_etal_2008,0.06482037488321091,0.8078648168570131,0.9616311664820246,1.121,1.026,1.0323387708722594e-6,6.610646011285999e-9,15.376634962501157
MA34.csv,Zr,Kolata_etal_2008,0.06482037488321091,0.8078648168570131,0.9616311664820246,1.12,1.022,1.0323387708722594e-6,6.610646011285999e-9,15.376634962501157
MA34.csv,Zr,Kolata_etal_2008,0.06482037488321091,0.8078648168570131,0.9616311664820246,1.123,1.026,1.0323387708722594e-6,6.610646011285999e-9,15.376634962501157
MA34.csv,Zr,Kolata_etal_2008,0.06482037488321091,0.8078648168570131,0.9616311664820246,1.117,1.025,1.0323387708722594e-6,6.610646011285999e-9,15.376634962501157
MA34.csv,Zr,Kolata_etal_2008,0.06482037488321091,0.8078648168570131,0.9616311664820246,1.122,1.022,1.0323387708722594e-6,6.610646011285999e-9,15.376634962501157
MA34.csv,Zr,Kolata_etal_2008,0.06482037488321091,0.8078648168570131,0.9616311664820246,1.122,1.022,1.0323387708722594e-6,6.610646011285999e-9,15.376634962501157
MA34.csv,Zr,Kolata_etal_2008,0.10259783623449376,0.4318134863129126,0.6541594383374167,1.511,1.237,2.0644486974711893e-4,1.211755090931532e-5,22.234595202450414
MA34.csv,Zr,Kolata_etal_2008,0.10259783623449376,0.4318134863129126,0.6541594383374167,1.511,1.243,2.0644486974711893e-4,1.211755090931532e-5,22.234595202450414
MA34.csv,Zr,Kolata_etal_2008,0.10259783623449376,0.4318134863129126,0.6541594383374167,1.501,1.24,2.0644486974711893e-4,1.211755090931532e-5,22.234595202450414
MA34.csv,Zr,Kolata_etal_2008,0.10259783623449376,0.4318134863129126,0.6541594383374167,1.51,1.239,2.0644486974711893e-4,1.211755090931532e-5,22.234595202450414
MA34.csv,Zr,Kolata_etal_2008,0.10259783623449376,0.4318134863129126,0.6541594383374167,1.507,1.243,2.0644486974711893e-4,1.211755090931532e-5,22.234595202450414
MA34.csv,Zr,Kolata_etal_2008,0.10259783623449376,0.4318134863129126,0.6541594383374167,1.514,1.239,2.0644486974711893e-4,1.211755090931532e-5,22.234595202450414
MA34.csv,Zr,Kolata_etal_2008,0.10259783623449376,0.4318134863129126,0.6541594383374167,1.501,1.239,2.0644486974711893e-4,1.211755090931532e-5,22.234595202450414
MA34.csv,Zr,Kolata_etal_2008,0.10259783623449376,0.4318134863129126,0.6541594383374167,1.502,1.239,2.0644486974711893e-4,1.211755090931532e-5,22.234595202450414
MA34.csv,Zr,Kolata_etal_2008,0.10259783623449376,0.4318134863129126,0.6541594383374167,1.508,1.247,2.0644486974711893e-4,1.211755090931532e-5,22.234595202450414
MA34.csv,Zr,Kolata_etal_2008,0.10259783623449376,0.4318134863129126,0.6541594383374167,1.505,1.235,2.0644486974711893e-4,1.211755090931532e-5,22.234595202450414
MA34.csv,Zr,Kolata_etal_2008,0.10259783623449376,0.4318134863129126,0.6541594383374167,1.504,1.234,2.0644486974711893e-4,1.211755090931532e-5,22.234595202450414
MA34.csv,Zr,Kolata_etal_2008,0.10259783623449376,0.4318134863129126,0.6541594383374167,1.504,1.232,2.0644486974711893e-4,1.211755090931532e-5,22.234595202450414
MA34.csv,Zr,Kolata_etal_2008,0.10259783623449376,0.4318134863129126,0.6541594383374167,1.503,1.237,2.0644486974711893e-4,1.211755090931532e-5,22.234595202450414
MA34.csv,Zr,Kolata_etal_2008,0.10259783623449376,0.4318134863129126,0.6541594383374167,1.51,1.238,2.0644486974711893e-4,1.211755090931532e-5,22.234595202450414
MA34.csv,Zr,Kolata_etal_2008,0.10259783623449376,0.4318134863129126,0.6541594383374167,1.51,1.242,2.0644486974711893e-4,1.211755090931532e-5,22.234595202450414
MA34.csv,Zr,Kolata_etal_2008,0.11547005239454947,0.35539931254493085,0.5532671807666129,1.661,1.339,5.448085317293281e-4,4.5543679982495753e-5,19.7867868221682
MA34.csv,Zr,Kolata_etal_2008,0.11547005239454947,0.35539931254493085,0.5532671807666129,1.653,1.337,5.448085317293281e-4,4.5543679982495753e-5,19.7867868221682
MA34.csv,Zr,Kolata_etal_2008,0.11547005239454947,0.35539931254493085,0.5532671807666129,1.669,1.329,5.448085317293281e-4,4.5543679982495753e-5,19.7867868221682
MA34.csv,Zr,Kolata_etal_2008,0.11547005239454947,0.35539931254493085,0.5532671807666129,1.667,1.336,5.448085317293281e-4,4.5543679982495753e-5,19.7867868221682
MA34.csv,Zr,Kolata_etal_2008,0.11547005239454947,0.35539931254493085,0.5532671807666129,1.651,1.339,5.448085317293281e-4,4.5543679982495753e-5,19.7867868221682
MA34.csv,Zr,Kolata_etal_2008,0.11547005239454947,0.35539931254493085,0.5532671807666129,1.656,1.337,5.448085317293281e-4,4.5543679982495753e-5,19.7867868221682
MA34.csv,Zr,Kolata_etal_2008,0.11547005239454947,0.35539931254493085,0.5532671807666129,1.652,1.338,5.448085317293281e-4,4.5543679982495753e-5,19.7867868221682
MA34.csv,Zr,Kolata_etal_2008,0.11547005239454947,0.35539931254493085,0.5532671807666129,1.651,1.338,5.448085317293281e-4,4.5543679982495753e-5,19.7867868221682
MA34.csv,Zr,Kolata_etal_2008,0.11547005239454947,0.35539931254493085,0.5532671807666129,1.657,1.341,5.448085317293281e-4,4.5543679982495753e-5,19.7867868221682
MA34.csv,Zr,Kolata_etal_2008,0.11547005239454947,0.35539931254493085,0.5532671807666129,1.648,1.347,5.448085317293281e-4,4.5543679982495753e-5,19.7867868221682
MA34.csv,Zr,Kolata_etal_2008,0.11547005239454947,0.35539931254493085,0.5532671807666129,1.654,1.335,5.448085317293281e-4,4.5543679982495753e-5,19.7867868221682
MA34.csv,Zr,Kolata_etal_2008,0.11547005239454947,0.35539931254493085,0.5532671807666129,1.659,1.345,5.448085317293281e-4,4.5543679982495753e-5,19.7867868221682
MA34.csv,Zr,Kolata_etal_2008,0.11547005239454947,0.35539931254493085,0.5532671807666129,1.666,1.342,5.448085317293281e-4,4.5543679982495753e-5,19.7867868221682
MA34.csv,Zr,Kolata_etal_2008,0.11547005239454947,0.35539931254493085,0.5532671807666129,1.658,1.338,5.448085317293281e-4,4.5543679982495753e-5,19.7867868221682
MA34.csv,Zr,Kolata_etal_2008,0.11547005239454947,0.35539931254493085,0.5532671807666129,1.659,1.338,5.448085317293281e-4,4.5543679982495753e-5,19.7867868221682
MA34.csv,Zr,Kolata_etal_2008,0.11547005239454947,0.35539931254493085,0.5532671807666129,1.655,1.347,5.448085317293281e-4,4.5543679982495753e-5,19.7867868221682
MA34.csv,Zr,Kolata_etal_2008,0.11547005239454947,0.35539931254493085,0.5532671807666129,1.662,1.343,5.448085317293281e-4,4.5543679982495753e-5,19.7867868221682
MA34.csv,Zr,Kolata_etal_2008,0.11547005239454947,0.35539931254493085,0.5532671807666129,1.645,1.339,5.448085317293281e-4,4.5543679982495753e-5,19.7867868221682
MA34.csv,Zr,Kolata_etal_2008,0.11547005239454947,0.35539931254493085,0.5532671807666129,1.662,1.343,5.448085317293281e-4,4.5543679982495753e-5,19.7867868221682
MA34.csv,Zr,Kolata_etal_2008,0.11547005239454947,0.35539931254493085,0.5532671807666129,1.671,1.336,5.448085317293281e-4,4.5543679982495753e-5,19.7867868221682
MA34.csv,Zr,Kolata_etal_2008,0.11547005239454947,0.35539931254493085,0.5532671807666129,1.664,1.341,5.448085317293281e-4,4.5543679982495753e-5,19.7867868221682
MA34.csv,Zr,Light_etal_2011,0.21821789110886394,0.13405133047050122,0.19817976692821337,2.921,2.274,0.019025200456417223,0.005438541883773794,6.412843645771216
MA34.csv,Zr,Light_etal_2011,0.21821789110886394,0.13405133047050122,0.19817976692821337,2.926,2.26,0.019025200456417223,0.005438541883773794,6.412843645771216
MA34.csv,Zr,Light_etal_2011,0.21821789110886394,0.13405133047050122,0.19817976692821337,2.93,2.26,0.019025200456417223,0.005438541883773794,6.412843645771216
MA34.csv,Zr,Light_etal_2011,0.21821789110886394,0.13405133047050122,0.19817976692821337,2.919,2.264,0.019025200456417223,0.005438541883773794,6.412843645771216
MA34.csv,Zr,Light_etal_2011,0.21821789110886394,0.13405133047050122,0.19817976692821337,2.922,2.252,0.019025200456417223,0.005438541883773794,6.412843645771216
MA34.csv,Zr,Light_etal_2011,0.21821789110886394,0.13405133047050122,0.19817976692821337,2.93,2.278,0.019025200456417223,0.005438541883773794,6.412843645771216
MA34.csv,Zr,Light_etal_2011,0.21821789110886394,0.13405133047050122,0.19817976692821337,2.945,2.29,0.019025200456417223,0.005438541883773794,6.412843645771216
MA34.csv,Zr,Light_etal_2011,0.21821789110886394,0.13405133047050122,0.19817976692821337,2.921,2.276,0.019025200456417223,0.005438541883773794,6.412843645771216
MA34.csv,Zr,Light_etal_2011,0.21821789110886394,0.13405133047050122,0.19817976692821337,2.921,2.267,0.019025200456417223,0.005438541883773794,6.412843645771216
MA34.csv,Zr,Light_etal_2011,0.21821789110886394,0.13405133047050122,0.19817976692821337,2.927,2.264,0.019025200456417223,0.005438541883773794,6.412843645771216
MA34.csv,Zr,Locurto_etal_2003,0.13245323703103673,0.2830564782701578,0.44653543945604013,1.857,1.48,0.0014538538566782758,1.7189498967968577e-4,16.347896118588235
MA34.csv,Zr,Locurto_etal_2003,0.13245323703103673,0.2830564782701578,0.44653543945604013,1.878,1.494,0.0014538538566782758,1.7189498967968577e-4,16.347896118588235
MA34.csv,Zr,Locurto_etal_2003,0.13245323703103673,0.2830564782701578,0.44653543945604013,1.859,1.482,0.0014538538566782758,1.7189498967968577e-4,16.347896118588235
MA34.csv,Zr,Locurto_etal_2003,0.13245323703103673,0.2830564782701578,0.44653543945604013,1.855,1.492,0.0014538538566782758,1.7189498967968577e-4,16.347896118588235
MA34.csv,Zr,Locurto_etal_2003,0.13245323703103673,0.2830564782701578,0.44653543945604013,1.873,1.484,0.0014538538566782758,1.7189498967968577e-4,16.347896118588235
MA34.csv,Zr,Locurto_etal_2003,0.13245323703103673,0.2830564782701578,0.44653543945604013,1.867,1.49,0.0014538538566782758,1.7189498967968577e-4,16.347896118588235
MA34.csv,Zr,Locurto_etal_2003,0.13245323703103673,0.2830564782701578,0.44653543945604013,1.848,1.487,0.0014538538566782758,1.7189498967968577e-4,16.347896118588235
MA34.csv,Zr,Locurto_etal_2003,0.13245323703103673,0.2830564782701578,0.44653543945604013,1.863,1.49,0.0014538538566782758,1.7189498967968577e-4,16.347896118588235
MA34.csv,Zr,Locurto_etal_2003,0.13245323703103673,0.2830564782701578,0.44653543945604013,1.864,1.481,0.0014538538566782758,1.7189498967968577e-4,16.347896118588235
MA34.csv,Zr,Locurto_etal_2003,0.13245323703103673,0.2830564782701578,0.44653543945604013,1.861,1.489,0.0014538538566782758,1.7189498967968577e-4,16.347896118588235
MA34.csv,Zr,Locurto_etal_2003,0.13245323703103673,0.2830564782701578,0.44653543945604013,1.849,1.479,0.0014538538566782758,1.7189498967968577e-4,16.347896118588235
MA34.csv,Zr,Locurto_etal_2003,0.13245323703103673,0.2830564782701578,0.44653543945604013,1.856,1.489,0.0014538538566782758,1.7189498967968577e-4,16.347896118588235
MA34.csv,Zr,Locurto_etal_2003,0.13245323703103673,0.2830564782701578,0.44653543945604013,1.864,1.487,0.0014538538566782758,1.7189498967968577e-4,16.347896118588235
MA34.csv,Zr,Locurto_etal_2003,0.13245323703103673,0.2830564782701578,0.44653543945604013,1.872,1.48,0.0014538538566782758,1.7189498967968577e-4,16.347896118588235
MA34.csv,Zr,Locurto_etal_2003,0.13245323703103673,0.2830564782701578,0.44653543945604013,1.861,1.473,0.0014538538566782758,1.7189498967968577e-4,16.347896118588235
MA34.csv,Zr,Locurto_etal_2006,0.15075567319341585,0.22944219066453508,0.3610208806116503,2.087,1.655,0.0032452035301414883,5.064141928706155e-4,13.157868994711519
MA34.csv,Zr,Locurto_etal_2006,0.15075567319341585,0.22944219066453508,0.3610208806116503,2.082,1.652,0.0032452035301414883,5.064141928706155e-4,13.157868994711519
MA34.csv,Zr,Locurto_etal_2006,0.15075567319341585,0.22944219066453508,0.3610208806116503,2.079,1.637,0.0032452035301414883,5.064141928706155e-4,13.157868994711519
MA34.csv,Zr,Locurto_etal_2006,0.15075567319341585,0.22944219066453508,0.3610208806116503,2.083,1.646,0.0032452035301414883,5.064141928706155e-4,13.157868994711519
MA34.csv,Zr,Locurto_etal_2006,0.15075567319341585,0.22944219066453508,0.3610208806116503,2.082,1.655,0.0032452035301414883,5.064141928706155e-4,13.157868994711519
MA34.csv,Zr,Locurto_etal_2006,0.15075567319341585,0.22944219066453508,0.3610208806116503,2.101,1.644,0.0032452035301414883,5.064141928706155e-4,13.157868994711519
MA34.csv,Zr,Locurto_etal_2006,0.15075567319341585,0.22944219066453508,0.3610208806116503,2.098,1.656,0.0032452035301414883,5.064141928706155e-4,13.157868994711519
MA34.csv,Zr,Locurto_etal_2006,0.15075567319341585,0.22944219066453508,0.3610208806116503,2.088,1.65,0.0032452035301414883,5.064141928706155e-4,13.157868994711519
MA34.csv,Zr,Locurto_etal_2006,0.15075567319341585,0.22944219066453508,0.3610208806116503,2.089,1.639,0.0032452035301414883,5.064141928706155e-4,13.157868994711519
MA34.csv,Zr,Locurto_etal_2006,0.15075567319341585,0.22944219066453508,0.3610208806116503,2.098,1.659,0.0032452035301414883,5.064141928706155e-4,13.157868994711519
MA34.csv,Zr,Locurto_etal_2006,0.15075567319341585,0.22944219066453508,0.3610208806116503,2.092,1.664,0.0032452035301414883,5.064141928706155e-4,13.157868994711519
MA34.csv,Zr,Locurto_etal_2006,0.15075567319341585,0.22944219066453508,0.3610208806116503,2.083,1.642,0.0032452035301414883,5.064141928706155e-4,13.157868994711519
MA34.csv,Zr,Locurto_etal_2006,0.15075567319341585,0.22944219066453508,0.3610208806116503,2.075,1.647,0.0032452035301414883,5.064141928706155e-4,13.157868994711519
MA34.csv,Zr,Locurto_etal_2006,0.15075567319341585,0.22944219066453508,0.3610208806116503,2.09,1.64,0.0032452035301414883,5.064141928706155e-4,13.157868994711519
MA34.csv,Zr,Locurto_etal_2006,0.15075567319341585,0.22944219066453508,0.3610208806116503,2.087,1.647,0.0032452035301414883,5.064141928706155e-4,13.157868994711519
MA34.csv,Zr,Locurto_etal_2006,0.15075567319341585,0.22944219066453508,0.3610208806116503,2.085,1.639,0.0032452035301414883,5.064141928706155e-4,13.157868994711519
MA34.csv,Zr,Locurto_etal_2006,0.15075567319341585,0.22944219066453508,0.3610208806116503,2.078,1.652,0.0032452035301414883,5.064141928706155e-4,13.157868994711519
MA34.csv,Zr,Locurto_etal_2006,0.15075567319341585,0.22944219066453508,0.3610208806116503,2.094,1.647,0.0032452035301414883,5.064141928706155e-4,13.157868994711519
MA34.csv,Zr,Locurto_etal_2006,0.15075567319341585,0.22944219066453508,0.3610208806116503,2.098,1.644,0.0032452035301414883,5.064141928706155e-4,13.157868994711519
MA34.csv,Zr,Locurto_etal_2006,0.15075567319341585,0.22944219066453508,0.3610208806116503,2.083,1.635,0.0032452035301414883,5.064141928706155e-4,13.157868994711519
MA34.csv,Zr,Matzel_etal_2003,0.13736056566569607,0.2666471825104808,0.42090794407199783,1.92,1.534,0.0018426083539599747,2.3656274740886535e-4,15.426076156151701
MA34.csv,Zr,Matzel_etal_2003,0.13736056566569607,0.2666471825104808,0.42090794407199783,1.917,1.53,0.0018426083539599747,2.3656274740886535e-4,15.426076156151701
MA34.csv,Zr,Matzel_etal_2003,0.13736056566569607,0.2666471825104808,0.42090794407199783,1.92,1.536,0.0018426083539599747,2.3656274740886535e-4,15.426076156151701
MA34.csv,Zr,Matzel_etal_2003,0.13736056566569607,0.2666471825104808,0.42090794407199783,1.926,1.526,0.0018426083539599747,2.3656274740886535e-4,15.426076156151701
MA34.csv,Zr,Matzel_etal_2003,0.13736056566569607,0.2666471825104808,0.42090794407199783,1.905,1.527,0.0018426083539599747,2.3656274740886535e-4,15.426076156151701
MA34.csv,Zr,Matzel_etal_2003,0.13736056566569607,0.2666471825104808,0.42090794407199783,1.92,1.524,0.0018426083539599747,2.3656274740886535e-4,15.426076156151701
MA34.csv,Zr,Matzel_etal_2003,0.13736056566569607,0.2666471825104808,0.42090794407199783,1.922,1.526,0.0018426083539599747,2.3656274740886535e-4,15.426076156151701
MA34.csv,Zr,Matzel_etal_2003,0.13736056566569607,0.2666471825104808,0.42090794407199783,1.922,1.541,0.0018426083539599747,2.3656274740886535e-4,15.426076156151701
MA34.csv,Zr,Matzel_etal_2003,0.13736056566569607,0.2666471825104808,0.42090794407199783,1.919,1.529,0.0018426083539599747,2.3656274740886535e-4,15.426076156151701
MA34.csv,Zr,Matzel_etal_2003,0.13736056566569607,0.2666471825104808,0.42090794407199783,1.928,1.522,0.0018426083539599747,2.3656274740886535e-4,15.426076156151701
MA34.csv,Zr,Matzel_etal_2008,0.13483997181844856,0.2748636574116493,0.4338025863383195,1.887,1.505,0.001635081273816817,2.0139063771514726e-4,15.893892892667017
MA34.csv,Zr,Matzel_etal_2008,0.13483997181844856,0.2748636574116493,0.4338025863383195,1.894,1.505,0.001635081273816817,2.0139063771514726e-4,15.893892892667017
MA34.csv,Zr,Matzel_etal_2008,0.13483997181844856,0.2748636574116493,0.4338025863383195,1.887,1.494,0.001635081273816817,2.0139063771514726e-4,15.893892892667017
MA34.csv,Zr,Matzel_etal_2008,0.13483997181844856,0.2748636574116493,0.4338025863383195,1.899,1.506,0.001635081273816817,2.0139063771514726e-4,15.893892892667017
MA34.csv,Zr,Matzel_etal_2008,0.13483997181844856,0.2748636574116493,0.4338025863383195,1.881,1.507,0.001635081273816817,2.0139063771514726e-4,15.893892892667017
MA34.csv,Zr,Matzel_etal_2008,0.13483997181844856,0.2748636574116493,0.4338025863383195,1.905,1.51,0.001635081273816817,2.0139063771514726e-4,15.893892892667017
MA34.csv,Zr,Matzel_etal_2008,0.13483997181844856,0.2748636574116493,0.4338025863383195,1.881,1.509,0.001635081273816817,2.0139063771514726e-4,15.893892892667017
MA34.csv,Zr,Matzel_etal_2008,0.13483997181844856,0.2748636574116493,0.4338025863383195,1.897,1.512,0.001635081273816817,2.0139063771514726e-4,15.893892892667017
MA34.csv,Zr,Matzel_etal_2008,0.13483997181844856,0.2748636574116493,0.4338025863383195,1.898,1.507,0.001635081273816817,2.0139063771514726e-4,15.893892892667017
MA34.csv,Zr,Matzel_etal_2008,0.13483997181844856,0.2748636574116493,0.4338025863383195,1.89,1.502,0.001635081273816817,2.0139063771514726e-4,15.893892892667017
MA34.csv,Zr,Matzel_etal_2008,0.13483997181844856,0.2748636574116493,0.4338025863383195,1.903,1.506,0.001635081273816817,2.0139063771514726e-4,15.893892892667017
MA34.csv,Zr,Matzel_etal_2008,0.13483997181844856,0.2748636574116493,0.4338025863383195,1.891,1.511,0.001635081273816817,2.0139063771514726e-4,15.893892892667017
MA34.csv,Zr,Matzel_etal_2008,0.13483997181844856,0.2748636574116493,0.4338025863383195,1.901,1.509,0.001635081273816817,2.0139063771514726e-4,15.893892892667017
MA34.csv,Zr,Matzel_etal_2008,0.13483997181844856,0.2748636574116493,0.4338025863383195,1.893,1.512,0.001635081273816817,2.0139063771514726e-4,15.893892892667017
MA34.csv,Zr,Matzel_etal_2008,0.13483997181844856,0.2748636574116493,0.4338025863383195,1.896,1.506,0.001635081273816817,2.0139063771514726e-4,15.893892892667017
MA34.csv,Zr,Matzel_etal_2011,0.20851441436984638,0.14228335840454753,0.2126284242319746,2.821,2.175,0.015867122544115854,0.004260417344744038,7.034506582742706
MA34.csv,Zr,Matzel_etal_2011,0.20851441436984638,0.14228335840454753,0.2126284242319746,2.812,2.185,0.015867122544115854,0.004260417344744038,7.034506582742706
MA34.csv,Zr,Matzel_etal_2011,0.20851441436984638,0.14228335840454753,0.2126284242319746,2.797,2.178,0.015867122544115854,0.004260417344744038,7.034506582742706
MA34.csv,Zr,Matzel_etal_2011,0.20851441436984638,0.14228335840454753,0.2126284242319746,2.817,2.184,0.015867122544115854,0.004260417344744038,7.034506582742706
MA34.csv,Zr,Matzel_etal_2011,0.20851441436984638,0.14228335840454753,0.2126284242319746,2.773,2.18,0.015867122544115854,0.004260417344744038,7.034506582742706
MA34.csv,Zr,Matzel_etal_2011,0.20851441436984638,0.14228335840454753,0.2126284242319746,2.796,2.183,0.015867122544115854,0.004260417344744038,7.034506582742706
MA34.csv,Zr,Matzel_etal_2011,0.20851441436984638,0.14228335840454753,0.2126284242319746,2.813,2.186,0.015867122544115854,0.004260417344744038,7.034506582742706
MA34.csv,Zr,Matzel_etal_2011,0.17149858600000176,0.18787180102154333,0.2914693715972798,2.33,1.836,0.006516947405943863,0.0012907150126432946,10.359757057573649
MA34.csv,Zr,Matzel_etal_2011,0.17149858600000176,0.18787180102154333,0.2914693715972798,2.334,1.836,0.006516947405943863,0.0012907150126432946,10.359757057573649
MA34.csv,Zr,Matzel_etal_2011,0.1924500896336502,0.15881214149556833,0.2414679987828573,2.622,2.042,0.011264599384652652,0.002689275592237328,8.265585728728897
MA34.csv,Zr,Matzel_etal_2011,0.1924500896336502,0.15881214149556833,0.2414679987828573,2.601,2.03,0.011264599384652652,0.002689275592237328,8.265585728728897
MA34.csv,Zr,Matzel_etal_2011,0.17407765508530956,0.18371416292734455,0.2843782474331932,2.374,1.864,0.007022597339188022,0.0014267702622475964,10.066408450584863
MA34.csv,Zr,Matzel_etal_2011,0.1924500896336502,0.15881214149556833,0.2414679987828573,2.597,2.024,0.011264599384652652,0.002689275592237328,8.265585728728897
MA34.csv,Zr,Matzel_etal_2011,0.1924500896336502,0.15881214149556833,0.2414679987828573,2.598,2.019,0.011264599384652652,0.002689275592237328,8.265585728728897
MA34.csv,Zr,Matzel_etal_2011,0.17407765508530956,0.18371416292734455,0.2843782474331932,2.361,1.862,0.007022597339188022,0.0014267702622475964,10.066408450584863
MA34.csv,Zr,Matzel_etal_2011,0.1924500896336502,0.15881214149556833,0.2414679987828573,2.605,2.021,0.011264599384652652,0.002689275592237328,8.265585728728897
MA34.csv,Zr,Matzel_etal_2011,0.1924500896336502,0.15881214149556833,0.2414679987828573,2.617,2.031,0.011264599384652652,0.002689275592237328,8.265585728728897
MA34.csv,Zr,Matzel_etal_2011,0.17407765508530956,0.18371416292734455,0.2843782474331932,2.373,1.855,0.007022597339188022,0.0014267702622475964,10.066408450584863
MA34.csv,Zr,Matzel_etal_2011,0.1924500896336502,0.15881214149556833,0.2414679987828573,2.591,2.029,0.011264599384652652,0.002689275592237328,8.265585728728897
MA34.csv,Zr,Matzel_etal_2011,0.17407765508530956,0.18371416292734455,0.2843782474331932,2.376,1.84,0.007022597339188022,0.0014267702622475964,10.066408450584863
MA34.csv,Zr,Matzel_etal_2011,0.1924500896336502,0.15881214149556833,0.2414679987828573,2.591,2.015,0.011264599384652652,0.002689275592237328,8.265585728728897
MA34.csv,Zr,van Horik_etal_2018,0.18898223726054256,0.16295519819469195,0.24865554186005812,2.553,1.986,0.010378682498534969,0.002409347256562687,8.570034366536616
MA34.csv,Zr,van Horik_etal_2018,0.18898223726054256,0.16295519819469195,0.24865554186005812,2.553,1.976,0.010378682498534969,0.002409347256562687,8.570034366536616
MA34.csv,Zr,van Horik_etal_2018,0.18898223726054256,0.16295519819469195,0.24865554186005812,2.558,1.987,0.010378682498534969,0.002409347256562687,8.570034366536616
MA34.csv,Zr,van Horik_etal_2018,0.18898223726054256,0.16295519819469195,0.24865554186005812,2.555,1.997,0.010378682498534969,0.002409347256562687,8.570034366536616
MA34.csv,Zr,van Horik_etal_2018,0.18898223726054256,0.16295519819469195,0.24865554186005812,2.563,2.005,0.010378682498534969,0.002409347256562687,8.570034366536616
MA34.csv,Zr,van Horik_etal_2018,0.18898223726054256,0.16295519819469195,0.24865554186005812,2.568,1.992,0.010378682498534969,0.002409347256562687,8.570034366536616
MA34.csv,Zr,van Horik_etal_2018,0.18898223726054256,0.16295519819469195,0.24865554186005812,2.551,1.996,0.010378682498534969,0.002409347256562687,8.570034366536616
MA34.csv,Zr,van Horik_etal_2018,0.18898223726054256,0.16295519819469195,0.24865554186005812,2.554,2.001,0.010378682498534969,0.002409347256562687,8.570034366536616
MA34.csv,Zr,van Horik_etal_2018,0.18898223726054256,0.16295519819469195,0.24865554186005812,2.555,2.009,0.010378682498534969,0.002409347256562687,8.570034366536616
MA34.csv,Zr,van Horik_etal_2018,0.18898223726054256,0.16295519819469195,0.24865554186005812,2.553,2.003,0.010378682498534969,0.002409347256562687,8.570034366536616
MA34.csv,Zr,van Horik_etal_2018,0.18898223726054256,0.16295519819469195,0.24865554186005812,2.561,2.004,0.010378682498534969,0.002409347256562687,8.570034366536616
MA34.csv,Zr,van Horik_etal_2018,0.18898223726054256,0.16295519819469195,0.24865554186005812,2.558,1.996,0.010378682498534969,0.002409347256562687,8.570034366536616
MA34.csv,Zr,van Horik_etal_2018,0.18898223726054256,0.16295519819469195,0.24865554186005812,2.559,1.995,0.010378682498534969,0.002409347256562687,8.570034366536616
MA34.csv,Zr,van Horik_etal_2018,0.18898223726054256,0.16295519819469195,0.24865554186005812,2.559,1.999,0.010378682498534969,0.002409347256562687,8.570034366536616
MA34.csv,Zr,van Horik_etal_2018,0.18898223726054256,0.16295519819469195,0.24865554186005812,2.547,1.998,0.010378682498534969,0.002409347256562687,8.570034366536616
MA34.csv,Zr,van Horik_etal_2018,0.18898223726054256,0.16295519819469195,0.24865554186005812,2.561,1.996,0.010378682498534969,0.002409347256562687,8.570034366536616
MA34.csv,Zr,van Horik_etal_2018,0.18898223726054256,0.16295519819469195,0.24865554186005812,2.561,1.994,0.010378682498534969,0.002409347256562687,8.570034366536616
MA34.csv,Zr,van Horik_etal_2018,0.18898223726054256,0.16295519819469195,0.24865554186005812,2.558,2.004,0.010378682498534969,0.002409347256562687,8.570034366536616
MA34.csv,Zr,van Horik_etal_2018,0.18898223726054256,0.16295519819469195,0.24865554186005812,2.567,1.993,0.010378682498534969,0.002409347256562687,8.570034366536616
MA34.csv,Zr,van Horik_etal_2018,0.18898223726054256,0.16295519819469195,0.24865554186005812,2.574,2.008,0.010378682498534969,0.002409347256562687,8.570034366536616
MA34.csv,Zr,van Horik_etal_2018,0.18898223726054256,0.16295519819469195,0.24865554186005812,2.551,1.992,0.010378682498534969,0.002409347256562687,8.570034366536616
MA34.csv,Zr,van Horik_etal_2018,0.18898223726054256,0.16295519819469195,0.24865554186005812,2.57,1.99,0.010378682498534969,0.002409347256562687,8.570034366536616
MA34.csv,Zr,van Horik_etal_2018,0.18898223726054256,0.16295519819469195,0.24865554186005812,2.547,1.989,0.010378682498534969,0.002409347256562687,8.570034366536616
MA34.csv,Zr,van Horik_etal_2018,0.18898223726054256,0.16295519819469195,0.24865554186005812,2.568,1.992,0.010378682498534969,0.002409347256562687,8.570034366536616
MA34.csv,Zr,van Horik_etal_2018,0.18898223726054256,0.16295519819469195,0.24865554186005812,2.571,2.001,0.010378682498534969,0.002409347256562687,8.570034366536616
MA34.csv,Zr,van Horik_etal_2018,0.18898223726054256,0.16295519819469195,0.24865554186005812,2.576,1.989,0.010378682498534969,0.002409347256562687,8.570034366536616
MA34.csv,Zr,van Horik_etal_2018,0.18898223726054256,0.16295519819469195,0.24865554186005812,2.555,1.994,0.010378682498534969,0.002409347256562687,8.570034366536616
MA34.csv,Zr,van Horik_etal_2018,0.18898223726054256,0.16295519819469195,0.24865554186005812,2.559,1.987,0.010378682498534969,0.002409347256562687,8.570034366536616
MA34.csv,Zr,van Horik_etal_2018,0.18898223726054256,0.16295519819469195,0.24865554186005812,2.565,1.999,0.010378682498534969,0.002409347256562687,8.570034366536616
MA34.csv,Zr,van Horik_etal_2018,0.18898223726054256,0.16295519819469195,0.24865554186005812,2.563,1.99,0.010378682498534969,0.002409347256562687,8.570034366536616
MA34.csv,Zr,van Horik_etal_2018,0.18898223726054256,0.16295519819469195,0.24865554186005812,2.551,1.994,0.010378682498534969,0.002409347256562687,8.570034366536616
MA34.csv,Zr,van Horik_etal_2018,0.18898223726054256,0.16295519819469195,0.24865554186005812,2.547,2.007,0.010378682498534969,0.002409347256562687,8.570034366536616
MA34.csv,Zr,van Horik_etal_2018,0.18898223726054256,0.16295519819469195,0.24865554186005812,2.572,1.993,0.010378682498534969,0.002409347256562687,8.570034366536616
MA34.csv,Zr,van Horik_etal_2018,0.18898223726054256,0.16295519819469195,0.24865554186005812,2.564,2.012,0.010378682498534969,0.002409347256562687,8.570034366536616
MA34.csv,Zr,van Horik_etal_2018,0.18898223726054256,0.16295519819469195,0.24865554186005812,2.555,1.991,0.010378682498534969,0.002409347256562687,8.570034366536616
MA34.csv,Zr,van Horik_etal_2018,0.18898223726054256,0.16295519819469195,0.24865554186005812,2.549,1.996,0.010378682498534969,0.002409347256562687,8.570034366536616
MA34.csv,Zr,van Horik_etal_2018,0.09622504351778699,0.47869348417624247,0.7097422558940852,1.433,1.195,1.1539061397886283e-4,5.4451336640287634e-6,23.104877171784278
MA34.csv,Zr,van Horik_etal_2018,0.09622504351778699,0.47869348417624247,0.7097422558940852,1.433,1.197,1.1539061397886283e-4,5.4451336640287634e-6,23.104877171784278
MA34.csv,Zr,van Horik_etal_2018,0.09622504351778699,0.47869348417624247,0.7097422558940852,1.433,1.194,1.1539061397886283e-4,5.4451336640287634e-6,23.104877171784278
MA34.csv,Zr,van Horik_etal_2018,0.09622504351778699,0.47869348417624247,0.7097422558940852,1.436,1.197,1.1539061397886283e-4,5.4451336640287634e-6,23.104877171784278
MA34.csv,Zr,van Horik_etal_2018,0.09622504351778699,0.47869348417624247,0.7097422558940852,1.441,1.189,1.1539061397886283e-4,5.4451336640287634e-6,23.104877171784278
MA34.csv,Zr,van Horik_etal_2018,0.09622504351778699,0.47869348417624247,0.7097422558940852,1.437,1.187,1.1539061397886283e-4,5.4451336640287634e-6,23.104877171784278
MA34.csv,Zr,Shaw_etal_2015,0.24253562418745828,0.11767072925492006,0.16930129268678562,3.2,2.513,0.028049695416215003,0.009179716413108226,5.163056343186556
MA34.csv,Zr,Shaw_etal_2015,0.24253562418745828,0.11767072925492006,0.16930129268678562,3.216,2.502,0.028049695416215003,0.009179716413108226,5.163056343186556
MA34.csv,Zr,Shaw_etal_2015,0.26726124111064065,0.10547374802164411,0.14772487564017878,3.513,2.741,0.0385722048112942,0.014132324068624682,4.225112761853467
MA34.csv,Zr,Shaw_etal_2015,0.25,0.11359580479845932,0.16209764500890345,3.336,2.581,0.031099902738001308,0.010554897306980615,4.850184021044413
MA34.csv,Zr,Shaw_etal_2015,0.24253562418745828,0.11767072925492006,0.16930129268678562,3.259,2.485,0.028049695416215003,0.009179716413108226,5.163056343186556
MA34.csv,Zr,Shaw_etal_2015,0.24253562418745828,0.11767072925492006,0.16930129268678562,3.224,2.503,0.028049695416215003,0.009179716413108226,5.163056343186556
MA34.csv,Zr,Shaw_etal_2015,0.20412414604842807,0.14640814703961635,0.21984826531783752,2.769,2.147,0.014529701142689536,0.0037849604591605056,7.344011827822117
MA34.csv,Zr,Shaw_etal_2015,0.19611613396148722,0.15467298841398047,0.23426981160943428,2.642,2.063,0.012243437678978163,0.0030075174331025624,7.95968231954538
MA34.csv,Zr,Shaw_etal_2015,0.24253562418745828,0.11767072925492006,0.16930129268678562,3.253,2.495,0.028049695416215003,0.009179716413108226,5.163056343186556
MA34.csv,Zr,Shaw_etal_2015,0.26726124111064065,0.10547374802164411,0.14772487564017878,3.513,2.739,0.0385722048112942,0.014132324068624682,4.225112761853467
MA34.csv,Zr,Shaw_etal_2015,0.25,0.11359580479845932,0.16209764500890345,3.314,2.567,0.031099902738001308,0.010554897306980615,4.850184021044413
MA34.csv,Zr,Shaw_etal_2015,0.24253562418745828,0.11767072925492006,0.16930129268678562,3.244,2.502,0.028049695416215003,0.009179716413108226,5.163056343186556
MA34.csv,Zr,Shaw_etal_2015,0.27735009825128965,0.10142764825240858,0.1405603747506401,3.667,2.824,0.04317146868624213,0.01647070728892333,3.913272649823152
MA34.csv,Zr,Shaw_etal_2015,0.26726124111064065,0.10547374802164411,0.14772487564017878,3.558,2.733,0.0385722048112942,0.014132324068624682,4.225112761853467
MA34.csv,Zr,Shaw_etal_2015,0.25,0.11359580479845932,0.16209764500890345,3.35,2.559,0.031099902738001308,0.010554897306980615,4.850184021044413
MA34.csv,Zr,Smith_etal_2013,0.13483997181844856,0.2748636574116493,0.4338025863383195,1.892,1.498,0.001635081273816817,2.0139063771514726e-4,15.893892892667017
MA34.csv,Zr,Smith_etal_2013,0.13483997181844856,0.2748636574116493,0.4338025863383195,1.893,1.504,0.001635081273816817,2.0139063771514726e-4,15.893892892667017
MA34.csv,Zr,Smith_etal_2013,0.13483997181844856,0.2748636574116493,0.4338025863383195,1.893,1.495,0.001635081273816817,2.0139063771514726e-4,15.893892892667017
MA34.csv,Zr,Smith_etal_2013,0.13483997181844856,0.2748636574116493,0.4338025863383195,1.895,1.513,0.001635081273816817,2.0139063771514726e-4,15.893892892667017
MA34.csv,Zr,Smith_etal_2013,0.13483997181844856,0.2748636574116493,0.4338025863383195,1.883,1.505,0.001635081273816817,2.0139063771514726e-4,15.893892892667017
MA34.csv,Zr,Smith_etal_2013,0.13483997181844856,0.2748636574116493,0.4338025863383195,1.89,1.507,0.001635081273816817,2.0139063771514726e-4,15.893892892667017
MA34.csv,Zr,Woodley_etal_2015,0.1020620742489589,0.43550254307574743,0.6587095673957392,1.506,1.239,1.9717150691255916e-4,1.1377474352912325e-5,22.320702431999173
MA34.csv,Zr,Woodley_etal_2015,0.1020620742489589,0.43550254307574743,0.6587095673957392,1.499,1.238,1.9717150691255916e-4,1.1377474352912325e-5,22.320702431999173
MA34.csv,Zr,Woodley_etal_2015,0.1020620742489589,0.43550254307574743,0.6587095673957392,1.504,1.237,1.9717150691255916e-4,1.1377474352912325e-5,22.320702431999173
MA34.csv,Zr,Woodley_etal_2015,0.1020620742489589,0.43550254307574743,0.6587095673957392,1.507,1.235,1.9717150691255916e-4,1.1377474352912325e-5,22.320702431999173
MA34.csv,Zr,Woodley_etal_2015,0.1020620742489589,0.43550254307574743,0.6587095673957392,1.505,1.227,1.9717150691255916e-4,1.1377474352912325e-5,22.320702431999173
MA34.csv,Zr,Woodley_etal_2015,0.1020620742489589,0.43550254307574743,0.6587095673957392,1.493,1.242,1.9717150691255916e-4,1.1377474352912325e-5,22.320702431999173
MA34.csv,Zr,Woodley_etal_2015,0.1020620742489589,0.43550254307574743,0.6587095673957392,1.507,1.24,1.9717150691255916e-4,1.1377474352912325e-5,22.320702431999173
MA34.csv,Zr,Woodley_etal_2015,0.1020620742489589,0.43550254307574743,0.6587095673957392,1.5,1.236,1.9717150691255916e-4,1.1377474352912325e-5,22.320702431999173
MA34.csv,Zr,Woodley_etal_2015,0.1020620742489589,0.43550254307574743,0.6587095673957392,1.506,1.24,1.9717150691255916e-4,1.1377474352912325e-5,22.320702431999173
MA34.csv,Zr,Woodley_etal_2015,0.1020620742489589,0.43550254307574743,0.6587095673957392,1.504,1.241,1.9717150691255916e-4,1.1377474352912325e-5,22.320702431999173
MA34.csv,Zr,Woodley_etal_2015,0.1020620742489589,0.43550254307574743,0.6587095673957392,1.502,1.234,1.9717150691255916e-4,1.1377474352912325e-5,22.320702431999173
MA34.csv,Zr,Woodley_etal_2015,0.1020620742489589,0.43550254307574743,0.6587095673957392,1.512,1.232,1.9717150691255916e-4,1.1377474352912325e-5,22.320702431999173
MA34.csv,Zr,Woodley_etal_2015,0.1020620742489589,0.43550254307574743,0.6587095673957392,1.512,1.228,1.9717150691255916e-4,1.1377474352912325e-5,22.320702431999173
MA34.csv,Zr,Woodley_etal_2015,0.1020620742489589,0.43550254307574743,0.6587095673957392,1.51,1.234,1.9717150691255916e-4,1.1377474352912325e-5,22.320702431999173
MA34.csv,Zr,Woodley_etal_2015,0.1020620742489589,0.43550254307574743,0.6587095673957392,1.515,1.235,1.9717150691255916e-4,1.1377474352912325e-5,22.320702431999173
MA34.csv,Zr,Woodley_etal_2015,0.1020620742489589,0.43550254307574743,0.6587095673957392,1.502,1.235,1.9717150691255916e-4,1.1377474352912325e-5,22.320702431999173
MA34.csv,Zr,Woodley_etal_2015,0.1020620742489589,0.43550254307574743,0.6587095673957392,1.504,1.236,1.9717150691255916e-4,1.1377474352912325e-5,22.320702431999173
MA34.csv,Zr,Woodley_etal_2015,0.1020620742489589,0.43550254307574743,0.6587095673957392,1.509,1.238,1.9717150691255916e-4,1.1377474352912325e-5,22.320702431999173
MA34.csv,Zr,Woodley_etal_2015,0.1020620742489589,0.43550254307574743,0.6587095673957392,1.504,1.231,1.9717150691255916e-4,1.1377474352912325e-5,22.320702431999173
MA34.csv,Zr,Woodley_etal_2015,0.1020620742489589,0.43550254307574743,0.6587095673957392,1.496,1.233,1.9717150691255916e-4,1.1377474352912325e-5,22.320702431999173
MA34.csv,Zr,Woodley_etal_2015,0.1020620742489589,0.43550254307574743,0.6587095673957392,1.498,1.235,1.9717150691255916e-4,1.1377474352912325e-5,22.320702431999173
MA34.csv,Zr,Woodley_etal_2015,0.1020620742489589,0.43550254307574743,0.6587095673957392,1.507,1.236,1.9717150691255916e-4,1.1377474352912325e-5,22.320702431999173
MA34.csv,Zr,Woodley_etal_2015,0.1020620742489589,0.43550254307574743,0.6587095673957392,1.5,1.238,1.9717150691255916e-4,1.1377474352912325e-5,22.320702431999173
MA34.csv,Zr,Woodley_etal_2015,0.1020620742489589,0.43550254307574743,0.6587095673957392,1.506,1.232,1.9717150691255916e-4,1.1377474352912325e-5,22.320702431999173
MA34.csv,Zr,Woodley_etal_2015,0.1020620742489589,0.43550254307574743,0.6587095673957392,1.497,1.236,1.9717150691255916e-4,1.1377474352912325e-5,22.320702431999173
MA34.csv,Zr,Woodley_etal_2015,0.1020620742489589,0.43550254307574743,0.6587095673957392,1.504,1.236,1.9717150691255916e-4,1.1377474352912325e-5,22.320702431999173
MA34.csv,Zr,Woodley_etal_2015,0.1020620742489589,0.43550254307574743,0.6587095673957392,1.502,1.244,1.9717150691255916e-4,1.1377474352912325e-5,22.320702431999173
MA34.csv,Zr,Woodley_etal_2015,0.1020620742489589,0.43550254307574743,0.6587095673957392,1.51,1.239,1.9717150691255916e-4,1.1377474352912325e-5,22.320702431999173
MA34.csv,Zr,Woodley_etal_2015,0.1020620742489589,0.43550254307574743,0.6587095673957392,1.501,1.231,1.9717150691255916e-4,1.1377474352912325e-5,22.320702431999173
MA34.csv,Zr,Woodley_etal_2015,0.1020620742489589,0.43550254307574743,0.6587095673957392,1.505,1.239,1.9717150691255916e-4,1.1377474352912325e-5,22.320702431999173
MA34.csv,Zr,Woodley_etal_2015,0.1020620742489589,0.43550254307574743,0.6587095673957392,1.517,1.238,1.9717150691255916e-4,1.1377474352912325e-5,22.320702431999173
MA34.csv,Zr,Woodley_etal_2015,0.1020620742489589,0.43550254307574743,0.6587095673957392,1.508,1.235,1.9717150691255916e-4,1.1377474352912325e-5,22.320702431999173
MA34.csv,Zr,Woodley_etal_2015,0.1020620742489589,0.43550254307574743,0.6587095673957392,1.506,1.235,1.9717150691255916e-4,1.1377474352912325e-5,22.320702431999173
MA34.csv,Zr,Woodley_etal_2015,0.1020620742489589,0.43550254307574743,0.6587095673957392,1.497,1.234,1.9717150691255916e-4,1.1377474352912325e-5,22.320702431999173
MA34.csv,Zr,Woodley_etal_2015,0.1020620742489589,0.43550254307574743,0.6587095673957392,1.509,1.238,1.9717150691255916e-4,1.1377474352912325e-5,22.320702431999173
MA34.csv,Zr,Woodley_etal_2015,0.1020620742489589,0.43550254307574743,0.6587095673957392,1.501,1.238,1.9717150691255916e-4,1.1377474352912325e-5,22.320702431999173
MA34.csv,Zr,Woodley_etal_2015,0.1020620742489589,0.43550254307574743,0.6587095673957392,1.498,1.239,1.9717150691255916e-4,1.1377474352912325e-5,22.320702431999173
MA34.csv,Zr,Woodley_etal_2015,0.1020620742489589,0.43550254307574743,0.6587095673957392,1.504,1.235,1.9717150691255916e-4,1.1377474352912325e-5,22.320702431999173
MA34.csv,Zr,Woodley_etal_2015,0.1020620742489589,0.43550254307574743,0.6587095673957392,1.505,1.235,1.9717150691255916e-4,1.1377474352912325e-5,22.320702431999173
MA34.csv,Zr,Woodley_etal_2015,0.1020620742489589,0.43550254307574743,0.6587095673957392,1.502,1.241,1.9717150691255916e-4,1.1377474352912325e-5,22.320702431999173
MA34.csv,Zr,Woodley_etal_2015,0.1020620742489589,0.43550254307574743,0.6587095673957392,1.51,1.239,1.9717150691255916e-4,1.1377474352912325e-5,22.320702431999173
MA34.csv,Zr,Woodley_etal_2015,0.1020620742489589,0.43550254307574743,0.6587095673957392,1.501,1.234,1.9717150691255916e-4,1.1377474352912325e-5,22.320702431999173
MA34.csv,Zr,Woodley_etal_2015,0.1020620742489589,0.43550254307574743,0.6587095673957392,1.498,1.231,1.9717150691255916e-4,1.1377474352912325e-5,22.320702431999173
MA34.csv,Zr,Woodley_etal_2015,0.1020620742489589,0.43550254307574743,0.6587095673957392,1.497,1.236,1.9717150691255916e-4,1.1377474352912325e-5,22.320702431999173
MA34.csv,Zr,Woodley_etal_2015,0.1020620742489589,0.43550254307574743,0.6587095673957392,1.503,1.239,1.9717150691255916e-4,1.1377474352912325e-5,22.320702431999173
MA34.csv,Zr,Woodley_etal_2015,0.1020620742489589,0.43550254307574743,0.6587095673957392,1.504,1.239,1.9717150691255916e-4,1.1377474352912325e-5,22.320702431999173
MA34.csv,Zr,Woodley_etal_2015,0.1020620742489589,0.43550254307574743,0.6587095673957392,1.505,1.231,1.9717150691255916e-4,1.1377474352912325e-5,22.320702431999173
MA34.csv,Zr,Woodley_etal_2015,0.1020620742489589,0.43550254307574743,0.6587095673957392,1.501,1.238,1.9717150691255916e-4,1.1377474352912325e-5,22.320702431999173
MA34.csv,Zr,Woodley_etal_2015,0.1020620742489589,0.43550254307574743,0.6587095673957392,1.509,1.236,1.9717150691255916e-4,1.1377474352912325e-5,22.320702431999173
MA34.csv,Zr,Woodley_etal_2015,0.1020620742489589,0.43550254307574743,0.6587095673957392,1.509,1.234,1.9717150691255916e-4,1.1377474352912325e-5,22.320702431999173
MA34.csv,Zr,Woodley_etal_2015,0.1020620742489589,0.43550254307574743,0.6587095673957392,1.506,1.234,1.9717150691255916e-4,1.1377474352912325e-5,22.320702431999173
MA34.csv,Zr,Woodley_etal_2015,0.1020620742489589,0.43550254307574743,0.6587095673957392,1.507,1.243,1.9717150691255916e-4,1.1377474352912325e-5,22.320702431999173
MA34.csv,Zr,Woodley_etal_2015,0.1020620742489589,0.43550254307574743,0.6587095673957392,1.51,1.232,1.9717150691255916e-4,1.1377474352912325e-5,22.320702431999173
MA34.csv,Zr,Woodley_etal_2015,0.1020620742489589,0.43550254307574743,0.6587095673957392,1.5,1.239,1.9717150691255916e-4,1.1377474352912325e-5,22.320702431999173
MA34.csv,Zr,Woodley_etal_2015,0.1020620742489589,0.43550254307574743,0.6587095673957392,1.507,1.232,1.9717150691255916e-4,1.1377474352912325e-5,22.320702431999173
MA34.csv,Zr,Woodley_etal_2015,0.1020620742489589,0.43550254307574743,0.6587095673957392,1.5,1.24,1.9717150691255916e-4,1.1377474352912325e-5,22.320702431999173
MA34.csv,Zr,Woodley_etal_2015,0.1020620742489589,0.43550254307574743,0.6587095673957392,1.495,1.233,1.9717150691255916e-4,1.1377474352912325e-5,22.320702431999173
MA34.csv,Zr,Woodley_etal_2015,0.1020620742489589,0.43550254307574743,0.6587095673957392,1.504,1.232,1.9717150691255916e-4,1.1377474352912325e-5,22.320702431999173
MA34.csv,Zr,Woodley_etal_2015,0.1020620742489589,0.43550254307574743,0.6587095673957392,1.504,1.231,1.9717150691255916e-4,1.1377474352912325e-5,22.320702431999173
MA34.csv,Zr,Woodley_etal_2015,0.1020620742489589,0.43550254307574743,0.6587095673957392,1.505,1.237,1.9717150691255916e-4,1.1377474352912325e-5,22.320702431999173
MA34.csv,Zr,Woodley_etal_2015,0.1020620742489589,0.43550254307574743,0.6587095673957392,1.508,1.242,1.9717150691255916e-4,1.1377474352912325e-5,22.320702431999173
MA34.csv,Zr,Woodley_etal_2015,0.1020620742489589,0.43550254307574743,0.6587095673957392,1.505,1.234,1.9717150691255916e-4,1.1377474352912325e-5,22.320702431999173
MA34.csv,Zr,Woodley_etal_2015,0.1020620742489589,0.43550254307574743,0.6587095673957392,1.505,1.245,1.9717150691255916e-4,1.1377474352912325e-5,22.320702431999173
MA34.csv,Zr,Woodley_etal_2015,0.1020620742489589,0.43550254307574743,0.6587095673957392,1.511,1.235,1.9717150691255916e-4,1.1377474352912325e-5,22.320702431999173
MA34.csv,Zr,Woodley_etal_2015,0.1020620742489589,0.43550254307574743,0.6587095673957392,1.5,1.233,1.9717150691255916e-4,1.1377474352912325e-5,22.320702431999173
MA34.csv,Zr,Woodley_etal_2015,0.1020620742489589,0.43550254307574743,0.6587095673957392,1.509,1.234,1.9717150691255916e-4,1.1377474352912325e-5,22.320702431999173
MA34.csv,Zr,Woodley_etal_2015,0.1020620742489589,0.43550254307574743,0.6587095673957392,1.497,1.236,1.9717150691255916e-4,1.1377474352912325e-5,22.320702431999173
MA34.csv,Zr,Woodley_etal_2015,0.1020620742489589,0.43550254307574743,0.6587095673957392,1.505,1.237,1.9717150691255916e-4,1.1377474352912325e-5,22.320702431999173
MA34.csv,Zr,Woodley_etal_2015,0.1020620742489589,0.43550254307574743,0.6587095673957392,1.505,1.235,1.9717150691255916e-4,1.1377474352912325e-5,22.320702431999173
MA34.csv,Zr,Woodley_etal_2015,0.1020620742489589,0.43550254307574743,0.6587095673957392,1.511,1.237,1.9717150691255916e-4,1.1377474352912325e-5,22.320702431999173
MA34.csv,Zr,Woodley_etal_2015,0.1020620742489589,0.43550254307574743,0.6587095673957392,1.506,1.232,1.9717150691255916e-4,1.1377474352912325e-5,22.320702431999173
MA34.csv,Zr,Woodley_etal_2015,0.1020620742489589,0.43550254307574743,0.6587095673957392,1.502,1.233,1.9717150691255916e-4,1.1377474352912325e-5,22.320702431999173
MA34.csv,Zr,Woodley_etal_2015,0.1020620742489589,0.43550254307574743,0.6587095673957392,1.508,1.231,1.9717150691255916e-4,1.1377474352912325e-5,22.320702431999173
MA34.csv,Zr,Woodley_etal_2015,0.1020620742489589,0.43550254307574743,0.6587095673957392,1.504,1.236,1.9717150691255916e-4,1.1377474352912325e-5,22.320702431999173
MA34.csv,Zr,Woodley_etal_2015,0.1020620742489589,0.43550254307574743,0.6587095673957392,1.506,1.233,1.9717150691255916e-4,1.1377474352912325e-5,22.320702431999173
MA34.csv,Zr,Woodley_etal_2015,0.1020620742489589,0.43550254307574743,0.6587095673957392,1.499,1.234,1.9717150691255916e-4,1.1377474352912325e-5,22.320702431999173
MA34.csv,Zr,Woodley_etal_2015,0.1020620742489589,0.43550254307574743,0.6587095673957392,1.502,1.233,1.9717150691255916e-4,1.1377474352912325e-5,22.320702431999173
MA34.csv,Zr,Woodley_etal_2015,0.1020620742489589,0.43550254307574743,0.6587095673957392,1.493,1.234,1.9717150691255916e-4,1.1377474352912325e-5,22.320702431999173
MA41_01.csv,Zr,Schrijver et al_2002,0.17407765508530956,0.22396354267755303,0.48479492486842557,2.114,1.432,0.0035416190648829204,1.0699306896506121e-4,26.083138219087253
MA41_01.csv,Zr,Ausas et al_2019,0.4082482908721113,0.08041298809919639,0.1297530526905034,4.691,2.979,0.08378254234594018,0.02098680429806515,4.934006459130702
MA41_01.csv,Zr,Ausas et al_2019,0.4082482908721113,0.08041298809919639,0.1297530526905034,4.689,2.99,0.08378254234594018,0.02098680429806515,4.934006459130702
MA41_01.csv,Zr,Ausas et al_2019,0.4082482908721113,0.08041298809919639,0.1297530526905034,4.671,3.002,0.08378254234594018,0.02098680429806515,4.934006459130702
MA41_01.csv,Zr,Bannier et al_2017,0.2,0.18094413406054088,0.3870704563074904,2.398,1.596,0.007385526133303352,3.624418077904069e-4,20.61263222469495
MA41_01.csv,Zr,Bannier et al_2017,0.21821789110886394,0.1594755942259335,0.33493987226610156,2.597,1.712,0.011116715844855019,7.131124174842177e-4,17.54642780401681
MA41_01.csv,Zr,Brenes et al_2016,0.21821789110886394,0.1594755942259335,0.33493987226610156,2.594,1.707,0.011116715844855019,7.131124174842177e-4,17.54642780401681
MA41_01.csv,Zr,Dalley et al_2002,0.24253562418745828,0.13811004094232593,0.2811501356110131,2.867,1.875,0.017379030997750258,0.0014939296557308515,14.304009466868717
MA41_01.csv,Zr,Fischer et al_2015,0.3015113447285193,0.10639270810277157,0.19860592873963123,3.491,2.278,0.037617669978012275,0.005398704234528138,9.221322063685966
MA41_01.csv,Zr,Fischer et al_2015,0.3333333331666667,0.09594249317500703,0.17095995782815754,3.901,2.487,0.05062720472612387,0.008894412707170634,7.501746465315051
MA41_01.csv,Zr,Fischer et al_2015,0.3333333331666667,0.09594249317500703,0.17095995782815754,3.886,2.486,0.05062720472612387,0.008894412707170634,7.501746465315051
MA41_01.csv,Zr,Fischer et al_2015,0.3333333331666667,0.09594249317500703,0.17095995782815754,3.86,2.471,0.05062720472612387,0.008894412707170634,7.501746465315051
MA41_01.csv,Zr,Fischer et al_2015,0.3333333331666667,0.09594249317500703,0.17095995782815754,3.844,2.485,0.05062720472612387,0.008894412707170634,7.501746465315051
MA41_01.csv,Zr,Fischer et al_2015,0.25819889039265836,0.12748520540638075,0.25380005685287477,3.036,1.972,0.022124303986921535,0.0022293230130923302,12.631485144649401
MA41_01.csv,Zr,Fitchett et al_2009,0.2,0.18094413406054088,0.3870704563074904,2.387,1.587,0.007385526133303352,3.624418077904069e-4,20.61263222469495
MA41_01.csv,Zr,Fitchett et al_2009,0.17960530337381467,0.2132148850475878,0.46127175289715083,2.159,1.458,0.004219298386474802,1.4317881641220728e-4,24.805686784956304
MA41_01.csv,Zr,Gil et al_2006,0.18569533919837622,0.20245788326393033,0.43712331993843156,2.246,1.499,0.005053788437770663,1.9323301453609448e-4,23.466543667450125
MA41_01.csv,Zr,Gil et al_2006,0.18569533919837622,0.20245788326393033,0.43712331993843156,2.234,1.497,0.005053788437770663,1.9323301453609448e-4,23.466543667450125
MA41_01.csv,Zr,Gil et al_2006,0.18569533919837622,0.20245788326393033,0.43712331993843156,2.237,1.51,0.005053788437770663,1.9323301453609448e-4,23.466543667450125
MA41_01.csv,Zr,Gil et al_2006,0.18569533919837622,0.20245788326393033,0.43712331993843156,2.24,1.495,0.005053788437770663,1.9323301453609448e-4,23.466543667450125
MA41_01.csv,Zr,Gil et al_2006,0.18569533919837622,0.20245788326393033,0.43712331993843156,2.228,1.493,0.005053788437770663,1.9323301453609448e-4,23.466543667450125
MA41_01.csv,Zr,Gil et al_2006,0.17960530337381467,0.2132148850475878,0.46127175289715083,2.191,1.459,0.004219298386474802,1.4317881641220728e-4,24.805686784956304
MA41_01.csv,Zr,Gil et al_2006,0.17960530337381467,0.2132148850475878,0.46127175289715083,2.175,1.473,0.004219298386474802,1.4317881641220728e-4,24.805686784956304
MA41_01.csv,Zr,Gil et al_2006,0.17960530337381467,0.2132148850475878,0.46127175289715083,2.158,1.458,0.004219298386474802,1.4317881641220728e-4,24.805686784956304
MA41_01.csv,Zr,Gil et al_2006,0.17960530337381467,0.2132148850475878,0.46127175289715083,2.19,1.462,0.004219298386474802,1.4317881641220728e-4,24.805686784956304
MA41_01.csv,Zr,Gil et al_2006,0.17960530337381467,0.2132148850475878,0.46127175289715083,2.182,1.462,0.004219298386474802,1.4317881641220728e-4,24.805686784956304
MA41_01.csv,Zr,Gil et al_2006,0.20851441436984638,0.17020070896052264,0.36124163381147056,2.488,1.654,0.009023662051518527,5.049665864381612e-4,19.104092485094792
MA41_01.csv,Zr,Gil et al_2006,0.20851441436984638,0.17020070896052264,0.36124163381147056,2.488,1.646,0.009023662051518527,5.049665864381612e-4,19.104092485094792
MA41_01.csv,Zr,Gil et al_2006,0.20851441436984638,0.17020070896052264,0.36124163381147056,2.482,1.644,0.009023662051518527,5.049665864381612e-4,19.104092485094792
MA41_01.csv,Zr,Gil et al_2006,0.20851441436984638,0.17020070896052264,0.36124163381147056,2.497,1.636,0.009023662051518527,5.049665864381612e-4,19.104092485094792
MA41_01.csv,Zr,Gil et al_2006,0.20851441436984638,0.17020070896052264,0.36124163381147056,2.484,1.639,0.009023662051518527,5.049665864381612e-4,19.104092485094792
MA41_01.csv,Zr,Heimer-McGinn et al_2020,0.25,0.13279195435354607,0.26750500660102283,2.945,1.918,0.019575226067147497,0.001819614723000306,13.471305224747676
MA41_01.csv,Zr,Heimer-McGinn et al_2020,0.25,0.13279195435354607,0.26750500660102283,2.922,1.913,0.019575226067147497,0.001819614723000306,13.471305224747676
MA41_01.csv,Zr,Heimer-McGinn et al_2020,0.25,0.13279195435354607,0.26750500660102283,2.925,1.926,0.019575226067147497,0.001819614723000306,13.471305224747676
MA41_01.csv,Zr,Heimer-McGinn et al_2020,0.25,0.13279195435354607,0.26750500660102283,2.946,1.912,0.019575226067147497,0.001819614723000306,13.471305224747676
MA41_01.csv,Zr,Heimer-McGinn et al_2020,0.25,0.13279195435354607,0.26750500660102283,2.948,1.917,0.019575226067147497,0.001819614723000306,13.471305224747676
MA41_01.csv,Zr,Heimer-McGinn et al_2020,0.25,0.13279195435354607,0.26750500660102283,2.952,1.917,0.019575226067147497,0.001819614723000306,13.471305224747676
MA41_01.csv,Zr,Heimer-McGinn et al_2020,0.25,0.13279195435354607,0.26750500660102283,2.952,1.918,0.019575226067147497,0.001819614723000306,13.471305224747676
MA41_01.csv,Zr,Heimer-McGinn et al_2020,0.25,0.13279195435354607,0.26750500660102283,2.96,1.918,0.019575226067147497,0.001819614723000306,13.471305224747676
MA41_01.csv,Zr,Heimer-McGinn et al_2020,0.25,0.13279195435354607,0.26750500660102283,2.973,1.9,0.019575226067147497,0.001819614723000306,13.471305224747676
MA41_01.csv,Zr,Heimer-McGinn et al_2020,0.25,0.13279195435354607,0.26750500660102283,2.945,1.92,0.019575226067147497,0.001819614723000306,13.471305224747676
MA41_01.csv,Zr,Heimer-McGinn et al_2020,0.25,0.13279195435354607,0.26750500660102283,2.935,1.915,0.019575226067147497,0.001819614723000306,13.471305224747676
MA41_01.csv,Zr,Kogan et al_2000,0.20851441436984638,0.17020070896052264,0.36124163381147056,2.478,1.638,0.009023662051518527,5.049665864381612e-4,19.104092485094792
MA41_01.csv,Zr,Kogan et al_2000,0.20851441436984638,0.17020070896052264,0.36124163381147056,2.519,1.636,0.009023662051518527,5.049665864381612e-4,19.104092485094792
MA41_01.csv,Zr,Langley et al_2018,0.26726124111064065,0.12219083663640129,0.24004599081420286,3.123,2.044,0.02509856333437134,0.0027489600881711058,11.785515417780157
MA41_01.csv,Zr,Langley et al_2018,0.26726124111064065,0.12219083663640129,0.24004599081420286,3.155,2.046,0.02509856333437134,0.0027489600881711058,11.785515417780157
MA41_01.csv,Zr,Langley et al_2018,0.44721359549995793,0.07528015817600275,0.11615249210438472,5.152,3.295,0.10126963864744143,0.029139391202181043,4.087233392838197
MA41_01.csv,Zr,Leris & Reader_2016,0.13363062149073468,0.3452387295280097,0.7065791111673244,1.677,1.193,6.223221083662107e-4,5.7101804749862675e-6,36.13403816393147
MA41_01.csv,Zr,Leris & Reader_2016,0.13363062149073468,0.3452387295280097,0.7065791111673244,1.698,1.192,6.223221083662107e-4,5.7101804749862675e-6,36.13403816393147
MA41_01.csv,Zr,Lipkind et al_2002,0.25,0.13279195435354607,0.26750500660102283,2.948,1.928,0.019575226067147497,0.001819614723000306,13.471305224747676
MA41_01.csv,Zr,Lipkind et al_2002,0.37796447319820947,0.08556846561814346,0.14343255545955313,4.339,2.776,0.07016342910928373,0.015479736361902034,5.786408984140968
MA41_01.csv,Zr,Lipkind et al_2002,0.37796447319820947,0.08556846561814346,0.14343255545955313,4.361,2.769,0.07016342910928373,0.015479736361902034,5.786408984140968
MA41_01.csv,Zr,Machatschke et al_2011,0.1690308522134347,0.2346978437732593,0.5076699160632914,2.066,1.392,0.002987427609304529,8.056821678104015e-5,27.297207229003206
MA41_01.csv,Zr,Machatschke et al_2011,0.1690308522134347,0.2346978437732593,0.5076699160632914,2.072,1.402,0.002987427609304529,8.056821678104015e-5,27.297207229003206
MA41_01.csv,Zr,Machatschke et al_2011,0.1690308522134347,0.2346978437732593,0.5076699160632914,2.049,1.403,0.002987427609304529,8.056821678104015e-5,27.297207229003206
MA41_01.csv,Zr,Machatschke et al_2011,0.1690308522134347,0.2346978437732593,0.5076699160632914,2.062,1.396,0.002987427609304529,8.056821678104015e-5,27.297207229003206
MA41_01.csv,Zr,Meagher et al_2015,0.2886751340174626,0.1116434972580882,0.2124365620066615,3.363,2.188,0.03271217991698517,0.004273970854359985,10.07930647485733
MA41_01.csv,Zr,Meagher et al_2015,0.24253562418745828,0.13811004094232593,0.2811501356110131,2.885,1.865,0.017379030997750258,0.0014939296557308515,14.304009466868717
MA41_01.csv,Zr,Meagher et al_2015,0.22941573398526963,0.14877615396028043,0.30822122772203164,2.713,1.784,0.013824634018261315,0.0010228404550761481,15.944507376175121
MA41_01.csv,Zr,Meagher et al_2015,0.24253562418745828,0.13811004094232593,0.2811501356110131,2.868,1.875,0.017379030997750258,0.0014939296557308515,14.304009466868717
MA41_01.csv,Zr,Meagher et al_2015,0.22941573398526963,0.14877615396028043,0.30822122772203164,2.712,1.783,0.013824634018261315,0.0010228404550761481,15.944507376175121
MA41_01.csv,Zr,Meagher et al_2015,0.22941573398526963,0.14877615396028043,0.30822122772203164,2.718,1.781,0.013824634018261315,0.0010228404550761481,15.944507376175121
MA41_01.csv,Zr,Riley et al_2017,0.2,0.18094413406054088,0.3870704563074904,2.38,1.591,0.007385526133303352,3.624418077904069e-4,20.61263222469495
MA41_01.csv,Zr,Riley et al_2017,0.2,0.18094413406054088,0.3870704563074904,2.393,1.586,0.007385526133303352,3.624418077904069e-4,20.61263222469495
MA41_01.csv,Zr,Riley et al_2017,0.2,0.18094413406054088,0.3870704563074904,2.399,1.595,0.007385526133303352,3.624418077904069e-4,20.61263222469495
MA41_01.csv,Zr,Riley et al_2018,0.27735009825128965,0.11690990636280496,0.2262541511441858,3.217,2.106,0.028589135031904085,0.0034140375829547795,10.934424478138084
MA41_01.csv,Zr,Riley et al_2018,0.2886751340174626,0.1116434972580882,0.2124365620066615,3.365,2.183,0.03271217991698517,0.004273970854359985,10.07930647485733
MA41_01.csv,Zr,Riley et al_2018,0.2886751340174626,0.1116434972580882,0.2124365620066615,3.392,2.18,0.03271217991698517,0.004273970854359985,10.07930647485733
MA41_01.csv,Zr,Riley et al_2018,0.27735009825128965,0.11690990636280496,0.2262541511441858,3.247,2.11,0.028589135031904085,0.0034140375829547795,10.934424478138084
MA41_01.csv,Zr,Riley et al_2018,0.3015113447285193,0.10639270810277157,0.19860592873963123,3.53,2.252,0.037617669978012275,0.005398704234528138,9.221322063685966
MA41_01.csv,Zr,Seid & Junge_2016,0.21320071528960685,0.1648354111893986,0.3481465607584975,2.536,1.674,0.010004659500537201,5.989986256077218e-4,18.33111495690989
MA41_01.csv,Zr,Seid & Junge_2016,0.21320071528960685,0.1648354111893986,0.3481465607584975,2.543,1.673,0.010004659500537201,5.989986256077218e-4,18.33111495690989
MA41_01.csv,Zr,Sewall et al_2018,0.12803688140532007,0.37064478119509825,0.7430517923050645,1.626,1.17,4.4721030775444115e-4,3.239828317592864e-6,37.240701110996625
MA41_01.csv,Zr,Smith et al_2018,0.24253562418745828,0.13811004094232593,0.2811501356110131,2.876,1.864,0.017379030997750258,0.0014939296557308515,14.304009466868717
MA41_01.csv,Zr,Smith et al_2018,0.24253562418745828,0.13811004094232593,0.2811501356110131,2.86,1.875,0.017379030997750258,0.0014939296557308515,14.304009466868717
MA41_01.csv,Zr,Smith et al_2018,0.24253562418745828,0.13811004094232593,0.2811501356110131,2.887,1.874,0.017379030997750258,0.0014939296557308515,14.304009466868717
MA41_01.csv,Zr,Smith et al_2018,0.24253562418745828,0.13811004094232593,0.2811501356110131,2.838,1.875,0.017379030997750258,0.0014939296557308515,14.304009466868717
MA41_01.csv,Zr,Toyoshima et al_2018,0.25,0.13279195435354607,0.26750500660102283,2.949,1.922,0.019575226067147497,0.001819614723000306,13.471305224747676
MA41_01.csv,Zr,Toyoshima et al_2018,0.25,0.13279195435354607,0.26750500660102283,2.957,1.916,0.019575226067147497,0.001819614723000306,13.471305224747676
MA41_01.csv,Zr,Toyoshima et al_2018,0.24253562418745828,0.13811004094232593,0.2811501356110131,2.852,1.87,0.017379030997750258,0.0014939296557308515,14.304009466868717
MA41_01.csv,Zr,Toyoshima et al_2018,0.25,0.13279195435354607,0.26750500660102283,2.938,1.914,0.019575226067147497,0.001819614723000306,13.471305224747676
MA41_01.csv,Zr,Toyoshima et al_2018,0.25,0.13279195435354607,0.26750500660102283,2.967,1.924,0.019575226067147497,0.001819614723000306,13.471305224747676
MA41_01.csv,Zr,Toyoshima et al_2018,0.24253562418745828,0.13811004094232593,0.2811501356110131,2.848,1.866,0.017379030997750258,0.0014939296557308515,14.304009466868717
MA41_01.csv,Zr,Toyoshima et al_2018,0.25,0.13279195435354607,0.26750500660102283,2.937,1.93,0.019575226067147497,0.001819614723000306,13.471305224747676
MA41_01.csv,Zr,Toyoshima et al_2018,0.25,0.13279195435354607,0.26750500660102283,2.963,1.921,0.019575226067147497,0.001819614723000306,13.471305224747676
MA41_01.csv,Zr,Toyoshima et al_2018,0.24253562418745828,0.13811004094232593,0.2811501356110131,2.858,1.872,0.017379030997750258,0.0014939296557308515,14.304009466868717
MA41_01.csv,Zr,Toyoshima et al_2018,0.25,0.13279195435354607,0.26750500660102283,2.93,1.927,0.019575226067147497,0.001819614723000306,13.471305224747676
MA41_01.csv,Zr,Toyoshima et al_2018,0.25,0.13279195435354607,0.26750500660102283,2.969,1.92,0.019575226067147497,0.001819614723000306,13.471305224747676
MA41_01.csv,Zr,Toyoshima et al_2018,0.24253562418745828,0.13811004094232593,0.2811501356110131,2.86,1.876,0.017379030997750258,0.0014939296557308515,14.304009466868717
MA41_01.csv,Zr,Toyoshima et al_2018,0.25,0.13279195435354607,0.26750500660102283,2.951,1.912,0.019575226067147497,0.001819614723000306,13.471305224747676
MA41_01.csv,Zr,Toyoshima et al_2018,0.25,0.13279195435354607,0.26750500660102283,2.957,1.908,0.019575226067147497,0.001819614723000306,13.471305224747676
MA41_01.csv,Zr,Toyoshima et al_2018,0.24253562418745828,0.13811004094232593,0.2811501356110131,2.863,1.866,0.017379030997750258,0.0014939296557308515,14.304009466868717
MA41_01.csv,Zr,Toyoshima et al_2018,0.25,0.13279195435354607,0.26750500660102283,2.959,1.92,0.019575226067147497,0.001819614723000306,13.471305224747676
MA41_01.csv,Zr,Toyoshima et al_2018,0.25,0.13279195435354607,0.26750500660102283,2.939,1.916,0.019575226067147497,0.001819614723000306,13.471305224747676
MA41_01.csv,Zr,Toyoshima et al_2018,0.24253562418745828,0.13811004094232593,0.2811501356110131,2.88,1.871,0.017379030997750258,0.0014939296557308515,14.304009466868717
MA41_01.csv,Zr,Wang et al_2018,0.18569533919837622,0.20245788326393033,0.43712331993843156,2.229,1.493,0.005053788437770663,1.9323301453609448e-4,23.466543667450125
MA41_01.csv,Zr,Wang et al_2018,0.18569533919837622,0.20245788326393033,0.43712331993843156,2.219,1.498,0.005053788437770663,1.9323301453609448e-4,23.466543667450125
MA41_01.csv,Zr,Wang et al_2018,0.18569533919837622,0.20245788326393033,0.43712331993843156,2.242,1.505,0.005053788437770663,1.9323301453609448e-4,23.466543667450125
MA41_01.csv,Zr,Wang et al_2018,0.18569533919837622,0.20245788326393033,0.43712331993843156,2.235,1.5,0.005053788437770663,1.9323301453609448e-4,23.466543667450125
MA41_01.csv,Zr,Wang et al_2018,0.18569533919837622,0.20245788326393033,0.43712331993843156,2.235,1.496,0.005053788437770663,1.9323301453609448e-4,23.466543667450125
MA41_01.csv,Zr,Wang et al_2018,0.18569533919837622,0.20245788326393033,0.43712331993843156,2.239,1.501,0.005053788437770663,1.9323301453609448e-4,23.466543667450125
MA41_01.csv,Zr,Wang et al_2018,0.18569533919837622,0.20245788326393033,0.43712331993843156,2.228,1.499,0.005053788437770663,1.9323301453609448e-4,23.466543667450125
MA41_01.csv,Zr,Williams et al_2001,0.2357022613383249,0.1434384405588961,0.2947253625857317,2.77,1.828,0.015477782850422301,0.0012331152299771258,15.128692202683558
MA41_01.csv,Zr,Williams et al_2001,0.2357022613383249,0.1434384405588961,0.2947253625857317,2.779,1.826,0.015477782850422301,0.0012331152299771258,15.128692202683558
MA41_01.csv,Zr,Williams et al_2001,0.2357022613383249,0.1434384405588961,0.2947253625857317,2.807,1.826,0.015477782850422301,0.0012331152299771258,15.128692202683558
MA41_01.csv,Zr,Meagher et al_2015,0.2886751340174626,0.1116434972580882,0.2124365620066615,3.36,2.178,0.03271217991698517,0.004273970854359985,10.07930647485733
MA41_01.csv,Zr,Meagher et al_2015,0.15811388300841897,0.2614337513725147,0.5619159240885251,1.936,1.334,0.0019895923889752276,4.082146330754226e-5,30.04821727160104
MA41_01.csv,Zr,Riley et al_2017,0.2,0.18094413406054088,0.3870704563074904,2.401,1.587,0.007385526133303352,3.624418077904069e-4,20.61263222469495
MA41_01.csv,Zr,Smith et al_2018,0.24253562418745828,0.13811004094232593,0.2811501356110131,2.881,1.874,0.017379030997750258,0.0014939296557308515,14.304009466868717
MA41_01.csv,Zr,BrandaÌƒo et al_2015,0.19611613396148722,0.18632049192008238,0.39979214337360325,2.368,1.564,0.006700380286658161,3.084605868604134e-4,21.347165145352086
MA41_02.csv,Zr,KverkovÃ¡ et al_2018,0.15617376220095358,0.17746989887920173,0.6120337458233448,2.442,1.285,0.007872935271785642,2.1374618403033428e-5,43.45638469441431
MA41_02.csv,Zr,KverkovÃ¡ et al_2018,0.15617376220095358,0.17746989887920173,0.6120337458233448,2.43,1.277,0.007872935271785642,2.1374618403033428e-5,43.45638469441431
MA41_02.csv,Zr,KverkovÃ¡ et al_2018,0.15617376220095358,0.17746989887920173,0.6120337458233448,2.411,1.278,0.007872935271785642,2.1374618403033428e-5,43.45638469441431
MA41_02.csv,Zr,KverkovÃ¡ et al_2018,0.15617376220095358,0.17746989887920173,0.6120337458233448,2.453,1.284,0.007872935271785642,2.1374618403033428e-5,43.45638469441431
MA41_02.csv,Zr,KverkovÃ¡ et al_2018,0.15617376220095358,0.17746989887920173,0.6120337458233448,2.408,1.284,0.007872935271785642,2.1374618403033428e-5,43.45638469441431
MA41_02.csv,Zr,KverkovÃ¡ et al_2018,0.15617376220095358,0.17746989887920173,0.6120337458233448,2.437,1.28,0.007872935271785642,2.1374618403033428e-5,43.45638469441431
MA41_02.csv,Zr,KverkovÃ¡ et al_2018,0.15617376220095358,0.17746989887920173,0.6120337458233448,2.417,1.282,0.007872935271785642,2.1374618403033428e-5,43.45638469441431
MA41_02.csv,Zr,KverkovÃ¡ et al_2018,0.15617376220095358,0.17746989887920173,0.6120337458233448,2.453,1.281,0.007872935271785642,2.1374618403033428e-5,43.45638469441431
MA41_02.csv,Zr,KverkovÃ¡ et al_2018,0.15617376220095358,0.17746989887920173,0.6120337458233448,2.441,1.284,0.007872935271785642,2.1374618403033428e-5,43.45638469441431
MA41_02.csv,Zr,KverkovÃ¡ et al_2018,0.15617376220095358,0.17746989887920173,0.6120337458233448,2.388,1.281,0.007872935271785642,2.1374618403033428e-5,43.45638469441431
MA41_02.csv,Zr,KverkovÃ¡ et al_2018,0.15617376220095358,0.17746989887920173,0.6120337458233448,2.435,1.282,0.007872935271785642,2.1374618403033428e-5,43.45638469441431
MA41_02.csv,Zr,KverkovÃ¡ et al_2018,0.15617376220095358,0.17746989887920173,0.6120337458233448,2.44,1.272,0.007872935271785642,2.1374618403033428e-5,43.45638469441431
MA41_02.csv,Zr,KverkovÃ¡ et al_2018,0.15617376220095358,0.17746989887920173,0.6120337458233448,2.437,1.285,0.007872935271785642,2.1374618403033428e-5,43.45638469441431
MA41_02.csv,Zr,KverkovÃ¡ et al_2018,0.15617376220095358,0.17746989887920173,0.6120337458233448,2.424,1.279,0.007872935271785642,2.1374618403033428e-5,43.45638469441431
MA41_02.csv,Zr,KverkovÃ¡ et al_2018,0.15617376220095358,0.17746989887920173,0.6120337458233448,2.43,1.28,0.007872935271785642,2.1374618403033428e-5,43.45638469441431
MA41_02.csv,Zr,KverkovÃ¡ et al_2018,0.18257418492218444,0.14247676642085283,0.4841086252498664,2.81,1.427,0.015801093020585015,1.079063786529842e-4,34.16318588290136
MA41_02.csv,Zr,KverkovÃ¡ et al_2018,0.18257418492218444,0.14247676642085283,0.4841086252498664,2.776,1.424,0.015801093020585015,1.079063786529842e-4,34.16318588290136
MA41_02.csv,Zr,KverkovÃ¡ et al_2018,0.18257418492218444,0.14247676642085283,0.4841086252498664,2.802,1.433,0.015801093020585015,1.079063786529842e-4,34.16318588290136
MA41_02.csv,Zr,KverkovÃ¡ et al_2018,0.18257418492218444,0.14247676642085283,0.4841086252498664,2.786,1.432,0.015801093020585015,1.079063786529842e-4,34.16318588290136
MA41_02.csv,Zr,KverkovÃ¡ et al_2018,0.18257418492218444,0.14247676642085283,0.4841086252498664,2.811,1.428,0.015801093020585015,1.079063786529842e-4,34.16318588290136
MA41_02.csv,Zr,KverkovÃ¡ et al_2018,0.18257418492218444,0.14247676642085283,0.4841086252498664,2.796,1.429,0.015801093020585015,1.079063786529842e-4,34.16318588290136
MA41_02.csv,Zr,Reddy et al_2015,0.14285714192857144,0.20302507198931175,0.6892879120338914,2.243,1.212,0.005005219759962769,7.369700593022809e-6,48.626284004457965
MA41_02.csv,Zr,Sandel et al_2011,0.1643989872231578,0.16471513985325126,0.5684165029386903,2.576,1.328,0.01002809001998573,3.7583985678723445e-5,40.370136308543906
MA41_02.csv,Zr,Sandel et al_2011,0.14744195468047755,0.19343878344126797,0.6618568513129985,2.311,1.233,0.00590597925050879,1.0889740429732143e-5,46.841806787173056
MA41_02.csv,Zr,Bond et al_2003,0.37796447319820947,0.07097637873247409,0.15285613033817047,5.639,2.669,0.12019725914674075,0.012705800930915593,8.18797516056964
MA41_02.csv,Zr,Bond et al_2003,0.37796447319820947,0.07097637873247409,0.15285613033817047,5.599,2.658,0.12019725914674075,0.012705800930915593,8.18797516056964
MA41_02.csv,Zr,Bond et al_2007,0.37796447319820947,0.07097637873247409,0.15285613033817047,5.618,2.677,0.12019725914674075,0.012705800930915593,8.18797516056964
MA41_02.csv,Zr,Devaine et al_2017,0.1767766952966369,0.14881691596467905,0.5092118147276944,2.736,1.392,0.013812870641589588,7.903941889760358e-5,36.03948987630153
MA41_02.csv,Zr,Kamhi et al_2016,0.12598815817369505,0.24766577652152455,0.794566132088575,2.009,1.13,0.002445847906171132,1.3297441770012475e-6,54.69003555670504
MA41_02.csv,Zr,MacLean et al_2008,0.5773502689009506,0.05893106136253312,0.09318551502639327,8.523,3.964,0.213737708550254,0.05502346517188762,3.425445366386015
MA41_02.csv,Zr,MacLean et al_2008,0.5773502689009506,0.05893106136253312,0.09318551502639327,8.502,3.977,0.213737708550254,0.05502346517188762,3.425445366386015
MA41_02.csv,Zr,MacLean et al_2008,0.5773502689009506,0.05893106136253312,0.09318551502639327,8.549,3.986,0.213737708550254,0.05502346517188762,3.425445366386015
MA41_02.csv,Zr,MacLean et al_2008,0.5773502689009506,0.05893106136253312,0.09318551502639327,8.436,3.997,0.213737708550254,0.05502346517188762,3.425445366386015
MA41_02.csv,Zr,Amici et al_2008,0.10976426103245082,0.3105580795337102,0.8913261150080334,1.768,1.067,9.906049713940834e-4,1.4339107151128275e-7,58.07680354743232
MA41_02.csv,Zr,Amici et al_2008,0.10976426103245082,0.3105580795337102,0.8913261150080334,1.763,1.065,9.906049713940834e-4,1.4339107151128275e-7,58.07680354743232
MA41_02.csv,Zr,Amici et al_2008,0.10976426103245082,0.3105580795337102,0.8913261150080334,1.77,1.066,9.906049713940834e-4,1.4339107151128275e-7,58.07680354743232
MA41_02.csv,Zr,Amici et al_2008,0.10976426103245082,0.3105580795337102,0.8913261150080334,1.786,1.061,9.906049713940834e-4,1.4339107151128275e-7,58.07680354743232
MA41_02.csv,Zr,Amici et al_2008,0.10976426103245082,0.3105580795337102,0.8913261150080334,1.782,1.066,9.906049713940834e-4,1.4339107151128275e-7,58.07680354743232
MA41_02.csv,Zr,Arsznov & Sakai_2013,0.18898223726054256,0.1361500101082911,0.4582247881748879,2.885,1.469,0.018150825373842196,1.4868916000967055e-4,32.20747780665968
MA41_02.csv,Zr,Arsznov & Sakai_2013,0.18898223726054256,0.1361500101082911,0.4582247881748879,2.889,1.469,0.018150825373842196,1.4868916000967055e-4,32.20747780665968
MA41_02.csv,Zr,Arsznov & Sakai_2013,0.18898223726054256,0.1361500101082911,0.4582247881748879,2.895,1.465,0.018150825373842196,1.4868916000967055e-4,32.20747780665968
MA41_02.csv,Zr,Arsznov & Sakai_2013,0.18898223726054256,0.1361500101082911,0.4582247881748879,2.876,1.463,0.018150825373842196,1.4868916000967055e-4,32.20747780665968
MA41_02.csv,Zr,Arsznov & Sakai_2013,0.18898223726054256,0.1361500101082911,0.4582247881748879,2.849,1.468,0.018150825373842196,1.4868916000967055e-4,32.20747780665968
MA41_02.csv,Zr,Arsznov & Sakai_2013,0.18898223726054256,0.1361500101082911,0.4582247881748879,2.875,1.475,0.018150825373842196,1.4868916000967055e-4,32.20747780665968
MA41_02.csv,Zr,Arsznov & Sakai_2013,0.18898223726054256,0.1361500101082911,0.4582247881748879,2.897,1.469,0.018150825373842196,1.4868916000967055e-4,32.20747780665968
MA41_02.csv,Zr,Arsznov & Sakai_2013,0.18898223726054256,0.1361500101082911,0.4582247881748879,2.912,1.461,0.018150825373842196,1.4868916000967055e-4,32.20747780665968
MA41_02.csv,Zr,Arsznov & Sakai_2013,0.18898223726054256,0.1361500101082911,0.4582247881748879,2.889,1.465,0.018150825373842196,1.4868916000967055e-4,32.20747780665968
MA41_02.csv,Zr,Arsznov & Sakai_2013,0.18898223726054256,0.1361500101082911,0.4582247881748879,2.894,1.467,0.018150825373842196,1.4868916000967055e-4,32.20747780665968
MA41_02.csv,Zr,Arsznov & Sakai_2013,0.18898223726054256,0.1361500101082911,0.4582247881748879,2.865,1.467,0.018150825373842196,1.4868916000967055e-4,32.20747780665968
MA41_02.csv,Zr,Arsznov & Sakai_2013,0.18898223726054256,0.1361500101082911,0.4582247881748879,2.9,1.472,0.018150825373842196,1.4868916000967055e-4,32.20747780665968
MA41_02.csv,Zr,Arsznov & Sakai_2013,0.18898223726054256,0.1361500101082911,0.4582247881748879,2.89,1.468,0.018150825373842196,1.4868916000967055e-4,32.20747780665968
MA41_02.csv,Zr,Arsznov & Sakai_2013,0.18898223726054256,0.1361500101082911,0.4582247881748879,2.861,1.47,0.018150825373842196,1.4868916000967055e-4,32.20747780665968
MA41_02.csv,Zr,Arsznov & Sakai_2013,0.18898223726054256,0.1361500101082911,0.4582247881748879,2.886,1.479,0.018150825373842196,1.4868916000967055e-4,32.20747780665968
MA41_02.csv,Zr,Arsznov & Sakai_2013,0.18898223726054256,0.1361500101082911,0.4582247881748879,2.88,1.472,0.018150825373842196,1.4868916000967055e-4,32.20747780665968
MA41_02.csv,Zr,Bond et al_2007,0.37796447319820947,0.07097637873247409,0.15285613033817047,5.592,2.682,0.12019725914674075,0.012705800930915593,8.18797516056964
MA41_02.csv,Zr,Bond et al_2007,0.37796447319820947,0.07097637873247409,0.15285613033817047,5.593,2.664,0.12019725914674075,0.012705800930915593,8.18797516056964
MA41_02.csv,Zr,Costanzo et al_2009,0.13608276525703025,0.2189957320613437,0.7310460455162032,2.145,1.179,0.003837765371839844,3.923051714774955e-6,51.20503134548595
MA41_02.csv,Zr,Costanzo et al_2009,0.13608276525703025,0.2189957320613437,0.7310460455162032,2.147,1.173,0.003837765371839844,3.923051714774955e-6,51.20503134548595
MA41_02.csv,Zr,Costanzo et al_2009,0.13608276525703025,0.2189957320613437,0.7310460455162032,2.16,1.169,0.003837765371839844,3.923051714774955e-6,51.20503134548595
MA41_02.csv,Zr,Costanzo et al_2009,0.13608276525703025,0.2189957320613437,0.7310460455162032,2.145,1.172,0.003837765371839844,3.923051714774955e-6,51.20503134548595
MA41_02.csv,Zr,Fichtel et al_2020,0.1643989872231578,0.16471513985325126,0.5684165029386903,2.551,1.323,0.01002809001998573,3.7583985678723445e-5,40.370136308543906
MA41_02.csv,Zr,Fichtel et al_2020,0.1643989872231578,0.16471513985325126,0.5684165029386903,2.521,1.324,0.01002809001998573,3.7583985678723445e-5,40.370136308543906
MA41_02.csv,Zr,Fichtel et al_2020,0.16666666733333332,0.16153082706438715,0.556988950029901,2.565,1.34,0.010673367045465716,4.345081690904436e-5,39.54581229655139
MA41_02.csv,Zr,Fichtel et al_2020,0.1643989872231578,0.16471513985325126,0.5684165029386903,2.535,1.326,0.01002809001998573,3.7583985678723445e-5,40.370136308543906
MA41_02.csv,Zr,Fichtel et al_2020,0.1643989872231578,0.16471513985325126,0.5684165029386903,2.553,1.325,0.01002809001998573,3.7583985678723445e-5,40.370136308543906
MA41_02.csv,Zr,Fichtel et al_2020,0.16666666733333332,0.16153082706438715,0.556988950029901,2.571,1.338,0.010673367045465716,4.345081690904436e-5,39.54581229655139
MA41_02.csv,Zr,Fichtel et al_2020,0.1643989872231578,0.16471513985325126,0.5684165029386903,2.533,1.322,0.01002809001998573,3.7583985678723445e-5,40.370136308543906
MA41_02.csv,Zr,Fichtel et al_2020,0.1643989872231578,0.16471513985325126,0.5684165029386903,2.543,1.331,0.01002809001998573,3.7583985678723445e-5,40.370136308543906
MA41_02.csv,Zr,Fichtel et al_2020,0.1643989872231578,0.16471513985325126,0.5684165029386903,2.534,1.32,0.01002809001998573,3.7583985678723445e-5,40.370136308543906
MA41_02.csv,Zr,Fichtel et al_2020,0.1643989872231578,0.16471513985325126,0.5684165029386903,2.534,1.319,0.01002809001998573,3.7583985678723445e-5,40.370136308543906
MA41_02.csv,Zr,Fichtel et al_2020,0.1643989872231578,0.16471513985325126,0.5684165029386903,2.534,1.323,0.01002809001998573,3.7583985678723445e-5,40.370136308543906
MA41_02.csv,Zr,Fichtel et al_2020,0.16666666733333332,0.16153082706438715,0.556988950029901,2.558,1.343,0.010673367045465716,4.345081690904436e-5,39.54581229655139
MA41_02.csv,Zr,Fichtel et al_2020,0.1643989872231578,0.16471513985325126,0.5684165029386903,2.544,1.327,0.01002809001998573,3.7583985678723445e-5,40.370136308543906
MA41_02.csv,Zr,Fichtel et al_2020,0.1643989872231578,0.16471513985325126,0.5684165029386903,2.557,1.327,0.01002809001998573,3.7583985678723445e-5,40.370136308543906
MA41_02.csv,Zr,Fichtel et al_2020,0.1601281549259842,0.1710893955981585,0.5906443475906369,2.471,1.296,0.008872601370495099,2.8257509038047215e-5,41.955495199247835
MA41_02.csv,Zr,Fichtel et al_2020,0.16666666733333332,0.16153082706438715,0.556988950029901,2.569,1.343,0.010673367045465716,4.345081690904436e-5,39.54581229655139
MA41_02.csv,Zr,Fichtel et al_2020,0.1690308522134347,0.15834865059430647,0.5453533445451599,2.617,1.346,0.011369335107440856,5.0320288572775016e-5,38.70046939508535
MA41_02.csv,Zr,Fichtel et al_2020,0.16666666733333332,0.16153082706438715,0.556988950029901,2.584,1.334,0.010673367045465716,4.345081690904436e-5,39.54581229655139
MA41_02.csv,Zr,Fichtel et al_2020,0.17407765508530956,0.15199149756232255,0.5214630665936559,2.676,1.381,0.01293334168233394,6.786202104192384e-5,36.94715690313334
MA41_02.csv,Zr,Fichtel et al_2020,0.1767766952966369,0.14881691596467905,0.5092118147276944,2.723,1.394,0.013812870641589588,7.903941889760358e-5,36.03948987630153
MA41_02.csv,Zr,Fichtel et al_2020,0.1601281549259842,0.1710893955981585,0.5906443475906369,2.488,1.297,0.008872601370495099,2.8257509038047215e-5,41.955495199247835
MA41_02.csv,Zr,Fichtel et al_2020,0.1601281549259842,0.1710893955981585,0.5906443475906369,2.474,1.3,0.008872601370495099,2.8257509038047215e-5,41.955495199247835
MA41_02.csv,Zr,Fichtel et al_2020,0.1601281549259842,0.1710893955981585,0.5906443475906369,2.483,1.301,0.008872601370495099,2.8257509038047215e-5,41.955495199247835
MA41_02.csv,Zr,Fichtel et al_2020,0.1643989872231578,0.16471513985325126,0.5684165029386903,2.556,1.33,0.01002809001998573,3.7583985678723445e-5,40.370136308543906
MA41_02.csv,Zr,Fichtel et al_2020,0.1601281549259842,0.1710893955981585,0.5906443475906369,2.477,1.3,0.008872601370495099,2.8257509038047215e-5,41.955495199247835
MA41_02.csv,Zr,Fichtel et al_2020,0.1643989872231578,0.16471513985325126,0.5684165029386903,2.534,1.317,0.01002809001998573,3.7583985678723445e-5,40.370136308543906
MA41_02.csv,Zr,Fichtel et al_2020,0.1601281549259842,0.1710893955981585,0.5906443475906369,2.501,1.299,0.008872601370495099,2.8257509038047215e-5,41.955495199247835
MA41_02.csv,Zr,Fichtel et al_2020,0.1601281549259842,0.1710893955981585,0.5906443475906369,2.473,1.301,0.008872601370495099,2.8257509038047215e-5,41.955495199247835
MA41_02.csv,Zr,Fichtel et al_2020,0.2,0.126688705271503,0.4180050943412862,3.048,1.529,0.02254216097328547,2.453171522630564e-4,29.131638906978317
MA41_02.csv,Zr,Fichtel et al_2020,0.21320071528960685,0.11726722202680306,0.37623984142718636,3.241,1.615,0.02833415624636019,4.162017659123375e-4,25.89726194003833
MA41_02.csv,Zr,Fichtel et al_2020,0.21320071528960685,0.11726722202680306,0.37623984142718636,3.239,1.617,0.02833415624636019,4.162017659123375e-4,25.89726194003833
MA41_02.csv,Zr,Fichtel et al_2020,0.21320071528960685,0.11726722202680306,0.37623984142718636,3.212,1.623,0.02833415624636019,4.162017659123375e-4,25.89726194003833
MA41_02.csv,Zr,Fichtel et al_2020,0.22941573398526963,0.10789162218290294,0.3331162765180721,3.444,1.711,0.03612550033776766,7.306281363752678e-4,22.522465433516913
MA41_02.csv,Zr,Fichtel et al_2020,0.22941573398526963,0.10789162218290294,0.3331162765180721,3.458,1.713,0.03612550033776766,7.306281363752678e-4,22.522465433516913
MA41_02.csv,Zr,Fichtel et al_2020,0.2,0.126688705271503,0.4180050943412862,3.039,1.527,0.02254216097328547,2.453171522630564e-4,29.131638906978317
MA41_02.csv,Zr,Fichtel et al_2020,0.2,0.126688705271503,0.4180050943412862,3.047,1.539,0.02254216097328547,2.453171522630564e-4,29.131638906978317
MA41_02.csv,Zr,Fichtel et al_2020,0.2,0.126688705271503,0.4180050943412862,3.046,1.526,0.02254216097328547,2.453171522630564e-4,29.131638906978317
MA41_02.csv,Zr,Fichtel et al_2020,0.20851441436984638,0.12040292093337135,0.3903228156280977,3.164,1.592,0.02621630964842223,3.477626120808087e-4,26.99198946947263
MA41_02.csv,Zr,Fichtel et al_2020,0.2,0.126688705271503,0.4180050943412862,3.04,1.529,0.02254216097328547,2.453171522630564e-4,29.131638906978317
MA41_02.csv,Zr,Fichtel et al_2020,0.20412414604842807,0.12354349004111165,0.4042468682264916,3.115,1.556,0.02429285224404003,2.916018284111551e-4,28.070337818537993
MA41_02.csv,Zr,Fichtel et al_2020,0.2,0.126688705271503,0.4180050943412862,3.041,1.536,0.02254216097328547,2.453171522630564e-4,29.131638906978317
MA41_02.csv,Zr,Fichtel et al_2020,0.2,0.126688705271503,0.4180050943412862,3.046,1.53,0.02254216097328547,2.453171522630564e-4,29.131638906978317
MA41_02.csv,Zr,Forss et al_2016,0.24253562418745828,0.10166979901293438,0.3037296226835654,3.637,1.795,0.04287665641787878,0.0010880813631394485,20.2059823670631
MA41_02.csv,Zr,Forss et al_2016,0.22941573398526963,0.10789162218290294,0.3331162765180721,3.459,1.711,0.03612550033776766,7.306281363752678e-4,22.522465433516913
MA41_02.csv,Zr,Forss et al_2016,0.21821789110886394,0.11413661767611272,0.3620054853444884,3.309,1.657,0.030671421477014123,4.999914544392399e-4,24.78688676683757
MA41_02.csv,Zr,KverkovÃ¡ et al_2018,0.15617376220095358,0.17746989887920173,0.6120337458233448,2.43,1.28,0.007872935271785642,2.1374618403033428e-5,43.45638469441431
MA41_02.csv,Zr,KverkovÃ¡ et al_2018,0.1543033505793053,0.18066202396789677,0.6224142604387887,2.404,1.259,0.007423731037913053,1.8629529410966682e-5,44.17522364708919
MA41_02.csv,Zr,KverkovÃ¡ et al_2018,0.18257418492218444,0.14247676642085283,0.4841086252498664,2.821,1.426,0.015801093020585015,1.079063786529842e-4,34.16318588290136
MA41_02.csv,Zr,KverkovÃ¡ et al_2018,0.18257418492218444,0.14247676642085283,0.4841086252498664,2.777,1.429,0.015801093020585015,1.079063786529842e-4,34.16318588290136
MA41_02.csv,Zr,Lefebvre et al_1996,0.20851441436984638,0.12040292093337135,0.3903228156280977,3.175,1.589,0.02621630964842223,3.477626120808087e-4,26.99198946947263
MA41_02.csv,Zr,Lefebvre et al_1996,0.2357022613383249,0.10477769530660475,0.3184800081613859,3.571,1.753,0.03931625561344927,8.893327782340513e-4,21.370231285478113
MA41_02.csv,Zr,Petit et al_2015,0.3015113447285193,0.08316261835850469,0.2135193654883093,4.539,2.176,0.07610835741880334,0.004198132700546151,13.03567471298046
MA41_02.csv,Zr,Petit et al_2015,0.2357022613383249,0.10477769530660475,0.3184800081613859,3.537,1.751,0.03931625561344927,8.893327782340513e-4,21.370231285478113
MA41_02.csv,Zr,Petit et al_2015,0.2357022613383249,0.10477769530660475,0.3184800081613859,3.533,1.751,0.03931625561344927,8.893327782340513e-4,21.370231285478113
MA41_02.csv,Zr,Petit et al_2015,0.27735009825128965,0.08930333042336902,0.24382402304599682,4.18,2.016,0.06212133016051607,0.0025936190370102062,15.45206926226278
MA41_02.csv,Zr,Petit et al_2015,0.22941573398526963,0.10789162218290294,0.3331162765180721,3.462,1.711,0.03612550033776766,7.306281363752678e-4,22.522465433516913
MA41_02.csv,Zr,Petit et al_2015,0.22941573398526963,0.10789162218290294,0.3331162765180721,3.464,1.708,0.03612550033776766,7.306281363752678e-4,22.522465433516913
MA41_02.csv,Zr,Petit et al_2015,0.27735009825128965,0.08930333042336902,0.24382402304599682,4.144,2.013,0.06212133016051607,0.0025936190370102062,15.45206926226278
MA41_02.csv,Zr,Petit et al_2015,0.22941573398526963,0.10789162218290294,0.3331162765180721,3.473,1.711,0.03612550033776766,7.306281363752678e-4,22.522465433516913
MA41_02.csv,Zr,Petit et al_2015,0.22941573398526963,0.10789162218290294,0.3331162765180721,3.432,1.723,0.03612550033776766,7.306281363752678e-4,22.522465433516913
MA41_02.csv,Zr,Petit et al_2015,0.2886751340174626,0.08622922251748211,0.22868851956394654,4.325,2.085,0.06864194698263013,0.0032842304029487494,14.245929704646443
MA41_02.csv,Zr,Petit et al_2015,0.2357022613383249,0.10477769530660475,0.3184800081613859,3.583,1.752,0.03931625561344927,8.893327782340513e-4,21.370231285478113
MA41_02.csv,Zr,Petit et al_2015,0.22941573398526963,0.10789162218290294,0.3331162765180721,3.478,1.725,0.03612550033776766,7.306281363752678e-4,22.522465433516913
MA41_02.csv,Zr,Petit et al_2015,0.2886751340174626,0.08622922251748211,0.22868851956394654,4.303,2.097,0.06864194698263013,0.0032842304029487494,14.245929704646443
MA41_02.csv,Zr,Petit et al_2015,0.2357022613383249,0.10477769530660475,0.3184800081613859,3.529,1.745,0.03931625561344927,8.893327782340513e-4,21.370231285478113
MA41_02.csv,Zr,Petit et al_2015,0.22941573398526963,0.10789162218290294,0.3331162765180721,3.446,1.708,0.03612550033776766,7.306281363752678e-4,22.522465433516913
MA41_02.csv,Zr,Petit et al_2015,0.3015113447285193,0.08316261835850469,0.2135193654883093,4.459,2.169,0.07610835741880334,0.004198132700546151,13.03567471298046
MA41_02.csv,Zr,Petit et al_2015,0.3015113447285193,0.08316261835850469,0.2135193654883093,4.484,2.176,0.07610835741880334,0.004198132700546151,13.03567471298046
MA41_02.csv,Zr,Sakai et al_2016,0.1924500896336502,0.13299218394496581,0.4449994758903182,2.939,1.489,0.019486459331804366,1.7520596653671232e-4,31.20072919453524
MA41_02.csv,Zr,Sakai et al_2016,0.20412414604842807,0.12354349004111165,0.4042468682264916,3.083,1.56,0.02429285224404003,2.916018284111551e-4,28.070337818537993
MA41_02.csv,Zr,Sakai et al_2016,0.2,0.126688705271503,0.4180050943412862,3.034,1.53,0.02254216097328547,2.453171522630564e-4,29.131638906978317
MA41_02.csv,Zr,Sakai et al_2016,0.1924500896336502,0.13299218394496581,0.4449994758903182,2.964,1.484,0.019486459331804366,1.7520596653671232e-4,31.20072919453524
MA41_02.csv,Zr,Sakai et al_2016,0.20412414604842807,0.12354349004111165,0.4042468682264916,3.108,1.56,0.02429285224404003,2.916018284111551e-4,28.070337818537993
MA41_02.csv,Zr,Sakai et al_2016,0.2,0.126688705271503,0.4180050943412862,3.065,1.539,0.02254216097328547,2.453171522630564e-4,29.131638906978317
MA41_02.csv,Zr,Sobrero et al_2016,0.5773502689009506,0.05893106136253312,0.09318551502639327,8.553,3.967,0.213737708550254,0.05502346517188762,3.425445366386015
MA41_02.csv,Zr,Sobrero et al_2016,0.7071067811865476,0.055943776035421444,0.07859670059800639,10.352,4.84,0.25666018586426154,0.08944990346822931,2.265292456258494
MA41_02.csv,Zr,Sobrero et al_2016,0.5773502689009506,0.05893106136253312,0.09318551502639327,8.436,3.974,0.213737708550254,0.05502346517188762,3.425445366386015
MA41_02.csv,Zr,Sobrero et al_2016,0.7071067811865476,0.055943776035421444,0.07859670059800639,10.378,4.803,0.25666018586426154,0.08944990346822931,2.265292456258494
MA41_02.csv,Zr,Sobrero et al_2016,0.5773502689009506,0.05893106136253312,0.09318551502639327,8.44,4,0.213737708550254,0.05502346517188762,3.425445366386015
MA41_02.csv,Zr,Sobrero et al_2016,0.7071067811865476,0.055943776035421444,0.07859670059800639,10.348,4.833,0.25666018586426154,0.08944990346822931,2.265292456258494
MA41_02.csv,Zr,Sobrero et al_2016,0.5773502689009506,0.05893106136253312,0.09318551502639327,8.574,3.985,0.213737708550254,0.05502346517188762,3.425445366386015
MA41_02.csv,Zr,Sobrero et al_2016,0.7071067811865476,0.055943776035421444,0.07859670059800639,10.414,4.842,0.25666018586426154,0.08944990346822931,2.265292456258494
MA41_02.csv,Zr,Templeton et al_1999,0.3333333331666667,0.07705294460014955,0.18314797774372615,4.975,2.391,0.09469602291518753,0.0070950162994137915,10.60950331435766
MA41_02.csv,Zr,Templeton et al_1999,0.3333333331666667,0.07705294460014955,0.18314797774372615,5.018,2.374,0.09469602291518753,0.0070950162994137915,10.60950331435766
MA41_02.csv,Zr,Bond et al_2010,0.3333333331666667,0.07705294460014955,0.18314797774372615,4.946,2.4,0.09469602291518753,0.0070950162994137915,10.60950331435766
MA41_02.csv,Zr,Forss et al_2016,0.18257418492218444,0.14247676642085283,0.4841086252498664,2.81,1.426,0.015801093020585015,1.079063786529842e-4,34.16318588290136
MA41_02.csv,Zr,Forss et al_2016,0.18257418492218444,0.14247676642085283,0.4841086252498664,2.799,1.427,0.015801093020585015,1.079063786529842e-4,34.16318588290136
MA41_02.csv,Zr,Forss et al_2016,0.18257418492218444,0.14247676642085283,0.4841086252498664,2.768,1.434,0.015801093020585015,1.079063786529842e-4,34.16318588290136
MA41_02.csv,Zr,Forss et al_2016,0.18257418492218444,0.14247676642085283,0.4841086252498664,2.785,1.428,0.015801093020585015,1.079063786529842e-4,34.16318588290136
MA41_02.csv,Zr,Forss et al_2016,0.18257418492218444,0.14247676642085283,0.4841086252498664,2.79,1.435,0.015801093020585015,1.079063786529842e-4,34.16318588290136
MA41_02.csv,Zr,Kelly_2016,0.12598815817369505,0.24766577652152455,0.794566132088575,2.018,1.127,0.002445847906171132,1.3297441770012475e-6,54.69003555670504
MA41_02.csv,Zr,Krasheninnikova et al_2013,0.25819889039265836,0.09547305254687966,0.2739322111451147,3.907,1.897,0.05134195692903947,0.001657236613219107,17.845915859823503
MA41_02.csv,Zr,Krasheninnikova et al_2013,0.3333333331666667,0.07705294460014955,0.18314797774372615,4.971,2.363,0.09469602291518753,0.0070950162994137915,10.60950331435766
MA41_02.csv,Zr,Krasheninnikova et al_2013,0.3015113447285193,0.08316261835850469,0.2135193654883093,4.503,2.168,0.07610835741880334,0.004198132700546151,13.03567471298046
MA41_02.csv,Zr,Krasheninnikova et al_2013,0.25819889039265836,0.09547305254687966,0.2739322111451147,3.859,1.902,0.05134195692903947,0.001657236613219107,17.845915859823503
MA41_02.csv,Zr,Krasheninnikova et al_2013,0.25819889039265836,0.09547305254687966,0.2739322111451147,3.889,1.89,0.05134195692903947,0.001657236613219107,17.845915859823503
MA41_02.csv,Zr,Krasheninnikova et al_2013,0.3333333331666667,0.07705294460014955,0.18314797774372615,4.989,2.383,0.09469602291518753,0.0070950162994137915,10.60950331435766
MA41_02.csv,Zr,Krasheninnikova et al_2013,0.3535533905932738,0.07401039216172667,0.1679822930920286,5.297,2.497,0.10638189902020524,0.009414507218070432,9.397190093030193
MA41_02.csv,Zr,Krasheninnikova et al_2013,0.3015113447285193,0.08316261835850469,0.2135193654883093,4.54,2.176,0.07610835741880334,0.004198132700546151,13.03567471298046
MA41_02.csv,Zr,Krasheninnikova et al_2013,0.31622776601683794,0.0801037733250014,0.1983332715482311,4.717,2.251,0.08471146800745465,0.005424152453118482,11.82294982232297
MA41_02.csv,Zr,Krasheninnikova et al_2013,0.25819889039265836,0.09547305254687966,0.2739322111451147,3.853,1.9,0.05134195692903947,0.001657236613219107,17.845915859823503
MA41_02.csv,Zr,Krasheninnikova et al_2013,0.3333333331666667,0.07705294460014955,0.18314797774372615,4.959,2.39,0.09469602291518753,0.0070950162994137915,10.60950331435766
MA41_02.csv,Zr,Krasheninnikova et al_2013,0.3535533905932738,0.07401039216172667,0.1679822930920286,5.232,2.499,0.10638189902020524,0.009414507218070432,9.397190093030193
MA41_02.csv,Zr,Krasheninnikova et al_2013,0.3015113447285193,0.08316261835850469,0.2135193654883093,4.484,2.164,0.07610835741880334,0.004198132700546151,13.03567471298046
MA41_02.csv,Zr,Krasheninnikova et al_2013,0.31622776601683794,0.0801037733250014,0.1983332715482311,4.715,2.266,0.08471146800745465,0.005424152453118482,11.82294982232297
MA41_02.csv,Zr,Stanbrook et al_2020,0.1020620742489589,0.3504717657739188,0.9298421309431258,1.681,1.041,5.810228217583041e-4,3.6940570687828726e-8,57.937036516920706
MA41_02.csv,Zr,Stanbrook et al_2020,0.18569533919837622,0.1393116078572797,0.4712625340822503,2.866,1.445,0.01692604517741537,1.2651217321581592e-4,33.19509262249706
MA41_02.csv,Zr,Borrego & Gaines_2016,0.14907119775462999,0.19024371245755278,0.6523061781621742,2.315,1.237,0.006247884943269991,1.2431275899815157e-5,46.20624657046214
MA41_02.csv,Zr,KverkovÃ¡ et al_2018,0.18257418492218444,0.14247676642085283,0.4841086252498664,2.784,1.425,0.015801093020585015,1.079063786529842e-4,34.16318588290136
MA41_02.csv,Zr,KverkovÃ¡ et al_2018,0.18257418492218444,0.14247676642085283,0.4841086252498664,2.799,1.429,0.015801093020585015,1.079063786529842e-4,34.16318588290136
MA41_02.csv,Zr,KverkovÃ¡ et al_2018,0.18257418492218444,0.14247676642085283,0.4841086252498664,2.812,1.426,0.015801093020585015,1.079063786529842e-4,34.16318588290136
MA41_02.csv,Zr,KverkovÃ¡ et al_2018,0.18257418492218444,0.14247676642085283,0.4841086252498664,2.787,1.432,0.015801093020585015,1.079063786529842e-4,34.16318588290136
MA41_02.csv,Zr,Sakai et al_2011,0.13736056566569607,0.21580301241925204,0.723080702446242,2.171,1.185,0.0040432708398299285,4.441999794077134e-6,50.727769002699
MA41_02.csv,Zr,Sakai et al_2011,0.13736056566569607,0.21580301241925204,0.723080702446242,2.156,1.178,0.0040432708398299285,4.441999794077134e-6,50.727769002699
MA41_02.csv,Zr,Sakai et al_2011,0.13736056566569607,0.21580301241925204,0.723080702446242,2.168,1.182,0.0040432708398299285,4.441999794077134e-6,50.727769002699
MA41_02.csv,Zr,Sakai et al_2011,0.13736056566569607,0.21580301241925204,0.723080702446242,2.158,1.184,0.0040432708398299285,4.441999794077134e-6,50.727769002699
MA41_02.csv,Zr,Bond et al_2003,0.37796447319820947,0.07097637873247409,0.15285613033817047,5.531,2.702,0.12019725914674075,0.012705800930915593,8.18797516056964
MA41_02.csv,Zr,Dean et al_2011,0.15811388300841897,0.1742789617777678,0.6014438753213355,2.459,1.289,0.008354929448090838,2.4558429586401978e-5,42.71649135435677
MA41_02.csv,Zr,Louail et al_2019,0.2,0.126688705271503,0.4180050943412862,3.04,1.533,0.02254216097328547,2.453171522630564e-4,29.131638906978317
MA41_02.csv,Zr,Louail et al_2019,0.19611613396148722,0.12983834389442805,0.4315912007187851,2.994,1.509,0.02094547626271094,2.0701769937152658e-4,30.175285682435703
MA41_02.csv,Zr,Louail et al_2019,0.19611613396148722,0.12983834389442805,0.4315912007187851,3.015,1.518,0.02094547626271094,2.0701769937152658e-4,30.175285682435703
MA41_02.csv,Zr,Louail et al_2019,0.2,0.126688705271503,0.4180050943412862,3.021,1.538,0.02254216097328547,2.453171522630564e-4,29.131638906978317
MA41_02.csv,Zr,MacLean et al_2013,0.13018891273837416,0.23494086107999168,0.7680966311799737,2.048,1.145,0.002976090135170007,2.134562317121213e-6,53.31557700999821
MA41_02.csv,Zr,MacLean et al_2013,0.13245323703103673,0.22856711822821807,0.7538212895433499,2.089,1.158,0.0032905673334703758,2.7163689325637956e-6,52.52541713151319
MA41_03.csv,Zr,Deaner et al_2000,0.18898223726054256,0.16601731326660907,0.42176072278914345,2.53,1.528,0.009777900890738404,2.3405260871713727e-4,25.574340952253436
MA41_03.csv,Zr,Deaner et al_2000,0.18898223726054256,0.16601731326660907,0.42176072278914345,2.522,1.529,0.009777900890738404,2.3405260871713727e-4,25.574340952253436
MA41_03.csv,Zr,Deaner et al_2000,0.18898223726054256,0.16601731326660907,0.42176072278914345,2.521,1.525,0.009777900890738404,2.3405260871713727e-4,25.574340952253436
MA41_03.csv,Zr,Dunbar & Shultz_2007,0.1601281549259842,0.21294495586503548,0.5477517209024372,2.171,1.35,0.0042381663747836935,4.882401348411621e-5,33.48067650374017
MA41_03.csv,Zr,Dunbar & Shultz_2007,0.1601281549259842,0.21294495586503548,0.5477517209024372,2.168,1.353,0.0042381663747836935,4.882401348411621e-5,33.48067650374017
MA41_03.csv,Zr,Dunbar & Shultz_2007,0.1601281549259842,0.21294495586503548,0.5477517209024372,2.181,1.349,0.0042381663747836935,4.882401348411621e-5,33.48067650374017
MA41_03.csv,Zr,Dunbar & Shultz_2007,0.1601281549259842,0.21294495586503548,0.5477517209024372,2.177,1.352,0.0042381663747836935,4.882401348411621e-5,33.48067650374017
MA41_03.csv,Zr,Dunbar & Shultz_2007,0.1601281549259842,0.21294495586503548,0.5477517209024372,2.186,1.35,0.0042381663747836935,4.882401348411621e-5,33.48067650374017
MA41_03.csv,Zr,Iwaniuk & Arnold_2004,0.08111070829428134,0.6298027087741789,0.9840682446801833,1.266,1.013,1.6878226295365117e-5,6.660974724354935e-10,35.42655359060044
MA41_03.csv,Zr,Joffe & Dunbar_1997,0.25819889039265836,0.11113751040621012,0.2519815387263806,3.357,1.97,0.03314749448169246,0.002291153622128246,14.084402832017052
MA41_03.csv,Zr,Joffe & Dunbar_1997,0.25819889039265836,0.11113751040621012,0.2519815387263806,3.384,1.974,0.03314749448169246,0.002291153622128246,14.084402832017052
MA41_03.csv,Zr,Joffe & Dunbar_1997,0.25819889039265836,0.11113751040621012,0.2519815387263806,3.376,1.985,0.03314749448169246,0.002291153622128246,14.084402832017052
MA41_03.csv,Zr,Joffe & Dunbar_1997,0.5,0.06597186876914307,0.10217425922609491,6.327,3.622,0.14944830717009067,0.04227090237446461,3.620239045695184
MA41_03.csv,Zr,Lewis & Barton_2006,0.4082482908721113,0.07405949823510538,0.12903060682446066,5.281,3.034,0.10617743683134365,0.02134100977462084,5.497110858935528
MA41_03.csv,Zr,Lewis & Barton_2006,0.5,0.06597186876914307,0.10217425922609491,6.377,3.657,0.14944830717009067,0.04227090237446461,3.620239045695184
MA41_03.csv,Zr,Shultz & Dunbar_2006,0.11547005239454947,0.36316508232221256,0.8223381766602118,1.646,1.11,4.92538151829252e-4,7.72787323306692e-7,45.91730943379992
MA41_03.csv,Zr,Shultz & Dunbar_2006,0.17407765508530956,0.18733305718712157,0.4814087363464177,2.328,1.437,0.006579965666743428,1.1157532140508073e-4,29.40756791592961
MA41_03.csv,Zr,Shultz & Dunbar_2006,0.17407765508530956,0.18733305718712157,0.4814087363464177,2.336,1.426,0.006579965666743428,1.1157532140508073e-4,29.40756791592961
MA41_03.csv,Zr,Shultz & Dunbar_2006,0.25,0.11531446351938279,0.2655728248147896,3.28,1.918,0.029764098244624986,0.001871868478929315,15.025836129540682
MA41_03.csv,Zr,Shultz & Dunbar_2006,0.25,0.11531446351938279,0.2655728248147896,3.305,1.919,0.029764098244624986,0.001871868478929315,15.025836129540682
MA41_03.csv,Zr,Shultz & Dunbar_2007,0.1543033505793053,0.225738813691729,0.57866437234932,2.116,1.314,0.003442271017032873,3.297103425952915e-5,35.2925558657591
MA41_03.csv,Zr,Shultz & Dunbar_2007,0.10976426103245082,0.3949319011769148,0.8586429644827613,1.581,1.088,3.280175787890459e-4,3.4408734319888953e-7,46.37110633058465
MA41_03.csv,Zr,Shultz & Dunbar_2007,0.12309149036387527,0.3265645409923912,0.7720847195006876,1.753,1.146,7.975036624178616e-4,1.992260239901679e-6,44.55201785082964
MA41_03.csv,Zr,Todorov et al_2019,0.1767766952966369,0.18306593210938205,0.4697843591126699,2.389,1.441,0.007105584244967005,1.2884937289084355e-4,28.67184270032879
MA41_03.csv,Zr,Todorov et al_2019,0.1767766952966369,0.18306593210938205,0.4697843591126699,2.369,1.445,0.007105584244967005,1.2884937289084355e-4,28.67184270032879
MA41_03.csv,Zr,Todorov et al_2019,0.1767766952966369,0.18306593210938205,0.4697843591126699,2.361,1.442,0.007105584244967005,1.2884937289084355e-4,28.67184270032879
MA41_03.csv,Zr,Todorov et al_2019,0.1767766952966369,0.18306593210938205,0.4697843591126699,2.375,1.446,0.007105584244967005,1.2884937289084355e-4,28.67184270032879
MA41_03.csv,Zr,Todorov et al_2019,0.1767766952966369,0.18306593210938205,0.4697843591126699,2.371,1.453,0.007105584244967005,1.2884937289084355e-4,28.67184270032879
MA41_03.csv,Zr,Todorov et al_2019,0.1767766952966369,0.18306593210938205,0.4697843591126699,2.375,1.447,0.007105584244967005,1.2884937289084355e-4,28.67184270032879
MA41_03.csv,Zr,Todorov et al_2019,0.1767766952966369,0.18306593210938205,0.4697843591126699,2.367,1.448,0.007105584244967005,1.2884937289084355e-4,28.67184270032879
MA41_03.csv,Zr,Todorov et al_2019,0.1767766952966369,0.18306593210938205,0.4697843591126699,2.368,1.445,0.007105584244967005,1.2884937289084355e-4,28.67184270032879
MA41_03.csv,Zr,Todorov et al_2019,0.1767766952966369,0.18306593210938205,0.4697843591126699,2.362,1.449,0.007105584244967005,1.2884937289084355e-4,28.67184270032879
MA41_03.csv,Zr,Todorov et al_2019,0.21320071528960685,0.1405538170289995,0.34559042601770396,2.818,1.687,0.016473058433114456,6.194500708851157e-4,20.503660898870447
MA41_03.csv,Zr,Todorov et al_2019,0.21320071528960685,0.1405538170289995,0.34559042601770396,2.802,1.686,0.016473058433114456,6.194500708851157e-4,20.503660898870447
MA41_03.csv,Zr,Todorov et al_2019,0.21320071528960685,0.1405538170289995,0.34559042601770396,2.823,1.681,0.016473058433114456,6.194500708851157e-4,20.503660898870447
MA41_03.csv,Zr,Todorov et al_2019,0.21320071528960685,0.1405538170289995,0.34559042601770396,2.833,1.676,0.016473058433114456,6.194500708851157e-4,20.503660898870447
MA41_03.csv,Zr,Todorov et al_2019,0.21320071528960685,0.1405538170289995,0.34559042601770396,2.816,1.691,0.016473058433114456,6.194500708851157e-4,20.503660898870447
MA41_03.csv,Zr,Todorov et al_2019,0.21320071528960685,0.1405538170289995,0.34559042601770396,2.831,1.684,0.016473058433114456,6.194500708851157e-4,20.503660898870447
MA41_03.csv,Zr,Todorov et al_2019,0.21320071528960685,0.1405538170289995,0.34559042601770396,2.838,1.679,0.016473058433114456,6.194500708851157e-4,20.503660898870447
MA41_03.csv,Zr,Todorov et al_2019,0.21320071528960685,0.1405538170289995,0.34559042601770396,2.817,1.684,0.016473058433114456,6.194500708851157e-4,20.503660898870447
MA41_03.csv,Zr,Todorov et al_2019,0.21320071528960685,0.1405538170289995,0.34559042601770396,2.818,1.683,0.016473058433114456,6.194500708851157e-4,20.503660898870447
MA41_03.csv,Zr,Todorov et al_2019,0.17960530337381467,0.17880035730695787,0.45800415944654294,2.399,1.476,0.007681861462443641,1.4909637430206456e-4,27.920380213958506
MA41_03.csv,Zr,Todorov et al_2019,0.17960530337381467,0.17880035730695787,0.45800415944654294,2.423,1.469,0.007681861462443641,1.4909637430206456e-4,27.920380213958506
MA41_03.csv,Zr,Todorov et al_2019,0.17960530337381467,0.17880035730695787,0.45800415944654294,2.406,1.47,0.007681861462443641,1.4909637430206456e-4,27.920380213958506
MA41_03.csv,Zr,Todorov et al_2019,0.17960530337381467,0.17880035730695787,0.45800415944654294,2.405,1.464,0.007681861462443641,1.4909637430206456e-4,27.920380213958506
MA41_03.csv,Zr,Todorov et al_2019,0.17960530337381467,0.17880035730695787,0.45800415944654294,2.417,1.466,0.007681861462443641,1.4909637430206456e-4,27.920380213958506
MA41_03.csv,Zr,Todorov et al_2019,0.17960530337381467,0.17880035730695787,0.45800415944654294,2.412,1.462,0.007681861462443641,1.4909637430206456e-4,27.920380213958506
MA41_03.csv,Zr,Todorov et al_2019,0.17960530337381467,0.17880035730695787,0.45800415944654294,2.418,1.476,0.007681861462443641,1.4909637430206456e-4,27.920380213958506
MA41_03.csv,Zr,Todorov et al_2019,0.17960530337381467,0.17880035730695787,0.45800415944654294,2.419,1.472,0.007681861462443641,1.4909637430206456e-4,27.920380213958506
MA41_03.csv,Zr,Todorov et al_2019,0.17960530337381467,0.17880035730695787,0.45800415944654294,2.416,1.465,0.007681861462443641,1.4909637430206456e-4,27.920380213958506
MA41_03.csv,Zr,Todorov et al_2019,0.18257418492218444,0.1745367719476949,0.4460711895592665,2.453,1.483,0.008314695091810207,1.7288898134758547e-4,27.15344176115716
MA41_03.csv,Zr,Todorov et al_2019,0.18257418492218444,0.1745367719476949,0.4460711895592665,2.452,1.492,0.008314695091810207,1.7288898134758547e-4,27.15344176115716
MA41_03.csv,Zr,Todorov et al_2019,0.18257418492218444,0.1745367719476949,0.4460711895592665,2.456,1.491,0.008314695091810207,1.7288898134758547e-4,27.15344176115716
MA41_03.csv,Zr,Todorov et al_2019,0.18257418492218444,0.1745367719476949,0.4460711895592665,2.457,1.481,0.008314695091810207,1.7288898134758547e-4,27.15344176115716
MA41_03.csv,Zr,Todorov et al_2019,0.18257418492218444,0.1745367719476949,0.4460711895592665,2.462,1.476,0.008314695091810207,1.7288898134758547e-4,27.15344176115716
MA41_03.csv,Zr,Todorov et al_2019,0.18257418492218444,0.1745367719476949,0.4460711895592665,2.462,1.484,0.008314695091810207,1.7288898134758547e-4,27.15344176115716
MA41_03.csv,Zr,Todorov et al_2019,0.18257418492218444,0.1745367719476949,0.4460711895592665,2.447,1.484,0.008314695091810207,1.7288898134758547e-4,27.15344176115716
MA41_03.csv,Zr,Todorov et al_2019,0.18257418492218444,0.1745367719476949,0.4460711895592665,2.458,1.483,0.008314695091810207,1.7288898134758547e-4,27.15344176115716
MA41_03.csv,Zr,Todorov et al_2019,0.18257418492218444,0.1745367719476949,0.4460711895592665,2.451,1.483,0.008314695091810207,1.7288898134758547e-4,27.15344176115716
MA41_03.csv,Zr,Weisbecker et al_2015,0.13018891273837416,0.29755926709959013,0.7251567527024163,1.812,1.176,0.0011852904929921045,4.301325247992897e-6,42.75974856028262
MA41_03.csv,Zr,Weisbecker et al_2015,0.13018891273837416,0.29755926709959013,0.7251567527024163,1.816,1.178,0.0011852904929921045,4.301325247992897e-6,42.75974856028262
MA41_03.csv,Zr,Burish et al_2004,0.08137884860330723,0.6269485010625194,0.9835207840000361,1.257,1.014,1.7535955728490174e-5,7.249451432367628e-10,35.657228293751665
MA41_03.csv,Zr,De Meester et al_2019,0.12403473303877427,0.3224474708049301,0.7658213873779842,1.746,1.153,8.429072873602926e-4,2.2195102496936716e-6,44.33739165730542
MA41_03.csv,Zr,Shultz & Dunbar_2010,0.1270001259841895,0.3100417024074984,0.7461617877683724,1.771,1.163,9.976310525362099e-4,3.0805091950120617e-6,43.6120085360874
MA41_03.csv,Zr,Shultz & Dunbar_2010,0.1270001259841895,0.3100417024074984,0.7461617877683724,1.783,1.164,9.976310525362099e-4,3.0805091950120617e-6,43.6120085360874
MA41_03.csv,Zr,Barton_1996,0.17407765508530956,0.18733305718712157,0.4814087363464177,2.334,1.427,0.006579965666743428,1.1157532140508073e-4,29.40756791592961
MA41_03.csv,Zr,Barton_1996,0.21320071528960685,0.1405538170289995,0.34559042601770396,2.834,1.678,0.016473058433114456,6.194500708851157e-4,20.503660898870447
MA41_03.csv,Zr,Beauchamp & FernÃ¡ndez-Juricic_2004,0.08543576534449726,0.5852552182423705,0.9737039069728524,1.309,1.013,3.0293261825794298e-5,2.4029921182058652e-9,38.844868873048185
MA41_03.csv,Zr,Beauchamp & FernÃ¡ndez-Juricic_2004,0.138675048224257,0.2681754808723177,0.6706439164596284,1.924,1.223,0.0018018674593050347,9.626088813345959e-6,40.24684355873107
MA41_03.csv,Zr,Beauchamp & FernÃ¡ndez-Juricic_2004,0.27735009825128965,0.10281387812275233,0.22466964966039848,3.639,2.106,0.04151884259752389,0.0035017117640580415,12.185577153764616
MA41_03.csv,Zr,Devaine et al_2017,0.5,0.06597186876914307,0.10217425922609491,6.389,3.645,0.14944830717009067,0.04227090237446461,3.620239045695184
MA41_03.csv,Zr,Dunbar_1995,0.3333333331666667,0.08630365962169517,0.1698634613755876,4.256,2.491,0.06847336352531797,0.00908179869372512,8.355980175389243
MA41_03.csv,Zr,Graham_2011,0.3015113447285193,0.09453438147031479,0.19726282023454234,3.898,2.273,0.052811782071000186,0.005525439553110445,10.272843876422755
MA41_03.csv,Zr,Iwaniuk & Arnold_2004,0.1643989872231578,0.2044086319128764,0.5262983311653002,2.236,1.378,0.004889026317466919,6.388952315507342e-5,32.18896992524238
MA41_03.csv,Zr,Lehmann & Dunbar_2009,0.3535533905932738,0.08220807440424249,0.15620167788714578,4.592,2.638,0.07865846119052144,0.011870270782899338,7.39936034829033
MA41_03.csv,Zr,Lehmann & Dunbar_2009,0.3535533905932738,0.08220807440424249,0.15620167788714578,4.545,2.643,0.07865846119052144,0.011870270782899338,7.39936034829033
MA41_03.csv,Zr,Lehmann & Dunbar_2009,0.3535533905932738,0.08220807440424249,0.15620167788714578,4.581,2.617,0.07865846119052144,0.011870270782899338,7.39936034829033
MA41_03.csv,Zr,Lehmann & Dunbar_2009,0.3535533905932738,0.08220807440424249,0.15620167788714578,4.542,2.631,0.07865846119052144,0.011870270782899338,7.39936034829033
MA41_03.csv,Zr,MacLean et al_2009,0.25,0.11531446351938279,0.2655728248147896,3.282,1.915,0.029764098244624986,0.001871868478929315,15.025836129540682
MA41_03.csv,Zr,Navarrete et al_2016,0.12126781106295273,0.3347700156629829,0.7841888317819156,1.707,1.134,7.147245757481676e-4,1.6080378011059917e-6,44.941881611893265
MA41_03.csv,Zr,Navarrete et al_2016,0.12126781106295273,0.3347700156629829,0.7841888317819156,1.704,1.141,7.147245757481676e-4,1.6080378011059917e-6,44.941881611893265
MA41_03.csv,Zr,O'Donnell et al_2019,0.19611613396148722,0.15751117095604494,0.39688432056771394,2.608,1.568,0.011561609489286235,3.2001022629842577e-4,23.9373149611669
MA41_03.csv,Zr,O'Donnell et al_2019,0.19611613396148722,0.15751117095604494,0.39688432056771394,2.606,1.569,0.011561609489286235,3.2001022629842577e-4,23.9373149611669
MA41_03.csv,Zr,O'Donnell et al_2015,0.19611613396148722,0.15751117095604494,0.39688432056771394,2.611,1.565,0.011561609489286235,3.2001022629842577e-4,23.9373149611669
MA41_03.csv,Zr,Pasquaretta et al_2014,0.22360679774997896,0.13211039936978952,0.31926865825931927,2.964,1.76,0.019881196102936594,8.798870523879391e-4,18.715825888952974
MA41_03.csv,Zr,Reader et al_2011,0.13018891273837416,0.29755926709959013,0.7251567527024163,1.816,1.183,0.0011852904929921045,4.301325247992897e-6,42.75974856028262
MA41_03.csv,Zr,Reader et al_2011,0.13018891273837416,0.29755926709959013,0.7251567527024163,1.815,1.181,0.0011852904929921045,4.301325247992897e-6,42.75974856028262
MA41_03.csv,Zr,Reader et al_2011,0.13018891273837416,0.29755926709959013,0.7251567527024163,1.822,1.183,0.0011852904929921045,4.301325247992897e-6,42.75974856028262
MA41_03.csv,Zr,Reader et al_2011,0.13018891273837416,0.29755926709959013,0.7251567527024163,1.814,1.183,0.0011852904929921045,4.301325247992897e-6,42.75974856028262
MA41_03.csv,Zr,Sandel et al_2016,0.22360679774997896,0.13211039936978952,0.31926865825931927,2.979,1.761,0.019881196102936594,8.798870523879391e-4,18.715825888952974
MA41_03.csv,Zr,Schillaci_2008,0.18898223726054256,0.16601731326660907,0.42176072278914345,2.537,1.522,0.009777900890738404,2.3405260871713727e-4,25.574340952253436
MA41_03.csv,Zr,Schillaci_2008,0.18898223726054256,0.16601731326660907,0.42176072278914345,2.514,1.534,0.009777900890738404,2.3405260871713727e-4,25.574340952253436
MA41_03.csv,Zr,Byrne & Corp_2004,0.25819889039265836,0.11113751040621012,0.2519815387263806,3.368,1.99,0.03314749448169246,0.002291153622128246,14.084402832017052
MA41_03.csv,Zr,Byrne & Corp_2004,0.25819889039265836,0.11113751040621012,0.2519815387263806,3.406,1.981,0.03314749448169246,0.002291153622128246,14.084402832017052
MA41_03.csv,Zr,Cowl & Shultz_2017,0.15617376220095358,0.22147611765219533,0.5685301860745245,2.13,1.329,0.003686456720023771,3.7529606036719736e-5,34.705406842232925
MA41_03.csv,Zr,Cowl & Shultz_2017,0.21821789110886394,0.1363287520316958,0.3324801096133788,2.883,1.714,0.018078695927253176,7.368475130102973e-4,19.6151357581683
MA41_03.csv,Zr,Cowl & Shultz_2017,0.15617376220095358,0.22147611765219533,0.5685301860745245,2.124,1.321,0.003686456720023771,3.7529606036719736e-5,34.705406842232925
MA41_03.csv,Zr,Cowl & Shultz_2017,0.22360679774997896,0.13211039936978952,0.31926865825931927,2.931,1.747,0.019881196102936594,8.798870523879391e-4,18.715825888952974
MA41_03.csv,Zr,Dunbar_1992,0.17960530337381467,0.17880035730695787,0.45800415944654294,2.416,1.469,0.007681861462443641,1.4909637430206456e-4,27.920380213958506
MA41_03.csv,Zr,Dunbar_1992,0.17960530337381467,0.17880035730695787,0.45800415944654294,2.412,1.47,0.007681861462443641,1.4909637430206456e-4,27.920380213958506
MA41_03.csv,Zr,Dunbar_1992,0.17960530337381467,0.17880035730695787,0.45800415944654294,2.428,1.471,0.007681861462443641,1.4909637430206456e-4,27.920380213958506
MA41_03.csv,Zr,Dunbar_1992,0.17960530337381467,0.17880035730695787,0.45800415944654294,2.414,1.459,0.007681861462443641,1.4909637430206456e-4,27.920380213958506
MA41_03.csv,Zr,Dunbar_1992,0.17960530337381467,0.17880035730695787,0.45800415944654294,2.42,1.471,0.007681861462443641,1.4909637430206456e-4,27.920380213958506
MA41_03.csv,Zr,Dunbar_1992,0.17960530337381467,0.17880035730695787,0.45800415944654294,2.398,1.465,0.007681861462443641,1.4909637430206456e-4,27.920380213958506
MA41_03.csv,Zr,Fedorova et al_2017,0.13130643167796466,0.2933826280116578,0.7178474208346474,1.835,1.186,0.0012565167100206435,4.814484605803715e-6,42.44647928229895
MA41_03.csv,Zr,Fedorova et al_2017,0.13130643167796466,0.2933826280116578,0.7178474208346474,1.827,1.184,0.0012565167100206435,4.814484605803715e-6,42.44647928229895
MA41_03.csv,Zr,Fedorova et al_2017,0.13130643167796466,0.2933826280116578,0.7178474208346474,1.843,1.184,0.0012565167100206435,4.814484605803715e-6,42.44647928229895
MA41_03.csv,Zr,Keverne et al_1996,0.1643989872231578,0.2044086319128764,0.5262983311653002,2.234,1.379,0.004889026317466919,6.388952315507342e-5,32.18896992524238
MA41_03.csv,Zr,Keverne et al_1996,0.22360679774997896,0.13211039936978952,0.31926865825931927,2.974,1.743,0.019881196102936594,8.798870523879391e-4,18.715825888952974
MA41_03.csv,Zr,Kudo & Dunbar_2001,0.19611613396148722,0.15751117095604494,0.39688432056771394,2.62,1.563,0.011561609489286235,3.2001022629842577e-4,23.9373149611669
MA41_03.csv,Zr,Lindenfors_2005,0.2357022613383249,0.1236958822227906,0.29257352324672936,3.108,1.825,0.02420414543741429,0.0012708549977600648,16.887764102393877
MA41_03.csv,Zr,Lindenfors_2005,0.2357022613383249,0.1236958822227906,0.29257352324672936,3.108,1.829,0.02420414543741429,0.0012708549977600648,16.887764102393877
MA41_03.csv,Zr,Lindenfors et al_2007,0.2357022613383249,0.1236958822227906,0.29257352324672936,3.089,1.829,0.02420414543741429,0.0012708549977600648,16.887764102393877
MA41_03.csv,Zr,Lindenfors et al_2007,0.2357022613383249,0.1236958822227906,0.29257352324672936,3.114,1.836,0.02420414543741429,0.0012708549977600648,16.887764102393877
MA41_03.csv,Zr,Lindenfors et al_2007,0.2357022613383249,0.1236958822227906,0.29257352324672936,3.066,1.838,0.02420414543741429,0.0012708549977600648,16.887764102393877
MA41_03.csv,Zr,Lindenfors et al_2007,0.2357022613383249,0.1236958822227906,0.29257352324672936,3.09,1.828,0.02420414543741429,0.0012708549977600648,16.887764102393877
MA41_03.csv,Zr,Lindenfors et al_2007,0.2357022613383249,0.1236958822227906,0.29257352324672936,3.109,1.844,0.02420414543741429,0.0012708549977600648,16.887764102393877
MA41_03.csv,Zr,Lindenfors et al_2007,0.2357022613383249,0.1236958822227906,0.29257352324672936,3.105,1.822,0.02420414543741429,0.0012708549977600648,16.887764102393877
MA41_03.csv,Zr,Lindenfors et al_2007,0.2357022613383249,0.1236958822227906,0.29257352324672936,3.135,1.832,0.02420414543741429,0.0012708549977600648,16.887764102393877
MA41_03.csv,Zr,Lindenfors et al_2007,0.2357022613383249,0.1236958822227906,0.29257352324672936,3.08,1.833,0.02420414543741429,0.0012708549977600648,16.887764102393877
MA41_03.csv,Zr,Lindenfors et al_2007,0.2357022613383249,0.1236958822227906,0.29257352324672936,3.104,1.832,0.02420414543741429,0.0012708549977600648,16.887764102393877
MA41_03.csv,Zr,MacLean et al_2014,0.22360679774997896,0.13211039936978952,0.31926865825931927,2.969,1.75,0.019881196102936594,8.798870523879391e-4,18.715825888952974
MA41_03.csv,Zr,MacLean et al_2014,0.22360679774997896,0.13211039936978952,0.31926865825931927,2.947,1.748,0.019881196102936594,8.798870523879391e-4,18.715825888952974
MA41_03.csv,Zr,Swanson et al_2012,0.17407765508530956,0.18733305718712157,0.4814087363464177,2.33,1.428,0.006579965666743428,1.1157532140508073e-4,29.40756791592961
MA41_03.csv,Zr,Swanson et al_2012,0.17407765508530956,0.18733305718712157,0.4814087363464177,2.348,1.431,0.006579965666743428,1.1157532140508073e-4,29.40756791592961
MA41_03.csv,Zr,Swanson et al_2012,0.17407765508530956,0.18733305718712157,0.4814087363464177,2.354,1.425,0.006579965666743428,1.1157532140508073e-4,29.40756791592961
MA41_03.csv,Zr,Swanson et al_2012,0.17407765508530956,0.18733305718712157,0.4814087363464177,2.346,1.434,0.006579965666743428,1.1157532140508073e-4,29.40756791592961
MA41_03.csv,Zr,Swanson et al_2012,0.17407765508530956,0.18733305718712157,0.4814087363464177,2.346,1.431,0.006579965666743428,1.1157532140508073e-4,29.40756791592961
MA41_03.csv,Zr,Swanson et al_2012,0.17407765508530956,0.18733305718712157,0.4814087363464177,2.348,1.431,0.006579965666743428,1.1157532140508073e-4,29.40756791592961
MA41_04.csv,Zr,Rehan et al_2015,0.21821789110886394,0.2024195655097618,0.43151869574725754,2.23,1.505,0.005057089530794013,2.0720489646689912e-4,22.909913023749574
MA41_04.csv,Zr,Rehan et al_2018,0.21821789110886394,0.2024195655097618,0.43151869574725754,2.225,1.509,0.005057089530794013,2.0720489646689912e-4,22.909913023749574
MA41_04.csv,Zr,Kulahci et al_2018,0.26726124111064065,0.15053191067727323,0.3086055421586045,2.667,1.791,0.01332890993017532,0.001017460977979894,15.807363148133124
MA41_04.csv,Zr,Kulahci et al_2012,0.2357022613383249,0.18014347635542294,0.38021434575923285,2.394,1.618,0.007494573790138479,3.955586268645372e-4,20.00708694038099
MA41_04.csv,Zr,Amador-Vargas et al_2015,0.19611613396148722,0.23950032947166477,0.5114790874364711,2.035,1.387,0.0027722639015159457,7.684304208375998e-5,27.19787579648063
MA41_04.csv,Zr,Amador-Vargas et al_2015,0.17960530337381467,0.27631469007209,0.5837663514763893,1.891,1.316,0.0016012243686256648,3.087957743486916e-5,30.745166140429937
MA41_04.csv,Zr,Amador-Vargas et al_2015,0.19611613396148722,0.23950032947166477,0.5114790874364711,2.025,1.392,0.0027722639015159457,7.684304208375998e-5,27.19787579648063
MA41_04.csv,Zr,Amador-Vargas et al_2015,0.17960530337381467,0.27631469007209,0.5837663514763893,1.882,1.31,0.0016012243686256648,3.087957743486916e-5,30.745166140429937
MA41_04.csv,Zr,Amador-Vargas et al_2015,0.19611613396148722,0.23950032947166477,0.5114790874364711,2.025,1.398,0.0027722639015159457,7.684304208375998e-5,27.19787579648063
MA41_04.csv,Zr,Amador-Vargas et al_2015,0.17960530337381467,0.27631469007209,0.5837663514763893,1.879,1.311,0.0016012243686256648,3.087957743486916e-5,30.745166140429937
MA41_04.csv,Zr,Amador-Vargas et al_2015,0.19611613396148722,0.23950032947166477,0.5114790874364711,2.041,1.391,0.0027722639015159457,7.684304208375998e-5,27.19787579648063
MA41_04.csv,Zr,Amador-Vargas et al_2015,0.17960530337381467,0.27631469007209,0.5837663514763893,1.902,1.312,0.0016012243686256648,3.087957743486916e-5,30.745166140429937
MA41_04.csv,Zr,Amador-Vargas et al_2015,0.19611613396148722,0.23950032947166477,0.5114790874364711,2.031,1.389,0.0027722639015159457,7.684304208375998e-5,27.19787579648063
MA41_04.csv,Zr,Amador-Vargas et al_2015,0.17960530337381467,0.27631469007209,0.5837663514763893,1.892,1.298,0.0016012243686256648,3.087957743486916e-5,30.745166140429937
MA41_04.csv,Zr,Amador-Vargas et al_2015,0.19611613396148722,0.23950032947166477,0.5114790874364711,2.042,1.393,0.0027722639015159457,7.684304208375998e-5,27.19787579648063
MA41_04.csv,Zr,Amador-Vargas et al_2015,0.17960530337381467,0.27631469007209,0.5837663514763893,1.871,1.311,0.0016012243686256648,3.087957743486916e-5,30.745166140429937
MA41_04.csv,Zr,Amador-Vargas et al_2015,0.19611613396148722,0.23950032947166477,0.5114790874364711,2.032,1.392,0.0027722639015159457,7.684304208375998e-5,27.19787579648063
MA41_04.csv,Zr,Amador-Vargas et al_2015,0.17960530337381467,0.27631469007209,0.5837663514763893,1.892,1.306,0.0016012243686256648,3.087957743486916e-5,30.745166140429937
MA41_04.csv,Zr,Amador-Vargas et al_2015,0.19611613396148722,0.23950032947166477,0.5114790874364711,2.053,1.395,0.0027722639015159457,7.684304208375998e-5,27.19787579648063
MA41_04.csv,Zr,Amador-Vargas et al_2015,0.17960530337381467,0.27631469007209,0.5837663514763893,1.878,1.309,0.0016012243686256648,3.087957743486916e-5,30.745166140429937
MA41_04.csv,Zr,Amador-Vargas et al_2015,0.19611613396148722,0.23950032947166477,0.5114790874364711,2.041,1.397,0.0027722639015159457,7.684304208375998e-5,27.19787579648063
MA41_04.csv,Zr,Amador-Vargas et al_2015,0.17960530337381467,0.27631469007209,0.5837663514763893,1.894,1.309,0.0016012243686256648,3.087957743486916e-5,30.745166140429937
MA41_04.csv,Zr,Amador-Vargas et al_2015,0.19611613396148722,0.23950032947166477,0.5114790874364711,2.037,1.387,0.0027722639015159457,7.684304208375998e-5,27.19787579648063
MA41_04.csv,Zr,Amador-Vargas et al_2020,0.17960530337381467,0.27631469007209,0.5837663514763893,1.888,1.304,0.0016012243686256648,3.087957743486916e-5,30.745166140429937
MA41_04.csv,Zr,Ash et al_2018,0.2886751340174626,0.13580788958322554,0.271744640868562,2.887,1.905,0.0182898882244148,0.0017106045281364117,13.593675128533643
MA41_04.csv,Zr,Ashton et al_2018,0.13736056566569607,0.43047148632447074,0.8103856405482824,1.513,1.121,2.099280593907706e-4,9.826568658678696e-7,37.991415422381166
MA41_04.csv,Zr,Ashton et al_2018,0.14907119775462999,0.37631175370819425,0.7441769062587581,1.622,1.162,4.158183335475639e-4,3.181395905031756e-6,36.786515255056386
MA41_04.csv,Zr,Ashton et al_2018,0.14907119775462999,0.37631175370819425,0.7441769062587581,1.608,1.171,4.158183335475639e-4,3.181395905031756e-6,36.786515255056386
MA41_04.csv,Zr,Ashton et al_2020,0.14744195468047755,0.3832173732187556,0.7533864981713209,1.604,1.16,3.806778717003146e-4,2.7360085210855622e-6,37.01691249525653
MA41_04.csv,Zr,Berhane et al_2016,0.27735009825128965,0.14316097438835562,0.2902455306878772,2.799,1.85,0.015570218335876851,0.0013131305779013494,14.708455629952155
MA41_04.csv,Zr,Kulahci et al_2016,0.37796447319820947,0.09940550190531106,0.17806244992679654,3.722,2.41,0.04574031345982796,0.0077871409985992785,7.865694802148548
MA41_04.csv,Zr,Kulahci et al_2016,0.37796447319820947,0.09940550190531106,0.17806244992679654,3.749,2.417,0.04574031345982796,0.0077871409985992785,7.865694802148548
MA41_04.csv,Zr,Kulahci et al_2016,0.37796447319820947,0.09940550190531106,0.17806244992679654,3.708,2.424,0.04574031345982796,0.0077871409985992785,7.865694802148548
MA41_04.csv,Zr,Kulahci et al_2016,0.37796447319820947,0.09940550190531106,0.17806244992679654,3.745,2.418,0.04574031345982796,0.0077871409985992785,7.865694802148548
MA41_04.csv,Zr,Kulahci et al_2016,0.4082482908721113,0.09221768099957184,0.15930940123894266,4.001,2.617,0.05668699509099901,0.011153537123640086,6.709172023937082
MA41_04.csv,Zr,Kulahci et al_2016,0.4082482908721113,0.09221768099957184,0.15930940123894266,4.006,2.604,0.05668699509099901,0.011153537123640086,6.709172023937082
MA41_04.csv,Zr,Kulahci et al_2016,0.4082482908721113,0.09221768099957184,0.15930940123894266,4.048,2.587,0.05668699509099901,0.011153537123640086,6.709172023937082
MA41_04.csv,Zr,Kulahci et al_2016,0.4082482908721113,0.09221768099957184,0.15930940123894266,4.009,2.608,0.05668699509099901,0.011153537123640086,6.709172023937082
MA41_04.csv,Zr,Kulahci et al_2016,0.37796447319820947,0.09940550190531106,0.17806244992679654,3.705,2.42,0.04574031345982796,0.0077871409985992785,7.865694802148548
MA41_04.csv,Zr,Kulahci et al_2016,0.37796447319820947,0.09940550190531106,0.17806244992679654,3.696,2.418,0.04574031345982796,0.0077871409985992785,7.865694802148548
MA41_04.csv,Zr,Kulahci et al_2016,0.37796447319820947,0.09940550190531106,0.17806244992679654,3.747,2.409,0.04574031345982796,0.0077871409985992785,7.865694802148548
MA41_04.csv,Zr,Kulahci et al_2016,0.37796447319820947,0.09940550190531106,0.17806244992679654,3.743,2.41,0.04574031345982796,0.0077871409985992785,7.865694802148548
MA41_04.csv,Zr,Kulahci et al_2016,0.4082482908721113,0.09221768099957184,0.15930940123894266,3.996,2.621,0.05668699509099901,0.011153537123640086,6.709172023937082
MA41_04.csv,Zr,Kulahci et al_2016,0.4082482908721113,0.09221768099957184,0.15930940123894266,4.008,2.597,0.05668699509099901,0.011153537123640086,6.709172023937082
MA41_04.csv,Zr,Kulahci et al_2016,0.4082482908721113,0.09221768099957184,0.15930940123894266,3.989,2.591,0.05668699509099901,0.011153537123640086,6.709172023937082
MA41_04.csv,Zr,Kulahci et al_2016,0.4082482908721113,0.09221768099957184,0.15930940123894266,4.012,2.596,0.05668699509099901,0.011153537123640086,6.709172023937082
MA41_04.csv,Zr,Kulahci et al_2016,0.37796447319820947,0.09940550190531106,0.17806244992679654,3.724,2.416,0.04574031345982796,0.0077871409985992785,7.865694802148548
MA41_04.csv,Zr,Kulahci et al_2016,0.37796447319820947,0.09940550190531106,0.17806244992679654,3.745,2.423,0.04574031345982796,0.0077871409985992785,7.865694802148548
MA41_04.csv,Zr,Kulahci et al_2016,0.37796447319820947,0.09940550190531106,0.17806244992679654,3.734,2.419,0.04574031345982796,0.0077871409985992785,7.865694802148548
MA41_04.csv,Zr,Kulahci et al_2016,0.4082482908721113,0.09221768099957184,0.15930940123894266,4.017,2.601,0.05668699509099901,0.011153537123640086,6.709172023937082
MA41_04.csv,Zr,Kulahci et al_2016,0.4082482908721113,0.09221768099957184,0.15930940123894266,3.996,2.584,0.05668699509099901,0.011153537123640086,6.709172023937082
MA41_04.csv,Zr,Kulahci et al_2014,0.4082482908721113,0.09221768099957184,0.15930940123894266,4.039,2.615,0.05668699509099901,0.011153537123640086,6.709172023937082
MA41_04.csv,Zr,Noonan et al_2014,0.17407765508530956,0.29091774655194613,0.610444987836822,1.831,1.278,0.0013007655097128205,2.1826413778352477e-5,31.952724128487585
MA41_04.csv,Zr,Noonan et al_2014,0.17407765508530956,0.29091774655194613,0.610444987836822,1.842,1.273,0.0013007655097128205,2.1826413778352477e-5,31.952724128487585
MA41_04.csv,Zr,Noonan et al_2014,0.17407765508530956,0.29091774655194613,0.610444987836822,1.844,1.279,0.0013007655097128205,2.1826413778352477e-5,31.952724128487585
MA41_04.csv,Zr,Noonan et al_2014,0.17407765508530956,0.29091774655194613,0.610444987836822,1.839,1.281,0.0013007655097128205,2.1826413778352477e-5,31.952724128487585
MA41_04.csv,Zr,Noonan et al_2014,0.17407765508530956,0.29091774655194613,0.610444987836822,1.831,1.283,0.0013007655097128205,2.1826413778352477e-5,31.952724128487585
MA41_04.csv,Zr,Noonan et al_2014,0.17407765508530956,0.29091774655194613,0.610444987836822,1.839,1.278,0.0013007655097128205,2.1826413778352477e-5,31.952724128487585
MA41_04.csv,Zr,Noonan et al_2014,0.17407765508530956,0.29091774655194613,0.610444987836822,1.829,1.28,0.0013007655097128205,2.1826413778352477e-5,31.952724128487585
MA41_04.csv,Zr,Noonan et al_2014,0.17407765508530956,0.29091774655194613,0.610444987836822,1.832,1.278,0.0013007655097128205,2.1826413778352477e-5,31.952724128487585
MA41_04.csv,Zr,Noonan et al_2014,0.17407765508530956,0.29091774655194613,0.610444987836822,1.839,1.276,0.0013007655097128205,2.1826413778352477e-5,31.952724128487585
MA41_04.csv,Zr,Noonan et al_2014,0.17407765508530956,0.29091774655194613,0.610444987836822,1.841,1.269,0.0013007655097128205,2.1826413778352477e-5,31.952724128487585
MA41_04.csv,Zr,Noonan et al_2014,0.17407765508530956,0.29091774655194613,0.610444987836822,1.83,1.277,0.0013007655097128205,2.1826413778352477e-5,31.952724128487585
MA41_04.csv,Zr,Noonan et al_2011,0.17407765508530956,0.29091774655194613,0.610444987836822,1.845,1.275,0.0013007655097128205,2.1826413778352477e-5,31.952724128487585
MA41_04.csv,Zr,Sallet et al_2011,0.25819889039265836,0.15791811124403554,0.32680213239615463,2.624,1.738,0.011467690095064112,7.949658035610951e-4,16.88840211521191
MA41_04.csv,Zr,Sallet et al_2011,0.25819889039265836,0.15791811124403554,0.32680213239615463,2.613,1.728,0.011467690095064112,7.949658035610951e-4,16.88840211521191
MA41_04.csv,Zr,Sallet et al_2011,0.25819889039265836,0.15791811124403554,0.32680213239615463,2.614,1.718,0.011467690095064112,7.949658035610951e-4,16.88840211521191
MA41_04.csv,Zr,Sallet et al_2011,0.25819889039265836,0.15791811124403554,0.32680213239615463,2.62,1.735,0.011467690095064112,7.949658035610951e-4,16.88840211521191
MA41_04.csv,Zr,Sallet et al_2011,0.25819889039265836,0.15791811124403554,0.32680213239615463,2.612,1.734,0.011467690095064112,7.949658035610951e-4,16.88840211521191
MA41_04.csv,Zr,Sallet et al_2011,0.25819889039265836,0.15791811124403554,0.32680213239615463,2.602,1.729,0.011467690095064112,7.949658035610951e-4,16.88840211521191
MA41_04.csv,Zr,Sallet et al_2011,0.25819889039265836,0.15791811124403554,0.32680213239615463,2.625,1.719,0.011467690095064112,7.949658035610951e-4,16.88840211521191
MA41_04.csv,Zr,Sallet et al_2011,0.25819889039265836,0.15791811124403554,0.32680213239615463,2.612,1.725,0.011467690095064112,7.949658035610951e-4,16.88840211521191
MA41_04.csv,Zr,Sallet et al_2011,0.25819889039265836,0.15791811124403554,0.32680213239615463,2.605,1.733,0.011467690095064112,7.949658035610951e-4,16.88840211521191
MA41_04.csv,Zr,Sallet et al_2011,0.25819889039265836,0.15791811124403554,0.32680213239615463,2.606,1.729,0.011467690095064112,7.949658035610951e-4,16.88840211521191
MA41_04.csv,Zr,Sallet et al_2011,0.25819889039265836,0.15791811124403554,0.32680213239615463,2.611,1.721,0.011467690095064112,7.949658035610951e-4,16.88840211521191
MA41_04.csv,Zr,Sallet et al_2011,0.25819889039265836,0.15791811124403554,0.32680213239615463,2.628,1.734,0.011467690095064112,7.949658035610951e-4,16.88840211521191
MA41_04.csv,Zr,Sallet et al_2021,0.25819889039265836,0.15791811124403554,0.32680213239615463,2.599,1.736,0.011467690095064112,7.949658035610951e-4,16.88840211521191
MA41_04.csv,Zr,Meguerditchian et al_2021,0.11250879076765513,0.5866078734359208,0.9340275687988409,1.302,1.041,2.9769698696539843e-5,3.0781001871549065e-8,34.741969536292004
MA41_04.csv,Zr,Meguerditchian et al_2021,0.11250879076765513,0.5866078734359208,0.9340275687988409,1.306,1.036,2.9769698696539843e-5,3.0781001871549065e-8,34.741969536292004
MA41_04.csv,Zr,Meguerditchian et al_2015,0.11250879076765513,0.5866078734359208,0.9340275687988409,1.299,1.041,2.9769698696539843e-5,3.0781001871549065e-8,34.741969536292004
MA41_04.csv,Zr,Wascher_2015,0.7071067811865476,0.06387742597227364,0.08551503668843397,6.867,4.294,0.1649690059052226,0.07028845260837234,2.1637610716160327
MA41_04.csv,Zr,Wascher_2015,0.7071067811865476,0.06387742597227364,0.08551503668843397,6.801,4.325,0.1649690059052226,0.07028845260837234,2.1637610716160327
MA41_04.csv,Zr,Wascher_2015,0.7071067811865476,0.06387742597227364,0.08551503668843397,6.891,4.324,0.1649690059052226,0.07028845260837234,2.1637610716160327
MA41_04.csv,Zr,Wascher_2015,0.7071067811865476,0.06387742597227364,0.08551503668843397,6.744,4.365,0.1649690059052226,0.07028845260837234,2.1637610716160327
MA41_04.csv,Zr,Wascher_2015,0.7071067811865476,0.06387742597227364,0.08551503668843397,6.853,4.334,0.1649690059052226,0.07028845260837234,2.1637610716160327
MA41_04.csv,Zr,Wascher_2015,0.7071067811865476,0.06387742597227364,0.08551503668843397,6.83,4.339,0.1649690059052226,0.07028845260837234,2.1637610716160327
MA41_04.csv,Zr,Wascher_2015,0.7071067811865476,0.06387742597227364,0.08551503668843397,6.844,4.346,0.1649690059052226,0.07028845260837234,2.1637610716160327
MA41_04.csv,Zr,Wascher_2015,0.7071067811865476,0.06387742597227364,0.08551503668843397,6.892,4.342,0.1649690059052226,0.07028845260837234,2.1637610716160327
MA41_04.csv,Zr,Wascher_2015,0.7071067811865476,0.06387742597227364,0.08551503668843397,6.795,4.363,0.1649690059052226,0.07028845260837234,2.1637610716160327
MA41_04.csv,Zr,Wascher_2015,0.7071067811865476,0.06387742597227364,0.08551503668843397,6.75,4.327,0.1649690059052226,0.07028845260837234,2.1637610716160327
MA41_04.csv,Zr,Wascher_2015,0.7071067811865476,0.06387742597227364,0.08551503668843397,6.811,4.399,0.1649690059052226,0.07028845260837234,2.1637610716160327
MA41_04.csv,Zr,Wascher_2015,0.7071067811865476,0.06387742597227364,0.08551503668843397,6.818,4.339,0.1649690059052226,0.07028845260837234,2.1637610716160327
MA41_04.csv,Zr,Wascher_2015,0.7071067811865476,0.06387742597227364,0.08551503668843397,6.849,4.415,0.1649690059052226,0.07028845260837234,2.1637610716160327
MA41_04.csv,Zr,Wascher_2015,0.7071067811865476,0.06387742597227364,0.08551503668843397,6.802,4.359,0.1649690059052226,0.07028845260837234,2.1637610716160327
MA41_04.csv,Zr,Wascher_2015,0.7071067811865476,0.06387742597227364,0.08551503668843397,6.862,4.36,0.1649690059052226,0.07028845260837234,2.1637610716160327
MA41_04.csv,Zr,Wascher_2015,0.7071067811865476,0.06387742597227364,0.08551503668843397,6.796,4.37,0.1649690059052226,0.07028845260837234,2.1637610716160327
MA41_04.csv,Zr,Wascher_2015,0.7071067811865476,0.06387742597227364,0.08551503668843397,6.918,4.363,0.1649690059052226,0.07028845260837234,2.1637610716160327
MA41_04.csv,Zr,Wascher_2015,0.7071067811865476,0.06387742597227364,0.08551503668843397,6.806,4.305,0.1649690059052226,0.07028845260837234,2.1637610716160327
MA41_04.csv,Zr,Wascher_2015,0.7071067811865476,0.06387742597227364,0.08551503668843397,6.853,4.402,0.1649690059052226,0.07028845260837234,2.1637610716160327
MA41_04.csv,Zr,Wascher_2015,0.7071067811865476,0.06387742597227364,0.08551503668843397,6.871,4.379,0.1649690059052226,0.07028845260837234,2.1637610716160327
MA41_04.csv,Zr,Wascher_2015,0.7071067811865476,0.06387742597227364,0.08551503668843397,6.844,4.351,0.1649690059052226,0.07028845260837234,2.1637610716160327
MA41_04.csv,Zr,Wascher_2015,0.7071067811865476,0.06387742597227364,0.08551503668843397,6.878,4.369,0.1649690059052226,0.07028845260837234,2.1637610716160327
MA41_04.csv,Zr,Wascher_2015,0.7071067811865476,0.06387742597227364,0.08551503668843397,6.837,4.39,0.1649690059052226,0.07028845260837234,2.1637610716160327
MA41_04.csv,Zr,Wascher_,0.7071067811865476,0.06387742597227364,0.08551503668843397,6.869,4.353,0.1649690059052226,0.07028845260837234,2.1637610716160327
MA43.csv,Zr,Schwing_etal_2016,0.16001502116988892,0.08038778501124122,0.3804123301098734,4.7,1.613,0.08385772637428413,3.9455895838603664e-4,30.00245450986322
MA43.csv,Zr,TassindeMontaigu_etal_2020,0.23497982041017906,0.06397289936950057,0.20347927113787156,6.734,2.238,0.1642083461033343,0.0049667214763864515,13.9506371768371
MA43.csv,Zr,Peron_etal_2011,1.1766649506125353,0.050552929114852985,0.05582386907134085,33.351,10.342,0.4195074258650002,0.25871625972562434,0.5270939956487863
MA43.csv,Zr,Peron_etal_2011,1.0100214968009344,0.05075052665936042,0.0579137547361781,28.936,9.072,0.40651607037408316,0.22680770805670825,0.7163228076817685
MA43.csv,Zr,Peron_etal_2011,5.025125628280352,0.05003030697720823,0.05031826898620806,143.458,44.646,0.4809962888657446,0.43870148998162717,0.028796200899983138
MA43.csv,Zr,Peron_etal_2011,0.9713064346538635,0.05081157929387392,0.0585603689686639,27.802,8.617,0.4028823434589008,0.21834448829703726,0.774878967478998
MA43.csv,Zr,Massen_etal_2015,0.41339396463905953,0.054490277580412694,0.0981892136249447,11.876,3.756,0.284017247530571,0.04738277301299752,4.3698936044532015
MA43.csv,Zr,Hirata_Fuwa_2007,1.0004881623487607,0.05076490455753402,0.05806599478824803,28.572,8.94,0.4056464421315902,0.22476365011155736,0.7301090230714014
MA43.csv,Zr,Martin_etal_2021,0.4120668889876982,0.05451932391706393,0.09850654870306685,11.799,3.76,0.28341189562342356,0.04694685673374924,4.398722478600292
MA43.csv,Zr,Jaakkola_etal_2018,0.9159909590165178,0.050912615405634964,0.05963136517438927,26.143,8.128,0.3971792232884204,0.2054765249219387,0.8718749768754308
MA43.csv,Zr,Brauer_etal_2013,0.20000319997440041,0.069343166636326,0.262989720162942,5.785,1.95,0.12873378245829253,0.0019443849757674336,19.364655352661597
MA43.csv,Zr,Massen_etal_2015,0.40687620844674616,0.05463568763710558,0.09977841316484948,11.79,3.691,0.28101391955356425,0.04525177723832529,4.51427255277439
MA43.csv,Zr,Schwing_etal_2016,0.11845853282900308,0.10607395332176317,0.6086855680849893,3.496,1.288,0.0379452513485913,2.2337088086700846e-5,50.26116147632261
MA45_01.csv,Zr,Bagg_1920,0.12755102116408162,0.9992516194474536,0.9999103913662999,0.998,1,6.461254547873613e-13,8.83360302915433e-15,0.06587719188463348
MA45_01.csv,Zr,Colas_Zelim_etal_2012,0.14795918356087262,0.9931874258265566,0.9984594281590554,1.005,0.999,8.520777862401285e-11,3.0087908041023907e-12,0.5272002332498804
MA45_01.csv,Zr,Craswford_etal_2020,0.11989796078332608,0.9997700566198713,0.9999802934815032,0.999,1.002,5.725195911313682e-14,4.841189557623539e-16,0.021023686163190725
MA45_01.csv,Zr,Galsworthy_etal_2005,0.0765306147891156,0.9999999999792788,0.9999999999999785,1.002,1.001,3.5401472276851267e-26,9.228458654395365e-31,2.0699664204926194e-9
MA45_01.csv,Zr,Galsworthy_etal_2002,0.16326530556122448,0.9799136855043615,0.9937608660302307,1.014,1.003,1.1965848490842837e-9,6.935747730097409e-11,1.3847180525869196
MA45_01.csv,Zr,Kolata_etal_2005,0.23724489878604346,0.7884169485857717,0.8660917927219783,1.136,1.078,1.489341869575158e-6,2.8607782592882004e-7,7.767484413620663
MA45_01.csv,Zr,Kolata_etal_2010,0.13265306253532183,0.9985483740296043,0.9997899766245639,1,1,2.645877823053131e-12,4.7722409635912595e-14,0.12416025949596454
MA45_01.csv,Zr,Kolata_etal_2007,0.20663265230839,0.8868527804642095,0.9409305028412782,1.067,1.037,1.6345250747378535e-7,2.2276533975605278e-8,5.407772237706876
MA45_01.csv,Zr,Light_etal_2010,0.19642857225974025,0.9153769704630831,0.9595619049102414,1.05,1.023,6.516693901230082e-8,7.636374686347573e-9,4.418493444715832
MA45_01.csv,Zr,Light_etal_2008,0.18622449087056192,0.940306018483307,0.974332611328142,1.037,1.015,2.2967234209258734e-8,2.2553604083642312e-9,3.4026592844835
MA45_01.csv,Zr,Light_etal_2011,0.21938775489985762,0.84747465204953,0.9127413221528717,1.096,1.052,4.4788378638025123e-7,7.163787732522398e-8,6.526667010334175
MA45_01.csv,Zr,Locurto_etal_2006,0.24489795834183672,0.7625916848250189,0.8442856136655417,1.149,1.091,2.344977379253705e-6,4.816344152342981e-7,8.169392884052273
MA45_01.csv,Zr,Locurto_etal_2006,0.1760204079077196,0.9609019260484662,0.9851946096200015,1.026,1.007,6.960672954962554e-9,5.547647207385566e-10,2.4292683571535245
MA45_01.csv,Zr,Locurto_etal_2003,0.1352040827785907,0.9980406603900328,0.9996910430924529,1.002,1.002,5.077777728465827e-12,1.0402913393493531e-13,0.16503827024201279
MA45_01.csv,Zr,Locurto_Scanion_1998,0.1785714282857143,0.9561901347387721,0.9828353980186145,1.028,1.014,9.532241153640604e-9,8.031468821891551e-10,2.66452632798424
MA45_01.csv,Zr,Locurto_Scanion_1998,0.16071428685714284,0.9828127457447352,0.9949016825696602,1.011,1.004,8.058190734542458e-10,4.342057138246824e-11,1.2088936824924956
MA45_01.csv,Zr,Matzel_etal_2006,0.21938775489985762,0.84747465204953,0.9127413221528717,1.092,1.055,4.4788378638025123e-7,7.163787732522398e-8,6.526667010334175
MA45_01.csv,Zr,Matzel_etal_2020,0.13775510153892667,0.9974043727362014,0.9995562090574326,1.004,1.001,9.437610870147466e-12,2.1814443670823657e-13,0.21518363212311709
MA45_01.csv,Zr,Matzel_etal_2008,0.13265306253532183,0.9985483740296043,0.9997899766245639,0.997,0.999,2.645877823053131e-12,4.7722409635912595e-14,0.12416025949596454
MA45_01.csv,Zr,Matzel_etal_2003,0.13775510153892667,0.9974043727362014,0.9995562090574326,1.002,1.002,9.437610870147466e-12,2.1814443670823657e-13,0.21518363212311709
MA45_01.csv,Zr,Matzel_etal_2017,0.12755102116408162,0.9992516194474536,0.9999103913662999,0.998,0.999,6.461254547873613e-13,8.83360302915433e-15,0.06587719188463348
MA45_01.csv,Zr,Matzel_etal_2011,0.21938775489985762,0.84747465204953,0.9127413221528717,1.094,1.058,4.4788378638025123e-7,7.163787732522398e-8,6.526667010334175
MA45_01.csv,Zr,Sauce_etal_2018,0.06122448856462584,1,1,0.999,1,5.022953380267075e-37,6.474268568147691e-44,0
MA45_01.csv,Zr,Sauce_etal_2014,0.20918367288103534,0.8792613000727113,0.935703574700269,1.076,1.033,2.0230042064008442e-7,2.853452216226269e-8,5.644227462755769
MA45_01.csv,Zr,Smith_etal_2013,0.13265306253532183,0.9985483740296043,0.9997899766245639,1.003,1,2.645877823053131e-12,4.7722409635912595e-14,0.12416025949596454
MA45_01.csv,Zr,Wass_etal_2012,0.16071428685714284,0.9828127457447352,0.9949016825696602,1.009,1.002,8.058190734542458e-10,4.342057138246824e-11,1.2088936824924956
MA45_01.csv,Zr,Wass_etal_2018,0.10459183524539571,0.9999915584446039,0.9999997123241995,1.003,0.998,9.965773552014056e-17,2.347490359644201e-19,8.153879595629299e-4
MA45_01.csv,Zr,Wass_etal_2012,0.21173469484238996,0.8715137899997337,0.9302627778389516,1.071,1.044,2.488655464081822e-7,3.628470687588925e-8,5.87489878392179
MA45_02.csv,Zr,Anderson_1993,0.22959183565623584,0.9901761235887917,0.9999709451120532,1.007,0.998,2.034025436937085e-10,1.0086078027297792e-15,0.9794821523261499
MA45_02.csv,Zr,Anderson_1995,0.16071428685714284,0.9999849595026727,0.9999999999770022,0.998,1.001,2.9159443188140034e-16,4.1714468519593924e-26,0.0015040474329430786
MA45_02.csv,Zr,campbell_1935,0.19897959191836734,0.9986208524423409,0.9999996102025728,1.002,1.002,2.369258027391628e-12,3.9887037682713534e-19,0.13787577602318857
MA45_02.csv,Zr,Commins_etal_1932,0.08418367418923933,1,1,1,1,7.876128335706298e-43,7.181383888207986e-75,0
MA45_02.csv,Zr,Crinella_etal_1995,0.21938775489985762,0.9943402970398963,0.9999914025878524,1.004,0.999,5.528344094287538e-11,1.0308419542223633e-16,0.5651105547956004
MA45_02.csv,Zr,Kassai_etal_2022,0.17346938634813924,0.9999011392572315,0.9999999987009762,0.999,0.998,1.0708185110627502e-14,2.6690909327981465e-23,0.009885944374476985
MA45_02.csv,Zr,Kassai_etal_2022,0.17346938634813924,0.9999011392572315,0.9999999987009762,1.001,1,1.0708185110627502e-14,2.6690909327981465e-23,0.009885944374476985
MA45_02.csv,Zr,Livesey_1970,0.44642857099428573,0.5978901063094231,0.8677099977444958,1.299,1.082,2.572240695250635e-5,2.7454940913829227e-7,26.981989143507267
MA45_02.csv,Zr,Thompson_etal_1990,0.1173469386051464,0.9999999999399982,1,0.999,1,1.8995288860456178e-25,8.727720488478544e-43,6.000178132126166e-9
MA45_02.csv,Zr,Thorndike_1935,0.125,0.9999999984393262,1,1.001,0.999,3.6014757247036007e-23,1.2664711512601914e-38,1.5606738124063213e-7
MA45_02.csv,Zr,Tomlin_Stone_1934,0.08928571554285714,1,1,1,1,6.194982357686406e-39,1.216625904006478e-67,0
MA47_1.csv,Zr,Benson-Amram_etal_2016,0.22360679774997896,0.07125594212019948,0.14144652129135749,5.589,2.824,0.11881920397021502,0.016156789607651132,7.0190579171158
MA47_1.csv,Zr,Lermite_etal_2017,0.14730919862656236,0.09962702996136652,0.2647030253401571,3.75,1.923,0.04544926728293685,0.0018959408724545767,16.50759953787906
MA47_1.csv,Zr,Griffin_etal_2012,0.17972200755611428,0.08309749256410326,0.19323412625725978,4.562,2.332,0.07627870726749646,0.00592720419243354,11.013663369315651
MA47_1.csv,Zr,Benson-Amram_etal_2016,0.3,0.061748573385570604,0.1000744599550244,7.364,3.69,0.18348570363758118,0.04486881044661367,3.8325886569453793
MA47_1.csv,Zr,Day_etal_2003,0.44721359549995793,0.05526726480525557,0.07224553045753934,11.112,5.403,0.26869998994390887,0.11412089387324072,1.6978265652283775
MA47_1.csv,Zr,Day_etal_2003,0.44721359549995793,0.05526726480525557,0.07224553045753934,11.018,5.457,0.26869998994390887,0.11412089387324072,1.6978265652283775
MA47_1.csv,Zr,Day_etal_2003,0.378021163428716,0.057381043944936705,0.08127438840744305,9.335,4.629,0.234228593553517,0.0812679425893986,2.389334446250635
MA47_1.csv,Zr,Day_etal_2003,0.378021163428716,0.057381043944936705,0.08127438840744305,9.239,4.606,0.234228593553517,0.0812679425893986,2.389334446250635
MA47_1.csv,Zr,Burkart_etal_2009,0.25826343140289915,0.06588876058743642,0.11803452073386533,6.441,3.216,0.150020779324328,0.02779634988139649,5.2145760146428906
MA47_1.csv,Zr,Burkart_etal_2009,0.25826343140289915,0.06588876058743642,0.11803452073386533,6.38,3.237,0.150020779324328,0.02779634988139649,5.2145760146428906
MA47_1.csv,Zr,vandeWaal_etal_2013,0.11489125293076058,0.13256502165805062,0.39936665050334585,2.942,1.574,0.019676443775106474,3.101230943997146e-4,26.680162884529523
MA47_1.csv,Zr,Benson-Amram_Holekamp_2012,0.19924858845171275,0.07684676512457889,0.16590524874643375,4.932,2.534,0.0954291030195933,0.009799132496988307,8.905848362185488
MA47_1.csv,Zr,Benson-Amram_etal_2013,0.130384048104053,0.1136974958656658,0.3237937626940568,3.316,1.744,0.03101875019097862,8.277584566946249e-4,21.009626682839098
MA47_1.csv,Zr,Benson-Amram_Holekamp_2012,0.161245154965971,0.09127139966865849,0.22877941984575623,4.071,2.095,0.05837908160746769,0.0032794947861954694,13.750802017709773
MA47_1.csv,Zr,Benson-Amram_etal_2013,0.27748873851023215,0.0637473179004917,0.10873100365211341,6.885,3.429,0.16601448925985338,0.035323310017469196,4.4983685751621705
MA47_1.csv,Zr,Benson-Amram_Holekamp_2012,0.13,0.11408352908520891,0.3253851435878674,3.298,1.743,0.03071314650470515,8.102323891507793e-4,21.13016145026585
MA47_1.csv,Zr,Benson-Amram_Holekamp_2012,0.130384048104053,0.1136974958656658,0.3237937626940568,3.303,1.736,0.03101875019097862,8.277584566946249e-4,21.009626682839098
MA47_1.csv,Zr,Benson-Amram_etal_2013,0.25099800796022265,0.06683044728196652,0.1221336938999863,6.272,3.147,0.14372296393193434,0.025133340794725775,5.530324661801977
MA47_1.csv,Zr,Morand-Ferron_Quinn_2011,0.12609520212918493,0.11821591623201377,0.34230931057838276,3.214,1.688,0.027671115813664264,6.468077926465139e-4,22.409339434636898
MA47_1.csv,Zr,Morand-Ferron_Quinn_2011,0.12609520212918493,0.11821591623201377,0.34230931057838276,3.214,1.686,0.027671115813664264,6.468077926465139e-4,22.409339434636898
MA47_1.csv,Zr,Huebner_Fichtel_2015,0.20420577856662137,0.07554252244285264,0.16019749155397123,5.085,2.562,0.1002569336566464,0.010958481692548892,8.465496911111858
MA47_1.csv,Zr,Benson-Amram_etal_2016,0.7071067811865476,0.05210294428436624,0.058833705005084336,17.257,8.503,0.34679513454680794,0.21493122488124053,0.6730760720718099
MA47_1.csv,Zr,Day_etal_2003,0.3014962686336267,0.061631489890543456,0.09956828963101794,7.475,3.71,0.1845993014003014,0.04552620324212926,3.793679974047448
MA47_1.csv,Zr,Day_etal_2003,0.3014962686336267,0.061631489890543456,0.09956828963101794,7.435,3.734,0.1845993014003014,0.04552620324212926,3.793679974047448
MA47_1.csv,Zr,Day_etal_2003,0.25,0.06696632774913958,0.12272554122362667,6.188,3.116,0.142847269008666,0.02477607683770455,5.575921347448709
MA47_1.csv,Zr,Benson-Amram_etal_2016,0.5773214009544424,0.05315672614058531,0.06328504921488032,14.165,6.946,0.3152851504651704,0.16981418142539284,1.012832307429501
MA47_1.csv,Zr,Benson-Amram_etal_2016,0.44721359549995793,0.05526726480525557,0.07224553045753934,10.988,5.422,0.26869998994390887,0.11412089387324072,1.6978265652283775
MA47_1.csv,Zr,Benson-Amram_etal_2016,0.5,0.0542111875730944,0.06775461495868096,12.214,6.084,0.28997816825819467,0.13792151083688692,1.354342738558656
MA47_1.csv,Zr,Biondi_etal_2010,0.25826343140289915,0.06588876058743642,0.11803452073386533,6.421,3.239,0.150020779324328,0.02779634988139649,5.2145760146428906
MA47_1.csv,Zr,Benson-Amram_etal_2016,0.5773214009544424,0.05315672614058531,0.06328504921488032,14.209,7.071,0.3152851504651704,0.16981418142539284,1.012832307429501
MA47_1.csv,Zr,Gajdon_etal_2006,0.7071067811865476,0.05210294428436624,0.058833705005084336,17.322,8.476,0.34679513454680794,0.21493122488124053,0.6730760720718099
MA47_1.csv,Zr,Gajdon_etal_2006,0.17691806012954134,0.08417220155827576,0.19792368593570464,4.431,2.271,0.07353294284450697,0.005462647059750287,11.375148437742888
MA47_1.csv,Zr,Gajdon_etal_2006,0.22360679774997896,0.07125594212019948,0.14144652129135749,5.592,2.795,0.11881920397021502,0.016156789607651132,7.0190579171158
MA47_1.csv,Zr,Benson-Amram_etal_2016,0.7071067811865476,0.05210294428436624,0.058833705005084336,17.407,8.594,0.34679513454680794,0.21493122488124053,0.6730760720718099
MA47_1.csv,Zr,Biro_etal_2003,0.19209372712298547,0.07891332661503903,0.17494741117530943,4.767,2.452,0.08842433479288977,0.008251089559634654,9.60340845602704
MA47_1.csv,Zr,Benson-Amram_etal_2016,0.7071067811865476,0.05210294428436624,0.058833705005084336,17.269,8.51,0.34679513454680794,0.21493122488124053,0.6730760720718099
MA47_1.csv,Zr,Benson-Amram_etal_2016,0.5773214009544424,0.05315672614058531,0.06328504921488032,14.117,6.945,0.3152851504651704,0.16981418142539284,1.012832307429501
MA47_1.csv,Zr,Benson-Amram_etal_2016,0.25826343140289915,0.06588876058743642,0.11803452073386533,6.368,3.223,0.150020779324328,0.02779634988139649,5.2145760146428906
MA47_1.csv,Zr,Cole_etal_2011,0.044721359549995794,0.5718354134275369,0.9922264578709089,1.321,1.001,3.598088367996341e-5,1.1630551223490482e-10,42.039104444337205
MA47_1.csv,Zr,Morand-Ferron_Quinn_2011,0.07681145747868608,0.23845595457699564,0.722336638998244,2.048,1.176,0.0028175001777263845,4.493380892834575e-6,48.38806844212483
MA47_1.csv,Zr,Cole_etal_2011,0.044721359549995794,0.5718354134275369,0.9922264578709089,1.314,1.007,3.598088367996341e-5,1.1630551223490482e-10,42.039104444337205
MA47_1.csv,Zr,Morand-Ferron_Quinn_2011,0.08366600265340755,0.2083258207838723,0.6483670554660189,2.21,1.247,0.004576822256221741,1.3122718634134751e-5,44.004123468214665
MA47_1.csv,Zr,Cole_etal_2011,0.044721359549995794,0.5718354134275369,0.9922264578709089,1.321,1.006,3.598088367996341e-5,1.1630551223490482e-10,42.039104444337205
MA47_1.csv,Zr,Morand-Ferron_Quinn_2011,0.10488088481701516,0.1495708120968806,0.4631729088265911,2.711,1.459,0.013597509481215513,1.3984541883664065e-4,31.360209672971052
MA47_1.csv,Zr,Papp_etal_2015,0.099498743710662,0.16095631802606647,0.5033953432975028,2.577,1.408,0.010795097722041125,8.496023178988003e-5,34.24390252714363
MA47_1.csv,Zr,Laland_etal_1999b,0.17549928774784243,0.08473610396244058,0.2003827398423218,4.453,2.252,0.07214610615896096,0.005236269582846155,11.564663587988122
MA47_1.csv,Zr,Laland_etal_1999a,0.18708286933869708,0.08050649029699253,0.18191464352618358,4.7,2.402,0.08350442731750422,0.007255876654346221,10.140815322919106
MA47_1.csv,Zr,Laland_etal_1999b,0.17606816861659008,0.08450832900369065,0.19938960052008414,4.411,2.278,0.07270195128081827,0.005326340548054445,11.488127151639349
MA47_1.csv,Zr,Benson-Amram_etal_2016,0.3333166662499792,0.05950527458187549,0.09039613788662271,8.273,4.114,0.2069234780176862,0.06000491954457078,3.089086330474722
MA47_1.csv,Zr,Benson-Amram_etal_2016,0.5773214009544424,0.05315672614058531,0.06328504921488032,14.035,6.998,0.3152851504651704,0.16981418142539284,1.012832307429501
MA47_1.csv,Zr,Overington_etal_2011,0.24248711305964282,0.0680443211597398,0.12742383247548528,6.015,3.039,0.1361748542283202,0.022156152292093573,5.937951131574549
MA47_1.csv,Zr,Dindo_etal_2009,0.27730849247724093,0.06376533111379712,0.10880914515853701,6.807,3.434,0.16586912817292482,0.035249808372757124,4.504381404473989
MA47_1.csv,Zr,Dindo_etal_2009,0.27730849247724093,0.06376533111379712,0.10880914515853701,6.892,3.43,0.16586912817292482,0.035249808372757124,4.504381404473989
MA47_1.csv,Zr,Garber_etal_2012,0.5773214009544424,0.05315672614058531,0.06328504921488032,14.092,7.011,0.3152851504651704,0.16981418142539284,1.012832307429501
MA47_1.csv,Zr,Garber_etal_2012,0.5773214009544424,0.05315672614058531,0.06328504921488032,14.22,6.972,0.3152851504651704,0.16981418142539284,1.012832307429501
MA47_1.csv,Zr,Griffin_etal_2014,0.16673332000533067,0.08855216723643122,0.2169896228349526,4.213,2.151,0.06363468313297511,0.003965432993395933,12.843745559852138
MA47_1.csv,Zr,Griffin_etal_2014,0.16673332000533067,0.08855216723643122,0.2169896228349526,4.235,2.155,0.06363468313297511,0.003965432993395933,12.843745559852138
MA47_1.csv,Zr,Boogert_etal_2006,0.28861739379323625,0.06270026048480204,0.1041926297686504,7.149,3.597,0.17482052104886883,0.03995618068011991,4.149236928384836
MA47_1.csv,Zr,Thornton_etal_2012,0.12922847983320085,0.11486971546253244,0.3286207178619617,3.289,1.718,0.030102604046456767,7.7582810151698e-4,21.375100239942924
MA47_1.csv,Zr,Thornton_etal_2012,0.12922847983320085,0.11486971546253244,0.3286207178619617,3.3,1.726,0.030102604046456767,7.7582810151698e-4,21.375100239942924
MA47_1.csv,Zr,Thornton_etal_2012,0.12922847983320085,0.11486971546253244,0.3286207178619617,3.28,1.727,0.030102604046456767,7.7582810151698e-4,21.375100239942924
MA47_1.csv,Zr,Benson-Amram_etal_2016,0.5773214009544424,0.05315672614058531,0.06328504921488032,14.245,6.883,0.3152851504651704,0.16981418142539284,1.012832307429501
MA47_1.csv,Zr,Dean_etal_2011,0.15811388300841897,0.09295405579133698,0.23605317481680044,3.984,2.056,0.055415313332903074,0.002924823922118809,14.309911902546347
MA47_1.csv,Zr,Benson-Amram_etal_2016,1,0.05105080343721047,0.05440549706122366,24.265,11.865,0.38990977871461907,0.2858000161557713,0.3354693624013194
MA47_1.csv,Zr,Boogert_etal_2010,0.44721359549995793,0.05526726480525557,0.07224553045753934,10.932,5.397,0.26869998994390887,0.11412089387324072,1.6978265652283775
MA47_2.csv,Zr,Lermite_etal_2017,0.14730919862656236,0.5892500791081952,0.8946701173454558,1.297,1.057,2.877148187298656e-5,1.296555166641622e-7,30.54200382372606
MA47_2.csv,Zr,Griffin_etal_2012,0.17972200755611428,0.43314825012234526,0.749376014327735,1.506,1.162,2.030391511077867e-4,2.922935589903563e-6,31.62277642053898
MA47_2.csv,Zr,Lermite_etal_2017,0.14730919862656236,0.5892500791081952,0.8946701173454558,1.301,1.066,2.877148187298656e-5,1.296555166641622e-7,30.54200382372606
MA47_2.csv,Zr,Griffin_etal_2012,0.17972200755611428,0.43314825012234526,0.749376014327735,1.512,1.16,2.030391511077867e-4,2.922935589903563e-6,31.62277642053898
MA47_2.csv,Zr,Gunhold_etal_2014,0.3333166662499792,0.1618127182701974,0.2947732479934273,2.571,1.816,0.01061424854970393,0.001232289621674951,13.296052972322991
MA47_2.csv,Zr,vandeWaal_Bshary_2008,0.2,0.3632671100728434,0.657494140973163,1.638,1.235,4.918880474700341e-4,1.1571049535152244e-5,29.422703090031966
MA47_2.csv,Zr,Benson-Amram_Holekamp_2012,0.1341640786499874,0.6699318910228046,0.9413760356497206,1.229,1.032,9.723339912481839e-6,2.1792826104687697e-8,27.1444144626916
MA47_2.csv,Zr,Benson-Amram_etal_2013,0.25099800796022265,0.2497044453897297,0.47015688361902463,1.991,1.451,0.002371340586704077,1.282563085200826e-4,22.045243822929493
MA47_2.csv,Zr,Benson-Amram_Holekamp_2012,0.130384048104053,0.6947257639506712,0.9524081717203033,1.213,1.031,6.807075159917191e-6,1.2017750883419024e-8,25.768240776963214
MA47_2.csv,Zr,Benson-Amram_etal_2013,0.25099800796022265,0.2497044453897297,0.47015688361902463,1.982,1.446,0.002371340586704077,1.282563085200826e-4,22.045243822929493
MA47_2.csv,Zr,Benson-Amram_Holekamp_2012,0.13856406460551018,0.6418963221051922,0.9270895735240761,1.253,1.045,1.4334825204574088e-5,4.144502258141964e-8,28.519325141888384
MA47_2.csv,Zr,Benson-Amram_Holekamp_2012,0.130384048104053,0.6947257639506712,0.9524081717203033,1.208,1.029,6.807075159917191e-6,1.2017750883419024e-8,25.768240776963214
MA47_2.csv,Zr,Benson-Amram_etal_2013,0.25099800796022265,0.2497044453897297,0.47015688361902463,1.993,1.451,0.002371340586704077,1.282563085200826e-4,22.045243822929493
MA47_2.csv,Zr,Schnoell_Fichtel_2012,0.25826343140289915,0.2384801090749522,0.449127952796586,2.044,1.485,0.0028164444392532705,1.6644997646355494e-4,21.06478437216338
MA47_2.csv,Zr,Gajdon_etal_2006,0.28861739379323625,0.20025306214418215,0.37437230650635966,2.259,1.619,0.005247928094900753,4.262912199727541e-4,17.411924436217753
MA47_2.csv,Zr,Dean_etal_2012,0.11874342087037917,0.7737778520702998,0.9785348022949086,1.141,1.014,1.9343035055839544e-6,1.4185298947931564e-9,20.475695022460883
MA47_2.csv,Zr,Cole_etal_2011,0.3065941943351178,0.1827489393313544,0.3386307089138164,2.368,1.698,0.007146591590620444,6.790334740049351e-4,15.588176958246203
MA47_2.csv,Zr,Cole_etal_2011,0.08602325267042626,0.9626763077855098,0.9997998537791843,1.02,1,6.130115549502271e-9,4.332941725267993e-14,3.712354599367451
MA47_2.csv,Zr,Preiszner_etal_2015,0.1562049935181331,0.5402964213570427,0.8574310068452952,1.355,1.088,5.362137242535183e-5,3.543338217593385e-7,31.713458548825248
MA47_2.csv,Zr,Liker_Bokony_2009,0.1414213562373095,0.6242240907678449,0.9170452209404124,1.266,1.05,1.8185706824288233e-5,6.129970160313483e-8,29.28211301725675
MA47_2.csv,Zr,Papp_etal_2015,0.099498743710662,0.8989784790736401,0.9974052131339827,1.062,1,1.1344712009189467e-7,9.430829703495199e-12,9.842673406034253
MA47_2.csv,Zr,Liker_etal_2009,0.1414213562373095,0.6242240907678449,0.9170452209404124,1.263,1.051,1.8185706824288233e-5,6.129970160313483e-8,29.28211301725675
MA47_2.csv,Zr,vanHorik_Madden_2016,0.07141428428542851,0.9945864938635611,0.9999984567410849,1.003,0.999,4.987136811825132e-11,4.545590249980829e-18,0.5411962877523768
MA47_2.csv,Zr,Stoinski_etal_2003,0.28861739379323625,0.20025306214418215,0.37437230650635966,2.248,1.618,0.005247928094900753,4.262912199727541e-4,17.411924436217753
MA47_2.csv,Zr,Overington_etal_2011,0.17972200755611428,0.43314825012234526,0.749376014327735,1.511,1.154,2.030391511077867e-4,2.922935589903563e-6,31.62277642053898
MA47_2.csv,Zr,Overington_etal_2011,0.17972200755611428,0.43314825012234526,0.749376014327735,1.508,1.158,2.030391511077867e-4,2.922935589903563e-6,31.62277642053898
MA47_2.csv,Zr,Overington_etal_2011,0.161245154965971,0.5146691537793606,0.8350152242143484,1.383,1.099,7.385381627301957e-5,5.913426306420694e-7,32.034607043498774
MA47_2.csv,Zr,Dindo_etal_2009,0.31622776601683794,0.17458006680303784,0.32165462284116186,2.449,1.742,0.00830796126668407,8.519695275822501e-4,14.707455603812402
MA47_2.csv,Zr,Garber_etal_2012,0.5773214009544424,0.08631985446864443,0.12976913910493104,4.288,2.979,0.06843676025891614,0.020979001758465628,4.344928463628661
MA47_2.csv,Zr,Garber_etal_2012,0.44721359549995793,0.11115869994838057,0.18478901634366263,3.374,2.361,0.033129115348670676,0.006887526055278988,7.363031639528206
MA47_2.csv,Zr,Chow_etal_2016,0.7071067811865476,0.07406774516301229,0.10265422047310846,5.255,3.645,0.10614315420316316,0.04170491819493723,2.858647531009617
MA47_2.csv,Zr,Chow_etal_2018,0.1857417562100671,0.4104604838757876,0.7214698481537688,1.552,1.183,2.696699100579241e-4,4.553887146178459e-6,31.10093642779812
MA47_2.csv,Zr,Sol_etal_2011,0.13228756555322954,0.682165301524493,0.947001739878257,1.218,1.035,8.168882248958684e-6,1.630338590880136e-8,26.4836438353764
MA47_2.csv,Zr,Griffin_etal_2014,0.16673332000533067,0.4884669910084397,0.809918670005532,1.423,1.118,1.0223547675040753e-4,9.917098263271494e-7,32.14516789970923
MA47_2.csv,Zr,Thornton_Samson_2012,0.12922847983320085,0.7024186660001203,0.9555391207074124,1.199,1.028,6.07599590187829e-6,9.93210472147238e-9,25.312045470729217
MA47_2.csv,Zr,Thornton_Samson_2012,0.12922847983320085,0.7024186660001203,0.9555391207074124,1.198,1.023,6.07599590187829e-6,9.93210472147238e-9,25.312045470729217
MA47_2.csv,Zr,Dean_etal_2011,0.5,0.0986851463207219,0.15718431444313707,3.71,2.601,0.04670384320698017,0.011637726304004599,5.849916812241518
MA47_2.csv,Zr,Boogert_etal_2010,0.378021163428716,0.1363321725429315,0.24000675542008654,2.89,2.035,0.018077319103840306,0.0027506282308513252,10.367458287715504
